dish_id,dish_name,cuisine,category,dietary_tags,difficulty,calorie_tier,cost_tier,ingredients
1,Creamy Cajun Chicken Pasta,American,main-dish,,beginner,high,moderate,boneless skinless chicken breast halves|linguine|cajun seasoning|butter|green onion|heavy whipping cream|sun-dried tomatoes|salt|dried basil|ground black pepper|garlic powder|parmesan cheese
2,Yes Virginia There Is A Great Meatloaf,American,main-dish,,advanced,medium,moderate,ground beef|bread|egg|vidalia onions|table salt|black pepper|ketchup|whole milk|apple cider vinegar|dark brown sugar
3,Oven Fried Chicken Chimichangas,American,main-dish,,intermediate,medium,moderate,picante sauce|ground cumin|dried oregano leaves|cooked chicken|cheddar cheese|green onions|flour tortillas|margarine|green onion
4,Fannie Farmer S Classic Baked Macaroni Cheese,American,main-dish,vegetarian|pescatarian,advanced,high,moderate,macaroni|butter|flour|milk|cream|salt|fresh ground black pepper|cheddar cheese|breadcrumbs
5,Delicious Chicken Pot Pie,American,main-dish,dairy-free,intermediate,medium,moderate,potato|onion|celery|carrot|margarine|all-purpose flour|chicken broth|half-and-half|salt|pepper|chicken|pie crusts
6,Beth S Melt In Your Mouth Barbecue Ribs Oven,American,main-dish,dairy-free,advanced,high,moderate,pork ribs|light brown sugar|hickory smoke salt|paprika|garlic powder|ground red pepper|barbecue sauce
7,Should Be Illegal Oven Bbq Ribs,American,main-dish,dairy-free,intermediate,high,moderate,pork back ribs|honey|paprika|chili powder|garlic powder|old bay seasoning|onion powder|celery salt|dark brown sugar|fresh ground pepper|onion|barbecue sauce|white sugar
8,Really Good Vegetarian Meatloaf Really,American,main-dish,vegetarian|pescatarian,advanced,low,moderate,water|salt|lentils|onion|quick-cooking oats|cheddar cheese|egg|spaghetti sauce|garlic powder|dried basil|dried parsley|seasoning salt|black pepper
9,Ground Beef Stuffed Green Bell Peppers With Cheese,American,main-dish,,advanced,high,moderate,green peppers|beef|onion|tomatoes|long grain rice|water|salt|worcestershire sauce|cheddar cheese
10,Southwestern Baked Spaghetti,American,main-dish,,advanced,medium,moderate,spaghetti|milk|egg|ground beef|onion|green bell pepper|garlic cloves|chili powder|cumin|oregano|salt|pepper|tomato sauce|shredded cheddar cheese|monterey jack cheese
11,Amazing Chicken Marinade,American,main-dish,dairy-free,intermediate,medium,moderate,cider vinegar|whole grain mustard|garlic|lime|lemon|brown sugar|salt|olive oil|ground black pepper|boneless skinless chicken breast halves
12,Awesome Baked Pork Chops,American,main-dish,,intermediate,high,moderate,pork chops|garlic powder|seasoning salt|eggs|all-purpose flour|italian style breadcrumbs|olive oil|condensed cream of mushroom soup|milk|white wine
13,Oven Fried Eggplant Aubergine,American,main-dish,vegetarian|pescatarian,intermediate,low,moderate,fat-free mayonnaise|onion|eggplant|fine dry breadcrumb|parmesan cheese|dried italian seasoning|vegetable oil cooking spray
14,The Blue Mill Tavern Loosemeat Sandwich,American,main-dish,vegetarian|vegan|pescatarian|dairy-free,advanced,medium,moderate,ground chuck|lard|salt|onion|prepared yellow mustard|vinegar|sugar|water|salt and pepper
15,Spanish Chicken Rice Bake,American,main-dish,,beginner,medium,moderate,cream of chicken soup|salsa|water|whole kernel corn|long-grain white rice|boneless chicken breast halves|chili powder|shredded cheddar cheese|canned black beans
16,Big Thicket Chicken And Dumplings,American,main-dish,dairy-free,advanced,high,moderate,whole chickens|water|poultry seasoning|garlic powder|black pepper|red pepper|celery ribs|green onions|carrot|chicken bouillon cubes|flour|baking powder|salt|margarine|eggs|chicken stock
17,Bacon Wrapped Chicken Oamc,American,main-dish,,intermediate,medium,moderate,boneless skinless chicken breast halves|chive & onion cream cheese|butter|salt|bacon
18,Slow Cook Down Home Pork Chops And Gravy,American,main-dish,dairy-free,intermediate,medium,moderate,all-purpose flour|dry mustard|salt|garlic powder|boneless pork chops|condensed chicken broth|vegetable oil
19,Tortellini Tomato Spinach Soup,American,main-dish,,intermediate,medium,moderate,olive oil|onion|garlic clove|chicken broth|whole tomatoes|tortellini|kosher salt|cracked black pepper|fresh spinach|parmesan cheese
20,Potato Kielbasa Skillet,American,main-dish,vegetarian|pescatarian,beginner,high,moderate,potatoes|kielbasa|onion|green pepper|vegetable oil|oregano|basil|salt|pepper|water|american cheese
21,Hamburger Noodle Bake,American,main-dish,vegetarian|pescatarian,intermediate,high,moderate,hamburger|onions|garlic|salt|pepper|sugar|tomato sauce|cream cheese|sour cream|shredded cheddar cheese|noodles
22,Chicken Pot Pie With 2 Crusts,American,main-dish,,advanced,medium,moderate,margarine|flour|onion|salt|pepper|chicken broth|milk|cooked chicken|frozen mixed vegetables|pie crusts
23,Panera Bread Black Bean Soup,American,main-dish,dairy-free,intermediate,low,moderate,"onion|garlic cloves|celery ribs|red bell pepper|chicken bouillon cubes|boiling water|black beans|salt|cumin|lemon, juice of|cornstarch"
24,Bacon Lattice Tomato Muffins Rsc,American,main-dish,,advanced,high,moderate,reynolds wrap foil|bacon|flakey biscuits|mayonnaise|cream cheese|dried rosemary|salt|pepper|grape tomatoes|diced onion|monterey jack cheese
25,Buttered Egg Noodles Best Ever,American,main-dish,,beginner,medium,moderate,wyler's chicken bouillon cubes|water|real butter|egg noodles
26,Best Ever Tuna Noodle Casserole,American,main-dish,,beginner,medium,moderate,cream of chicken soup|mayonnaise|milk|yellow onion|celery|albacore tuna|cooked egg noodles|shredded cheddar cheese|salt and pepper
27,Chicken Shrimp And Andouille Jambalaya,American,main-dish,dairy-free,intermediate,medium,moderate,extra virgin olive oil|boneless skinless chicken thighs|andouille sausage|onion|celery ribs|green bell pepper|red bell pepper|dried thyme|dried oregano|sweet paprika|salt|cayenne pepper|long grain rice|tomatoes|chicken broth|medium shrimp|fresh parsley|green onions
28,Brown Sugar Meatloaf,American,main-dish,,beginner,medium,moderate,brown sugar|ketchup|lean ground beef|milk|eggs|salt|ground black pepper|onion|ground ginger|saltine crumbs
29,Blender Quiche Or Whatever You Have In Your Kitchen Leftover,American,main-dish,,intermediate,medium,moderate,shredded cheddar cheese|chicken meat|zucchini|eggs|baking mix|salt|garlic powder|dried onion flakes|fresh parsley|milk|olive oil|paprika
30,Homemade Chicken Pot Pie,American,main-dish,dairy-free,advanced,high,moderate,potatoes|margarine|onion|celery|frozen mixed vegetables|all-purpose flour|refrigerated pie crusts|chicken broth|half-and-half|salt|pepper|cooked chicken|salt and pepper
31,Beef Roast,American,main-dish,dairy-free,beginner,high,moderate,rump roast|beef gravy|mushrooms|onion soup mix|italian salad dressing|carrot|potato
32,Chicken Packets Oamc,American,main-dish,,advanced,medium,moderate,cooked chicken|cream cheese|chives|milk|salt|seasoned croutons|refrigerated crescent dinner rolls|margarine
33,Hawaiian Chicken Kabobs,American,main-dish,dairy-free,advanced,medium,moderate,boneless chicken breasts|unsweetened pineapple chunks|soy sauce|vegetable oil|brown sugar|garlic powder|ground ginger|dry mustard|fresh ground pepper|green pepper|mushrooms|cherry tomatoes|cooked rice
34,Now Don T Go Eeewww Before You Try This,American,main-dish,vegetarian|pescatarian,intermediate,low,moderate,toast|peanut butter|tomatoes|pepper|salt
35,Gumbo,American,main-dish,dairy-free,intermediate,medium,moderate,vegetable oil|all-purpose flour|onion|fresh parsley|celery|green bell pepper|red bell pepper|scallion|garlic|chicken broth|salt|creole seasoning|sausage
36,Meatloaf Barbecue Style,American,main-dish,dairy-free,beginner,medium,moderate,ground beef|fresh breadcrumb|onion|egg|salt|tomato sauce|pepper|water|brown sugar|prepared mustard|worcestershire sauce
37,Vegetarian Lasagna,American,main-dish,vegetarian|pescatarian,beginner,medium,moderate,spaghetti sauce|carrot|oregano|cooked lasagna noodles|ricotta cheese|frozen chopped spinach|eggs|zucchini|fresh mushrooms|part-skim mozzarella cheese|parmesan cheese
38,Old Fashioned Linguine With White Clam Sauce,American,main-dish,pescatarian,intermediate,high,moderate,butter|extra virgin olive oil|onion|garlic|red pepper flakes|lemon juice|oregano|basil|old bay seasoning|clams|parsley|parmesan cheese|linguine
39,Perfect Southern Fried Chicken,American,main-dish,dairy-free,advanced,high,moderate,chicken|water|salt|buttermilk|eggs|season-all salt|flour|cornmeal|dried oregano|vegetable oil
40,Herbed Pork Tenderloin,American,main-dish,dairy-free,beginner,low,moderate,onions|oil|lemon juice|rosemary|thyme|oregano|basil|paprika|garlic|salt|pepper|pork tenderloin
41,Pronto Pups Aka Corn Dogs,American,main-dish,vegetarian|pescatarian,intermediate,low,moderate,cornmeal|flour|baking powder|salt|egg|sugar|milk|hot dogs|wooden skewers|oil
42,Roast Turkey,American,main-dish,,advanced,high,moderate,whole turkey|butter|chicken broth|salt|ground black pepper|onion powder|garlic powder|dried tarragon|dried parsley flakes|dried thyme|dried basil|sage|paprika
43,Sweet Bacon Wrapped Venison Tenderloin,American,main-dish,dairy-free,advanced,high,moderate,venison tenderloins|bacon|dark brown sugar|soy sauce|white sugar
44,Old Fashioned Corn And Potato Chowder,American,main-dish,vegetarian|pescatarian,beginner,low,moderate,corn|potatoes|butter|onion|salt|pepper|boiling water|milk|flour|water
45,Chicken Fried Steak W Cream Gravy,American,main-dish,,advanced,medium,moderate,oil|beef cutlets|seasoned flour|eggs|milk|flour|salt and pepper|dripping
46,Redneck Casserole,American,main-dish,vegetarian|pescatarian,intermediate,medium,moderate,baked beans|hot dogs|tater tots|sharp cheddar cheese
47,Hamburgers With Brown Gravy Total Comfort Food Aka Meat Cakes,American,main-dish,dairy-free,intermediate,low,moderate,ground beef|bread|onion soup mix|salt|pepper|ketchup|garlic powder|parsley flakes|eggs|brown gravy mix|water
48,Crabs Garlic Butter Baked Crab Legs,American,main-dish,pescatarian,advanced,high,moderate,"king crab legs|butter|garlic|lemon, juice of|lime, juice of|extra virgin olive oil|sea salt|dried parsley"
49,Treebeard S Red Beans And Rice,American,main-dish,dairy-free,intermediate,medium,moderate,red kidney beans|water|onions|celery|bell pepper|salt|thyme|oregano|garlic powder|cayenne pepper|bay leaves|smoked sausage
50,Cajun Sauteed Shrimp,American,main-dish,pescatarian|dairy-free,beginner,low,moderate,large shrimp|paprika|dried thyme|dried oregano|garlic powder|salt|black pepper|cayenne pepper|vegetable oil
51,Seared Salmon With Balsamic Glaze,American,main-dish,pescatarian|dairy-free,intermediate,medium,moderate,balsamic vinegar|water|fresh lemon juice|brown sugar|salmon fillets|salt & freshly ground black pepper|olive oil
52,Creamy Garlic Chicken,American,main-dish,,beginner,medium,moderate,boneless chicken breasts|sour cream|butter|garlic|fresh parsley|salt and pepper
53,White Fish In Herbed Butter,American,main-dish,pescatarian,beginner,medium,moderate,butter|dill weed|onion powder|garlic powder|salt|pepper|white fish fillets
54,Incredible Oven Fried Chicken,American,main-dish,,intermediate,medium,moderate,buttermilk|olive oil|dijon mustard|garlic|hot pepper sauce|salt|pepper|onion|chicken pieces|unseasoned breadcrumbs|parmesan cheese|flour|thyme|paprika|cayenne pepper|butter
55,Oven Fried Southern Style Cinnamon Honey Chicken,American,main-dish,,intermediate,high,moderate,chicken|flour|salt|cinnamon|turmeric|black pepper|nutmeg|egg|milk|breadcrumbs|cooking spray|oil|butter|honey|fresh lemon juice
56,The Best Bowl Of Chili I Ve Ever Had,American,main-dish,,intermediate,high,moderate,ground beef|onion|minced garlic cloves|chili powder|salt|ground cumin|dried oregano|cayenne|kidney beans|diced tomatoes|tomato paste|tabasco sauce|jalapenos|splenda sugar substitute|dark beer|cheese|sour cream
57,Yummiest Ever Baked Mac And Cheese,American,main-dish,vegetarian|pescatarian,intermediate,high,moderate,elbow macaroni|cheddar cheese soup|evaporated milk|butter|salt|pepper|cheddar cheese|dried parsley
58,Diet Cola Chicken,American,main-dish,dairy-free,intermediate,medium,moderate,chicken breasts|nonstick cooking spray|ketchup|diet cola
59,Pork Chops Southern Style,American,main-dish,,intermediate,medium,moderate,pork chops|onion|bacon|butter|cornstarch|water|salt & pepper
60,Belly Buster,American,main-dish,vegetarian|pescatarian,intermediate,medium,moderate,elbow macaroni|lean hamburger|spanish onion|garlic|whole tomatoes|campbell's cheddar cheese soup|cheddar cheese|salt and pepper
61,Grilled Shrimp Mmmmmm,American,main-dish,pescatarian|dairy-free,intermediate,low,moderate,paprika|garlic powder|garlic salt|black pepper|italian seasoning|brown sugar|crushed red pepper flakes|olive oil|medium shrimp
62,Carrabba S Chicken Bryan,American,main-dish,,intermediate,medium,moderate,garlic|yellow onion|butter|dry white wine|fresh lemon juice|sun-dried tomatoes|fresh basil|kosher salt|white pepper|boneless skinless chicken breast halves|extra virgin olive oil|salt|black pepper|goat cheese
63,Pizza Roll Ups Oamc,American,main-dish,,advanced,low,moderate,french bread dough|lean ground beef|salt|pepper|part-skim mozzarella cheese|italian herb seasoning|fresh parsley|tomato sauce
64,Baked Spaghetti By Paula Deen,American,main-dish,,advanced,medium,moderate,diced tomatoes|tomato sauce|water|diced onion|green bell pepper|garlic cloves|fresh parsley leaves|italian seasoning|seasoning salt|sugar|bay leaves|ground beef|angel hair pasta|cheddar cheese|monterey jack cheese|salt|black pepper|garlic powder
65,Ground Beef Chili,American,main-dish,,intermediate,low,moderate,ground beef|onion|green pepper|celery ribs|kidney beans|tomato puree|salsa|diced tomatoes|condensed beef broth|water|chili powder|worcestershire sauce|dried basil|ground cumin|steak sauce|garlic powder|salt|fresh coarse ground black pepper|browning sauce|shredded cheddar cheese
66,Crook S Corner Shrimp And Grits,American,main-dish,,advanced,medium,moderate,water|chicken broth|half-and-half|salt|grits|cheddar cheese|parmesan cheese|butter|tabasco sauce|white pepper|bacon|medium shrimp|black pepper|flour|sliced mushrooms|green onion|garlic|fat-free low-sodium chicken broth|fresh lemon juice|lemon wedge
67,Sweet Potato Yam Casserole With Marshmallows,American,main-dish,vegetarian|pescatarian,intermediate,high,moderate,yams|brown sugar|salt|cinnamon|egg|butter|miniature marshmallows
68,Properly Prepared Spaghetti Squash,American,main-dish,vegetarian|vegan|pescatarian|dairy-free,advanced,low,moderate,spaghetti squash|garlic|salt|pepper|olive oil|vegetable oil|vegetables
69,1 Hour Ham And Bean Soup,American,main-dish,dairy-free,advanced,medium,moderate,vegetable oil|carrot|celery|onion|ham|garlic|ham stock|great northern beans|tomato sauce|pepper
70,Cheese Enchilada Stack,American,main-dish,vegetarian|pescatarian,intermediate,medium,moderate,corn tortillas|sharp cheddar cheese|enchilada sauce|green onion|green chilies
71,Country Fried Steak,American,main-dish,vegetarian|pescatarian,advanced,low,moderate,cube steaks|all-purpose flour|salt|pepper|paprika|milk|eggs|oil|butter
72,Chili Real Texas Chili,American,main-dish,dairy-free,intermediate,medium,moderate,lean beef|breakfast sausage|chili powder|ground cumin|paprika|white onion|garlic cloves|mexican oregano|salt|cayenne pepper|masa harina flour|water
73,Grilled Lime Shrimp,American,main-dish,pescatarian|dairy-free,intermediate,low,moderate,lime zest|cumin|dried oregano|salt|pepper|olive oil|lime juice|garlic|shrimp
74,Wasabi Salmon Cakes,American,main-dish,pescatarian|dairy-free,intermediate,low,moderate,salmon|low-fat mayonnaise|plain breadcrumbs|egg|wasabi|tamari|rice vinegar|red bell pepper|breadcrumbs|cooking spray
75,Bacon Mushroom Chicken,American,main-dish,,intermediate,low,moderate,butter|chicken breast halves|seasoning salt|garlic clove|bacon|mushroom|heavy cream
76,Ham Chowder,American,main-dish,,beginner,medium,moderate,onion|butter|potato|corn|cooked ham|cream of mushroom soup|milk|salt and pepper
77,Hamburger Hash Browns Hotdish,American,main-dish,vegetarian|pescatarian,intermediate,high,moderate,hash brown patties|onion|salt and pepper|hamburger|peas|milk|cream of mushroom soup|cheddar cheese|french-fried onions
78,Mermaid S Tender Roast Chicken,American,main-dish,vegetarian|pescatarian,intermediate,high,moderate,whole chickens|garlic cloves|butter|onion|vegetable oil|salt and pepper
79,Tsr Version Of Chili S Grilled Baby Back Ribs By Todd Wilbur,American,main-dish,dairy-free,intermediate,high,moderate,racks of baby-back pork ribs|water|white vinegar|tomato paste|yellow mustard|dark brown sugar|liquid smoke|salt|onion powder|garlic powder|paprika
80,Chicken Fried Chicken With Milk Gravy,American,main-dish,,advanced,medium,moderate,boneless skinless chicken breast halves|salt and pepper|flour|egg|oil|fat-free evaporated milk|milk|poultry seasoning
81,Broccoli Cheese Soup,American,main-dish,,beginner,low,moderate,onion|margarine|flour|salt|white pepper|chicken broth|milk|broccoli|cheddar cheese|celery
82,Savory Crescent Chicken Squares,American,main-dish,,beginner,medium,moderate,cream cheese|butter|boneless chicken|salt and pepper|milk|onion|olive|refrigerated crescent dinner rolls|crouton
83,4Th Of July Grilled Salmon Or Chicken,American,main-dish,pescatarian|dairy-free,beginner,low,moderate,salmon steaks|peanut oil|soy sauce|balsamic vinegar|onion|brown sugar|garlic cloves|fresh ginger|crushed red pepper flakes|sesame oil|salt
84,Delicious Drumsticks,American,main-dish,dairy-free,beginner,low,moderate,all-purpose flour|salt|paprika|pepper|chicken drumsticks|margarine
85,Catfish Parmesan,American,main-dish,vegetarian|pescatarian,intermediate,medium,moderate,parmesan cheese|all-purpose flour|salt|pepper|paprika|egg|milk|catfish fillets|butter
86,Killer Baked Beans,American,main-dish,dairy-free,intermediate,high,moderate,pork and beans|brown sugar|onion|worcestershire sauce|prepared mustard|barbecue sauce|liquid smoke|bacon
87,My Favorite King Ranch Chicken,American,main-dish,,intermediate,high,moderate,chicken breasts|salt & pepper|cream of mushroom soup|cream of chicken soup|onion|diced tomatoes with green chilies|cheez whiz|plain doritos|cheddar cheese|mozzarella cheese|paprika
88,Chicken Broccoli And Rice Casserole,American,main-dish,,intermediate,medium,moderate,butter|fresh mushrooms|onion|boneless skinless chicken breast|garlic cloves|cream of chicken soup|velveeta cheese|instant rice|frozen broccoli|sour cream|ground black pepper|vegetable oil cooking spray|cheese
89,Creamy Pumpkin Pasta,American,main-dish,,beginner,high,moderate,onion|garlic cloves|butter|pumpkin puree|chicken broth|heavy cream|sour cream|nutmeg|salt|white pepper|fresh parsley|romano cheese|penne
90,Honey Baked Ham Copycat,American,main-dish,dairy-free,intermediate,medium,moderate,smoked ham|pear juice|orange juice|brown sugar|honey
91,Easy Skillet Cheese Topped Chili Macaroni,American,main-dish,,beginner,medium,moderate,onion|lean ground beef|garlic powder|vegetable oil|elbow macaroni|kidney beans|tomato sauce|water|chili powder|cumin|salt|cheddar cheese
92,Lasagna Cheese Soup,American,main-dish,,intermediate,medium,moderate,ground beef|onion|chicken broth|diced tomatoes|tomato sauce|italian seasoning|worcestershire sauce|garlic powder|brown sugar|salt|black pepper|parmesan cheese|lasagna noodles|seasoned croutons|mozzarella cheese
93,My Dad Swears My Sister Makes The Best Pork Chops In The World,American,main-dish,dairy-free,beginner,high,moderate,pork chop|flour|garlic powder|salt|pepper|seasoning salt|water|oil
94,Amish Oven Fried Chicken,American,main-dish,,intermediate,low,moderate,vegetable oil|butter|all-purpose flour|salt|black pepper|paprika|garlic salt|dried marjoram|chicken pieces
95,Oven Fried Chicken Ii,American,main-dish,dairy-free,intermediate,low,moderate,chicken parts|flour|salt|fresh pepper|paprika|garlic powder|onion powder
96,Shrimp Louis Pasta Salad,American,main-dish,pescatarian|dairy-free,intermediate,medium,moderate,spiral shaped pasta|mayonnaise|ranch dressing|seafood cocktail sauce|fresh lemon juice|worcestershire sauce|salt and pepper|cooked shrimp|fresh tomato|green onion|sweet red pepper|fresh parsley
97,The Lady S Macaroni And Cheese Paula Deen,American,main-dish,vegetarian|pescatarian,beginner,medium,moderate,elbow macaroni|cheddar cheese|eggs|sour cream|butter|salt|milk
98,Chicken Breasts With Spicy Honey Orange Glaze,American,main-dish,dairy-free,intermediate,low,moderate,honey|frozen orange juice concentrate|orange zest|garlic|salt|red pepper flakes|boneless skinless chicken breast halves|margarine|vegetable oil
99,30 Minute Chicken And Dumplings,American,main-dish,,advanced,medium,moderate,chicken breast tenders|olive oil|butter|russet potato|carrots|onion|celery|bay leaf|salt & freshly ground black pepper|poultry seasoning|flour|chicken broth|biscuit mix|warm water|flat leaf parsley|frozen green pea
100,Alfredo Shrimp Tilapia,American,main-dish,pescatarian,intermediate,medium,moderate,tilapia fillets|alfredo sauce|shrimp|creole seasoning|sweet red pepper|olive oil|butter|garlic|romano cheese
101,Sauteed Salmon,American,main-dish,pescatarian,intermediate,medium,moderate,salmon fillets|butter|salt and pepper|lemon juice|dill weed|cream
102,Swiss Round Steak With Onion Gravy,American,main-dish,dairy-free,advanced,medium,moderate,round steaks|flour|salt|pepper|oil|onion|garlic cloves|beef broth
103,Chicken Breast With Honey Balsamic Glaze,American,main-dish,dairy-free,intermediate,low,moderate,dried thyme|salt|black pepper|olive oil|boneless skinless chicken breast halves|balsamic vinegar|honey
104,Easy Black Beans And Rice,American,main-dish,vegetarian|vegan|pescatarian|dairy-free,beginner,low,moderate,olive oil|onion|red pepper|garlic|white rice|vegetable broth|ground cumin|curry powder|cayenne pepper|canned black beans
105,Guinness Burgers,American,main-dish,dairy-free,intermediate,medium,moderate,ground beef|pepper|tabasco sauce|garlic|chili sauce|knorr french onion soup mix|guinness stout|hamburger buns
106,Honeybutter Pork Tenderloin,American,main-dish,,intermediate,high,moderate,butter|honey|pork tenderloin|salt|pepper|water
107,Artichoke Spinach Lasagna,American,main-dish,vegetarian|pescatarian,advanced,medium,moderate,cooking spray|lasagna noodles|onion|garlic cloves|vegetable broth|fresh rosemary|marinated artichoke hearts|frozen chopped spinach|pasta sauce|mozzarella cheese|feta cheese with garlic and herbs
108,Maple Glazed Ham Steak,American,main-dish,dairy-free,beginner,low,moderate,ham steak|maple syrup|apple cider vinegar|dijon mustard
109,Bleu Cheese Beef Tenderloin,American,main-dish,,intermediate,medium,moderate,beef tenderloin|teriyaki sauce|red wine|garlic|blue cheese|mayonnaise|sour cream|worcestershire sauce
110,Home Style Beef N Noodles W Mushrooms Onions,American,main-dish,,advanced,high,moderate,boneless beef chuck roast|fresh coarse ground black pepper|oil|beef broth|onion|french onion soup mix|a.1. original sauce|garlic|butter|salt|sliced mushrooms|cornstarch|cold water|egg noodles
111,Louisiana Chicken And Sausage Gumbo The Real Stuff,American,main-dish,,advanced,high,moderate,whole chicken|sausage|water|butter|flour|onion|green pepper|garlic|celery|salt|pepper|cajun seasoning
112,Chicken Corn Chowder Quick,American,main-dish,,beginner,low,moderate,butter|onion|celery|jalapeno pepper|all-purpose flour|2% low-fat milk|boneless skinless chicken breasts|fresh corn kernels|fresh thyme|cayenne pepper|salt|cream-style corn
113,15 Bean Soup,American,main-dish,dairy-free,advanced,low,moderate,15 bean soup mix|onion|garlic cloves|whole tomatoes|celery leaves|ham hocks|dried parsley|dried rosemary|black pepper|salt|olive oil|chicken bouillon cubes
114,Sausage And Apple Stuffed Acorn Squash,American,main-dish,,advanced,high,moderate,acorn squash|butter|garlic salt|ground sage|pork sausage|onion|celery rib|mushrooms|apples|fine breadcrumbs|sage|salt and pepper|egg|fresh parsley
115,Southern Chicken And Dumplings,American,main-dish,,advanced,high,moderate,whole chicken|salt|pepper|milk|all-purpose flour|baking powder|vegetable shortening|egg
116,Linda S Tuna And Olive Sandwich Sandwiches Or Finger Rolls,American,main-dish,pescatarian|dairy-free,intermediate,medium,moderate,solid white tuna|mayonnaise|green olives|onion|lettuce|bread
117,Portabella Pizzettas,American,main-dish,vegetarian|pescatarian,intermediate,low,moderate,frozen chopped spinach|mozzarella cheese|dried basil|fresh coarse ground black pepper|portabella mushrooms|tomatoes|butter|salt
118,Marvelous Macaroni And Cheese,American,main-dish,vegetarian|pescatarian,advanced,high,moderate,macaroni|all-purpose flour|butter|milk|extra-sharp cheddar cheese|salt|black pepper
119,Crock Pot Cheeseburgers,American,main-dish,,beginner,medium,moderate,lean ground beef|ground black pepper|velveeta cheese|milk|pickle relish|prepared mustard|ketchup|green bell pepper|onion|garlic cloves|sandwich buns|lettuce|tomatoes
120,Barb S Gumbo,American,main-dish,dairy-free,advanced,medium,moderate,flour|canola oil|celery|bell pepper|yellow onion|garlic|chopped tomatoes|chicken broth|thyme|basil|bay leaves|worcestershire sauce|hot pepper sauce|salt|canned corn|cumin|black pepper|okra|shrimp|rice
121,Chili S Crispy Honey Chipotle Chicken Crispers Bytodd Wilbur,American,main-dish,,advanced,medium,moderate,chicken tenderloins|shortening|honey|water|ketchup|white vinegar|ground chipotle chile pepper|salt|egg|whole milk|chicken broth|black pepper|paprika|garlic powder|all-purpose flour
122,Smoky Mountain Chicken,American,main-dish,,intermediate,medium,moderate,boneless skinless chicken breasts|ground black pepper|garlic powder|italian seasoning|barbecue sauce|bacon|monterey jack cheese|green onion|chopped tomato
123,Southwest Chicken With Chipotle Cream,American,main-dish,,intermediate,high,moderate,chicken legs with thigh|milk|chipotle chiles|garlic|ground cumin|onion powder|salt|butter|flour|heavy cream|sour cream|cheese|chipotle chile
124,Kelly S Southwestern Beef Stew,American,main-dish,,advanced,medium,moderate,chuck roast|flour|paprika|chili powder|garlic powder|salt|butter flavor crisco|onions|stewed tomatoes|bay leaf|beef broth|dried red pepper flakes|butter|sugar|carrots|red potatoes|corn|cornstarch|cold water
125,Now This Is Alice Springs Chicken,American,main-dish,,intermediate,high,moderate,dijon mustard|honey|canola oil|lemon juice|boneless skinless chicken breasts|vegetable oil|sliced mushrooms|butter|salt|pepper|paprika|bacon|mexican blend cheese|fresh parsley
126,All Purpose Ground Meat Mix,American,main-dish,dairy-free,advanced,medium,moderate,ground beef|celery|garlic clove|onions|green pepper|pepper|salt
127,Chicken Wings In Honey Bbq Sauce,American,main-dish,dairy-free,intermediate,low,moderate,chicken wings|salt and black pepper|honey|soy sauce|barbecue sauce|oil|garlic cloves
128,Miso Glazed Salmon,American,main-dish,pescatarian|dairy-free,beginner,low,moderate,brown sugar|low sodium soy sauce|hot water|miso|salmon fillets|cooking spray|fresh chives
129,Beef Macaroni And Tomato Casserole,American,main-dish,,intermediate,high,moderate,lean ground beef|garlic cloves|dried oregano|dried basil|onion|green bell pepper|salt|black pepper|diced tomatoes|tomato sauce|elbow macaroni|mozzarella cheese|parmesan cheese
130,Shrimp Nicoise Quiche,American,main-dish,,intermediate,medium,moderate,"9"" unbaked pie shell|bacon|red bell pepper|scallions|sun-dried tomatoes|eggs|heavy cream|whole grain mustard|white pepper|simply potatoes diced potatoes with onion|small shrimp|green olives|fresh lemon zest|parsley"
131,Skillet Sirloin,American,main-dish,dairy-free,intermediate,medium,moderate,boneless beef top sirloin steaks|oil|onion|fresh mushrooms|beef broth|dijon mustard|worcestershire sauce|thyme|garlic powder
132,Blackened Catfish,American,main-dish,vegetarian|pescatarian,intermediate,medium,moderate,paprika|salt|lemon pepper|garlic powder|ground pepper|dried basil|onion powder|thyme|catfish fillets|unsalted butter
133,Make Ahead Mashed Potato Casserole,American,main-dish,vegetarian|pescatarian,beginner,medium,moderate,potatoes|cream cheese|butter|green onion|sour cream|fresh parsley|dried marjoram|salt and pepper|fresh breadcrumb
134,Oven Baked Pork Chops,American,main-dish,,intermediate,medium,moderate,butter|egg|milk|cornbread mix|pork chops
135,Baked Chicken Tenders,American,main-dish,,intermediate,medium,moderate,chicken tenders|light mayonnaise|italian seasoned breadcrumbs|parmesan cheese
136,Fajita Style One Dish Chicken Dinner,American,main-dish,,intermediate,medium,moderate,fajita seasoning mix|boneless skinless chicken breasts|red pepper|yellow pepper|cheddar cheese|cooked rice|vegetable oil
137,Kelly S Apple Pork Chops With Stuffing,American,main-dish,,intermediate,high,moderate,boneless pork chops|vegetable oil|seasoning salt|fresh coarse ground black pepper|pork stuffing mix|apple pie filling|cheddar cheese|apple pie filling with cinnamon
138,Ruth S Chris Sweet Potato Casserole,American,main-dish,vegetarian|pescatarian,intermediate,high,moderate,brown sugar|flour|nuts|butter|mashed sweet potatoes|sugar|salt|vanilla|eggs
139,Smothered Chicken With Creamy Mushroom Gravy,American,main-dish,,advanced,medium,moderate,all-purpose flour|dried thyme|ground allspice|boneless skinless chicken breast halves|butter|mushroom|onion|whipping cream|low sodium chicken broth
140,Chicken Chipotle,American,main-dish,,intermediate,medium,moderate,boneless skinless chicken breasts|yellow onion|garlic cloves|salt|cream cheese|milk|canned chipotle chiles|salt and pepper|paprika
141,Lime Chicken Soft Tacos,American,main-dish,,intermediate,medium,moderate,"boneless skinless chicken breasts|red wine vinegar|lime, juice of|white sugar|salt|ground black pepper|green onions|garlic|dried oregano|6-inch flour tortillas|tomatoes|lettuce|monterey jack cheese|salsa"
142,Buttermilk Chicken,American,main-dish,,intermediate,medium,moderate,chicken breasts|buttermilk|flour|salt|pepper|margarine|cream of mushroom soup
143,Louisiana Sausage Jambalaya,American,main-dish,,beginner,medium,moderate,butter|yellow onions|celery|green onions|green bell pepper|garlic|serrano chili pepper|bay leaves|creole seasoning|ground cayenne pepper|dried thyme|andouille sausages|chicken broth|diced tomatoes with juice|long-grain rice
144,Southwest Chicken Black Bean Soup,American,main-dish,dairy-free,advanced,medium,moderate,boneless skinless chicken breast|crushed tomatoes|chicken broth|black beans|green bell pepper|red bell pepper|onion|lemon juice|jalapeno peppers|margarine|season salt|bay leaf|tarragon|oregano|cinnamon
145,Back Porch Bayou Shrimp Corn Rsc,American,main-dish,,advanced,medium,moderate,thick slab bacon|onion|red bell pepper|garlic clove|lemon|white wine|worcestershire sauce|coarse black pepper|creole seasoning|butter|green onions|fresh parsley|fresh corn|heavy cream|raw shrimp|reynolds wrap foil
146,Autumn Chicken Salad,American,main-dish,dairy-free,beginner,low,moderate,chicken|red seedless grapes|celery ribs|red delicious apple|pecan halves|mayonnaise|honey mustard|salt|pepper|lettuce leaf
147,Hardees Mushroom And Swiss Burger,American,main-dish,vegetarian|pescatarian,beginner,high,moderate,campbell's golden mushroom soup|green giant sliced mushrooms|worcestershire sauce|processed swiss cheese|hamburger patty|accent seasoning|lawry's seasoned salt|ground pepper
148,Parmesan Basil Perch,American,main-dish,vegetarian|pescatarian,intermediate,low,moderate,dry breadcrumbs|parmesan cheese|fresh basil leaves|paprika|pepper|perch|margarine|fresh parsley
149,Chicken With Wine And Mushrooms,American,main-dish,,advanced,low,moderate,boneless skinless chicken breasts|olive oil|fresh mushrooms|green onions|garlic cloves|dry white wine|butter|salt|pepper|cornstarch|cold water
150,Chili S Monterey Chicken,American,main-dish,,beginner,medium,moderate,boneless skinless chicken breast|barbecue sauce|crisp bacon|monterey jack and cheddar cheese blend
151,Flank Steak With Lime Chipotle Sauce,American,main-dish,vegetarian|vegan|pescatarian|dairy-free,beginner,medium,moderate,flank steaks|honey|chipotle chiles in adobo|dijon mustard|lime juice|garlic cloves|allspice|cumin|cilantro|salt and fresh pepper
152,Marlboro Country Chicken Fried Steak Country Fried,American,main-dish,vegetarian|pescatarian,advanced,high,moderate,round steaks|evaporated milk|tabasco jalapeno sauce|salt|all-purpose flour|paprika|garlic powder|cracked pepper|vegetable oil|flour|milk|salt and pepper
153,Ravioli Lasagna,American,main-dish,vegetarian|pescatarian,intermediate,medium,moderate,pasta sauce|cheese ravioli|frozen chopped spinach|mozzarella cheese|parmesan cheese
154,Ann Lander S Meatloaf,American,main-dish,dairy-free,beginner,medium,moderate,ground round|breadcrumbs|accent seasoning|lipton onion soup mix|bacon|eggs|catsup|chili sauce
155,Breakfast Casserole,American,main-dish,,beginner,medium,moderate,white bread|cheddar cheese|eggs|milk|salt|pepper|dry mustard|bacon|mild sausage
156,Broccoli And Pasta,American,main-dish,vegetarian|pescatarian,beginner,medium,moderate,fresh broccoli|garlic cloves|olive oil|butter|salt|pepper|cayenne pepper|linguine|romano cheese
157,Clam Chowder Stew,American,main-dish,,intermediate,low,moderate,bacon|yellow onions|chicken broth|potatoes|salt|cayenne pepper|butter|flour|2% low-fat milk|half-and-half cream|baby clams|worcestershire sauce|parsley|paprika
158,Erin S Scalloped Potatoes And Ham,American,main-dish,,intermediate,high,moderate,butter|onion|flour|half-and-half|milk|ham|potatoes|salt|pepper|cayenne pepper|cheese
159,Mama S Bar B Que Barbecue Chicken,American,main-dish,dairy-free,beginner,medium,moderate,chicken|salad oil|onion|celery|ketchup|water|lemon juice|brown sugar|worcestershire sauce|vinegar|salt
160,Tex Mex Cornbread Salad,American,main-dish,,intermediate,medium,moderate,cornbread mix|pinto beans|tomatoes|green onion|green pepper|jalapeno peppers|bacon|monterey jack cheese|whole kernel corn|sour cream|salsa|mayonnaise|dry ranch dressing mix
161,Caroline S Quick Chicken And Dumplings,American,main-dish,,intermediate,medium,moderate,water|cooked chicken|cream of chicken soup|chicken bouillon granules|seasoned pepper|refrigerated buttermilk biscuits
162,Chicken And Stuffing Bake,American,main-dish,,intermediate,low,moderate,chicken flavor stuffing mix|boneless skinless chicken breast halves|cream of mushroom soup|milk|parsley
163,Dogs And Taters,American,main-dish,,intermediate,high,moderate,beef hot dogs|oil|onion|garlic salt|pepper|potatoes|cheddar cheese
164,Foolproof Standing Prime Rib Roast Paula Deen,American,main-dish,vegetarian|vegan|pescatarian|dairy-free,intermediate,low,moderate,standing rib roast|kosher salt|fresh ground black pepper|garlic powder
165,Guinness And Filet Mignon Chili,American,main-dish,,advanced,high,moderate,unsalted butter|ground sirloin|filet mignon|onions|chili pepper|guinness stout|flour|crushed tomatoes|no-added-salt tomato paste|low sodium beef broth|black beans|kidney bean|chili powder|dark brown sugar|kosher salt|white pepper|ground cumin|cheddar cheese
166,Cajun Maple Mahi Mahi,American,main-dish,vegetarian|vegan|pescatarian|dairy-free,beginner,low,moderate,maple syrup|cajun seasoning|garlic powder|mahi mahi fillets
167,Chesapeake Bay Crab Cakes,American,main-dish,vegetarian|pescatarian,intermediate,low,moderate,onion|green bell peppers|butter|fresh crabmeat|fine dry breadcrumb|egg|mayonnaise|dried parsley flakes|lemon juice|worcestershire sauce|old bay seasoning|dry mustard|cayenne pepper|vegetable oil
168,Hide The Zucchini,American,main-dish,vegetarian|pescatarian,intermediate,low,moderate,zucchini|onion|butter|eggs|salt|pepper|sharp cheddar cheese|flour|baking soda|baking powder
169,One Dish Chicken And Bows,American,main-dish,,advanced,medium,moderate,bow tie pasta|boneless skinless chicken breasts|sweet red pepper|butter|condensed cream of chicken soup|frozen peas|milk|garlic powder|salt|pepper|parmesan cheese
170,Spicy Red Beans And Rice,American,main-dish,dairy-free,beginner,low,moderate,dried red kidney beans|paprika|cayenne pepper|black pepper|bay leaves|ground cumin|water|smoked ham hock|salt|celery|onions|fresh garlic cloves|hot pepper sauce|fresh parsley|cooked rice
171,Tater Tot Chicken Pie,American,main-dish,,advanced,high,moderate,frozen tater tots|onion|garlic cloves|butter|cooked chicken|milk|frozen mixed vegetables|cream of chicken soup|dried thyme|black pepper
172,Tuna Patties Burgers Cakes Something Like That,American,main-dish,pescatarian|dairy-free,beginner,low,moderate,tuna|seasoned stuffing mix|eggs|mayonnaise|dill weed|oil
173,Cajun Bourbon Chicken Bites,American,main-dish,dairy-free,intermediate,medium,moderate,boneless skinless chicken thighs|soy sauce|brown sugar|garlic powder|powdered ginger|dried onion flakes|bourbon|white wine
174,Grilled Ham With Glaze,American,main-dish,dairy-free,beginner,low,moderate,brown sugar|prepared horseradish|lemon juice|ham steak
175,Parmesan Crusted Broiled Scallops,American,main-dish,pescatarian,intermediate,low,moderate,melba toast|parmesan cheese|fresh parsley|paprika|sea scallops|butter|lemon wedge
176,Ruth S Chris Steak House Creamed Spinach,American,main-dish,vegetarian|pescatarian,advanced,low,moderate,butter|all-purpose flour|onion|bay leaf|clove|whole milk|fresh spinach
177,Split Pea Soup Ham,American,main-dish,,intermediate,medium,moderate,olive oil|yellow onions|salt|black pepper|red pepper flakes|garlic|bay leaf|dried split peas|chicken broth|milk|ham steak|hot sauce
178,Taco Spaghetti Oamc,American,main-dish,,advanced,medium,moderate,spaghetti|ground beef|onions|water|taco seasoning mix|corn mixed with chopped peppers|colby-monterey jack cheese|salsa|green chili peppers|lettuce|tomatoes
179,Cheese Enchiladas W Sour Cream Sauce,American,main-dish,,advanced,medium,moderate,light sour cream|cream of chicken soup|green chilies|vegetable shortening|corn tortillas|cheese|onion
180,Cool Veggie Pizza,American,main-dish,vegetarian|pescatarian,intermediate,low,moderate,refrigerated crescent dinner rolls|cream cheese|mayonnaise|garlic|dried dill weed|salt and pepper|assorted fresh vegetables
181,Easy Pleasing Meatloaf,American,main-dish,dairy-free,beginner,medium,moderate,water|lean ground beef|onion|stove top stuffing mix|eggs|ketchup
182,Ground Turkey Chili,American,main-dish,dairy-free,intermediate,medium,moderate,yellow onion|garlic|ground turkey|diced tomatoes with mild green chilies|ground cumin|chili powder|dried oregano|ground cinnamon|light brown sugar|ground cayenne pepper|fresh ground black pepper|black beans|whole kernel corn|cannellini beans|fat-free low-sodium chicken broth|hot sauce
183,Low Fat Chicken Enchiladas With High Fat Taste,American,main-dish,,intermediate,low,moderate,boneless skinless chicken breast|fresh cilantro|fat free salsa|low-fat cream cheese|nonfat sour cream|green onions|cumin|green chilies|jalapeno pepper|low-fat cheddar cheese|tortillas
184,My Onion Fried Chicken,American,main-dish,,beginner,high,moderate,chicken|french-fried onions|dried breadcrumbs|paprika|salt|sour cream
185,Amish Chicken Casserole,American,main-dish,,beginner,medium,moderate,noodles|cooked chicken|chicken broth|milk|mushrooms|salt|pepper|margarine|flour|parmesan cheese
186,Chili S Chicken Crispers,American,main-dish,,intermediate,low,moderate,egg|whole milk|chicken broth|salt|black pepper|self rising flour|chicken tenderloins|flour|oil
187,Dr Pepper Taco Soup,American,main-dish,,intermediate,high,moderate,ground beef|white onion|tomato sauce|corn|ranch style beans|diced tomatoes|taco seasoning|ranch dressing mix|cayenne pepper|dr. pepper cola|garlic salt|cheddar cheese|corn chips|sour cream
188,Grilled Porterhouse Steak With Paprika Parmesan Butter,American,main-dish,vegetarian|pescatarian,advanced,high,moderate,porterhouse steaks|olive oil|garlic cloves|fresh thyme|salt|ground black pepper|fresh rosemary|butter|parmesan cheese|paprika|dijon mustard|worcestershire sauce|hot pepper sauce
189,My Most Coveted Secret Herb Garlic Butter Hamburgers On A Grill,American,main-dish,vegetarian|pescatarian,advanced,medium,moderate,mixed fresh herbs|garlic clove|salted butter|ground sirloin|coarse salt|black pepper|hamburger buns|butter
190,Quick N Easy Salmon Patties,American,main-dish,pescatarian|dairy-free,intermediate,high,moderate,pink salmon|egg|onion|flour|baking powder|crisco
191,Baked Vegetarian Chimichangas Warm Or Cold,American,main-dish,vegetarian|pescatarian,intermediate,low,moderate,onion|garlic cloves|mushroom|olive oil|green chilies|vegetarian refried beans|salsa|cooked brown rice|black beans|black soybeans|avocado|salt|chili powder|powdered cumin|sour cream|cheddar cheese|flour tortilla
192,Bbq Chicken Pizza California Pizza Kitchen Style,American,main-dish,,advanced,high,moderate,boneless skinless chicken breasts|olive oil|barbecue sauce|pizza dough|cornmeal|smoked gouda cheese|mozzarella cheese|red onion|fresh cilantro
193,Best Roast Beef,American,main-dish,vegetarian|pescatarian,intermediate,low,moderate,standing ribs|butter|dijon mustard|horseradish|garlic
194,Chicago Style Deep Dish Pizza,American,main-dish,,advanced,low,moderate,mild italian sausage|red bell peppers|onion|olive oil|garlic clove|pepperoni|basil|oregano|black pepper|pizza dough|pizza sauce|parmesan cheese|mozzarella cheese
195,Chicken Broccoli Rice And Cheese Casserole,American,main-dish,,advanced,medium,moderate,cooked chicken|cooked rice|frozen chopped broccoli|cream of chicken soup|cream of mushroom soup|margarine|onion|shredded cheddar cheese
196,Creamy Seafood Casserole Low Carb,American,main-dish,pescatarian,beginner,medium,moderate,heavy cream|cheddar cheese|swiss cheese|worcestershire sauce|parmesan cheese|nutmeg|paprika|fish|shrimp
197,Ham Noodle Casserole,American,main-dish,,intermediate,medium,moderate,egg noodles|cooked ham|celery|onion|oil|cream of chicken and mushroom soup|mushroom pieces|chicken bouillon|cheddar cheese|worcestershire sauce|dried thyme|dried marjoram|tabasco sauce|breadcrumbs|butter
198,Pan Seared Rib Eye Steak With Smoked Paprika Rub,American,main-dish,vegetarian|vegan|pescatarian|dairy-free,advanced,low,moderate,boneless rib-eye steak|sweet paprika|kosher salt|fresh ground black pepper|olive oil
199,Beer Battered Fish,American,main-dish,pescatarian|dairy-free,intermediate,high,moderate,vegetable oil|cod fish fillets|salt and pepper|all-purpose flour|garlic powder|paprika|salt|ground black pepper|egg|beer
200,Black Eyed Pea Gumbo,American,main-dish,dairy-free,intermediate,medium,moderate,ranch style black-eyed peas|ranch style black-eyed peas with jalapenos|beef broth|diced tomatoes|sausage links|diced green chilies|bell pepper|celery|10-minute success rice
201,Broiled Haddock Fillets,American,main-dish,vegetarian|pescatarian,beginner,low,moderate,haddock fillet|olive oil|mayonnaise|dijon-style mustard|parmesan cheese|pepper
202,Cajun Chicken Jambalaya,American,main-dish,,beginner,medium,moderate,cooked chicken|butter|onion|garlic|celery|bell pepper|whole tomato|long-grain rice|dried thyme|dried basil|cajun spices|cayenne pepper|black pepper|chicken broth|tabasco sauce|bay leaf
203,Chicken Lo Mein With Vegetables,American,main-dish,dairy-free,advanced,medium,moderate,spaghetti noodles|water|chicken bouillon cubes|boneless skinless chicken breasts|olive oil|sesame oil|onion|garlic clove|celery rib|cabbage|bok choy|carrot|frozen green pea|cornstarch|cold water|light soy sauce
204,Cold Macaroni Tuna Salad,American,main-dish,pescatarian|dairy-free,intermediate,medium,moderate,hard-boiled eggs|macaroni|frozen green peas|tuna|mayonnaise|salt|pepper
205,George S Whole Wheat Pizza Dough,American,main-dish,vegetarian|vegan|pescatarian|dairy-free,beginner,low,moderate,fast rising yeast|warm water|whole wheat flour|all-purpose flour|olive oil|sugar|honey|salt|garlic powder|oregano|thyme
206,Lemon Granola Chicken Salad Rsc,American,main-dish,dairy-free,advanced,high,moderate,chicken breasts|egg|hidden valley original ranch dressing|granola cereal|panko breadcrumbs|salt and pepper|lemon|fresh spinach|grape tomatoes
207,Mock Chicken Fried Steak With Milk Gravy,American,main-dish,,advanced,high,moderate,ground beef|eggs|all-purpose flour|seasoning salt|black pepper|shortening|flour|cooking fat|salt|milk
208,Stewed Chicken And Dumplings,American,main-dish,,intermediate,medium,moderate,chicken|water|celery ribs|carrot|onion|chicken bouillon cubes|poultry seasoning|garlic powder|pepper|flour|baking powder|salt|milk|butter|parsley
209,Army Lou S Soul Food Macaroni And Cheese,American,main-dish,vegetarian|pescatarian,advanced,medium,moderate,elbow macaroni|sharp cheddar cheese|velveeta cheese|butter|eggs|evaporated milk|condensed cheddar cheese soup|seasoning salt|ground pepper
210,Black Beans And Tomatoes Hot And Spicy,American,main-dish,vegetarian|vegan|pescatarian|dairy-free,beginner,low,moderate,vegetable oil cooking spray|olive oil|garlic cloves|whole tomatoes|black beans|cayenne pepper|fresh cilantro
211,Carolina Crispy Buttermilk Fried Chicken,American,main-dish,vegetarian|pescatarian,advanced,high,moderate,whole milk|kosher salt|sugar|roasting chickens|buttermilk|eggs|sweet paprika|hot sauce|fresh ground pepper|baking powder|baking soda|all-purpose flour|vegetable oil
212,Flat Iron Steak,American,main-dish,vegetarian|vegan|pescatarian|dairy-free,beginner,high,moderate,flat iron steaks|olive oil|garlic cloves|italian parsley|rosemary|cabernet sauvignon wine|salt|fresh ground pepper|dry mustard
213,High Roasted Chicken And Potatoes,American,main-dish,,advanced,high,moderate,kosher salt|sugar|chicken|garlic butter|russet potatoes|vegetable oil cooking spray|olive oil|salt|black pepper
214,Oven Fried Cornflake Chicken,American,main-dish,dairy-free,intermediate,low,moderate,boneless skinless chicken breasts|corn flakes|margarine|lemon juice|salt|pepper|nonstick cooking spray
215,Baked Chimichangas,American,main-dish,,advanced,high,moderate,beef|onion|garlic cloves|chipotle chiles|ground oregano|salt|crushed red pepper flakes|monterey jack cheese|adobo sauce|tortillas|lettuce|chopped tomato|salsa|sour cream|guacamole|jalapeno|olive|gravy
216,Buffalo Chicken And Noodle Ramekins Rsc,American,main-dish,,advanced,medium,moderate,olive oil|shallots|celery|greek yogurt|hidden valley original ranch dips mix|elbow macaroni|cooked chicken breasts|buffalo wing sauce|blue cheese|plain breadcrumbs
217,Cajun Seafood Pasta,American,main-dish,pescatarian,intermediate,high,moderate,dry linguine|heavy whipping cream|fresh basil|fresh thyme|salt|pepper|red pepper flakes|green onion|parsley flakes|shrimp|scallops|swiss cheese|parmesan cheese
218,California Bacon Ranch Pizza Rsc,American,main-dish,,advanced,high,moderate,olive oil|boneless skinless chicken breast|lemon zest|salt|fresh ground black pepper|avocado|lemon juice|hidden valley original ranch dips mix|mayonnaise|greek yogurt|whipped cream cheese|pizza dough|red onion|cooked bacon|fresh tomatoes|havarti cheese|parmesan cheese
219,Creamy Ham Casserole,American,main-dish,,intermediate,low,moderate,broccoli florets|cheddar cheese|ham|rotini pasta|miracle whip light|green peppers|milk
220,Creole Style Vegetarian Jambalaya,American,main-dish,vegetarian|vegan|pescatarian|dairy-free,advanced,medium,moderate,olive oil|yellow onions|red onion|bell pepper|celery|eggplants|yellow squash|zucchini|garlic|shallots|tomatoes|salt & freshly ground black pepper|cayenne pepper|creole seasoning|dried thyme|bay leaves|long grain rice|tomato paste|vegetable stock|green onion
221,Easy Honey Ranch Burgers,American,main-dish,,beginner,medium,moderate,ground beef|ranch dressing mix|honey dijon mustard|colby-monterey jack cheese
222,Incredible Grill Cheese Sandwiches,American,main-dish,,beginner,medium,moderate,monterey jack cheese|sharp cheddar cheese|swiss cheese|onion|mayonnaise|dijon mustard|sandwich bread|butter|ham
223,Noodles And Tomatoes,American,main-dish,vegetarian|pescatarian,beginner,low,moderate,pasta|crushed tomatoes|butter|salt|pepper
224,Ultimate Grilled Cheese Gotta Try This,American,main-dish,vegetarian|pescatarian,intermediate,medium,moderate,light cream cheese|mayonnaise|shredded cheddar cheese|mozzarella cheese|garlic powder|season-all salt|italian bread|butter
225,Very Creamy Vegetable Chowder A La Moosewood,American,main-dish,vegetarian|pescatarian,intermediate,low,moderate,onions|butter|canola oil|celery ribs|carrot|potatoes|water|dried thyme|bay leaf|salt|ground black pepper|green beans|red bell pepper|zucchini|green peas|fresh parsley|milk|cheddar cheese|neufchatel cheese
226,Barbecue Meatloaf Delicious And Weight Watchers,American,main-dish,dairy-free,beginner,low,moderate,93% lean ground beef|barbecue sauce|frozen chopped onions|italian seasoned breadcrumbs|egg whites
227,Kree S Delicious Apple Pork Chops,American,main-dish,dairy-free,intermediate,medium,moderate,vegetable oil|pork chops|salt|ground black pepper|apples|brown sugar|ground cinnamon|hot water
228,Panko Fried Oysters For Two,American,main-dish,pescatarian|dairy-free,advanced,medium,moderate,oysters|eggs|club soda|all-purpose flour|black pepper|garlic powder|cayenne pepper|seasoning|panko breadcrumbs|italian seasoning|low-fat mayonnaise|prepared horseradish|dijon mustard|lemon juice|sugar|hot sauce
229,Red Lobster Cajun Chicken Pasta,American,main-dish,,intermediate,medium,moderate,boneless skinless chicken breast halves|cajun seasoning|butter|heavy cream|dried basil|lemon pepper seasoning|salt|garlic powder|pepper|linguine|parmesan cheese
230,Savory Chuck Roast,American,main-dish,vegetarian|vegan|pescatarian|dairy-free,intermediate,high,moderate,boneless chuck roast|white vinegar|garlic salt|flour|olive oil|onion and mushroom soup mix|sweet sherry|brewed coffee|fresh mushrooms
231,2 Alarm Chili,American,main-dish,dairy-free,intermediate,medium,moderate,ground beef|tomato sauce|water|paprika|cumin|dried onion flakes|garlic salt|chili powder|ground red pepper|masa harina flour|hot water
232,Bacon Ranch Slow Cooked Chicken,American,main-dish,,beginner,medium,moderate,bacon bits|instant minced garlic|hidden valley ranch dressing mix|cream of chicken soup|sour cream|boneless skinless chicken breasts|egg noodles
233,Chicken Fajita Pizza,American,main-dish,,intermediate,low,moderate,olive oil|chicken breast|chili powder|salt|garlic powder|onion|green bell pepper|red bell pepper|pizza dough|mild salsa|monterey jack cheese
234,Farmer S Pork Chops,American,main-dish,,advanced,high,moderate,potatoes|onion|salt and pepper|butter|all-purpose flour|salt|pepper|whole milk|fresh parsley|lawry's seasoned salt|center-cut pork chops|vegetable oil
235,Jalapeno Sweet Potato Soup,American,main-dish,,intermediate,low,moderate,bacon|onion|butter|garlic|sweet potatoes|chicken broth|pickled jalapeno pepper|jalapeno juice|comino|baking soda|cilantro leaf|milk|salt|black pepper
236,Low Fat Bisquick Oven Fried Chicken,American,main-dish,,intermediate,medium,moderate,chicken pieces|bisquick reduced-fat baking mix|paprika|salt|pepper|butter
237,Red Snapper With Lemon Butter,American,main-dish,vegetarian|pescatarian,intermediate,high,moderate,red snapper fillets|flour|salt and pepper|vegetable oil|butter|lemon juice|parsley
238,Skillet Hopping John,American,main-dish,,beginner,low,moderate,onion|garlic cloves|butter|black-eyed peas|chicken bouillon|uncooked rice|salt|crushed red pepper flakes
239,Spicy Baked Rice,American,main-dish,,intermediate,medium,moderate,ground beef|green bell pepper|onion|cooked long-grain rice|mexican-style stewed tomatoes with jalapeno peppers|tomato juice|salt|chili powder|ground mustard|dried oregano|hot sauce|cheddar cheese
240,Spinach Stuffed Chicken,American,main-dish,,advanced,low,moderate,fresh spinach|onion|fresh mushrooms|garlic|oil|oregano|salt|pepper|boneless skinless chicken breast halves|dry breadcrumbs|parmesan cheese|paprika|egg|water|butter
241,Casserole With Black Eyed Peas,American,main-dish,,beginner,medium,moderate,lean ground beef|black-eyed peas with jalapenos|rice|diced tomatoes|cheddar cheese|onion|salt|pepper|garlic clove
242,Corned Beef And Cabbage Pressure Cooker,American,main-dish,dairy-free,advanced,high,moderate,water|corned beef brisket|garlic cloves|bay leaves|carrots|cabbage|potatoes|turnips|horseradish sauce
243,Creamy Chicken Dijon,American,main-dish,,beginner,low,moderate,vegetable oil|boneless skinless chicken breast halves|campbell's cream of chicken soup|water|dijon-style mustard|dried parsley flakes|brown sugar|onion powder|dried tarragon leaves|garlic powder
244,Garlic Rosemary Cornish Game Hens,American,main-dish,dairy-free,advanced,medium,moderate,cornish hens|rosemary|fresh garlic|lemon|olive oil|chicken broth|dry white wine
245,Honey Steak Marinade,American,main-dish,vegetarian|vegan|pescatarian|dairy-free,beginner,high,moderate,soy sauce|honey|vinegar|fresh ginger|garlic|olive oil|flank steaks
246,Lancaster County Ham Loaf Wow Wow Wow,American,main-dish,,intermediate,medium,moderate,ground turkey|ham|breadcrumbs|egg|salt|pepper|milk|brown sugar|dry mustard|water|vinegar
247,Moosewood Italian Stuffed Portabellas,American,main-dish,vegetarian|pescatarian,advanced,medium,moderate,portabella mushrooms|olive oil|onion|garlic cloves|red bell pepper|fresh basil|ricotta cheese|mozzarella cheese|parmesan cheese|salt|breadcrumbs
248,Pot Roast By Diner,American,main-dish,vegetarian|vegan|pescatarian|dairy-free,advanced,medium,moderate,chuck roast|olive oil|salt|pepper|garlic salt|water|onions|carrots|potato|flour
249,Saucy Hamburgers,American,main-dish,,intermediate,medium,moderate,egg|sour cream|dry breadcrumbs|dried parsley flakes|thyme|salt|pepper|ground beef|ketchup|brown sugar|prepared mustard|worcestershire sauce|hamburger buns
250,Steakhouse London Broil,American,main-dish,dairy-free,intermediate,low,moderate,garlic and herb seasoning|vegetable oil|red wine vinegar|beef round steak
251,Tex Mex Pork Chops,American,main-dish,,intermediate,medium,moderate,vegetable oil|boneless pork chops|chunky salsa|diced green chilies|ground cumin|cheddar cheese
252,Tsr Version Of Tony Roma S Baked Potato Soup By Todd Wilbur,American,main-dish,,intermediate,medium,moderate,potatoes|butter|white onion|flour|chicken stock|water|cornstarch|instant mashed potatoes|salt|pepper|basil|thyme|half-and-half|shredded cheddar cheese|cooked bacon|green onions
253,Applesauce Topped Pork Loin Roast,American,main-dish,dairy-free,intermediate,high,moderate,pork loin roast|applesauce|brown sugar|vinegar|ground cloves|garlic clove|flour|salt|sugar|pepper|prepared mustard
254,Beef Tips And Rice,American,main-dish,vegetarian|vegan|pescatarian|dairy-free,advanced,high,moderate,sirloin tip steaks|all-purpose flour|olive oil|yellow onion|green bell pepper|garlic cloves|water|soy sauce|worcestershire sauce|seasoning salt|black pepper|cooked rice|dried parsley
255,Chicago Style Deep Dish Pizza Dough,American,main-dish,vegetarian|vegan|pescatarian|dairy-free,advanced,medium,moderate,active dry yeast|water|sugar|unbleached bread flour|yellow cornmeal|table salt|olive oil
256,Corn Flake Drumsticks Bake,American,main-dish,,intermediate,high,moderate,corn flake crumbs|parmesan cheese|salt|ground cayenne pepper|black pepper|eggs|chicken legs
257,French Onion Burgers,American,main-dish,dairy-free,beginner,medium,moderate,french-fried onions|worcestershire sauce|salt|ground beef|mushrooms|hamburger buns
258,Hot Stuffed Mama Burger,American,main-dish,,intermediate,high,moderate,lean ground beef|steak seasoning|garlic cloves|sweet onion|diced green chilies|monterey jack pepper cheese|pineapple rings|teriyaki sauce|romaine lettuce|kaiser rolls|butter
259,Mom S Hamburger Green Bean Tomato Soup Mashed Potato Hot Dish,American,main-dish,vegetarian|vegan|pescatarian|dairy-free,beginner,medium,moderate,hamburger|white onion|fresh garlic|tomato soup|cut green beans|instant mashed potatoes|salt and pepper
260,Monterey Bbq Chicken Bake,American,main-dish,,advanced,high,moderate,boneless skinless chicken breasts|bacon|barbecue sauce|monterey jack cheese|green onion stems|hidden valley original ranch dressing|barbecue seasoning
261,Oyster Stew Supreme,American,main-dish,,intermediate,medium,moderate,bacon|butter|onion|celery|garlic clove|wondra flour|salt|fresh ground black pepper|cayenne|dried thyme|clam juice|dry sherry|heavy cream|evaporated milk|oysters|worcestershire sauce|parsley
262,Poppy Seed Chicken,American,main-dish,,intermediate,medium,moderate,cooked chicken|ritz crackers|poppy seed|cream of chicken soup|sour cream|butter
263,Stan S Place Shrimp Po Boy,American,main-dish,pescatarian,advanced,medium,moderate,mayonnaise|horseradish|relish|salt|white pepper|garlic powder|paprika|lemon juice|shrimp|oil|all-purpose flour|egg|milk|pepper|cayenne pepper|onion powder
264,Steaks On The Grill,American,main-dish,vegetarian|vegan|pescatarian|dairy-free,beginner,high,moderate,new york strip steaks|a.1. original sauce|worcestershire sauce|seasoning salt|dried parsley flakes
265,Turkey Black Bean Chili,American,main-dish,,intermediate,medium,moderate,ground turkey|onion|garlic cloves|olive oil|chili powder|salt|diced green chilies|tomatoes|black beans|lime juice|green onion|cheddar cheese
266,Wait Family Pizza Dough Bread Machine,American,main-dish,vegetarian|pescatarian|dairy-free,intermediate,medium,moderate,water|margarine|egg|bread flour|all-purpose flour|salt|sugar|yeast
267,Old Ladies On A Bus Chicken,American,main-dish,dairy-free,intermediate,medium,moderate,chicken pieces|orange marmalade|barbecue sauce|worcestershire sauce|lemon juice
268,Baked Chicken And Gravy,American,main-dish,,intermediate,medium,moderate,chicken pieces|flour|butter|evaporated milk|cream of mushroom soup|process american cheese|salt|pepper
269,Buffalo Chicken Mac N Cheese,American,main-dish,,beginner,medium,moderate,elbow macaroni|chicken breasts|low-fat milk|flour|sharp cheddar cheese|buffalo wing sauce|onion powder|garlic powder|celery|hot sauce
270,Easy Crispy Dijon Chicken,American,main-dish,,advanced,medium,moderate,boneless skinless chicken breasts|butter|dijon mustard|half-and-half|cracker crumbs|parmesan cheese
271,Hamburger Steak And Onions With Gravy,American,main-dish,dairy-free,advanced,medium,moderate,ground chuck|egg|plain breadcrumbs|ground black pepper|seasoning salt|onion powder|garlic powder|worcestershire sauce|onion|oil|self-rising flour|beef broth|dry sherry|salt and pepper
272,Maple Glazed Salmon,American,main-dish,pescatarian|dairy-free,intermediate,medium,moderate,maple syrup|soy sauce|fresh ginger|cornstarch|water|salmon fillets|green onion
273,Pan Seared Moroccan Salmon,American,main-dish,pescatarian|dairy-free,intermediate,low,moderate,cilantro leaves|paprika|fresh lemon juice|garlic|extra virgin olive oil|cumin|dried red chili pepper|salt|salmon fillets|olive oil flavored cooking spray
274,Pork Chops Smothered In Cream Of Mushroom,American,main-dish,,intermediate,high,moderate,pork chops|purple onions|cream of mushroom soup|mushroom pieces|evaporated milk
275,Quiche Lorraine,American,main-dish,,intermediate,medium,moderate,swiss cheese|flour|cooked ham|eggs|milk|salt|dry mustard|unbaked pie shells
276,Quick Easy Stove Top Tuna Casserole,American,main-dish,pescatarian,intermediate,high,moderate,fettuccine pasta|celery|onion|butter|frozen english peas|cream cheese|milk|salt|black pepper|solid white tuna|parmesan cheese|parsley
277,Sausage Potato Lasagna,American,main-dish,,advanced,medium,moderate,bulk italian sausage|fresh mushrooms|potatoes|frozen chopped spinach|cottage cheese|parmesan cheese|egg|onion|garlic cloves|all-purpose flour|salt and pepper|nutmeg|milk|mozzarella cheese
278,Sausage Penne And Peppers,American,main-dish,vegetarian|vegan|pescatarian|dairy-free,beginner,high,moderate,olive oil|onion|green bell peppers|garlic powder|diced tomatoes|sugar|salt and pepper|kielbasa|penne pasta|basil|dried parsley
279,Shrimpin Dippin Broth Bubba Gump Shrimp Co,American,main-dish,,intermediate,high,moderate,medium shrimp|baguette|cooked white rice|lemon wedge|butter|worcestershire sauce|black pepper|cajun seasoning|garlic|clam juice|pepper|chicken bouillon cube|sugar
280,Sombrero Pasta Salad,American,main-dish,,intermediate,medium,moderate,spiral shaped pasta|ground beef|water|taco seasoning mix|cheddar cheese|green pepper|onion|tomatoes|sliced ripe olives|catalina dressing
281,Souperior Meatloaf,American,main-dish,dairy-free,beginner,medium,moderate,lipton onion soup mix|ground beef|dry breadcrumbs|eggs|water|ketchup
282,Spicy Baked Shrimp,American,main-dish,pescatarian,beginner,high,moderate,butter|worcestershire sauce|fresh ground pepper|lemon juice|salt|hot sauce|garlic|medium raw shrimp|lemon
283,Squash Casserole Charlotte S Barclay Cafeteria,American,main-dish,vegetarian|pescatarian,intermediate,low,moderate,squash|onion|salt|pepper|processed cheese|butter|plain flour|sugar|eggs|milk
284,Tomato Crowned Cod,American,main-dish,pescatarian|dairy-free,intermediate,low,moderate,cod fish fillets|lemon juice|pepper|tomatoes|sweet green pepper|onions|dry breadcrumbs|fresh basil|oil
285,Weeknight Red Beans And Rice,American,main-dish,dairy-free,advanced,medium,moderate,long grain rice|canola oil|water|onion|bell pepper|celery|smoked turkey sausage|red cayenne pepper|cajun seasoning|bay leaf|garlic|diced tomato|red beans|salt
286,World S Best Sloppy Joes,American,main-dish,vegetarian|vegan|pescatarian|dairy-free,beginner,medium,moderate,hamburger|onion|ketchup|barbecue sauce|curry powder|chili powder|bay leaves
287,Broccoli Sausage And Pasta Ears,American,main-dish,,intermediate,high,moderate,orecchiette|broccoli|sweet italian sausage link|garlic|cayenne pepper|butter|chicken broth|parmesan cheese
288,Devious Diners Devilishly Delicious Southwest Burger,American,main-dish,,intermediate,medium,moderate,ground buffalo meat|taco seasoning|salsa|guacamole|sour cream|jalapeno jack cheese|green chili|lettuce|tomatoes|french fried onion rings|buns
289,Easy Low Fat Oven Fried Catfish,American,main-dish,pescatarian|dairy-free,advanced,low,moderate,catfish fillet|seasoned fish coating|egg substitute|emeril's original essence|salt|black pepper|lemon wedge
290,Fried Pork Tenderloin Sandwich A Midwest Favorite,American,main-dish,dairy-free,intermediate,low,moderate,pork tenderloin|saltine crackers|water|bouillon|oil|hamburger buns
291,Ginger S Dorito Soup Spicy Tomato Soup,American,main-dish,vegetarian|pescatarian,intermediate,medium,moderate,condensed tomato soup|water|milk|cheddar cheese|hot pepper sauce|crushed red pepper flakes|black pepper|salt|saltine crackers
292,Hot Dog Casserole,American,main-dish,vegetarian|pescatarian,intermediate,medium,moderate,elbow macaroni|hot dog|american cheese|unsalted butter|onion|all-purpose flour|milk|ground black pepper|salt
293,Low Carb Cheeseburger Quiche,American,main-dish,,intermediate,high,moderate,ground beef|onion|crisp bacon|garlic|eggs|mayonnaise|half-and-half|sharp cheddar cheese
294,Penne With Chicken In Creamy Pepper Jack Cheese Sauce,American,main-dish,,advanced,medium,moderate,bacon|boneless chicken breasts|butter|onion|red bell pepper|garlic cloves|jalapeno pepper|flour|chicken broth|milk|monterey jack pepper cheese|sour cream|cayenne|penne pasta|green onions
295,Sallie S Hamburger Casserole,American,main-dish,,intermediate,high,moderate,ground beef|salt|pepper|garlic powder|ground oregano|sugar|tomato sauce|wide egg noodles|sour cream|cottage cheese|onion|cheddar cheese
296,Southern Living Pinto Beans,American,main-dish,dairy-free,intermediate,low,moderate,dry pinto beans|smoked ham hock|tomatoes and green chilies|chicken broth|green bell pepper|celery rib|onion|red hot sauce|salt|garlic powder|oregano|thyme|black pepper|worcestershire sauce|cooked rice
297,Super Spaghetti Squash With Spaghetti Sauce,American,main-dish,vegetarian|pescatarian,intermediate,low,moderate,spaghetti squash|spaghetti sauce|stewed tomatoes|onion|frozen chopped spinach|mushrooms|garlic clove|salt and pepper|butter
298,Tender London Broil,American,main-dish,dairy-free,intermediate,medium,moderate,london broil beef|pepper|meat tenderizer|lawry's seasoned salt|garlic powder|ketchup|worcestershire sauce|soy sauce|ginger|onion|garlic
299,Texas Pinto Beans,American,main-dish,dairy-free,intermediate,low,moderate,dried pinto beans|water|onion|garlic|bacon|salt|tomatoes|jalapeno peppers
300,Beer Simmered Brats,American,main-dish,vegetarian|vegan|pescatarian|dairy-free,intermediate,low,moderate,beer|onion|bratwursts|cajun seasoning|hoagie rolls|prepared mustard
301,Cheesy Sausage Quiche,American,main-dish,,intermediate,medium,moderate,ground sausage|onion|green pepper|sharp cheddar cheese|flour|eggs|evaporated milk|parsley|black pepper|seasoning salt|garlic salt|unbaked pie shell
302,Chicago Style Hot Dogs,American,main-dish,vegetarian|vegan|pescatarian|dairy-free,intermediate,low,moderate,frankfurters|hot dog buns|onion|sweet pickle relish|dill pickle|tomatoes|bell peppers|brown mustard|celery seed|poppy seed|beer
303,Cube Steaks Baked In Gravy,American,main-dish,vegetarian|pescatarian,intermediate,low,moderate,cube steaks|butter|onion|fresh mushrooms|cream of mushroom soup|condensed golden mushroom soup|garlic cloves|kitchen bouquet|worcestershire sauce
304,Grilled Cubed Steak Rollups,American,main-dish,,beginner,low,moderate,cube steaks|marinade|cream cheese|bacon
305,Hominy Green Chile Casserole,American,main-dish,vegetarian|pescatarian,beginner,low,moderate,yellow hominy|sour cream|sharp cheddar cheese|green chili|sweet red pepper|salt and pepper
306,Kmart Sub S A Blast From The Past,American,main-dish,,advanced,medium,moderate,submarine rolls|salami|bologna|honey-roasted ham|american cheese|onion|lettuce|tomatoes|banana pepper|dill pickle|yellow mustard
307,Low Stress Baked Eggs,American,main-dish,,advanced,medium,moderate,butter|sharp cheddar cheese|eggs|milk|bacon|salt & pepper
308,Meatloaf Hey Virginia Mine Is Better,American,main-dish,,beginner,medium,moderate,ground beef|quick-cooking rolled oats|egg|dried onion flakes|kosher salt|black pepper|sweetened condensed milk|brown sugar|ketchup|dry mustard
309,Nan S Chili,American,main-dish,dairy-free,beginner,medium,moderate,lean ground beef|tomato sauce|diced tomatoes|water|dried onion flakes|instant minced garlic|paprika|cumin|red cayenne pepper|chili powder|salt|red kidney beans
310,Ponzu Salmon,American,main-dish,pescatarian|dairy-free,advanced,medium,moderate,skinless salmon fillet|fine sea salt|vegetable oil|grapefruit|orange|lime|sugar|soy sauce|rice vinegar
311,Prime Rib Roast Beef With Fresh Garlic And Rosemary,American,main-dish,dairy-free,advanced,low,moderate,boneless beef rib roast|coarse salt|fresh cracked pepper|fresh rosemary|garlic cloves
312,Tri Tip Roast Delicious,American,main-dish,dairy-free,intermediate,medium,moderate,tri-tip roast|vegetable oil|honey|worcestershire sauce|red wine vinegar|beef marinade|salt|ground pepper|garlic powder|rosemary
313,Beef Liver And Onions With White Wine,American,main-dish,,advanced,high,moderate,flour|salt|pepper|beef liver|butter|oil|onions|fresh sage|beef stock|dry white wine|italian parsley
314,Beef Tips And Gravy,American,main-dish,dairy-free,intermediate,low,moderate,beef tips|salad oil|water|ketchup|worcestershire sauce|salt|onion|cornstarch
315,Cheesy Sausage Balls,American,main-dish,,beginner,high,moderate,sausage|biscuit mix|cheddar cheese|onion|celery|garlic powder|pepper
316,Chicken Alfredo With Crispy Bacon Paula Deen,American,main-dish,,advanced,high,moderate,bacon|boneless skinless chicken breasts|pepper|salt|chicken broth|onion|garlic cloves|heavy whipping cream|parmesan cheese|parsley|fettuccine pasta|water
317,Freezer Ready Cornflake Chicken Fingers,American,main-dish,,advanced,low,moderate,corn flakes cereal|fresh parsley|salt|boneless skinless chicken breast half|blue cheese dressing|water|hot pepper sauce
318,French Onion Salisbury Steak,American,main-dish,,advanced,medium,moderate,ground chuck|fresh parsley|scallions|kosher salt|black pepper|all-purpose flour|olive oil|onions|sugar|garlic|tomato paste|beef broth|dry red wine|dried thyme leaves|toast|parmesan cheese
319,Gates Son S Kc Bbq Sauce,American,main-dish,vegetarian|vegan|pescatarian|dairy-free,beginner,high,moderate,sugar|salt|celery seeds|ground cumin|ground red pepper|garlic powder|chili powder|ketchup|apple cider vinegar|liquid smoke|lemon juice
320,Hamburger Noodle Casserole,American,main-dish,,intermediate,medium,moderate,butter|ground beef|garlic clove|salt|pepper|sugar|tomato sauce|noodles|scallions|cream cheese|sour cream|cheddar cheese
321,Jalapeno Pepper Jelly Chicken,American,main-dish,dairy-free,intermediate,medium,moderate,boneless chicken breasts|garlic salt|chili powder|fresh ground black pepper|ground cumin|dried oregano|vegetable oil|chicken broth|balsamic vinegar|jalapeno jelly
322,Macaroni And Cheese Surprise,American,main-dish,,intermediate,high,moderate,ground beef|mushroom and green pepper flavor spaghetti sauce|macaroni and cheese mix|cheese
323,Make Ahead Omelet,American,main-dish,vegetarian|pescatarian,intermediate,medium,moderate,bread|sharp cheddar cheese|eggs|milk|salt|margarine
324,Moist And Juicy Garlic Chicken,American,main-dish,,beginner,medium,moderate,butter|garlic|parsley|garlic powder|italian breadcrumbs|cheddar cheese|parmesan cheese|boneless skinless chicken breast halves
325,Mom S Hammy Macaroni N Cheese,American,main-dish,,beginner,medium,moderate,macaroni|ham|cream of mushroom soup|prepared mustard|milk|pepper|cheese
326,Mom S Meatloaf Really,American,main-dish,vegetarian|pescatarian|dairy-free,advanced,high,moderate,hamburger|eggs|onion soup mix|oatmeal
327,One Dish Chicken Bake,American,main-dish,,intermediate,medium,moderate,stove top stuffing mix|water|butter|boneless skinless chicken breasts|condensed cream of mushroom soup|sour cream
328,Polish Stuffed Cabbage Rolls Golabki Golumkies Golumpkis,American,main-dish,,intermediate,medium,moderate,cabbage leaves|ground elk|pork sausage|rice|butter|egg|milk|salt|pepper|sweet basil|garlic powder|paprika|onions|celery|carrot|cabbage|tomato sauce|brown sugar
329,Spinach Squares,American,main-dish,vegetarian|pescatarian,intermediate,medium,moderate,butter|milk|baking soda|frozen spinach|monterey jack cheese|eggs|flour
330,Tavern On The Green S Chicken Francais,American,main-dish,,intermediate,medium,moderate,boneless skinless chicken breasts|flour|unsalted butter|white wine|shallots|garlic|salt|white pepper|whole grain mustard|heavy cream
331,World S Best Ribs,American,main-dish,dairy-free,intermediate,medium,moderate,pork rib racks|masterpiece original barbecue sauce|brown sugar|emeril's original essence|salt|ground black pepper|paprika|cumin|garlic powder|cayenne pepper
332,1 Spicy Sweet Honey Chili,American,main-dish,dairy-free,advanced,high,moderate,ground beef|sweet onion|garlic clove|green bell pepper|jalapeno peppers|chili beans|diced tomatoes|chili powder|cumin|thyme|salt|accent seasoning|cinnamon|honey
333,Bayou Pasta With Chicken Copycat Chili S Cajun Chicken Pasta,American,main-dish,,advanced,high,moderate,penne|unsalted butter|all-purpose flour|half-and-half|parmesan cheese|salt and pepper|boneless skinless chicken breast|cajun seasoning|cayenne pepper|vegetable oil|roma tomatoes
334,Betty Mayfield S Beef Casserole,American,main-dish,,intermediate,medium,moderate,ground beef|salt|sugar|tomatoes|tomato sauce|garlic|pepper|egg noodles|sour cream|cream cheese|green onions|american cheese
335,Broiled Scallops,American,main-dish,pescatarian,intermediate,low,moderate,scallops|unsalted butter|olive oil|garlic powder|onion powder|paprika|chives|parsley
336,Cajun Style Red Beans And Rice,American,main-dish,dairy-free,intermediate,high,moderate,oil|onion|fresh garlic|green bell pepper|crushed red pepper flakes|chili powder|paprika|tomato sauce|stewed tomatoes|salt|sugar|hot sauce|red kidney beans|bacon|cooked rice
337,Chicken And Dumplings Southern Style,American,main-dish,dairy-free,advanced,high,moderate,chicken|water|onion|carrots|celery|bay leaf|peppercorn|salt|thyme|rosemary|flour|baking soda|shortening|chicken stock|buttermilk|fresh thyme|salt and pepper
338,Chili Blanco,American,main-dish,,intermediate,high,moderate,vegetable oil|onion|garlic cloves|jalapeno pepper|green chili peppers|ground cumin|oregano|ground cayenne pepper|chicken broth|cooked chicken|white beans|monterey jack cheese
339,Creamy Chicken Broccoli,American,main-dish,,intermediate,high,moderate,boneless skinless chicken breast|broccoli|chicken broth|cream cheese|garlic|red bell pepper|pepper|butter|bow tie pasta
340,Deluxe Macaroni And Cheese,American,main-dish,vegetarian|pescatarian,intermediate,medium,moderate,small curd cottage cheese|sour cream|egg|salt|garlic|sharp cheddar cheese|elbow macaroni|paprika|buttered bread crumb
341,Easy Caramelized Garlic Chicken,American,main-dish,,intermediate,low,moderate,boneless skinless chicken breasts|salt|black pepper|oil|garlic cloves|brown sugar|heavy cream
342,Easy Cheesy Pork Chops,American,main-dish,,intermediate,medium,moderate,boneless pork chops|potatoes|white onion|cheddar cheese soup|milk|olive oil|salt and pepper
343,Easy Ranch Chicken,American,main-dish,,intermediate,medium,moderate,boneless chicken breasts|ranch dressing mix|dry breadcrumbs|eggs|salt|pepper|butter|cracker
344,Ez Baked Frito Pie,American,main-dish,vegetarian|pescatarian,intermediate,low,moderate,hormel chili|onion|jalapeno|green chili|fritos corn chips|cheese
345,Fourth Of July Burgers,American,main-dish,dairy-free,beginner,medium,moderate,ground beef|soft breadcrumbs|burgundy wine|sliced mushrooms|onion salt|dry mustard|worcestershire sauce|garlic powder|pepper|hamburger buns
346,Ham And Beans,American,main-dish,dairy-free,advanced,low,moderate,dried navy beans|water|extra virgin olive oil|onions|carrot|garlic|bay leaf|ham bone|salt and pepper
347,Ham And Macaroni Salad,American,main-dish,,beginner,low,moderate,ham|cheddar cheese|elbow macaroni|celery|onion|dill pickle|mayonnaise|prepared mustard
348,Honey Garlic Pork Ribs,American,main-dish,dairy-free,advanced,high,moderate,pork back ribs|honey|brown sugar|soy sauce|garlic powder|ground ginger|ground mustard|salt
349,Huli Huli Chicken Or Ribs,American,main-dish,dairy-free,beginner,medium,moderate,chicken pieces|ketchup|soy sauce|brown sugar|sherry wine|gingerroot|garlic cloves|curry powder|thai sweet chili sauce
350,Onion Burgers By John T Edge The Longmeadow Farm,American,main-dish,vegetarian|pescatarian,intermediate,medium,moderate,ground chuck|onions|pimento cheese|buns|mustard
351,Peppery Beef Tenderloin,American,main-dish,dairy-free,intermediate,high,moderate,oregano|paprika|thyme|salt|garlic powder|onion powder|basil|cracked black pepper|cayenne pepper|beef tenderloin
352,Quick And Low Cal Grilled Bistro Chicken,American,main-dish,dairy-free,beginner,low,moderate,"mayonnaise|dried rosemary leaves|dried thyme leaves|garlic salt|lemon, juice of|boneless skinless chicken breast halves"
353,Red Lobster Lobster Pizza Copycat,American,main-dish,,advanced,medium,moderate,flour tortillas|land o lakes roasted garlic butter with oil|fresh parmesan cheese|roma tomatoes|fresh basil|lobster meat|italian cheese blend
354,Savory Grilled Steak With Bleu Cheese Garlic Butter,American,main-dish,vegetarian|pescatarian,intermediate,low,moderate,cloves|onion powder|mccormick's montreal brand steak seasoning|butter|blue cheese|dried thyme|filet mignon steaks|garlic|seasoning salt|black pepper|soy sauce|cooking spray
355,Seattle Dogs,American,main-dish,vegetarian|pescatarian,intermediate,medium,moderate,hot dogs|hot dog buns|onion|oil|butter|brown sugar|salt|pepper|cream cheese
356,Texas Two Bean Soup,American,main-dish,vegetarian|pescatarian,intermediate,low,moderate,onions|garlic cloves|olive oil|salt|celery|red bell pepper|green bell pepper|fresh chili pepper|dried oregano|dried thyme|ground cumin|ground black pepper|water|tomatoes|black-eyed peas|pinto beans|barbecue sauce|tortilla chips|sour cream
357,Three Cheese Chicken Penne Florentine,American,main-dish,,intermediate,low,moderate,olive oil|cooking spray|mushrooms|onion|red bell pepper|fresh spinach|fresh oregano|fresh ground black pepper|2% fat cottage cheese|cooked penne|cooked boneless skinless chicken breasts|reduced-fat sharp cheddar cheese|fresh parmesan cheese|2% low-fat milk|reduced-fat reduced-sodium condensed cream of chicken soup
358,Turkey Stuffed Yellow Red Bell Peppers,American,main-dish,,intermediate,high,moderate,yellow bell peppers|red bell peppers|vegetable oil|onion|garlic cloves|lean ground turkey|salt|pepper|dried basil|dried oregano|diced tomatoes|cooked brown rice|sharp cheddar cheese|fine breadcrumbs|parmesan cheese|butter
359,Twice Baked Potato Casserole,American,main-dish,,intermediate,high,moderate,potatoes|eggs|butter|green onion|cheddar cheese|bacon|milk|salt|pepper|sour cream
360,Best Ever Cabbage Rolls,American,main-dish,,intermediate,high,moderate,cabbage|ground pork|onion|hard roll|cooked rice|garlic cloves|eggs|salt|marjoram|paprika|bacon|chicken broth|sour cream|flour|cayenne
361,Cheesy Chicken Breast,American,main-dish,,intermediate,medium,moderate,boneless chicken breasts|olive oil|garlic clove|breadcrumbs|pepper|salt|paprika|parmesan cheese|cheddar cheese|parsley
362,Cheesy Hamburger Potato Casserole,American,main-dish,vegetarian|pescatarian,beginner,medium,moderate,ground venison|potatoes|cream of mushroom soup|onion|milk|cheddar cheese|salt and pepper
363,Easy Baked Pork Chops With Gravy And Rice,American,main-dish,dairy-free,advanced,high,moderate,pork chops|brown gravy mix|10-minute success rice|flour|pepper|garlic salt|vegetable oil|water
364,Grandma S Southern Fried Chicken,American,main-dish,vegetarian|pescatarian,advanced,high,moderate,broiler-fryer chickens|buttermilk|hot sauce|butter flavor shortening|all-purpose flour|garlic powder|onion powder|paprika|italian seasoning|chili powder|sugar|seasoning salt|poultry seasoning|black pepper|red pepper powder|thyme|basil
365,Grilled Balsamic Chicken,American,main-dish,dairy-free,intermediate,low,moderate,boneless skinless chicken breast halves|chicken broth|balsamic vinegar|worcestershire sauce|scallion|garlic|dry mustard|fresh ground pepper|sugar|dijon mustard
366,Kfc Crispy Strips,American,main-dish,,intermediate,medium,moderate,chicken breasts|egg|milk|all-purpose flour|salt|pepper|msg|paprika|garlic powder|baking powder
367,Linda S Bean And Mayonnaise Sandwich Sandwiches,American,main-dish,vegetarian|vegan|pescatarian|dairy-free,intermediate,low,moderate,bread|beans|mayonnaise|salt and pepper
368,Okra And Tomatoes A K A Okra Gumbo,American,main-dish,dairy-free,intermediate,low,moderate,bacon|onion|frozen cut okra|diced tomatoes|salt and pepper
369,Parmesan Fried Chicken,American,main-dish,,beginner,low,moderate,parmesan cheese|garlic powder|eggs|chicken tenders|olive oil
370,Quick Homemade Chili Con Carne With Beans,American,main-dish,dairy-free,beginner,medium,moderate,oil|garlic clove|ground beef|kidney beans|onion|tomato sauce|chili powder|salt
371,Southern Fried Pork Chops,American,main-dish,dairy-free,beginner,high,moderate,salt & pepper|flour|oil|pork chops
372,Southwest Salad,American,main-dish,vegetarian|pescatarian,beginner,medium,moderate,lettuce|roma tomatoes|sharp cheddar cheese|corn|tortilla chips|ranch dressing|salsa|chili powder|cumin
373,The Bombdiggity Chicken,American,main-dish,,intermediate,medium,moderate,vegetable oil|boneless skinless chicken breasts|teriyaki sauce|ranch dressing|sliced mushrooms|cheddar cheese|green onions|bacon bits
374,Zucchini And Summer Squash Casserole,American,main-dish,,intermediate,medium,moderate,butter|zucchini|yellow squash|salt & freshly ground black pepper|condensed cream of chicken soup|sour cream|button mushrooms|herb seasoned stuffing mix|onion
375,Amish Baked Fried Chicken,American,main-dish,,intermediate,medium,moderate,chicken|egg|milk|salt|pepper|cracker crumb|butter
376,Angel Chicken Pasta,American,main-dish,,intermediate,medium,moderate,boneless skinless chicken breasts|butter|italian salad dressing mix|white wine|condensed golden mushroom soup|cream cheese with chives|angel hair pasta
377,Broccoli Chicken Casserole,American,main-dish,,intermediate,medium,moderate,boneless chicken breasts|cream of mushroom soup|sour cream|salt and pepper|garlic powder|fresh broccoli florets|cheddar cheese|parmesan cheese|ritz cracker crumbs
378,Chasen S Chili,American,main-dish,,intermediate,high,moderate,pinto beans|water|canned tomatoes|vegetable oil|onions|green peppers|garlic|parsley|butter|ground beef|chili powder|ground black pepper|cumin
379,Chicago Beer Burgers,American,main-dish,,beginner,medium,moderate,minced beef|beer|tabasco sauce|worcestershire sauce|cheese
380,Chicken Fingers Buffalo Style,American,main-dish,,advanced,low,moderate,corn flakes|parsley|salt|boneless skinless chicken breast|bleu cheese salad dressing|water|bottled hot pepper sauce|celery rib
381,Chicken Supreme,American,main-dish,,intermediate,medium,moderate,boneless skinless chicken breast halves|butter|fresh mushrooms|sour cream|cream of chicken soup|garlic salt|paprika|swiss cheese
382,Chicken Rice Broccoli Cheese Casserole,American,main-dish,,intermediate,high,moderate,cheddar cheese soup|minute rice|butter|frozen chopped broccoli|milk|chicken|cream of chicken soup|chicken broth|onion|cheddar cheese|salt and pepper
383,Cream Of Chicken Stew,American,main-dish,dairy-free,advanced,medium,moderate,chicken thighs|celery|carrots|onion|potatoes|flour|margarine|beef bouillon|salt|garlic salt|pepper
384,Deep Fried Turkey Injection Butter Creole,American,main-dish,vegetarian|pescatarian,beginner,low,moderate,kosher salt|garlic powder|white pepper|cayenne pepper|onion powder|butter
385,Delicious Lentil Chili,American,main-dish,vegetarian|vegan|pescatarian|dairy-free,intermediate,low,moderate,dry lentils|salt|water|tomatoes|chili powder|cumin|oregano|onion|celery|garlic
386,Easy Chicken And Stuffing Casserole,American,main-dish,,intermediate,low,moderate,boneless skinless chicken breasts|chicken broth|margarine|cream of mushroom soup|cream of chicken soup|cornbread stuffing mix
387,Easy To Get Your 5 A Day Vegetarian Chilli,American,main-dish,vegetarian|vegan|pescatarian|dairy-free,advanced,medium,moderate,olive oil|onions|garlic cloves|red bell pepper|yellow bell pepper|carrots|zucchini|corn|cumin|chili powder|paprika|cinnamon|salt|pepper|red pepper flakes|crushed tomatoes|tomatoes with juice|red kidney beans
388,Finallywroteitdown Chicken Sausage And Shrimp Jambalaya,American,main-dish,dairy-free,intermediate,high,moderate,cooked chicken|raw shrimp|smoked sausage|onions|garlic cloves|olive oil|dried thyme|dried oregano|bay leaves|cayenne pepper|white pepper|black pepper|rice|chicken broth|worcestershire sauce|salt
389,Loose Meat Sandwiches,American,main-dish,dairy-free,beginner,medium,moderate,lean ground beef|salt|black pepper|beef broth|garlic powder|onion|dill pickle slices|mustard|hamburger buns
390,Luby S Cafeteria Cheese Enchiladas With Chili Sauce,American,main-dish,,advanced,high,moderate,lean ground beef|onion|garlic powder|salt|pepper|beef broth|whole canned tomatoes|chili powder|paprika|ground cumin|cornstarch|water|corn tortillas|vegetable oil|cheddar cheese|american cheese
391,Milagro Meatloaf,American,main-dish,,advanced,high,moderate,unsalted butter|onion|green bell peppers|garlic cloves|fresh ground black pepper|cayenne|salt|cumin seed|lean ground beef|ground pork|dry breadcrumbs|barbecue sauce|sour cream|worcestershire sauce|egg|milk
392,No Peek Chicken,American,main-dish,,beginner,low,moderate,long grain and wild rice blend|cream of mushroom soup|cream of celery soup|water|parsley|curry powder|chicken pieces|onion soup mix
393,Pizza Meatloaf,American,main-dish,,intermediate,medium,moderate,eggs|pizza sauce|cracker crumb|parmesan cheese|mozzarella cheese|onion|green pepper|seasoning salt|oregano|pepper|ground beef
394,Rotisserie Roast Pork,American,main-dish,dairy-free,intermediate,low,moderate,roast pork|fresh garlic cloves|seasoning salt|garlic powder|thyme|string
395,Sunday Chicken,American,main-dish,vegetarian|vegan|pescatarian|dairy-free,beginner,high,moderate,lemon|broiler-fryer chickens|olive oil|creole seasoning|fresh rosemary
396,The Best Amish Meatloaf Recipe,American,main-dish,dairy-free,beginner,high,moderate,extra lean ground beef|ritz crackers|onion|eggs|ketchup|garlic salt|pepper|bacon|salt|dry mustard|dark brown sugar
397,Turkey Apple Burgers,American,main-dish,dairy-free,beginner,low,moderate,ground turkey|mcintosh apple|white onion|celery|poultry seasoning|salt and pepper|vegetable oil
398,Weight Watcher Oven Fried Fish,American,main-dish,vegetarian|pescatarian,intermediate,low,moderate,haddock|white cornmeal|dry breadcrumbs|dried dill|salt|pepper|paprika|skim milk|butter
399,White Castle Cheeseburgers,American,main-dish,,advanced,low,moderate,lean beef|dinner rolls|onion|salt|pepper|american cheese
400,Baked Scrod With Lemon Herb Panko Crumbs,American,main-dish,vegetarian|pescatarian,intermediate,high,moderate,scrod fillets|butter|olive oil|lemon|onion|panko breadcrumbs|white wine|red pepper flakes|parsley|salt and pepper|olive oil flavored cooking spray
401,Real English Fish And Chips With Yorkshire Beer Batter,British,main-dish,pescatarian|dairy-free,advanced,high,moderate,"cod fish fillets|plain flour|bicarbonate of soda|beer|lemon, juice of|salt & pepper|flour|potatoes|cooking fat"
402,Oven Roasted Tomato Sauce,British,main-dish,vegetarian|vegan|pescatarian|dairy-free,intermediate,low,moderate,tomatoes|garlic cloves|dried italian herb seasoning|sugar|salt|black pepper|olive oil
403,Lazy Cottage Pie,British,main-dish,,intermediate,medium,moderate,extra lean ground beef|onion|green beans|condensed tomato soup|mashed potatoes|cheddar cheese|paprika
404,Traditional English Cottage Pie With Cheese And Leek Topping,British,main-dish,,advanced,high,moderate,lean ground beef|onions|carrots|butter|peas|dried herbs|flour|tomato puree|worcestershire sauce|beef stock|salt|pepper|potato|leeks|milk|cheddar cheese
405,London Broil,British,main-dish,,intermediate,medium,moderate,beef flank steak|onions|salt|butter|oil|lemon juice|pepper|garlic
406,My Mum S Easy And Traditional English Yorkshire Pudding,British,main-dish,vegetarian|pescatarian,advanced,low,moderate,egg|plain flour|milk|water|salt|pepper|cooking oil
407,Steak Balmoral,British,main-dish,,beginner,medium,moderate,angus steaks|scotch whisky|heavy whipping cream|beef stock|sliced mushrooms|coarse grain mustard|salt and pepper|butter
408,Traditional British Toad In The Hole And Mini Toads Too,British,main-dish,,advanced,medium,moderate,sausage|plain flour|eggs|milk|salt|pepper|drippings
409,Perfect Traditionally English Roast Potatoes,British,main-dish,vegetarian|vegan|pescatarian|dairy-free,intermediate,high,moderate,potatoes|salt|pepper|vegetable oil
410,Baked Salmon With Caper Sauce,British,main-dish,pescatarian,intermediate,medium,moderate,salmon steaks|fresh lemon juice|butter|salt and pepper|parsley|capers
411,Gourmet Bangers Mash,British,main-dish,,intermediate,high,moderate,sausages|potatoes|salt|milk|butter|nutmeg|onions|cooking oil|flour|dijon mustard|wine|chicken stock cube|salt and pepper
412,Shepherds Pie,British,main-dish,,advanced,medium,moderate,olive oil|sea salt|fresh ground black pepper|ground lamb|onion|carrot|garlic cloves|worcestershire sauce|tomato puree|fresh thyme sprig|fresh rosemary|red wine|chicken stock|potato|butter|egg yolks|parmesan cheese
413,Baked Cornish Game Hens,British,main-dish,vegetarian|pescatarian,beginner,medium,moderate,cornish hens|butter|lemon juice|rosemary|garlic clove
414,Red Onion And Honey Mustard Barbecued Chicken,British,main-dish,dairy-free,intermediate,low,moderate,vegetable oil|red onion|apple cider vinegar|brown sugar|chicken stock|honey mustard|allspice|curry powder|boneless skinless chicken breasts|boneless skinless chicken thighs|salt & freshly ground black pepper
415,Beef Noodle Bake,British,main-dish,,advanced,high,moderate,ground beef|onion|tomato sauce|sour cream|cream cheese|sugar|garlic salt|wide egg noodles|cheddar cheese
416,Crispy Fish And Chips,British,main-dish,pescatarian|dairy-free,advanced,high,moderate,flour|cornmeal|beer|salt|old bay seasoning|vegetable oil|russet potatoes|fish fillets
417,Balsamic Glazed Chicken With Spring Onion Mash,British,main-dish,,intermediate,medium,moderate,olive oil|boneless skinless chicken breasts|balsamic vinegar|granulated sugar|tomato puree|fresh ground black pepper|potatoes|butter|yogurt|spring onions
418,Mini Shepherd S Pie So Good,British,main-dish,,advanced,medium,moderate,cooking spray|refrigerated biscuits|olive oil|ground beef|onion|salt|cracked black pepper|garlic|all-purpose flour|beef stock|frozen mixed vegetables|fresh flat-leaf parsley|fresh rosemary leaf|mashed potatoes|garlic powder|onion powder|shredded cheddar cheese
419,Turkey Shepherd S Pie With Two Potato Topping Or Chicken,British,main-dish,,intermediate,low,moderate,unsalted butter|butter|onion|celery rib|carrot|garlic clove|turkey meat|turkey gravy|orange juice|flat leaf parsley|sage|salt|fresh ground pepper|mashed potatoes|mashed sweet potatoes|chives|egg
420,A Winter S Walk Beef And Carrot Stew With Herb Crusted Dumplings,British,main-dish,,advanced,high,moderate,lean stewing beef|plain flour|butter|salt|black pepper|onions|garlic cloves|carrots|turnips|plum tomatoes|beef stock|self raising flour|dried herbs|vegetable suet|water
421,Slow Cooked Lamb Shanks In Red Wine,British,main-dish,dairy-free,advanced,high,moderate,lamb shanks|carrots|onion|garlic cloves|bay leaves|rosemary|full-bodied red wine|beef stock|soft brown sugar|cornflour|olive oil|salt & pepper
422,Best Beef Stew,British,main-dish,dairy-free,advanced,high,moderate,lean stewing beef|seasoned flour|extra virgin olive oil|dry mustard|spanish onion|bulb of garlic|port wine|baby carrots|rutabaga|celery|mushrooms|cayenne pepper|dried thyme|worcestershire sauce|creamed horseradish|salt|water|white potatoes
423,Londoner S Egg Sandwich,British,main-dish,vegetarian|pescatarian,beginner,low,moderate,reduced-fat cream cheese|whole grain mustard|fresh dill|rye bread|hard-boiled egg|tomatoes|salt and pepper
424,Pub Style Peppered Stilton Steaks With Charred Onions And Chips,British,main-dish,vegetarian|pescatarian,intermediate,high,moderate,stilton cheese|butter|walnuts|black peppercorns|rump steak|onion|french fries
425,British Brunch Bake,British,main-dish,,intermediate,medium,moderate,english muffins|tomatoes|cheddar cheese|skim milk|all-purpose flour|eggs|chives|salt|pepper|cooked ham
426,Perfect Roasties Roast Potatoes For English Sunday Lunch,British,main-dish,vegetarian|vegan|pescatarian|dairy-free,advanced,high,moderate,potatoes|vegetable oil|plain flour|sea salt
427,Steak And Guinness Pie Jamie Oliver,British,main-dish,dairy-free,advanced,high,moderate,stewing beef|sea salt|fresh ground black pepper|flour|olive oil|onion|carrots|potatoes|fresh rosemary|guinness stout|diced tomatoes|puff pastry|egg
428,Succulent Baked Chicken,British,main-dish,,advanced,high,moderate,whole chicken|parsley|thyme|rosemary|lemon|salt and pepper|butter|onion|paprika
429,Mushrooms On Toast,British,main-dish,vegetarian|pescatarian,intermediate,high,moderate,mushrooms|butter|vegetable oil|garlic|flat leaf parsley|salt & freshly ground black pepper|lemon juice|bread
430,Pasty Pastry For Cornish Miners Pasties,British,main-dish,vegetarian|vegan|pescatarian|dairy-free,intermediate,medium,moderate,flour|salt|baking powder|shortening|ice water
431,Steak Balmoral And Whisky Sauce From The Witchery By The Castle,British,main-dish,,intermediate,medium,moderate,angus steaks|salted butter|green peppercorns|scotch whisky|heather honey|double cream|beef stock|field mushrooms|coarse grain mustard|salt|fresh ground black pepper
432,Fried Fish,British,main-dish,pescatarian|dairy-free,intermediate,high,moderate,safflower oil|flour|baking powder|kosher salt|cayenne pepper|old bay seasoning|beer|white fish fillets|cornstarch
433,Barbecued Piggy Scallops,British,main-dish,,beginner,low,moderate,bacon|scallops|black pepper|parsley|lemons|unsalted butter
434,Blackbird Pie Or Chicken Leek And Potato Pie,British,main-dish,,advanced,medium,moderate,shortcrust pastry|mashed potatoes|cooked chicken breasts|leeks|cooked ham|creme fraiche|mixed herbs|salt|pepper|egg|milk
435,Chicken Pie,British,main-dish,,beginner,medium,moderate,onion|french style green bean|carrot|celery|dried thyme|butter|pepper|campbell's golden mushroom soup|chicken|flour|double crust pie crusts
436,English Pub Beef Kidney Stew In Yorkshire Pudding Adopted,British,main-dish,,advanced,high,moderate,steak|veal kidneys|flour|oil|onion|mushrooms|beef broth|dry red wine|tomato paste|worcestershire sauce|salt|pepper|tarragon|rosemary|carrots|eggs|milk
437,Grilled Fillet Steak With Herbs,British,main-dish,vegetarian|vegan|pescatarian|dairy-free,beginner,low,moderate,steak fillets|cooking oil|lemon juice|dried parsley|garlic cloves|dried basil|fresh ground black pepper|salt
438,Rumpledethumps,British,main-dish,vegetarian|pescatarian,advanced,medium,moderate,potatoes|green cabbage|leeks|broccoli|butter|mace|salt and pepper|milk|cheddar cheese
439,Scotch Broth,British,main-dish,,advanced,low,moderate,lamb breast|water|pearl barley|butter|carrots|turnip|celery ribs|onion|seasoning
440,Clapshot An Orcadian Potato And Yellow Turnip Swede Rutabaga,British,main-dish,vegetarian|pescatarian,intermediate,low,moderate,potato|turnip|onion|chives|butter|milk|salt and pepper
441,Dundee Marmalade Lamb Chops,British,main-dish,,intermediate,medium,moderate,lamb chops|vinegar|ground ginger|marmalade|oranges|unsalted butter|water|paprika|salt and pepper
442,Fluffy Little Clouds Old Fashioned Dumplings For Stew,British,main-dish,vegetarian|vegan|pescatarian|dairy-free,intermediate,low,moderate,self raising flour|vegetable suet|cold water|salt|pepper|garlic granules|dried herbs|onion salt|oregano|chili powder|fresh herb
443,Hot Toddy Chicken With Pancetta And Garlic Mashed Potatoes,British,main-dish,,advanced,high,moderate,"pancetta|boneless chicken breasts|salt and black pepper|butter|olive oil|lemons, juice and zest of|whiskey|honey|hot chicken stock|flour|potatoes|single cream|garlic cloves|parsley"
444,Leek And Potato Pie,British,main-dish,vegetarian|pescatarian,intermediate,medium,moderate,potatoes|leeks|flour|salt and pepper|nutmeg|milk|butter
445,Low Fat Shepherd S Pie,British,main-dish,,advanced,medium,moderate,canola oil|carrots|onion|extra lean ground beef|worcestershire sauce|dried rosemary|dried basil|dried parsley|pepper|tomato paste|fat free low-sodium beef broth|peas|potatoes|skim milk|light butter
446,Roasted Chicken And Root Veggies,British,main-dish,dairy-free,intermediate,high,moderate,chicken|white pearl onions|garlic cloves|shallots|carrots|potatoes|rutabaga|olive oil|chicken broth|rosemary sprigs|italian seasoning|seasoning salt|lemon pepper
447,Scottish Deviled Chicken,British,main-dish,dairy-free,beginner,low,moderate,chicken thighs|apricot jam|dijon mustard|tomato ketchup|worcestershire sauce|soy sauce|cayenne pepper|garlic clove|salt & freshly ground black pepper
448,Shepherd S Poy,British,main-dish,,intermediate,medium,moderate,lean ground beef|onion|carrot|celery|corn kernels|garlic|salt and pepper|ground nutmeg|low sodium beef broth|unsalted butter|flour|potatoes
449,Simply Scrumptious Stilton Steak,British,main-dish,vegetarian|pescatarian,beginner,high,moderate,sirloin steaks|unsalted butter|onion|sherry wine|heavy cream|stilton cheese|chives
450,Traditional English Halloween Supper Mash O Nine Sorts,British,main-dish,vegetarian|pescatarian,intermediate,medium,moderate,potatoes|carrots|turnip|parsnip|leeks|cheddar cheese|salt|black pepper|single cream
451,Bangers And Mash England,British,main-dish,,intermediate,medium,moderate,pork sausage|potatoes|milk|butter|peas|olive oil|garlic|onions
452,Bangers And Mash With Creamed Onion Sauce,British,main-dish,,advanced,high,moderate,onions|rosemary|salt and pepper|potato|pork sausage links|flour|milk|dijon mustard|butter|vegetable oil
453,Beef And Beer Stew,British,main-dish,dairy-free,advanced,medium,moderate,onions|stewing beef|white flour|cooking oil|beer|beef stock cube|water|vegetable stock cube|tomato paste|ground nutmeg|ground black pepper|salt|string bean|carrot|potatoes
454,Chili Beef Cottage Pie,British,main-dish,dairy-free,intermediate,medium,moderate,olive oil|onion|cumin seeds|lean ground beef|garlic cloves|kidney beans in chili sauce|chopped tomatoes|parsnips
455,Hearty Sausage Bean And Red Wine Casserole,British,main-dish,dairy-free,intermediate,low,moderate,sunflower oil|pork and herb sausages|onion|celery ribs|fresh thyme|tomato puree|flour|red wine|chicken stock|haricot beans
456,Hot Diggedy Dogs Bonfire Bangers In Wraps Hot Dogs Sausages,British,main-dish,vegetarian|vegan|pescatarian|dairy-free,intermediate,low,moderate,sunflower oil|sausages|onions|whole grain mustard|flour tortillas|tomato relish|napkin
457,Pan Haggerty Potatoes,British,main-dish,vegetarian|pescatarian,intermediate,low,moderate,potatoes|onion|garlic cloves|dried thyme|cheddar cheese|sunflower oil|salt & freshly ground black pepper|flat leaf parsley
458,Pork Pie Raised,British,main-dish,,advanced,high,moderate,veal bones|bay leaf|onion|black peppercorns|pork legs|cayenne pepper|ground ginger|ground mace|dried sage|dried marjoram|salt|pepper|milk|water|lard|flour|egg
459,Shepherd S Pie The Real Thing,British,main-dish,dairy-free,advanced,high,moderate,ground lamb|guinness stout|onion|carrot|garlic cloves|dried marjoram|dried rosemary|dried thyme|parsley|worcestershire sauce|flour|olive oil|salt & pepper|potato
460,Shepherd S Pie With Cheesy Mashed Potatoes,British,main-dish,,advanced,high,moderate,butter|olive oil|onion|carrots|celery|garlic cloves|salt|black pepper|tomato paste|lean ground beef|worcestershire sauce|beef stock|peas|potatoes|heavy cream|cheddar cheese
461,Shepherdless Pie,British,main-dish,vegetarian|pescatarian,beginner,medium,moderate,kidney beans|black beans|creamed corn|garlic powder|salsa|mixed vegetables|mashed potatoes|cheddar cheese
462,Classic Family Fish Cakes,British,main-dish,vegetarian|pescatarian|dairy-free,intermediate,medium,moderate,floury potatoes|smoked haddock|hard-boiled egg|chives|salt & freshly ground black pepper|seasoned flour|egg|white breadcrumbs|vegetable oil
463,Cottage Pie With A Difference,British,main-dish,,intermediate,high,moderate,lean ground beef|olive oil|onion|carrots|garlic|english mustard|tomato puree|bovril powder|oregano|salt and pepper|potatoes|cheddar cheese|butter|milk|tomatoes|parmesan cheese
464,Elizabethan Chicken,British,main-dish,,beginner,medium,moderate,boneless skinless chicken breasts|shallots|butter|sunflower oil|chicken stock|cider vinegar|seedless grapes|heavy cream|nutmeg|salt|pepper|cornstarch
465,Fish Pie,British,main-dish,pescatarian,intermediate,high,moderate,white fish fillets|milk|margarine|all-purpose flour|prawns|hardboiled egg|small caper|fresh parsley|peas|celery rib|lemon juice|potatoes|sour cream|nutmeg
466,Just An Egg,British,main-dish,vegetarian|pescatarian,intermediate,low,moderate,egg|bread|unsalted butter|salt and pepper|paprika
467,Lynsey S Chunky Chicken And Mushroom Pie,British,main-dish,,advanced,medium,moderate,boneless skinless chicken breasts|button mushrooms|sunflower oil|milk|chicken stock|flour|butter|garlic clove|parsley|nutmeg|salt|shortcrust pastry|egg
468,Rachael Ray S Steakhouse Shepherd S Pie 30 Minute Meal,British,main-dish,,advanced,medium,moderate,idaho potatoes|salt|extra virgin olive oil|bacon|ground sirloin|onion|button mushroom|black pepper|butter|all-purpose flour|beef stock|worcestershire sauce|egg yolk|sour cream|cheddar cheese|ranch dressing|paprika
469,Baked Cod With Vegetables Prosciutto And Pine Nuts,British,main-dish,dairy-free,intermediate,low,moderate,fresh green beans|bell pepper|mushrooms|garlic cloves|salt & freshly ground black pepper|olive oil|cod fish fillets|prosciutto|pine nuts|lemon
470,Cheese Pasties,British,main-dish,vegetarian|pescatarian,advanced,high,moderate,flour|salt|butter|ice water|celery|turnip|leeks|carrots|cheddar cheese|mace|black pepper|cayenne
471,Chicken Bonnie Prince Charlie Chicken With Drambuie Sauce,British,main-dish,,intermediate,high,moderate,boneless skinless chicken breasts|drambuie|chicken stock|whipping cream|butter|sliced almonds|apples|salt and pepper
472,Cream Of Barley And Dill Soup,British,main-dish,,advanced,low,moderate,shallot|oil|salt|quick-cooking barley|fat free chicken broth|water|carrot|low-fat sour cream|white pepper|fresh dill
473,Dee S Shepherd S Pie,British,main-dish,,intermediate,medium,moderate,onion|butter|ground beef|frozen peas and carrot|brown gravy mix|water|worcestershire sauce|ketchup|salt and pepper|mashed potatoes
474,Horseradish Baked Salmon,British,main-dish,pescatarian|dairy-free,beginner,low,moderate,bread|horseradish sauce|dried thyme|boneless skinless salmon fillets
475,Medieval Meat Pie,British,main-dish,,intermediate,high,moderate,beef|cheese|currants|egg yolks|ground cardamom|cinnamon|nutmeg|black pepper|broth|cooking wine|pie shells
476,Rhubarb Chicken,British,main-dish,,intermediate,low,moderate,rhubarb|sugar|cornflour|water|lemon juice|chicken quarters|butter|salt|cinnamon|nutmeg
477,Steaks Balmoral,British,main-dish,,intermediate,medium,moderate,rib eye steaks|butter|shallot|scotch whisky|coarse grain mustard|beef stock|sliced mushrooms|double cream|fresh parsley|salt|fresh ground black pepper
478,Stovies,British,main-dish,dairy-free,intermediate,medium,moderate,potatoes|white onions|corned beef|salt
479,Tea Jenny S Wonderful Roast Chicken,British,main-dish,vegetarian|vegan|pescatarian|dairy-free,advanced,medium,moderate,roasting chickens|water|tea leaves|gingerroot|garlic|vegetable stock|olive oil|salt|fresh ground black pepper|turbinado sugar
480,Baked Pork And Apple Meatballs Gary Rhodes,British,main-dish,,advanced,high,moderate,ground lean pork|butter|onion|ground nutmeg|ground cinnamon|sage|apples|egg|white wine|chicken stock|salt and pepper|cornflour
481,Cheese And Onion Pasties,British,main-dish,vegetarian|pescatarian,intermediate,low,moderate,puff pastry|unsalted butter|onions|double gloucester cheese|fresh parsley
482,Chicken Squash Casserole,British,main-dish,dairy-free,intermediate,medium,moderate,chicken breasts|carrot|onion|butternut squash|sage|chicken stock cube|water|cashew nuts
483,Chicken In Mead Sauce,British,main-dish,,intermediate,low,moderate,chicken legs-thighs|olive oil|butter|onion|mushrooms|fresh parsley|lemon juice|mead|salt|black pepper
484,Chicken In The Heather,British,main-dish,dairy-free,beginner,high,moderate,whole chicken|cooking oil|heather honey|salt|pepper|french mustard|curry powder|garlic clove
485,Chicken In White Wine,British,main-dish,,advanced,low,moderate,lean bacon|white pearl onion|button mushrooms|chicken quarters|plain flour|salt and pepper|butter|vegetable oil|dry white wine|chicken stock|garlic clove|dried thyme|bay leaves|fresh parsley
486,Chicken Rarebits,British,main-dish,,intermediate,low,moderate,boneless skinless chicken breasts|cheddar cheese|coarse grain mustard|milk|cherry tomatoes
487,Chicken Wellington With Mushroom Veloute Sauce,British,main-dish,,advanced,high,moderate,boneless skinless chicken breasts|white wine|fresh basil|fresh oregano|puff pastry sheets|egg|water|boursin cheese|fresh parsley|chicken stock|unsalted butter|mushroom|shallots|flour|salt and pepper
488,Cottage Pie United Kingdom,British,main-dish,,intermediate,medium,moderate,butter|onion|lean ground beef|salt|fresh ground pepper|savory|beef gravy|mashed potatoes
489,English Cottage Pie With Cheddar And Parsnip Mash,British,main-dish,,advanced,medium,moderate,vegetable oil|onion|carrot|beef mince|tomato puree|beef stock|worcestershire sauce|fresh thyme leaves|floury potatoes|parsnips|1% low-fat milk|nutmeg|cheddar cheese
490,Fillet Of Venison With A Wild Thyme And Blueberry Sauce,British,main-dish,vegetarian|pescatarian,intermediate,medium,moderate,venison|fresh thyme|olive oil|shallots|garlic clove|red currant jelly|red wine|fresh blueberries|butter
491,Fisherman S Pie,British,main-dish,vegetarian|pescatarian,advanced,high,moderate,"potatoes|butter|milk|salt & freshly ground black pepper|fresh spinach|haddock|olive oil|onion|carrot|fresh peas|light cream|sharp cheddar cheese|dry english-style mustard|nutmeg|lemon, juice of|flat leaf parsley|parmesan cheese"
492,Gentlemen S Morsels,British,main-dish,dairy-free,beginner,high,moderate,whole wheat bread|apricot jam|smoked ham|dijon mustard
493,Kidney Less Lancashire Hot Pot,British,main-dish,,intermediate,medium,moderate,lamb|onions|potato|plain flour|butter|chicken stock|sea salt|cracked black pepper
494,Old England Traditional Roast Beef And Yorkshire Pudding,British,main-dish,,advanced,high,moderate,sirloin beef|salt & freshly ground black pepper|beef drippings|english mustard powder|egg|plain flour|milk|water|salt|pepper|cooking oil
495,Pan Roasted Chicken Breasts With Onion And Ale Sauce,British,main-dish,,advanced,low,moderate,bay leaf|light brown sugar|kosher salt|chicken breast halves|ground black pepper|vegetable oil|onion|low sodium chicken broth|brown ale|fresh thyme|unsalted butter|table salt|cider vinegar
496,Poor Woman S Chicken Wellington,British,main-dish,,intermediate,high,moderate,shallot|butter|white mushrooms|chicken tenderloins|garlic clove|cayenne pepper|white wine|puff pastry sheets|chicken bouillon cube|campbell's cream of mushroom soup
497,Pork Tenderloin With Cumberland Sauce,British,main-dish,dairy-free,advanced,medium,moderate,vegetable oil|pork tenderloin|salt|black pepper|onions|dry red wine|cornstarch|fresh lemon juice|red currant jelly|brown sugar|dijon mustard
498,Sausages With Mashed Potatoes Beer And Onion Gravy And Mustard,British,main-dish,,intermediate,high,moderate,pork sausage|english mustard|onions|sugar|sunflower oil|butter|plain flour|brown ale|beef broth|star anise|cloves|fresh bay leaves|potatoes|milk|salt and pepper
499,Scottish Collops,British,main-dish,,advanced,low,moderate,veal escalopes|butter|onion|dry white wine|veal stock|mushroom|ketchup|lemon juice|plain flour|ground mace|roll|button mushroom|lemon twist|parsley sprig
500,Scottish Roast Chicken,British,main-dish,vegetarian|pescatarian,advanced,high,moderate,fryer chickens|onions|butter|onion|oats|salt|ground coriander|pepper|ground nutmeg
501,Scottish Slumpie,British,main-dish,,beginner,high,moderate,ground beef|canola oil|garlic|sliced mushrooms|beef stock|guinness stout|frozen spinach|ketchup|sage|dry mustard|salt and pepper|flour|butter
502,Scrumptious Shepherd S Pie,British,main-dish,,intermediate,medium,moderate,ground turkey|red onion|carrots|garlic cloves|worcestershire sauce|tomato puree|olive oil|thyme|rosemary|red wine|chicken stock|red potatoes|egg yolks|salt|black pepper|parmesan cheese
503,Shepherds Pie Jackets,British,main-dish,,intermediate,medium,moderate,baking potatoes|ground beef|onion|worcestershire sauce|beef stock|tomato puree|salt and pepper|nutmeg|milk|butter|cheddar cheese
504,Sticky Onion Marmalade Sausages,British,main-dish,vegetarian|pescatarian,beginner,low,moderate,butter|onions|spring onions|garlic cloves|merlot|balsamic vinegar|sausages
505,Stoved Chicken Chicken Casserole With Potatoes Bacon And Onion,British,main-dish,,intermediate,medium,moderate,butter|vegetable oil|chicken quarters|bacon|potatoes|onions|salt and pepper|fresh thyme|chicken stock|fresh chives
506,Turkey And Sweet Leek Pie,British,main-dish,,advanced,high,moderate,bacon|fresh thyme leave|olive oil|butter|leeks|sea salt|fresh ground black pepper|cooked turkey|turkey stock|plain flour|creme fraiche|puff pastry|chestnuts|fresh sage|egg
507,Yorkshire Pudding With Herbs,British,main-dish,vegetarian|pescatarian,advanced,low,moderate,eggs|whole milk|all-purpose flour|salt|fresh parsley|fresh chives|fresh sage|fresh thyme|clarified butter
508,Simple Caribbean Jerk Chicken,Caribbean,main-dish,dairy-free,beginner,medium,moderate,italian salad dressing mix|brown sugar|oil|soy sauce|cinnamon|thyme|ground red pepper|chicken pieces
509,Yummy Crispy Baked Fish,Caribbean,main-dish,vegetarian|pescatarian,intermediate,low,moderate,tilapia fillets|milk|vinegar|dijon mustard|cornmeal|salt|onion powder|garlic powder|paprika|thyme|pepper|cayenne pepper|lemon wedge
510,Reggae Wraps,Caribbean,main-dish,,advanced,low,moderate,boneless chicken breast|olive oil|ground paprika|garlic cloves|fresh ginger|salt|pepper|cayenne|bell pepper|onion|tomatoes|flat bread|sour cream|cilantro|green onion|lime juice
511,Chicken With Black Beans And Rice,Caribbean,main-dish,dairy-free,intermediate,high,moderate,olive oil|red pepper flakes|onion|garlic|boneless skinless chicken breasts|oregano|ground cumin|black beans|pimientos|salt & pepper|balsamic vinegar|chicken broth|white rice
512,Cuban Spiced Pork Chops,Caribbean,main-dish,dairy-free,beginner,low,moderate,"boneless pork chops|limes, juice of|ground cumin|garlic cloves|onion powder|fresh ground pepper|olive oil"
513,Easy Spicy Shrimp Pasta Low Fat,Caribbean,main-dish,pescatarian|dairy-free,advanced,medium,moderate,shrimp|pasta|garlic cloves|green onions|lemon|red pepper flakes|dried basil|salt|dry white wine|tomatoes|fresh cracked pepper
514,Easy Grilled Lime Chicken W Oamc Directions Too,Caribbean,main-dish,dairy-free,intermediate,high,moderate,chicken|soy sauce|mustard powder|worcestershire sauce|lime juice|pepper|cayenne|garlic
515,Hamburger Skillet Supper,Caribbean,main-dish,dairy-free,advanced,medium,moderate,ground beef|ramen noodles|water|vegetables
516,Jamaican Lentil Stew With Coconut,Caribbean,main-dish,vegetarian|pescatarian,intermediate,medium,moderate,onion|garlic cloves|gingerroot|vegetable oil|ground coriander|ground cumin|coconut milk|vegetable stock|split red lentils|sweet potato|pumpkin puree|thai red curry paste|black pepper
517,V S Tri Tip Marinade,Caribbean,main-dish,vegetarian|vegan|pescatarian|dairy-free,beginner,low,moderate,fresh lemon juice|canola oil|white sugar|soy sauce|black pepper|garlic powder|kosher salt|onion salt|paprika|lemon pepper|garlic|dried onion|tri-tip roast
518,Shrimp Coconut Soup Rsc,Caribbean,main-dish,,advanced,medium,moderate,vegetable oil|medium shrimp|curry powder|shallot|reduced-sodium chicken broth|hidden valley original ranch seasoning mix|angel hair pasta|corn kernel|unsweetened coconut milk|chives
519,Havana Beans,Caribbean,main-dish,vegetarian|vegan|pescatarian|dairy-free,beginner,low,moderate,onion|garlic|bell pepper|tomatoes|black pepper|canned black beans|cooking spray
520,Coconut Chicken Fingers With 30 Minute Mango Chutney,Caribbean,main-dish,dairy-free,advanced,high,moderate,boneless chicken breasts|oil|mango|fresh ginger|jalapeno|vinegar|golden raisin|cinnamon|cayenne pepper|nutmeg|turmeric|sugar|salt|flour|ground ginger|black pepper|water|lemon juice|dried coconut|breadcrumbs
521,Lynn S Favorite Jerk Chicken,Caribbean,main-dish,dairy-free,intermediate,medium,moderate,chicken breasts|canola oil|chili powder|garlic powder|onion salt|basil|thyme|vegetable seasoning|crushed red pepper flakes|cumin|coriander|ginger|black pepper|cinnamon|ground cloves|allspice|salt|sugar|onion|green pepper
522,Cubano Chicken With Spicy Currant Picadillo,Caribbean,main-dish,dairy-free,advanced,medium,moderate,caribbean jerk seasoning|ground cumin|paprika|olive oil|boneless skinless chicken breast halves|onion|green bell pepper|red currant jelly|worcestershire sauce|apple cider vinegar|tabasco sauce|plum tomatoes|pimento stuffed olive|currants|capers|fresh basil|basil|lemon wedge
523,Caribbean Shrimp,Caribbean,main-dish,pescatarian|dairy-free,beginner,low,moderate,shrimp|olive oil|garlic|dried rosemary|dried thyme|black pepper|cayenne pepper|salt|lime
524,Cuban Garlic Chicken,Caribbean,main-dish,vegetarian|vegan|pescatarian|dairy-free,intermediate,high,moderate,whole chickens|garlic cloves|sour orange juice|salt|white vinegar|fresh ground pepper|dried oregano|ground cumin
525,Grilled Chicken With Mango Habanero Glaze,Caribbean,main-dish,dairy-free,intermediate,low,moderate,sugar|mango|ginger|habanero pepper|cider vinegar|dark rum|orange|boneless skinless chicken breast halves|salt|cilantro
526,Jamaican Beef Patties,Caribbean,main-dish,,advanced,high,moderate,cooking oil|scallions|ground beef|onion|thyme|habanero|black pepper|breadcrumbs|salt|ketchup|paprika|water|all-purpose flour|curry powder|butter|ice water|vinegar|egg yolks|egg
527,Puerto Rican Red Beans And Rice,Caribbean,main-dish,dairy-free,intermediate,high,moderate,lean ham|onion|green bell pepper|chorizo sausage|olive oil|garlic|ground cumin|red kidney beans|tomato sauce|tabasco sauce|white rice|salt
528,Zesty Chicken Saut,Caribbean,main-dish,dairy-free,intermediate,low,moderate,chili powder|garlic powder|onion powder|ground cumin|salt|ground allspice|boneless skinless chicken breast halves|vegetable oil
529,Bajan Beans,Caribbean,main-dish,vegetarian|vegan|pescatarian|dairy-free,intermediate,medium,moderate,vegetable oil|onion|green chili peppers|curry powder|vegetable broth|brown rice|tomatoes|zucchini|red bell pepper|green bell pepper|cannellini beans|sweet corn|cilantro
530,Puerto Rican Pork A La Criolla,Caribbean,main-dish,dairy-free,beginner,medium,moderate,boneless pork loin roast|fresh coarse ground black pepper|garlic|dried oregano|cider vinegar|olive oil|salt
531,Caribbean Lime Chicken,Caribbean,main-dish,dairy-free,intermediate,low,moderate,chicken pieces|lime zest|lime juice|vegetable oil|garlic cloves|fresh ground black pepper|basil|kosher salt
532,Coconut Chicken With A Tropical Mango Rum Sauce,Caribbean,main-dish,dairy-free,advanced,high,moderate,cornstarch|nutmeg|black pepper|salt|chicken breasts|rum|mangoes|cinnamon|light brown sugar|fresh lime juice|fresh lemon juice|ginger|scotch bonnet pepper|egg whites|coconut|oil
533,No Time To Cook Pork Chops,Caribbean,main-dish,dairy-free,beginner,medium,moderate,boneless pork chops|olive oil|onion|pineapple juice|brown sugar|cider vinegar|salt
534,Chicken Mango And Rice Salad,Caribbean,main-dish,dairy-free,intermediate,medium,moderate,uncooked rice|boneless skinless chicken breasts|oil|salt|fresh ground pepper|red onion|mango|avocado|lime juice|cilantro
535,Unbelievably Delicious Macaroni Pie,Caribbean,main-dish,vegetarian|pescatarian,advanced,high,moderate,macaroni|cheddar cheese|evaporated milk|egg|butter|onion|scallions|garlic|green pepper|hot chili pepper|dried breadcrumbs|salt
536,Cuban Meat Stew Ropa Vieja,Caribbean,main-dish,dairy-free,intermediate,medium,moderate,flank steaks|adobo seasoning|olive oil|garlic|onions|green peppers|ground black pepper|tomato sauce|sofrito sauce|water|sazon goya with coriander and annatto|beef bouillon|capers|pimento-stuffed green olives
537,Jamaican Pork Stew,Caribbean,main-dish,dairy-free,intermediate,medium,moderate,pork|soya sauce|ketchup|water|pineapple tidbits|green pepper|pepper|vinegar|oil|onion|brown sugar|cornstarch|salt
538,Super Grilled Cuban Midnight Sandwich,Caribbean,main-dish,,intermediate,high,moderate,mayonnaise|italian dressing|hoagie rolls|prepared mustard|deli turkey|cooked ham|swiss cheese|dill pickle slices|olive oil
539,Wayne S Famous Beef Ribs,Caribbean,main-dish,dairy-free,intermediate,low,moderate,beef ribs|barbecue sauce|brown sugar|molasses|curry powder|oak chip
540,Coconut Shrimp With A Kick Baked Or Fried,Caribbean,main-dish,pescatarian|dairy-free,intermediate,medium,moderate,shrimp|cornstarch|salt|cayenne pepper|egg whites|flaked coconut|oil
541,Grilled Sandwiches Cuban Style,Caribbean,main-dish,,intermediate,medium,moderate,portuguese rolls|butter|turkey breast|swiss cheese|dill pickle|dijon mustard|mayonnaise
542,Jamaican Jerk Burgers With Orange Chipotle Mayonnaise,Caribbean,main-dish,dairy-free,advanced,high,moderate,mayonnaise|orange juice|chipotle chile in adobo|green onion|fresh thyme|habanero peppers|garlic clove|golden brown sugar|vegetable oil|soy sauce|ground allspice|ground beef|hamburger buns with sesame seeds|onion|tomatoes|romaine lettuce leaves
543,Trinidad Stewed Chicken,Caribbean,main-dish,,advanced,medium,moderate,chicken pieces|garlic cloves|salt|oil|brown sugar|chicken bouillon cube|hot pepper sauce|margarine|coconut cream|tomatoes|angostura bitters|worcestershire sauce|chives|thyme|french thyme|culantro|pimento pepper|celery & leaves
544,Easy Bacalao Puerto Rican Fish Stew,Caribbean,main-dish,vegetarian|vegan|pescatarian|dairy-free,intermediate,low,moderate,tilapia fillet|extra virgin olive oil|onion|garlic cloves|diced tomatoes|chili pepper|fresh cilantro|pimento stuffed olives|capers|dried oregano|salt|water|avocado
545,Grilled Ginger Salmon,Caribbean,main-dish,pescatarian|dairy-free,beginner,medium,moderate,ginger|garlic powder|soy sauce|orange juice|honey|green onion|salmon fillets
546,Jamaican Chicken Curry,Caribbean,main-dish,,advanced,high,moderate,cumin seed|mustard seeds|fenugreek seeds|anise seed|black peppercorns|coriander seed|allspice|turmeric powder|vegetable oil|skinless chicken legs|salt & freshly ground black pepper|onions|garlic cloves|ginger|chili pepper|curry powder|thyme|chicken stock|coconut milk|lime
547,Devilishly Divine Tropical Kabobs With A Devious Twist,Caribbean,main-dish,dairy-free,intermediate,medium,moderate,olive oil|apple cider vinegar|honey|caribbean jerk seasoning|lime juice|round steak|chicken breast|shrimp|red pepper|vidalia onions|button mushrooms|fresh pineapple|mango|rum|lime|long grain and wild rice blend
548,Caribbean Grilled Burger With Pineapple Sauce,Caribbean,main-dish,vegetarian|vegan|pescatarian|dairy-free,advanced,medium,moderate,pineapple|jalapeno pepper|molasses|lean ground sirloin|seasoning|iceberg lettuce|mango|sweet red peppers|kaiser rolls
549,Caribbean Jerk Chicken Wings,Caribbean,main-dish,dairy-free,beginner,low,moderate,barbecue sauce|soy sauce|crushed pineapple|salt|pepper|brown sugar|ground ginger|seasoning|chicken wings
550,Grilled Lime Cilantro Chicken With Mango Salsa,Caribbean,main-dish,dairy-free,advanced,low,moderate,fresh mango|papaya|red pepper|shredded coconut|red onion|jalapeno pepper|of fresh mint|fresh lime juice|olive oil|cilantro|brown sugar|shallot|ground cumin|lime zest|salt & freshly ground black pepper|boneless chicken breasts
551,Jamaican Pork Tenderloin,Caribbean,main-dish,dairy-free,intermediate,low,moderate,pork tenderloin|fresh lime juice|jalapeno pepper|fresh garlic|fresh gingerroot|salt|ground allspice|vegetable oil cooking spray|mango chutney
552,Pineapple Glazed Shrimp Skewers,Caribbean,main-dish,pescatarian|dairy-free,intermediate,medium,moderate,pineapple|light brown sugar|white wine vinegar|soy sauce|garlic cloves|cayenne pepper|extra-large shrimp|vegetable oil|wooden skewers
553,Caribbean Jerk Chicken,Caribbean,main-dish,dairy-free,beginner,low,moderate,white wine vinegar|scallion|scotch bonnet pepper|garlic clove|ginger|thyme|paprika|allspice|clove|cinnamon|salt|chicken quarters|olive oil
554,Grilled Cornish Game Hens With Jamaican Basting Sauce,Caribbean,main-dish,vegetarian|vegan|pescatarian|dairy-free,advanced,low,moderate,"cornish hens|fresh ginger|green onions|garlic cloves|orange, zest of|orange, juice of|limes, juice of|limes, zest of|brown sugar|soy sauce|salt|pepper|ground cinnamon|ground cloves|canola oil"
555,Arroz Con Pollo Cuban Chicken,Caribbean,main-dish,dairy-free,advanced,high,moderate,chicken drumsticks|chicken thighs|salt and pepper|dried oregano|dried chili pepper flakes|oil|fresh lime juice|onions|green bell pepper|fresh garlic|ground turmeric|cumin|rice|cooked ham|chicken broth|diced tomatoes|frozen green pea|pimento stuffed olive
556,Bahama Mama Pork Chops Or Chicken,Caribbean,main-dish,dairy-free,beginner,medium,moderate,pineapple chunks|cornstarch|chili sauce|raisins|brown sugar|cinnamon|pork chops|vegetable oil|salt and pepper
557,Caribbean Jerk Chicken With Fresh Fruit Salsa,Caribbean,main-dish,dairy-free,intermediate,medium,moderate,"chicken breasts|olive oil|lime, juice and zest of|red onions|garlic cloves|gingerroot|fresh parsley|fresh thyme leave|nutmeg|hot red pepper flakes|scotch bonnet pepper|ground allspice|ground cinnamon|cumin|ground black pepper|salt|papaya|mango|red pepper"
558,Caribbean Pork Chops With Banana And Coconut Milk,Caribbean,main-dish,,intermediate,high,moderate,banana|vegetable oil|boneless pork loin chops|garlic clove|fresh ginger|coconut milk|water|chutney|cayenne pepper|lime juice
559,Caribbean Rice In A Rice Cooker,Caribbean,main-dish,dairy-free,beginner,low,moderate,white rice|jamaican jerk spice|cilantro|thyme|garlic clove|fresh ginger|scallions|sweet potato|coconut|raisins|red pepper|chicken broth|lime slice
560,Cuban Lechon Asado Roasted Fresh Ham,Caribbean,main-dish,dairy-free,advanced,high,moderate,ham|garlic|salt|dried oregano|ground cumin|fresh ground black pepper|bay leaf powder|olive oil|orange juice|dry sherry|onions
561,Cuban Stuffed Bell Peppers,Caribbean,main-dish,dairy-free,intermediate,high,moderate,green peppers|olive oil|onion|ground beef|chopped tomatoes|french bread|salt|pepper|ketchup|red wine|ground cumin
562,Pulled Beef Venezuelan Pabellon Criollo,Caribbean,main-dish,vegetarian|vegan|pescatarian|dairy-free,advanced,medium,moderate,extra virgin olive oil|carrots|celery|onions|flank steaks|bay leaf|red bell peppers|garlic cloves|tomatoes|kosher salt|fresh ground black pepper|black beans|cooked white rice|cilantro leaf|queso fresco
563,Uncle Rick S Caribbean Chicken Curry Revised,Caribbean,main-dish,dairy-free,advanced,medium,moderate,boneless skinless chicken thighs|canola oil|fresh garlic|potatoes|ginger puree|curry powder|cayenne powder|salt|garam masala powder|onions|cinnamon stick|chicken stock|paprika|almonds
564,West Indies Fish Cakes With Curry Aioli,Caribbean,main-dish,pescatarian|dairy-free,intermediate,medium,moderate,salt cod fish|all-purpose flour|scallions|garlic|eggs|curry powder|cayenne pepper|baking powder|water|oil|lemon slice|mayonnaise|fresh lemon juice
565,Ginger Lemon And Garlic Swordfish Steak,Caribbean,main-dish,vegetarian|vegan|pescatarian|dairy-free,intermediate,low,moderate,"gingerroot|garlic cloves|lemon, juice of|spring onions|red chile|olive oil|swordfish steaks"
566,Jamaican Jerk Chicken And Seasoning,Caribbean,main-dish,dairy-free,advanced,high,moderate,"ground thyme|ground rosemary|ground allspice|ground ginger|sea salt|onion powder|black pepper|ground cinnamon|ground nutmeg|garlic powder|paprika|scotch bonnet peppers|bay leaves|sugar|chicken|lime, juice of|olive oil"
567,Pork Butt Roast Caribbean,Caribbean,main-dish,dairy-free,intermediate,low,moderate,pork roast|garlic cloves|dried oregano|fresh ground black pepper|flour|olive oil|onion|salt|allspice
568,Spicy Shrimp Prawn Skewers,Caribbean,main-dish,pescatarian|dairy-free,intermediate,low,moderate,lime juice|honey|soy sauce|vegetable oil|jamaican jerk spice|hot pepper sauce|salt and pepper|prawns|wooden skewers
569,Trinidad Corn Soup,Caribbean,main-dish,,intermediate,medium,moderate,vegetable oil|onions|garlic cloves|potato|carrots|chives|celery|fresh thyme|yellow split peas|pimento pepper|chicken stock|scotch bonnet peppers|coconut milk|corn|dumplings|culantro|salt|black pepper
570,Arroz Con Gandules Rice And Beans,Caribbean,main-dish,vegetarian|vegan|pescatarian|dairy-free,advanced,medium,moderate,sofrito sauce|pigeon peas|tomato sauce|salt|spam|cooking oil|sazon goya|green olives|rice|water
571,Bahamian Peas Rice,Caribbean,main-dish,dairy-free,intermediate,high,moderate,pigeon peas|garlic|fresh thyme|rice|red pepper|scallions|bacon|tomato paste|salt and pepper
572,Barbados Pork Roast,Caribbean,main-dish,dairy-free,intermediate,low,moderate,boneless pork loin roast|salt|ground cumin|chili powder|ground coriander|cayenne pepper|ground black pepper|ground cinnamon|brown sugar
573,Caribbean Fruity Chicken Salad,Caribbean,main-dish,,intermediate,medium,moderate,sour cream|confectioners' sugar|cooked chicken|firm bananas|celery ribs|pineapple chunks|mandarin oranges|flaked coconut|cashew pieces|seedless grapes|black pepper|iceberg lettuce
574,Caribbean Mini Banana And Pineapple Curry,Caribbean,main-dish,dairy-free,intermediate,low,moderate,canola oil|boneless skinless chicken breasts|salt|pepper|onion|sweet red pepper|garlic cloves|mild curry paste|chicken stock|bay leaf|bananas|fresh pineapple|cornstarch|water|coriander leaves
575,Caribbean Prawn And Sweet Potatoes In Coconut Sauce,Caribbean,main-dish,pescatarian,beginner,low,moderate,sweet potatoes|onion|garlic clove|fresh ginger|red chili peppers|ground cumin|ground coriander|ground allspice|coconut cream|water|prawns|chicory lettuce|bok choy|dark brown sugar|lime juice|salt|desiccated coconut
576,Caribbean Rice And Beans,Caribbean,main-dish,vegetarian|vegan|pescatarian|dairy-free,intermediate,medium,moderate,olive oil|pimiento|green pepper|garlic cloves|black beans|apple cider vinegar|tabasco sauce|cooked white rice|fresh cilantro|salt|pepper
577,Caribbean Spiced Roast Chicken,Caribbean,main-dish,dairy-free,intermediate,low,moderate,fresh lime juice|rum|brown sugar|cayenne pepper|ground cloves|cinnamon|ground ginger|black pepper|salt|dried thyme leaves|roasting chicken|vegetable oil
578,Chicken With Banana Curry Sauce Caribbean,Caribbean,main-dish,,intermediate,medium,moderate,"bananas|curry powder|ground coriander|dry mustard|butter|lime, zest of|lime juice|salt|fresh ground black pepper|water|skinless chicken breasts|fresh parsley"
579,Chicken With Citrus Sauce,Caribbean,main-dish,dairy-free,intermediate,low,moderate,"chicken breasts|salt and pepper|olive oil|garlic cloves|onion|orange juice|pineapple juice|lime juice|honey|lemon, juice of|ginger|cilantro"
580,Cuban Chicken With Black Beans,Caribbean,main-dish,,intermediate,medium,moderate,chicken pieces|red bell pepper|onion|garlic clove|cumin|cayenne pepper|black beans|water|oregano|salt|lime juice|tomatoes|avocado|green onion|sour cream
581,Cuban Pork Chops,Caribbean,main-dish,dairy-free,beginner,low,moderate,garlic cloves|pork chops|olive oil|fresh lime juice|water|ground cumin|salt|pepper
582,Cuban Pork Sandwiches,Caribbean,main-dish,,advanced,high,moderate,red onion|water|roasted sweet red peppers|cider vinegar|garlic cloves|dried oregano|salt|pepper|ground cumin|garlic|pork tenderloin|olive oil|sourdough bread|swiss cheese
583,Cuban Style Picadillo,Caribbean,main-dish,vegetarian|vegan|pescatarian|dairy-free,intermediate,medium,moderate,ground chuck|potato|sweet red pepper|garlic|onion|oregano|red wine|tomato sauce|pimento stuffed olive|brown sugar|raisins|olive oil|rice|plantain
584,Cubano Chicken Rice Bowls With Bananas,Caribbean,main-dish,dairy-free,beginner,medium,moderate,steamed rice|cooked boneless skinless chicken breasts|black beans|bananas|fresh cilantro|onion|salsa
585,Denise S Saffron Vegetable Fried Rice,Caribbean,main-dish,pescatarian|dairy-free,intermediate,low,moderate,long grain rice|water|powdered saffron|sweet pepper|carrot|peas and carrots|onion|celery|oyster sauce|sesame oil|vegetable oil|msg
586,Healthy Crispy Fish Sandwich With Pineapple Slaw,Caribbean,main-dish,vegetarian|pescatarian,intermediate,medium,moderate,low-fat mayonnaise|nonfat plain yogurt|rice vinegar|crushed red pepper flakes|canned pineapple chunks|coleslaw mix|cornmeal|haddock|cajun seasoning|salt|canola oil|whole wheat bread
587,Honey Fried Halibut,Caribbean,main-dish,pescatarian|dairy-free,beginner,high,moderate,egg|honey|saltine crackers|flour|salt|pepper|halibut fillets|oil
588,Borinquen Jibarito Sandwich,Caribbean,main-dish,vegetarian|pescatarian,advanced,high,moderate,green plantain|oil|butter|olive oil|onion|garlic|cumin|cayenne|steak|salt & freshly ground black pepper|american cheese|mayonnaise|romaine lettuce|tomatoes
589,Caribbean Chicken Salad W Fat Free Dressing,Caribbean,main-dish,,beginner,low,moderate,fat free pina colada yogurt|lime juice|caribbean jerk seasoning|romaine lettuce|cooked chicken|black beans|mangoes|fat-free cheddar cheese|roma tomatoes|green onions|cashews
590,Caribbean Grilled Tuna,Caribbean,main-dish,pescatarian|dairy-free,intermediate,low,moderate,tuna steaks|lime juice|olive oil|jamaican jerk spice
591,Caribbean Macaroni Cheese Pie,Caribbean,main-dish,vegetarian|pescatarian,advanced,high,moderate,macaroni|butter|white flour|milk|prepared mustard|ground cinnamon|sharp cheddar cheese|egg|scallions|peas|plum tomatoes|corn kernel|salt|pepper|fresh parsley
592,Caribbean Style Fried Chicken,Caribbean,main-dish,,intermediate,medium,moderate,chicken drumsticks|chicken thighs|curry powder|garlic clove|ground black pepper|paprika|milk|flour|oil
593,Cuban Black Bean Patties,Caribbean,main-dish,vegetarian|pescatarian,advanced,low,moderate,canned black beans|garlic|ground cumin|salt|dried cilantro|egg white|monterey jack cheese|red onion|cornmeal|cooking spray|cayenne powder
594,Cuban Shrimp Casserole Caserola De Camarones,Caribbean,main-dish,pescatarian,intermediate,medium,moderate,shrimp|crushed tomatoes|onion|green pepper|garlic clove|butter|salt and pepper|cooked white rice|monterey jack cheese
595,Grilled Caribbean Chicken Breasts,Caribbean,main-dish,dairy-free,beginner,low,moderate,boneless skinless chicken breast halves|fresh orange juice|orange zest|olive oil|fresh lime juice|gingerroot|scallion|garlic cloves|hot pepper sauce|oregano|salt|pepper
596,Jerk Chicken Family Style,Caribbean,main-dish,dairy-free,beginner,medium,moderate,scallions|garlic cloves|ground allspice|dried thyme|cayenne|onion powder|fresh ground black pepper|salt|nutmeg|brown sugar|vinegar|cooking oil|chicken legs
597,Macaroni Vegetable Cheese Pie,Caribbean,main-dish,vegetarian|pescatarian,advanced,high,moderate,macaroni|butter|flour|milk|mustard powder|cinnamon|cheddar cheese|egg|scallions|chopped tomatoes|corn kernel|spinach|parmesan cheese|salt|pepper|parsley
598,Mama S Mojito Chicken,Caribbean,main-dish,dairy-free,intermediate,medium,moderate,chicken|rum|mint|fresh lime juice|lime zest|sugar|jalapeno pepper|cayenne|garlic cloves|onion|cumin|cinnamon
599,Rasta Pasta In A Boat With A Cilantro Cream Sauce,Caribbean,main-dish,,advanced,medium,moderate,spaghetti squash|oil|fresh lime juice|fresh orange juice|gingerroot|garlic cloves|ground cumin|red chili pepper|salt|pepper|boneless skinless chicken breasts|onion|sweet red pepper|tomatoes|sour cream|milk|cilantro
600,Shrimp With Sweet Corn Sauce,Caribbean,main-dish,pescatarian,intermediate,medium,moderate,"shrimp|garam masala|lemon, juice of|butter|onion|garlic cloves|tomato paste|dried thyme|cinnamon|fresh cilantro|jalapeno|corn|coconut milk"
601,Waldorf Turkey,Caribbean,main-dish,,beginner,low,moderate,cooked turkey|apple|celery|mayonnaise|plain yogurt|walnuts|raisins|nutmeg|cinnamon
602,Aruban Rice With Chicken,Caribbean,main-dish,dairy-free,beginner,medium,moderate,rice|water|chicken broth|chicken leg|onion|green pepper|celery ribs|tomatoes|olive oil|salt & pepper
603,Baked Honey Mustard Ham,Caribbean,main-dish,dairy-free,intermediate,medium,moderate,ham|whole cloves|honey|spicy brown mustard|orange juice
604,Bistec Encebollado Steak And Onions,Caribbean,main-dish,vegetarian|vegan|pescatarian|dairy-free,advanced,medium,moderate,salt|black pepper|fresh oregano|garlic clove|olive oil|top round steaks|onions|apple cider vinegar
605,Caribbean Grilled Chicken,Caribbean,main-dish,vegetarian|pescatarian,advanced,medium,moderate,roasting chickens|butter|garlic cloves|shallots|tomato paste|dry white wine|wine vinegar|green bell pepper|dried leaf thyme|scotch bonnet peppers|worcestershire sauce
606,Caribbean Grilled Pork And Onions,Caribbean,main-dish,dairy-free,intermediate,medium,moderate,lime juice|vegetable oil|garlic|salt|dried coriander|cayenne pepper|onions|boneless pork loin chops
607,Caribbean Pork And Mango Stir Fry,Caribbean,main-dish,dairy-free,intermediate,low,moderate,pork tenderloin|olive oil|jamaican jerk spice|mango|red bell pepper|orange juice|cornstarch|hot pepper sauce|green onion
608,Caribbean Spice Islands Marinated Chicken By Clean Eating,Caribbean,main-dish,dairy-free,advanced,low,moderate,coconut water|fresh orange juice|garlic cloves|fresh thyme|fresh ginger|lime|allspice|hot pepper|boneless skinless chicken breasts|olive oil|sea salt|fresh ground black pepper|fruit
609,Chicken Diable,Caribbean,main-dish,vegetarian|pescatarian,beginner,high,moderate,fryer|butter|honey|prepared mustard|salt|paprika
610,Cuban Chicken Stew Guisado De Pollo,Caribbean,main-dish,dairy-free,advanced,medium,moderate,garlic|salt|pepper|paprika|chicken|olive oil|onions|bay leaf|white wine|potatoes|french style green bean|green olives|pimiento
611,Cuban Chicken With Yellow Rice,Caribbean,main-dish,dairy-free,intermediate,medium,moderate,olive oil|chicken breasts|salt|pepper|hot water|garlic clove|yellow rice|frozen peas|roasted red peppers
612,Freeport Chicken,Caribbean,main-dish,dairy-free,intermediate,high,moderate,chicken breasts|brown rice|white rum|red pepper|diced tomatoes|ground ginger|olive oil|sweet onion|garlic|brown sugar|chicken broth|thyme|cinnamon|nutmeg|red pepper flakes|salt|pepper
613,Jamaica Me Crazy Chili,Caribbean,main-dish,dairy-free,intermediate,low,moderate,ground beef|olive oil|onions|garlic cloves|red peppers|ground cumin|paprika|chili powder|white sugar|salt|ground cloves|diced tomatoes|kidney beans|black beans|cannellini beans|tomato paste|balsamic vinegar
614,Nif S Pineapple Rice,Caribbean,main-dish,,advanced,medium,moderate,vegetable oil|cooked ham|canned pineapple chunks|butter|garlic cloves|cinnamon|turmeric powder|curry powder|fresh lemon juice|salt|sugar|long grain rice|boiling water|fried shallots|red chili pepper
615,Pescado Con Coco Fish In Coconut Sauce,Caribbean,main-dish,vegetarian|pescatarian,advanced,low,moderate,cilantro|flat leaf parsley|salt|garlic clove|fresh lime juice|haddock|olive oil|onion|red bell pepper|jalapeno|tomatoes|light coconut milk|lime|cooked rice
616,Spicy Caribbean Black Beans And Rice,Caribbean,main-dish,vegetarian|vegan|pescatarian|dairy-free,beginner,medium,moderate,olive oil|onions|carrot|garlic|cooked rice|dry sherry|balsamic vinegar|dried thyme|black pepper|salt|black beans|bay leaves
617,Spicy Cuban Pork Chops Maya Style,Caribbean,main-dish,dairy-free,intermediate,medium,moderate,pork chops|olive oil|green chili salsa|honey|garlic cloves|cumin|cayenne pepper|salt|chili powder|lime juice
618,Spicy Grilled Caribbean Tuna,Caribbean,main-dish,pescatarian|dairy-free,beginner,low,moderate,gingerroot|ground cumin|ground coriander|cayenne pepper|olive oil|lime juice|salt|tuna fillets
619,Spicy Island Shrimp,Caribbean,main-dish,pescatarian,intermediate,medium,moderate,green pepper|onion|butter|large shrimp|tomato sauce|green onions|fresh parsley|salt|pepper|paprika|garlic powder|dried oregano|dried thyme|white pepper|cayenne pepper
620,Steak With Onions Bistec Encebollado,Caribbean,main-dish,dairy-free,beginner,medium,moderate,garlic|black pepper|adobo seasoning|oregano|vinegar|boneless beef top loin steaks|oil|onions
621,Basic Jerk Chicken,Caribbean,main-dish,dairy-free,beginner,low,moderate,boneless skinless chicken breasts|fresh lime juice|vegetable oil|caribbean jerk seasoning
622,Bistro Black Beans Rice,Caribbean,main-dish,vegetarian|vegan|pescatarian|dairy-free,advanced,high,moderate,black beans|white rice|water|dried onion flakes|diced tomatoes|salt|black pepper|minced garlic cloves|dried basil|olive oil|corn tortilla|yellow onion|salt and pepper
623,Blue Ribbon Caribbean Salsa Chicken,Caribbean,main-dish,dairy-free,advanced,medium,moderate,long-grain white rice|water|oil|boneless skinless chicken breast halves|chunky salsa|orange marmalade|brown sugar|fresh lime juice|allspice|fresh cilantro|lime wedge|orange wedge
624,Breeze Wood Grilled Chicken Bahama Breeze,Caribbean,main-dish,,advanced,high,moderate,chicken breasts|olive oil|salt and pepper|wood chips|orange marmalade|orange juice|lemon juice|salt|shallot|white wine|butter|sugar|white pepper
625,Cajun Chicken Stuffed With Pepper Jack Cheese Spinach,Caribbean,main-dish,,advanced,medium,moderate,chicken breast|monterey jack pepper cheese|frozen spinach|vegetable oil|cajun seasoning|breadcrumbs|sea salt|fresh ground black pepper
626,Caribbean Crab Pasta Salad,Caribbean,main-dish,vegetarian|vegan|pescatarian|dairy-free,intermediate,low,moderate,rotelle pasta|imitation crabmeat|red bell pepper|mango|jalapeno pepper|fresh cilantro|lime zest|fresh lime juice|olive oil|honey|ground cumin|ground ginger|salt
627,Caribbean Curry Chicken,Caribbean,main-dish,dairy-free,intermediate,high,moderate,chicken|lemon juice|green onion|onion|garlic|poultry seasoning|salt|pepper|vegetable oil|curry powder|water|potatoes
628,Caribbean Fish In A Packet,Caribbean,main-dish,pescatarian|dairy-free,intermediate,medium,moderate,"fish fillets|red capsicum|olive oil|spring onions|cilantro|lime, juice of|chili peppers|salt & freshly ground black pepper"
629,Caribbean Taco Salad,Caribbean,main-dish,,intermediate,medium,moderate,whole wheat tortillas|butter|lean ground turkey|taco seasoning mix|water|mangoes|red bell pepper|green onions|fresh cilantro|brown sugar|lime zest|fresh spinach leaves
630,Chicharrones De Pollo Puerto Rican Fried Chicken,Caribbean,main-dish,dairy-free,intermediate,medium,moderate,frying chicken|soy sauce|lemon juice|rum|garlic cloves|ginger|bay leaf|flour|salt|pepper|vegetable oil
631,Chick Aribbean Stew,Caribbean,main-dish,dairy-free,intermediate,medium,moderate,oil|onion|green bell pepper|garlic cloves|boneless skinless chicken breasts|chicken broth|cornstarch|dark rum|lime juice|brown sugar|yams|plantains|ginger|white pepper|salt|cayenne pepper|dried tarragon|fresh cilantro
632,Chicken Pelau,Caribbean,main-dish,,advanced,high,moderate,chicken|limes|salt|black pepper|garlic cloves|worcestershire sauce|oil|brown sugar|hot water|coconut milk|pigeon peas|carrots|raisins|rice|hot pepper
633,Coconut Chicken Strips With Creamy Mango Chutney,Caribbean,main-dish,,advanced,high,moderate,mangoes|fresh ginger|green chili peppers|salt|lime juice|sugar|sour cream|flaked coconut|all-purpose flour|chicken strips|egg|butter
634,Cuban Picadillo,Caribbean,main-dish,dairy-free,intermediate,medium,moderate,olive oil|garlic|onions|green pepper|jalapeno pepper|cilantro|capers|stuffed green olive|fresh bay leaves|cumin seeds|lean ground beef|diced tomatoes|red wine vinegar|cayenne pepper|diced pimento|eggs|steamed rice
635,Cuban Pork Tenderloin,Caribbean,main-dish,dairy-free,intermediate,low,moderate,fresh orange juice|fresh lime juice|dark rum|spanish onion|garlic cloves|dried oregano|ground cumin|salt|bay leaf|ground black pepper|pork tenderloin
636,Cuban Steak With Garlic Citrus Marinade And Salsa Recipe,Caribbean,main-dish,vegetarian|vegan|pescatarian|dairy-free,advanced,medium,moderate,flank steaks|garlic cloves|orange juice|lemon juice|olive oil|sweet oranges|red onion|fresh cilantro|black pepper
637,Easy Tropical Beef Skillet,Caribbean,main-dish,dairy-free,intermediate,medium,moderate,shredded coconut|lean ground beef|fresh garlic|salt and black pepper|lemon juice|soy sauce|cornstarch|pineapple chunks|mandarin oranges|cashew nuts
638,Filetes De Chillo In Salsa Puerto Rican Fish Fillets,Caribbean,main-dish,,intermediate,medium,moderate,fish fillets|butter|beer|garlic cloves|lime juice|vegetable oil|onion|dried oregano|green bell pepper|tomato paste|chicken stock|dry white wine
639,Flank Steak With Garlic Oregano Orange And Cumin,Caribbean,main-dish,vegetarian|vegan|pescatarian|dairy-free,intermediate,medium,moderate,orange juice|olive oil|garlic cloves|oregano leaves|cumin|kosher salt|orange zest|black pepper|flank steaks
640,Grilled Chicken With Corn And Sweet Pepper Relish,Caribbean,main-dish,dairy-free,advanced,medium,moderate,boneless skinless chicken breast halves|lemon|extra virgin olive oil|ears of corn|red bell pepper|green bell pepper|yellow bell pepper|red onion|garlic cloves|fresh parsley|red wine vinegar|salt|black pepper
641,Grilled Swordfish With Mango Salsa,Caribbean,main-dish,vegetarian|vegan|pescatarian|dairy-free,intermediate,low,moderate,mangoes|red bell pepper|red onion|scallion|habanero peppers|fresh lime juice|swordfish steaks|salt & freshly ground black pepper|extra virgin olive oil|lime juice
642,Ground Beef Picadillo,Caribbean,main-dish,dairy-free,intermediate,medium,moderate,ground beef|adobo seasoning|olive oil|onion|green pepper|garlic|dried oregano|tomato sauce|red wine|cider vinegar|water|pimiento|spanish olives
643,Jamaican Chicken,Caribbean,main-dish,,beginner,low,moderate,fresh lime juice|fresh lemon juice|white wine|dijon mustard|nutmeg|ground cumin|dried thyme|dried basil|dried oregano|old bay seasoning|fresh ground black pepper|cayenne pepper|worcestershire sauce|sweet vermouth|liquid smoke|angostura bitters|boneless skinless chicken breasts|butter
644,Jamaican Jerk Chicken Nuggets,Caribbean,main-dish,dairy-free,intermediate,medium,moderate,vegetable oil|fresh lime juice|white vinegar|soy sauce|orange juice|green onions|yellow onion|jalapeno peppers|sugar|sea salt|ground cinnamon|ground nutmeg|ground sage|fresh coarse ground black pepper|cayenne pepper|ground thyme|ground allspice|garlic powder|chicken breasts
645,Jamaican Jerk Meatloaf,Caribbean,main-dish,dairy-free,beginner,low,moderate,lean beef|onion|breadcrumbs|caribbean jerk seasoning|garlic powder|egg|spring onion|soy sauce|worcestershire sauce
646,Jenny S Chicken Curry,Caribbean,main-dish,dairy-free,advanced,high,moderate,boneless skinless chicken thighs|onion|garlic cloves|olive oil|raw sugar|salt|curry powder|water|potatoes
647,Jerk Rib Eye,Caribbean,main-dish,vegetarian|vegan|pescatarian|dairy-free,intermediate,medium,moderate,rib eye steaks|allspice|ground cinnamon|light brown sugar|red pepper flakes|ground cloves|ground cumin|salt|black pepper|canola oil
648,Lindas Rice N Beans,Caribbean,main-dish,vegetarian|pescatarian,beginner,high,moderate,onion|olive oil|veggie burgers|chili|tomatoes|coconut milk|long grain rice|beans|salt and pepper
649,Oven Glazed Caribbean Chicken,Caribbean,main-dish,,advanced,low,moderate,"dark brown sugar|ketchup|dark rum|lime, juice of|butter|ginger|instant coffee granules|ground allspice|boneless skinless chicken breast halves|garlic cloves|olive oil|salt|ground black pepper"
650,Quick Caribbean Pineapple Chicken,Caribbean,main-dish,dairy-free,advanced,high,moderate,"pineapple|boneless skinless chicken breast halves|vegetable oil|garlic cloves|flour|water|honey|soy sauce|lime, juice of|coconut extract|ground red pepper|cilantro|crushed red pepper flakes"
651,Shrimp Mango Pizza,Caribbean,main-dish,pescatarian,advanced,high,moderate,shrimp|extra virgin olive oil|kosher salt|black pepper|pizza dough|semolina flour|pizza sauce|mozzarella cheese|mango|red onion|red bell pepper|yellow bell pepper|red pepper flakes
652,Shrimp Escabeche With Ginger Grilled Pineapple,Caribbean,main-dish,pescatarian|dairy-free,intermediate,low,moderate,olive oil|shrimp|fine sea salt|ground pepper|onion|garlic|fresh orange juice|fresh lime juice|scallions|fresh cilantro|fresh ginger|sesame oil|pineapple|sesame seeds
653,Swashbuckler S Scallops,Caribbean,main-dish,pescatarian,intermediate,low,moderate,"butter|garlic|red bell pepper|habanero pepper|pineapple chunks|bay scallop|lime, juice of|salt|pepper|coconut extract|spiced rum|cornstarch|water|steamed rice"
654,Turkey Burgers Jerk Style,Caribbean,main-dish,dairy-free,advanced,medium,moderate,couscous|water|canola oil|red bell pepper|garlic cloves|dried thyme|curry powder|ground cumin|allspice|ground ginger|salt|fresh ground pepper|paprika|cayenne pepper|ground turkey|whole wheat hamburger buns|tomatoes|lettuce leaves
655,Typically Tropical Mango Chicken,Caribbean,main-dish,,intermediate,medium,moderate,raisins|dark rum|dried coconut|milk|vegetable oil|chicken breast|onion|butternut squash|garlic cloves|scotch bonnet pepper|salt and pepper|ground ginger|curry powder|red bell peppers|chicken stock|mango|lime juice
656,The Best Easy Beef And Broccoli Stir Fry,Chinese,main-dish,vegetarian|vegan|pescatarian|dairy-free,intermediate,low,moderate,cornstarch|water|garlic powder|boneless round steak|vegetable oil|broccoli florets|onion|reduced sodium soy sauce|brown sugar|ground ginger|cooked rice|toasted sesame seeds
657,P F Chang S Chicken Lettuce Wraps By Todd Wilbur,Chinese,main-dish,dairy-free,advanced,medium,moderate,oil|boneless skinless chicken breasts|water chestnut|mushroom|onions|garlic|iceberg lettuce|sugar|water|soy sauce|rice wine vinegar|ketchup|lemon juice|sesame oil|hot mustard|garlic and red chile paste|brown sugar
658,Szechuan Noodles With Spicy Beef Sauce,Chinese,main-dish,dairy-free,intermediate,high,moderate,ground beef|onions|garlic|fresh ginger|dry crushed red pepper|sesame oil|cornstarch|beef broth|hoisin sauce|soy sauce|vermicelli|green onion
659,Mean Guy S General Tso S Chicken,Chinese,main-dish,dairy-free,advanced,medium,moderate,chicken thigh|eggs|cornstarch|dried chili pods|rice vinegar|rice wine|sugar|soy sauce
660,Crispy Ginger Beef,Chinese,main-dish,vegetarian|pescatarian|dairy-free,advanced,high,moderate,flank steaks|cornstarch|water|eggs|carrot|green onions|fresh ginger|garlic cloves|canola oil|soy sauce|rice vinegar|sesame oil|sugar|crushed red pepper flakes
661,Weight Watchers General Tso S Chicken,Chinese,main-dish,dairy-free,intermediate,medium,moderate,reduced-sodium chicken broth|cornstarch|sugar|low sodium soy sauce|white wine vinegar|ground ginger|peanut oil|scallions|garlic cloves|red pepper flakes|boneless skinless chicken breast|cooked white rice
662,General Tso S Chicken Tso Chung Gai,Chinese,main-dish,dairy-free,advanced,low,moderate,egg|salt|black pepper|cornstarch|boneless skinless chicken thighs|dark soy sauce|garlic|fresh ginger|hoisin sauce|sugar|rice wine vinegar|dry sherry|peanut oil|dried hot chili peppers|green onion|broccoli florets
663,Three Cup Chicken,Chinese,main-dish,dairy-free,intermediate,high,moderate,sesame oil|garlic cloves|fresh ginger|serrano peppers|chicken breasts|soy sauce|rice wine|sugar|thai basil|scallion
664,Sticky Pork Chops,Chinese,main-dish,dairy-free,intermediate,low,moderate,pork cutlets|chinese wine|soya sauce|ginger|chili sauce|honey
665,Easy Fried Rice,Chinese,main-dish,vegetarian|pescatarian|dairy-free,intermediate,low,moderate,cooked rice|oleo|onion|celery|carrots|frozen peas|eggs|soy sauce|pepper
666,Chicken Pineapple Stir Fry,Chinese,main-dish,dairy-free,beginner,low,moderate,soy sauce|sugar|cider vinegar|ketchup|ginger|garlic|cornstarch|boneless skinless chicken breast|vegetable oil|stir fry vegetables|pineapple chunks|cooked rice
667,Family Favorite Sesame Chicken,Chinese,main-dish,dairy-free,intermediate,medium,moderate,honey|soy sauce|chicken broth|sesame oil|ground ginger|garlic|brown sugar|red chili pepper flakes|cornstarch|chicken breasts|sherry wine|chinese five spice powder|vegetable oil|sesame seeds|green onion|rice
668,Benihana Japanese Fried Rice,Chinese,main-dish,vegetarian|pescatarian,intermediate,medium,moderate,cooked rice|frozen peas|carrots|eggs|onion|butter|soy sauce|salt|pepper
669,Awesome Egg Rolls,Chinese,main-dish,dairy-free,advanced,low,moderate,ground beef|cabbage|carrot|salt and pepper|garlic powder|egg roll wrap|egg|canola oil|grey poupon dijon mustard
670,Chinese Chicken With Black Pepper Sauce,Chinese,main-dish,dairy-free,intermediate,medium,moderate,boneless skinless chicken thighs|cornstarch|onion|frozen peas and carrot|cooking oil|steamed rice|oyster sauce|dark soy sauce|black pepper|white pepper|rice wine
671,Sassy S Beef And Broccoli,Chinese,main-dish,vegetarian|vegan|pescatarian|dairy-free,intermediate,medium,moderate,steak|water|soya sauce|brown sugar|vinegar|garlic|fresh ginger|cornstarch|oil|broccoli|onion
672,Stir Fried Shrimp In Garlic Sauce,Chinese,main-dish,dairy-free,intermediate,low,moderate,large shrimp|assorted fresh vegetables|chicken broth|rice wine vinegar|light soy sauce|sesame oil|chili paste|dry sherry|vegetable oil|garlic|ginger|thai chiles|cornstarch|water|steamed rice
673,P F Chang S Lettuce Wraps By Todd Wilbur,Chinese,main-dish,,advanced,high,moderate,oil|chicken breasts|green onions|water chestnut|sliced almonds|lettuce leaves|water|cornstarch|soy sauce|sugar|vinegar|sesame seeds|red pepper flakes|chili oil|minced ginger|garlic|parsley|peanut butter|crushed red pepper flakes|brown sugar
674,The Best Bourbon Chicken,Chinese,main-dish,dairy-free,intermediate,high,moderate,boneless chicken thighs|soy sauce|rice vinegar|bourbon|brown sugar|scallion|powdered ginger|garlic cloves|peanut oil
675,Authentic Chinese Pork Chow Mein,Chinese,main-dish,dairy-free,advanced,medium,moderate,lean pork|garlic cloves|cornstarch|sugar|soy sauce|vegetable oil|shortening|water|celery|onion|molasses|sliced water chestnuts|bean sprouts|mushrooms|salt and pepper|green onion|blanched almond
676,True Lemon Chicken,Chinese,main-dish,dairy-free,intermediate,medium,moderate,"boneless skinless chicken breasts|olive oil|salt and pepper|lemons, juice of|water|lime juice|lemon juice|sugar|salt|yellow food coloring|cornstarch"
677,Stir Fried Garlic Beef With Broccoli,Chinese,main-dish,dairy-free,intermediate,low,moderate,round steak|garlic|medium sherry|cornstarch|lite olive oil|broccoli|chicken stock|green onions|small mushrooms|soy sauce|salt and pepper
678,Lo Mein Like Evergreen,Chinese,main-dish,vegetarian|pescatarian,intermediate,high,moderate,ramen noodles|garlic|sesame oil|soy sauce|oil|baby carrots|onions|creamy peanut butter
679,Authentic Pork Lo Mein Chinese,Chinese,main-dish,dairy-free,advanced,high,moderate,pork tenderloin|cornstarch|sugar|soy sauce|rice wine|fresh ginger|mixed mushrooms|bamboo shoot|red bell peppers|onion|green onions|zucchini|chicken broth|oyster sauce|garlic cloves|ginger|peanut oil|chinese egg noodles|sesame oil|rice vinegar
680,Empress Chicken,Chinese,main-dish,dairy-free,advanced,high,moderate,chicken broth|sugar|cornstarch|soy sauce|white vinegar|garlic cloves|fresh ginger|boneless skinless chicken breasts|dark soy sauce|egg|green onions|hot peppers
681,Quick Hunan Grilled Chicken,Chinese,main-dish,,beginner,low,moderate,hoisin sauce|peanut butter|soy sauce|garlic|hot pepper oil|sesame oil|boneless skinless chicken breast|iceberg lettuce
682,Sweet Spicy Cashew Chicken,Chinese,main-dish,dairy-free,intermediate,medium,moderate,ketchup|low sodium soy sauce|salt|worcestershire sauce|sugar|sesame oil|cayenne pepper|chicken broth|cornstarch|boneless skinless chicken breasts|oil|fresh ginger|garlic|onion|bell pepper|mushrooms|carrot|snow peas|cashews|sesame seeds
683,Oriental Meatball Veggie Packets Rsc,Chinese,main-dish,,advanced,high,moderate,cornstarch|soy sauce|red wine vinegar|hoisin sauce|ground ginger|garlic powder|ground black pepper|egg|evaporated milk|breadcrumbs|onion salt|lean ground beef|corn kernel|zucchini|red bell pepper|onion|cooked rice|toasted sesame seeds|reynolds wrap foil
684,Restaurant Quality Chinese Chicken Fried Rice,Chinese,main-dish,,advanced,medium,moderate,rice|onion|water|garlic salt|butter|pepper|dried parsley flakes|salt|egg|oil|soy sauce|water chestnuts|green bell pepper|chicken meat
685,Chinese Beef And Broccoli,Chinese,main-dish,vegetarian|vegan|pescatarian|dairy-free,intermediate,medium,moderate,flank steak|soy sauce|dry sherry|cornstarch|frozen broccoli|garlic clove|fresh ginger|peanut oil|salt
686,Szechuan Stir Fried Beef,Chinese,main-dish,dairy-free,intermediate,medium,moderate,boneless beef top sirloin steak|low sodium soy sauce|dry sherry|water|cornstarch|fresh gingerroot|crushed red pepper flakes|fresh ground black pepper|chili powder|vegetable oil|garlic
687,Chinese Style Fried Pork Chops,Chinese,main-dish,dairy-free,intermediate,medium,moderate,pork chops|soy sauce|rice wine|sugar|salt|pepper|garlic|egg|cornstarch|oil
688,Chinese Soy Sauce Chicken,Chinese,main-dish,dairy-free,beginner,medium,moderate,chicken|soy sauce|water|brown sugar|oyster sauce|rice wine|fresh ginger|five-spice powder|star anise|garlic|birds eye chile|scallion|sesame seeds
689,Eggplant Aubergine With Hot Garlic Sauce,Chinese,main-dish,dairy-free,intermediate,medium,moderate,chinese eggplants|peanut oil|fresh ginger|fresh garlic|hot bean paste|soy sauce|sugar|chicken stock|water chestnut|scallion|sesame oil|toasted sesame seeds
690,Simple Sesame Ginger Chicken,Chinese,main-dish,dairy-free,beginner,medium,moderate,soy sauce|honey|roasted sesame seeds|fresh ginger|chicken breasts
691,Baby Bok Choy With Mushrooms And Tofu,Chinese,main-dish,pescatarian|dairy-free,advanced,low,moderate,firm tofu|cornstarch|vegetable oil|vegetable broth|fresh gingerroot|baby bok choy|fresh shiitake mushrooms|green onion|fish sauce|low sodium soy sauce|sugar|oriental sesame oil
692,Shanghai Style Noodles With Spicy Meat Sauce,Chinese,main-dish,dairy-free,advanced,high,moderate,vegetable oil|garlic|fresh gingerroot|dried red pepper flakes|onions|ground beef|chicken broth|hoisin sauce|soy sauce|dry sherry|cornstarch|vermicelli|sesame oil|green onion
693,Chilled Oriental Chicken Pasta Salad,Chinese,main-dish,dairy-free,beginner,high,moderate,pasta|boneless skinless chicken breasts|frozen baby peas|carrot|red bell pepper|green onions|light soy sauce|canola oil|rice wine vinegar|sesame oil|garlic|dark brown sugar|fresh ginger|hot chili oil|sesame seeds
694,Szechuan Crispy Orange Beef,Chinese,main-dish,dairy-free,advanced,medium,moderate,flank steak|cornstarch|peanut oil|orange|dried hot peppers|onion|sliced water chestnuts|garlic|green onion|rice wine|sugar|soy sauce|chicken broth|oyster sauce|sesame oil
695,Chicken Teriyaki,Chinese,main-dish,dairy-free,beginner,low,moderate,chicken broth|soy sauce|sugar|oil|garlic|ground ginger|boneless skinless chicken breast halves
696,Garlic Ginger Chicken Strips,Chinese,main-dish,dairy-free,advanced,low,moderate,sherry wine|soy sauce|garlic cloves|honey|fresh basil|ground ginger|chinese five spice powder|crushed red pepper flakes|pepper|boneless skinless chicken breast
697,Healthy Egg Rolls,Chinese,main-dish,vegetarian|vegan|pescatarian|dairy-free,intermediate,low,moderate,cooking spray|cornstarch|water|chinese cabbage|carrots|shiitake mushrooms|celery|fresh ginger|low-sodium tamari|green onions|fat-free egg-roll wrappers
698,Hoisin Pork,Chinese,main-dish,dairy-free,beginner,medium,moderate,hoisin sauce|rice wine vinegar|soy sauce|garlic|sesame oil|salt and pepper|pork tenderloin
699,Ken Hom S Dead Easy Chicken,Chinese,main-dish,dairy-free,intermediate,low,moderate,boneless skinless chicken thighs|flour|fat-free low-sodium chicken broth|rice vinegar|chinese five spice powder|garlic cloves|low sodium soy sauce|water|canola oil
700,California Pizza Kitchens Kung Pao Spaghetti,Chinese,main-dish,dairy-free,advanced,high,moderate,chicken stock|cornstarch|soy sauce|dry sherry|chili paste with garlic|sugar|red wine vinegar|toasted sesame oil|egg whites|salt|spaghetti|olive oil|boneless skinless chicken breast|dried red chili peppers|unsalted dry roasted peanuts|garlic|scallions
701,Chinese Grilled Chicken,Chinese,main-dish,dairy-free,beginner,medium,moderate,lemon juice|olive oil|garlic clove|hoisin sauce|honey|soy sauce|ground ginger|boneless skinless chicken breasts
702,Salmon And Snow Pea Stir Fry,Chinese,main-dish,pescatarian|dairy-free,advanced,low,moderate,skinless salmon fillet|reduced sodium soy sauce|orange juice|garlic clove|sesame oil|nonstick cooking spray|onion|snow peas
703,10 Minute Szechuan Chicken,Chinese,main-dish,dairy-free,intermediate,low,moderate,corn oil|sesame oil|boneless skinless chicken breasts|cornstarch|garlic cloves|soy sauce|rice wine vinegar|red bell pepper|carrot|zucchini|chicken broth|light brown sugar|scallion|cooked rice
704,Barefoot Chinese Chicken Salad,Chinese,main-dish,,advanced,medium,moderate,chicken breast halves|olive oil|kosher salt|fresh ground black pepper|asparagus|red bell peppers|scallions|sesame seeds|vegetable oil|apple cider vinegar|soy sauce|dark sesame oil|honey|garlic|fresh ginger|smooth peanut butter
705,Chinese Bbq Pork With Garlic Sauce,Chinese,main-dish,dairy-free,intermediate,low,moderate,hoisin sauce|ketchup|soy sauce|garlic|sugar|pork tenderloin|rice vinegar|chili oil|fresh coriander leaves|noodles
706,Easy Rice Congee,Chinese,main-dish,dairy-free,beginner,low,moderate,rice|water|boneless skinless chicken breasts|garlic|ginger|oyster sauce|soy sauce|black pepper|shiitake mushrooms|scallions|sesame oil
707,Evergreen S Sesame Chicken,Chinese,main-dish,dairy-free,intermediate,medium,moderate,chicken breasts|sesame oil|soy sauce|flour|cornstarch|water|brown sugar|oil|chicken broth|white vinegar|sugar|garlic powder|sesame seeds
708,Mongolian Beef,Chinese,main-dish,vegetarian|vegan|pescatarian|dairy-free,beginner,medium,moderate,sirloin steak|soy sauce|cornstarch|peanut oil|sugar|salt|white pepper|garlic cloves|ground ginger|sliced water chestnuts|green onions
709,Ww Chicken Fried Rice 3 Points,Chinese,main-dish,dairy-free,intermediate,low,moderate,cooking spray|egg whites|scallion|garlic cloves|boneless skinless chicken breasts|carrot|cooked brown rice|frozen green pea|low sodium soy sauce
710,Chicken And Vegetables Congee Chok,Chinese,main-dish,dairy-free,advanced,medium,moderate,rice|water|chicken thighs|dried scallops|garlic cloves|fresh ginger|oyster sauce|chinese wine|soya sauce|white pepper|sugar|low-sodium worcestershire sauce|sesame oil|carrot|broccoli|eggs|green onion|cilantro
711,Chinese Chicken Spaghetti,Chinese,main-dish,dairy-free,advanced,medium,moderate,spaghetti|cornstarch|reduced sodium soy sauce|sesame oil|boneless skinless chicken breast|white vinegar|sugar|canola oil|fresh snow peas|carrots|green onions|ground ginger|crushed red pepper flakes
712,Deep Fried Coconut Shrimp,Chinese,main-dish,pescatarian|dairy-free,intermediate,high,moderate,vegetable oil|flour|salt|ground ginger|pepper|egg whites|unsweetened coconut|large shrimp
713,Honey Pork Oriental,Chinese,main-dish,dairy-free,intermediate,high,moderate,pork shoulder|vegetable oil|brown gravy mix|water|honey|soy sauce|red wine vinegar|ginger|garlic salt|carrots|onion|green pepper|rice
714,Pf Chang S Coconut Curry Vegetables,Chinese,main-dish,vegetarian|pescatarian,advanced,high,moderate,canola oil|tofu|onion|red bell pepper|sliced mushrooms|broccoli florets|carrot|sugar snap pea|coconut milk|soy sauce|curry powder|brown sugar|rice vinegar|cornstarch|peanuts
715,Shrimp Peppers Stir Fry,Chinese,main-dish,dairy-free,advanced,low,moderate,chicken stock|soy sauce|dry sherry|cornstarch|sugar|sesame oil|rice vinegar|oil|shrimp|green onions|garlic|red bell pepper|green bell pepper|mushroom
716,Barbecued Red Roast Pork Tenderloin,Chinese,main-dish,dairy-free,intermediate,low,moderate,pork fillets|soy sauce|dry red wine|honey|brown sugar|red food coloring|garlic clove|shallot|chinese five spice powder
717,Healthy Grilled Herbed Fish,Chinese,main-dish,pescatarian|dairy-free,advanced,low,moderate,fish fillet|tomatoes|garlic|white onion|ginger juice|olive oil|oregano|basil|cracked black pepper|orange|lemon
718,Shrimp Egg Foo Yong Low Carb And Low Fat,Chinese,main-dish,pescatarian|dairy-free,intermediate,medium,moderate,canola oil|onion|cabbage|eggs|soy sauce|sesame oil|garlic powder|salt|fresh ground black pepper|bean sprouts|small shrimp
719,Ww Weight Watchers Sweet Sour Pork,Chinese,main-dish,dairy-free,advanced,medium,moderate,cooking spray|pork tenderloin|unsweetened pineapple chunks|water|rice wine vinegar|brown sugar|cornstarch|table salt|low sodium soy sauce|green peppers|onion|cooked brown rice
720,Barbecued Pork Chinese Style,Chinese,main-dish,dairy-free,advanced,medium,moderate,pork|salt|five-spice powder|hoisin sauce|soy sauce|dry sherry|honey|vegetable oil|garlic cloves
721,Chicken With Cashews,Chinese,main-dish,dairy-free,intermediate,medium,moderate,chicken breasts|corn oil|bamboo shoot|green peppers|hoisin sauce|cashew nuts|soy sauce|water|cornstarch|oil
722,Chinese Chicken Stir Fry,Chinese,main-dish,dairy-free,advanced,low,moderate,boneless chicken|pineapple chunks|soy sauce|brown sugar|garlic|cornstarch|chicken broth|hoisin sauce|sweet red peppers|green peppers|cooked rice
723,Clay Pot Chicken Rice Without The Clay Pot,Chinese,main-dish,dairy-free,beginner,medium,moderate,long grain rice|water|garlic|onions|oyster sauce|dark soy sauce|boneless skinless chicken|chinese sausage|white pepper|shallots|scallions
724,Gang Bao Chicken,Chinese,main-dish,dairy-free,intermediate,medium,moderate,chili oil|chicken thigh fillets|dried red chili|green onions|sugar|ginger|garlic cloves|stock|vinegar|chinese wine|light soy sauce|cashew nuts
725,Ginger Peanut Chicken Pasta,Chinese,main-dish,,intermediate,high,moderate,penne pasta|boneless chicken breasts|cornstarch|1% low-fat milk|creamy peanut butter|limes|reduced sodium soy sauce|honey|garlic cloves|fresh ginger|fresh cilantro|crushed red pepper flakes|chives
726,Honey Grilled Pork Chops,Chinese,main-dish,dairy-free,advanced,medium,moderate,soy sauce|ground ginger|garlic|center-cut pork chops|brown sugar|honey|sesame oil
727,Sesame Pork And Broccoli,Chinese,main-dish,dairy-free,intermediate,low,moderate,chicken broth|cornstarch|soy sauce|green onions|pork tenderloin|vegetable oil|garlic|fresh broccoli|sesame seeds
728,Steamed And Roasted Whole Duck,Chinese,main-dish,dairy-free,advanced,high,moderate,duck|chinese five spice powder|sugar|salt|fresh ginger|garlic|green onion|tangerine|rice vinegar|honey|soy sauce
729,Sweet Sour Popcorn Chicken,Chinese,main-dish,dairy-free,advanced,low,moderate,sweet red pepper|onion|vegetable oil|pineapple chunks in juice|white vinegar|low sodium soy sauce|ketchup|brown sugar|cornstarch|popcorn chicken
730,Tiny Spicy Chicken,Chinese,main-dish,dairy-free,intermediate,high,moderate,boneless skinless chicken breasts|cornstarch|eggs|garlic salt|chili paste|sugar|ketchup|brown sugar|soy sauce|chicken broth|white vinegar|salt|olive oil
731,Glazed Orange Hoisin Chicken,Chinese,main-dish,dairy-free,intermediate,medium,moderate,hoisin sauce|chili paste|garlic clove|soy sauce|honey|dark sesame oil|ginger paste|orange marmalade|scallions|chicken legs with thigh
732,Spicy Cashew Pork,Chinese,main-dish,dairy-free,intermediate,medium,moderate,medium-dry sherry|cornstarch|soy sauce|sesame oil|boneless pork loin|sugar|peanut oil|fresh ginger|garlic|hot red pepper flakes|red bell pepper|snow peas|roasted cashews
733,Tibetan Greens With Tofu Tse Tofu,Chinese,main-dish,vegetarian|vegan|pescatarian|dairy-free,intermediate,medium,moderate,swiss chard|green onions|paprika|garlic cloves|fresh ginger|soy sauce|firm tofu|green peas|oil|garlic clove|ground black pepper
734,Beef With Rice Noodles Kway Teow,Chinese,main-dish,dairy-free,advanced,high,moderate,filet of beef|rice noodles|chinese chives|bean sprouts|canola oil|ginger|garlic cloves|soya sauce|chinese wine|oyster sauce|white sugar|cornflour|sesame oil
735,Lemon Chicken,Chinese,main-dish,dairy-free,advanced,medium,moderate,chicken breast halves|salt|light soy sauce|flour|cornstarch|baking soda|baking powder|sugar|water|vegetable oil|oil|chicken stock|lemons|scallion
736,Sesame Salmon Fillets And Bok Choy,Chinese,main-dish,pescatarian|dairy-free,intermediate,high,moderate,sesame seeds|gingerroot|black peppercorns|salt|egg|salmon fillets|vegetable oil|bok choy|sweet red pepper|rice vinegar|soy sauce|sesame oil
737,Chicken And Teriyaki Sauce,Chinese,main-dish,dairy-free,advanced,medium,moderate,boneless chicken breasts|sesame seeds|marinade|soy sauce|water|sugar|mirin|ground ginger|garlic powder|cornstarch
738,Chinese Barbecued Chicken Wings,Chinese,main-dish,dairy-free,intermediate,medium,moderate,chicken wings|dark soy sauce|hoisin sauce|garlic cloves|fresh ginger|rice wine|toasted sesame oil|chili bean paste|sugar
739,Ginger Scented Honey Hoisin Chicken Thighs With Sesame,Chinese,main-dish,dairy-free,intermediate,high,moderate,boneless skinless chicken thighs|cooking oil|soy sauce|honey|hoisin sauce|chicken broth|fresh ginger|pepper|toasted sesame seeds|cooked brown rice|scallion
740,Oriental Hamburger Dish,Chinese,main-dish,dairy-free,beginner,low,moderate,ground beef|onion|green pepper|mushroom pieces|water|cornstarch|soy sauce
741,Quick Hoisin Chicken Stir Fry,Chinese,main-dish,dairy-free,intermediate,medium,moderate,snow peas|sliced water chestnuts|chicken breast|salt|cornstarch|vegetable oil|hoisin sauce|sugar
742,Sweet And Sour Pork Balls,Chinese,main-dish,dairy-free,intermediate,high,moderate,ground pork|sesame oil|cornstarch|egg|soy sauce|dry sherry|tomato paste|sugar|white wine vinegar|oil|pineapple chunks in syrup|onion|green bell pepper|carrots|steamed rice
743,Szechuan Chicken,Chinese,main-dish,dairy-free,intermediate,medium,moderate,skinless chicken breast half|soy sauce|dry sherry|cornstarch|fresh ginger|sugar|crushed red pepper flakes|vegetable oil|green onions|green pepper|red pepper|dry-roasted unsalted peanuts
744,Barbecued Roast Pork Tenderloin Char Shui,Chinese,main-dish,dairy-free,intermediate,low,moderate,pork fillet|garlic|ginger|sugar|pepper|sesame oil|black bean sauce|hoisin sauce|wine|light soy sauce|five-spice powder|red food coloring|dark soy sauce|oil|golden syrup
745,Earl S Kung Pao Protein Of Your Choice,Chinese,main-dish,vegetarian|vegan|pescatarian|dairy-free,advanced,high,moderate,tofu|soy sauce|rice wine vinegar|sesame oil|cornstarch|sugar|vegetables|pasta|dried red chili peppers|garlic cloves|green onion|fresh ginger|peppercorn|oil|salted peanuts
746,Kumquat S Spicy Oriental Stir Fry,Chinese,main-dish,vegetarian|vegan|pescatarian|dairy-free,intermediate,medium,moderate,soy sauce|sherry wine|hoisin sauce|chile sauce with garlic|arrowroot|vegetable broth|vegetable oil|sesame oil|carrot|sugar snap pea|red bell pepper|onion|extra firm tofu|scallions|rice|water
747,Mu Shu Chicken,Chinese,main-dish,dairy-free,advanced,medium,moderate,boneless skinless chicken breast halves|green onion|peanut oil|sesame oil|coleslaw mix|sliced mushrooms|cornstarch|sherry wine|reduced sodium soy sauce|garlic|broccoli coleslaw mix|carrot|flour tortillas|hoisin sauce
748,Szechuan Shrimp,Chinese,main-dish,pescatarian|dairy-free,intermediate,low,moderate,water|ketchup|soy sauce|cornstarch|honey|crushed red pepper flakes|ground ginger|vegetable oil|green onion|garlic cloves|cooked shrimp
749,Chinese Chicken Burgers With Rainbow Sesame Slaw Contest Winner,Chinese,main-dish,,advanced,high,moderate,ground chicken|soy sauce|sugar|toasted sesame oil|garlic cloves|lemongrass|scallion|hamburger buns with sesame seeds|butter|vegetable oil|hoisin sauce|mayonnaise|lime|chili sauce|bell pepper|snow peas|jicama|rice wine vinegar|sesame oil|toasted sesame seeds
750,Chinese Honey Soy Braised Chicken Wings Mut Jup Mun Gai Yik,Chinese,main-dish,dairy-free,intermediate,high,moderate,chicken wings|peanut oil|dark soy sauce|honey|chinese wine|garlic clove|fresh ginger
751,Cold Sesame Noodles With Shredded Chicken,Chinese,main-dish,,advanced,medium,moderate,toasted sesame seeds|creamy peanut butter|garlic cloves|fresh ginger|soy sauce|rice vinegar|hot sauce|light brown sugar|hot water|boneless skinless chicken breasts|salt|fresh chinese noodles|sesame oil|scallions|carrot|cucumber|crushed red pepper flakes
752,Grilled Chinese Pork Chops,Chinese,main-dish,dairy-free,advanced,medium,moderate,pork chops|hoisin sauce|soy sauce|sherry wine|chili-garlic sauce|sesame oil|honey
753,Honey Orange Stir Fry Shrimp,Chinese,main-dish,pescatarian|dairy-free,advanced,medium,moderate,honey|soy sauce|cider vinegar|cornstarch|orange rind|vegetable oil|garlic cloves|fresh gingerroot|sweet red pepper|snow peas|shrimp|green onions|cooked rice
754,Honey Spiced Duck,Chinese,main-dish,dairy-free,intermediate,medium,moderate,duck breasts|honey|sherry wine vinegar|soy sauce|ginger|garlic|cinnamon|chinese five spice powder|ground black pepper|spring onions
755,Orange Cashew Chicken,Chinese,main-dish,dairy-free,intermediate,medium,moderate,boneless skinless chicken breast|carrots|celery|vegetable oil|cornstarch|ground ginger|orange juice|honey|soy sauce|salted cashews|cooked rice
756,Sweet Chili Glazed Tofu With Bok Choy,Chinese,main-dish,vegetarian|vegan|pescatarian|dairy-free,advanced,medium,moderate,firm tofu|sweet chili sauce|soy sauce|fresh ginger|cornstarch|vegetable oil|bok choy|garlic cloves
757,Walnut Chicken,Chinese,main-dish,dairy-free,intermediate,high,moderate,boneless skinless chicken breast|rice wine|fresh ginger|cornstarch|hoisin sauce|sugar|dark soy sauce|water|vegetable oil|garlic cloves|walnut halves|sesame oil
758,Weight Watchers Cashew Chicken,Chinese,main-dish,dairy-free,advanced,medium,moderate,peanut oil|garlic cloves|boneless skinless chicken breast|table salt|black pepper|reduced-sodium fat-free chicken broth|low sodium soy sauce|celery|bamboo shoots|water chestnuts|cornstarch|cooked white rice|roasted cashews
759,Baked Oriental Chicken,Chinese,main-dish,dairy-free,beginner,low,moderate,skinless chicken thighs|shaoxing wine|soy sauce|ginger|garlic|star anise|sesame oil|water
760,Best Copycat Benihana Japanese Chicken Rice,Chinese,main-dish,,advanced,medium,moderate,cooked rice|sweet butter|garlic cloves|sesame oil|eggs|boneless skinless chicken breasts|frozen peas|frozen carrots|onion|green onion|salt|black pepper|low sodium soy sauce|toasted sesame seeds
761,Braised Ginger Pork,Chinese,main-dish,dairy-free,advanced,high,moderate,pork loin|all-purpose flour|sesame oil|chicken broth|soy sauce|sherry wine|onion|garlic clove|ground ginger|pepper|dried red pepper flakes
762,Chicken Cashew,Chinese,main-dish,dairy-free,advanced,high,moderate,boneless skinless chicken breast|light soy sauce|sherry wine|cornstarch|peas|onion|celery|red bell pepper|roasted cashews|whole mushrooms|oil|garlic clove|gingerroot|water
763,Chinese Take Out Sweet And Sour Pork,Chinese,main-dish,dairy-free,advanced,high,moderate,pork butt|salt|sugar|soy sauce|egg white|green onions|vegetable oil|cornstarch|green bell pepper|onion|crushed red pepper flakes|white sugar|sesame seeds|water|apple cider vinegar|ketchup|pineapple chunks|cold water
764,Combination Fried Rice,Chinese,main-dish,dairy-free,intermediate,medium,moderate,vegetable oil|eggs|garlic clove|diced onion|bell pepper|meat|frozen peas|cooked rice|soy sauce|chili-garlic sauce|green onion
765,Egg With Tomatoes Chinese Home Style,Chinese,main-dish,vegetarian|pescatarian|dairy-free,advanced,low,moderate,tomatoes|eggs|olive oil|sesame oil|rice vinegar|cornstarch|green onion|salt and pepper
766,Ground Beef Chow Mein,Chinese,main-dish,dairy-free,intermediate,medium,moderate,lean ground beef|celery|bean sprouts|sliced water chestnuts|mushroom stems and pieces|beef broth|diced pimentos|soy sauce|fresh ginger|cornstarch|water|chow mein noodles
767,Hot And Sour Turkey Soup,Chinese,main-dish,dairy-free,intermediate,low,moderate,chicken broth|fresh mushrooms|rice vinegar|soy sauce|sugar|gingerroot|pepper|cornstarch|cold water|cooked turkey|bok choy|pea pods|egg|green onions
768,Kung Pao Shrimp With Cashews,Chinese,main-dish,pescatarian|dairy-free,intermediate,medium,moderate,fresh orange juice|red wine vinegar|soy sauce|sugar|cornstarch|vegetable oil|dried red chilies|salt|onion|fresh ginger|garlic|red bell pepper|green bell pepper|large shrimp|roasted cashews|sesame oil
769,Lemon Chicken And Asparagus Stir Fry,Chinese,main-dish,dairy-free,intermediate,low,moderate,reduced sodium soy sauce|fresh lemon juice|lemon zest|cornstarch|boneless skinless chicken breast|canola oil|garlic cloves|scallions|asparagus|carrot
770,Mandarin Orange Chicken Delight,Chinese,main-dish,,advanced,high,moderate,"mandarin oranges|honey|lemon, juice of|soy sauce|dried ginger|all-purpose flour|salt|pepper|boneless skinless chicken breasts|butter|oil|chow mein noodles|cooked rice"
771,Restaurant Style Chinese Orange Chicken With Spring Peas,Chinese,main-dish,dairy-free,advanced,medium,moderate,orange juice|brown sugar|low sodium soy sauce|rice vinegar|cornstarch|orange zest|boneless skinless chicken breasts|egg whites|water|flour|salt|ground black pepper|vegetable oil|garlic cloves|minced ginger|green onion|red pepper flakes|frozen peas
772,Shrimp And Broccoli Stir Fry,Chinese,main-dish,pescatarian|dairy-free,beginner,medium,moderate,large shrimp|fresh broccoli|olive oil|mushroom|dry sherry|soy sauce|ginger|garlic powder|white rice
773,Steamed Halibut With Chili Lime Dressing,Chinese,main-dish,pescatarian|dairy-free,intermediate,low,moderate,limes|kosher salt|sugar|oyster sauce|garlic clove|fresh ginger|chili sauce|halibut fillet|roma tomatoes|cucumber|of fresh mint|thai basil|fresh cilantro|shallots|red chile
774,Szechuan Fried Chicken,Chinese,main-dish,dairy-free,advanced,medium,moderate,boneless skinless chicken breast|cornstarch|salt|five-spice powder|chicken stock|sugar|soy sauce|sesame oil|vinegar|chinese wine|black pepper|water|oil|dried red chilies|garlic|ginger|scallions
775,Worth Staying Home For Steak,Chinese,main-dish,dairy-free,intermediate,high,moderate,beef tenderloin|soya sauce|brown sugar|sake|garlic|ginger|spring onions|sesame seeds|fresh ground black pepper|toothpicks
776,Ww Core Mongolian Beef,Chinese,main-dish,dairy-free,advanced,medium,moderate,soy sauce|cornstarch|garlic cloves|beef round steak|water|splenda sugar substitute|red peppers|olive oil|carrots|green onion
777,Bbq Pork Spareribs,Chinese,main-dish,dairy-free,intermediate,medium,moderate,pork spareribs|soy sauce|water|sugar|hoisin sauce|gingerroot|garlic|onions|dry sherry|ground black pepper|chicken stock|cornflour
778,Chinese Chicken Bites With Dipping Sauce,Chinese,main-dish,dairy-free,intermediate,medium,moderate,ground chicken|scallions|flour|soy sauce|water|sesame oil|ground ginger|salt|pepper|peanut oil|hot water|hoisin sauce|honey|garlic powder
779,Mu Shu Pork And Mandarin Pancakes,Chinese,main-dish,dairy-free,advanced,medium,moderate,soy sauce|dry sherry|hoisin sauce|boneless lean pork|dried black mushrooms|napa cabbage|carrot|scallions|bean sprouts|peanut oil|eggs|salt|garlic cloves|ginger|chicken stock|sesame oil|sugar|mandarin pancake
780,Pineapple Beef Stir Fry,Chinese,main-dish,vegetarian|vegan|pescatarian|dairy-free,intermediate,low,moderate,pineapple chunks in juice|fresh ginger|soy sauce|fresh cilantro|round steak|vegetable oil|garlic clove|cornstarch|green beans|sweet red pepper|scallions|canned chili
781,Sesame Shrimp Stir Fry,Chinese,main-dish,dairy-free,advanced,medium,moderate,medium shrimp|ground ginger|ground red pepper|garlic clove|sesame seeds|black pepper|instant rice|sesame oil|sweet red pepper|scallions|teriyaki sauce|sugar snap pea|cornstarch|chicken broth|salt
782,Shrimp With Hot Sauce Szechuan Style,Chinese,main-dish,pescatarian|dairy-free,advanced,low,moderate,fresh shrimp|cooking oil|dried hot red chili peppers|garlic|carrot|soy sauce|sugar|dark sesame oil|worcestershire sauce|rice wine|cornstarch|water|steamed rice
783,Simple Stir Fried Udon,Chinese,main-dish,dairy-free,advanced,medium,moderate,"broccoli|udon noodles|egg|water|salt|oil|yellow onion|spring onion|garlic cloves|ham|hoisin sauce|oyster sauce|soy sauce|dark soy sauce|white pepper|mirin|chili pepper flakes|sesame oil|lime, juice of"
784,Spicy Chicken Stir Fry 3,Chinese,main-dish,dairy-free,advanced,medium,moderate,"chicken breasts|garlic|green onions|eggplant|zucchini|yellow onion|olive oil|soba noodles|soy sauce|rice wine|orange, juice of|chili-garlic sauce|ginger|thai seasoning|sesame seeds"
785,Stir Fried Beef With Ginger,Chinese,main-dish,vegetarian|vegan|pescatarian|dairy-free,beginner,medium,moderate,flank steak|salt|cornstarch|vegetable oil|fresh ginger|soy sauce|sugar|dry sherry|green onions|pepper
786,Super Easy General Tso Chicken Dinner,Chinese,main-dish,dairy-free,beginner,low,moderate,boneless skinless chicken breast|stir fry vegetables|stir-fry sauce|olive oil|cooked rice
787,Vegan Vegetarian Pf Chang S Mongolian Beef Tofu,Chinese,main-dish,vegetarian|vegan|pescatarian|dairy-free,advanced,medium,moderate,sesame oil|fresh ginger|garlic|low sodium soy sauce|water|dark brown sugar|extra firm tofu|cornstarch|green onions|red bell pepper|mushrooms
788,Authentic Black Bean Chicken,Chinese,main-dish,dairy-free,advanced,low,moderate,boneless chicken thighs|salt|light soy sauce|garlic|fresh ginger|scallions|fermented black beans|shaoxing wine|dried chili pepper flakes|red bell pepper|rice vinegar|sesame oil|peanut oil
789,Baked Sweet And Sour Chicken,Chinese,main-dish,dairy-free,intermediate,medium,moderate,boneless skinless chicken breasts|salt and pepper|cornstarch|eggs|canola oil|sugar|ketchup|vinegar|soy sauce|garlic powder
790,Broiled Bass With Ginger Scallion Oil Stir Fried Asparagus,Chinese,main-dish,vegetarian|vegan|pescatarian|dairy-free,advanced,medium,moderate,scallions|fresh ginger|garlic clove|crushed red pepper flakes|vegetable oil|fresh lemon juice|soy sauce|kosher salt|bass fillets|asparagus|sesame oil|lemon zest|salt & freshly ground black pepper
791,Chinese Barbecued Pork,Chinese,main-dish,dairy-free,intermediate,medium,moderate,soy sauce|dry red wine|brown sugar|honey|red food coloring|ground cinnamon|green onion|garlic|pork tenderloin
792,Chinese Bbq Pork,Chinese,main-dish,dairy-free,intermediate,medium,moderate,sugar|salt|five-spice powder|garlic clove|fresh ginger|ketchup|soy sauce|white wine|hoisin sauce|honey|boneless lean pork
793,Chinese Cinnamon Beef Noodle Soup,Chinese,main-dish,dairy-free,advanced,medium,moderate,vegetable oil|cinnamon sticks|scallions|garlic cloves|fresh ginger|anise seeds|chili paste|water|low sodium chicken broth|soy sauce|rice vinegar|boneless beef chuck|fresh udon noodles|bok choy|fresh cilantro leaves
794,Chinese Imperial Palace General Tso S Chicken,Chinese,main-dish,dairy-free,advanced,medium,moderate,cornstarch|water|fresh garlic|fresh ginger|sugar|soy sauce|white vinegar|sherry wine|condensed chicken broth|msg|boneless skinless chicken|white pepper|egg|green onions|dried hot peppers
795,Chinese Ribs,Chinese,main-dish,vegetarian|vegan|pescatarian|dairy-free,intermediate,low,moderate,sparerib racks|garlic|catsup|soy sauce|hoisin sauce|dry sherry|fresh ginger|honey
796,Chinese Sesame Salad,Chinese,main-dish,vegetarian|pescatarian,intermediate,high,moderate,napa cabbage|green onion|sesame seeds|ramen noodles|sliced almonds|butter|vinegar|sugar|vegetable oil|soy sauce
797,Everything Lo Mein,Chinese,main-dish,dairy-free,advanced,high,moderate,hoisin sauce|dark soy sauce|water|hot sauce|spaghetti|salt|vegetable oil|eggs|chicken breasts|pork chops|black pepper|ground coriander|fresh ginger|garlic cloves|scallions|shiitake mushroom|red bell pepper|sliced water chestnuts|fresh bean sprouts
798,Honey Chicken Oriental,Chinese,main-dish,dairy-free,advanced,medium,moderate,boneless skinless chicken breast|vegetable oil|brown gravy mix|water|honey|soy sauce|red wine vinegar|ground ginger|garlic powder|salt|black pepper|carrots|onion|bell pepper|sliced water chestnuts|cooked rice
799,Honey Ginger Shrimp Stir Fry,Chinese,main-dish,pescatarian|dairy-free,intermediate,medium,moderate,shrimp|peanut oil|liquid honey|dry sherry|dark soy sauce|chinese five spice powder|garlic|fresh ginger|water
800,Lemon Chicken Chinese Style,Chinese,main-dish,dairy-free,beginner,high,moderate,boneless chicken breasts|garlic cloves|gingerroot|salt & pepper|flour|egg|panko breadcrumbs|oil|lemon juice|water|sugar|white pepper|cornstarch|salt
801,Madame Wong S Hot And Sour Soup,Chinese,main-dish,dairy-free,advanced,low,moderate,dried black mushrooms|dried black fungus|boiling water|lean pork|bamboo shoot|salt|cornstarch|oil|chicken stock|light soy sauce|pepper|vinegar|water|firm tofu|eggs|sesame seed oil|scallions
802,Moo Goo Gai Pan Mah Gu Gai Pin,Chinese,main-dish,dairy-free,advanced,low,moderate,chicken breast|button mushroom|bamboo shoot|water chestnut|ginger|garlic|chicken stock|oyster sauce|sugar|cornstarch|soy sauce|rice wine|sesame oil|oil
803,Moo Shu Vegetables,Chinese,main-dish,vegetarian|vegan|pescatarian|dairy-free,advanced,low,moderate,cabbage|carrot|scallions|white mushroom|peanut oil|vegetable stock|garlic|ginger|low sodium soy sauce|hoisin sauce|moo shu pancakes
804,Salt And Pepper Shrimp,Chinese,main-dish,pescatarian|dairy-free,intermediate,low,moderate,black peppercorns|green peppercorn|red peppercorns|white peppercorns|shrimp|salt|vegetable oil|garlic cloves|cilantro leaf
805,Shrimp Or Chicken With Cashew Nuts,Chinese,main-dish,dairy-free,advanced,high,moderate,shrimp|cornstarch|oil|cashews|dried red chilies|green onion|garlic|onion|green pepper|chicken stock|light soy sauce|red wine vinegar|water
806,Stir Fried Broccoli With Beef,Chinese,main-dish,dairy-free,advanced,medium,moderate,beef flank steak|soy sauce|olive oil|cornstarch|sugar|broccoli|fresh shiitake mushroom|green onions|water|dry sherry|fish sauce|oriental sesame oil|salt|fresh ginger|garlic cloves
807,Stir Fry Scallops,Chinese,main-dish,pescatarian|dairy-free,intermediate,low,moderate,soy sauce|lemon juice|rice vinegar|brown sugar|dry sherry|garlic|ground black pepper|cornstarch|large scallop|fresh snow pea|fresh white mushroom|red bell pepper|yellow bell pepper|onion|peanut oil|cooked rice
808,Stir Fried Lemon Chicken,Chinese,main-dish,dairy-free,beginner,medium,moderate,chicken breasts|egg white|cornflour|peanut oil|chicken stock|lemon juice|sugar|rice wine|soy sauce|garlic|red chile
809,Uncle Dobos Ramen Omelet,Chinese,main-dish,vegetarian|pescatarian,intermediate,medium,moderate,ramen noodles|butter|parmesan cheese|eggs|onions|tabasco sauce|salsa
810,Vegetable And Cashew Stir Fry,Chinese,main-dish,vegetarian|vegan|pescatarian|dairy-free,intermediate,medium,moderate,rice|vegetable broth|light soy sauce|cornstarch|peanut oil|red peppers|frozen edamame|broccoli florets|carrot|gingerroot|cashews|scallion
811,Vegetable Shrimp Fried Rice,Chinese,main-dish,pescatarian|dairy-free,advanced,medium,moderate,canola oil|sesame oil|large shrimp|garlic cloves|fresh ginger|pea pods|bean sprouts|eggs|converted white rice|mushroom broth|soy sauce|scallions
812,Velveted Fish,Chinese,main-dish,dairy-free,advanced,low,moderate,halibut fillets|dried shiitake mushrooms|red bell pepper|green bell pepper|scallions|garlic cloves|fresh ginger|light soy sauce|rice vinegar|chicken stock|sesame oil|peanut oil|salt|shaoxing wine|egg whites|cornstarch|cold water
813,Asian Pork Balls With Napa Cabbage,Chinese,main-dish,dairy-free,intermediate,medium,moderate,ground lean pork|soy sauce|water chestnuts|onion|sesame oil|ginger|salt and pepper|chicken broth|sherry wine|napa cabbage|cornstarch|water
814,Cantonese Fried Rice,Chinese,main-dish,dairy-free,advanced,low,moderate,vegetable oil|onion|garlic clove|eggs|meat|cooked rice|green onions|bean sprouts|low sodium soy sauce
815,Chicken Shish Kebab,Chinese,main-dish,dairy-free,beginner,medium,moderate,chicken breasts|sugar|soy sauce|oil|lemon juice|garlic powder|mushroom|green pepper|onion|cherry tomatoes
816,Chicken Spring Rolls,Chinese,main-dish,dairy-free,advanced,medium,moderate,vegetable oil|garlic|ginger|napa cabbage|carrot|bean sprouts|bean thread noodles|cooked chicken breasts|hoisin sauce|oyster sauce|coriander|spring roll wrappers|egg
817,Chilli Crusted Chicken Noodles,Chinese,main-dish,dairy-free,intermediate,high,moderate,chili powder|cornflour|salt|peanut oil|chicken breasts|spring onions|carrot|mirin|hokkien noodles|oyster sauce
818,Chilli Plum Beef,Chinese,main-dish,dairy-free,intermediate,medium,moderate,rump steak|plum sauce|soy sauce|garlic clove|fresh ginger|red chile|sugar|dry sherry|cornflour|oil|water|beef stock cube
819,Chinese Bourbon Tofu,Chinese,main-dish,vegetarian|vegan|pescatarian|dairy-free,intermediate,low,moderate,extra firm tofu|garlic|ground ginger|crushed red pepper flakes|apple juice|brown sugar|ketchup|apple cider vinegar|water|low sodium soy sauce|flour|olive oil
820,Chop Suey With Pork,Chinese,main-dish,dairy-free,advanced,medium,moderate,long grain rice|vegetable oil|onion|celery|pork tenderloin|instant minced garlic|fresh ginger|red bell peppers|fat-free chicken broth|soy sauce|sugar|bean sprouts|sliced water chestnuts|cornstarch|water
821,Copy Cat Panda Express Sweet Fire Chicken,Chinese,main-dish,dairy-free,advanced,high,moderate,chicken breasts|cornstarch|flour|eggs|vegetable oil|jalapenos|garlic cloves|granulated sugar|water|white vinegar|salt|pineapple chunks
822,Crispy Fish In Chili Sauce,Chinese,main-dish,pescatarian|dairy-free,advanced,medium,moderate,fish fillets|plain flour|cornflour|egg white|water|oil|green ginger|garlic cloves|tomato sauce|chili sauce|sugar|soy sauce|dry sherry
823,Dh S Sauce That Won Me Over To Asparagus,Chinese,main-dish,vegetarian|vegan|pescatarian|dairy-free,beginner,medium,moderate,mayonnaise|soy sauce|lemon juice|garlic
824,Easy Sesame Chicken With Apricot Sauce,Chinese,main-dish,dairy-free,beginner,medium,moderate,plain breadcrumbs|sesame seeds|paprika|garlic powder|salt|pepper|eggs|water|soy sauce|boneless skinless chicken breasts|apricot preserves|garlic cloves
825,Garlic Chicken Breast With String Beans,Chinese,main-dish,dairy-free,advanced,medium,moderate,chicken breast|soy sauce|rice wine|sesame oil|cornstarch|sugar|vegetable oil|onion|garlic|black bean sauce|green beans|red bell pepper|cooked rice
826,Ground Beef Chow Mein Casserole,Chinese,main-dish,,intermediate,medium,moderate,hamburger|celery|onion|boiling water|rice|salt|chicken and rice soup|mushrooms|brown sugar|soy sauce|butter|chow mein noodles
827,Guy Fieri S Bbq Pork Fried Rice,Chinese,main-dish,dairy-free,advanced,high,moderate,soy sauce|oyster sauce|fresh ginger|garlic|sesame oil|pork tenderloin|sweet and sour sauce|canola oil|red bell pepper|yellow bell pepper|red onion|green cabbage|snap peas|carrot|celery|short-grain white rice|eggs|green onion|toasted sesame seeds
828,Honey Chilli Chicken,Chinese,main-dish,dairy-free,intermediate,medium,moderate,chicken fillets|flour|salt|oil|ginger|honey|cornflour|water|sweet chili sauce|lemon juice|soy sauce|shallots
829,Low Carb Beef And Broccoli Stir Fry,Chinese,main-dish,dairy-free,beginner,medium,moderate,canola oil|broccoli|carrot|onion|sirloin steaks|chicken broth|low sodium soy sauce|guar gum|splenda sugar substitute|salt
830,Mango Shrimp,Chinese,main-dish,pescatarian|dairy-free,advanced,medium,moderate,raw shrimp|egg white|cornstarch|salt|sesame oil|white pepper|mango|peanut oil|fresh ginger|garlic|rice wine|scallion
831,Moo Shu Beef Lettuce Cups 4 Points,Chinese,main-dish,dairy-free,intermediate,low,moderate,lean ground beef|yellow onion|ginger|garlic cloves|bok choy|sweet red pepper|button mushrooms|low sodium soy sauce|bibb lettuce|cooking spray
832,Quick Chinese Noodles,Chinese,main-dish,dairy-free,beginner,high,moderate,ground pork|oil|garlic|scallions|ginger|chili bean paste|soy sauce|rice wine|hoisin sauce|salt|sugar|chinese noodles
833,River Road Cookbook Sweet And Sour Pork,Chinese,main-dish,dairy-free,advanced,medium,moderate,egg|cornstarch|lean pork|oil|sugar|cider vinegar|red wine vinegar|salt|water|sweet peppers|pineapple
834,Roast Chicken Chinese Style,Chinese,main-dish,dairy-free,beginner,medium,moderate,hoisin sauce|soy sauce|light brown sugar|sherry wine|ground ginger|dry mustard|roasting chicken|scallions
835,Scrambled Egg With Shrimp,Chinese,main-dish,pescatarian|dairy-free,intermediate,medium,moderate,raw shrimp|salt & freshly ground black pepper|peanut oil|eggs|soy sauce|sesame oil|scallion|fresh cilantro leaves
836,Shrimp With Snow Peas,Chinese,main-dish,pescatarian|dairy-free,beginner,medium,moderate,water|cornstarch|oil|ginger|green onions|raw shrimp|snow peas|soy sauce|salt
837,Tofu And Scallions,Chinese,main-dish,pescatarian|dairy-free,intermediate,low,moderate,ginger|vegetable oil|tofu|shiitake mushroom|soy sauce|scallions|cornstarch|water|oyster sauce|sesame oil
838,Xiao Sun Zi Chao Rou Mo Slender Bamboo Shoots With Ground Pork,Chinese,main-dish,dairy-free,intermediate,low,moderate,bamboo shoots|garlic cloves|red chile|dried chili pepper flakes|ground pork|shaoxing wine|salt|rice vinegar|light soy sauce|chicken stock|scallions|sesame oil|peanut oil
839,1 Favorite Chinese Steamed Whole Fish By Sy,Chinese,main-dish,pescatarian|dairy-free,advanced,low,moderate,fish|scallions|rice wine|peanut oil|sesame oil|white pepper|salt|gingerroot|low sodium soy sauce
840,Asparagus Chicken With Black Bean Sauce,Chinese,main-dish,dairy-free,advanced,low,moderate,cornstarch|soy sauce|dry sherry|sesame oil|boneless skinless chicken breasts|black bean sauce|hot chili paste|fresh ginger|garlic clove|chicken broth|oyster sauce|yellow onion|vegetable oil|fresh asparagus|water
841,Basic Lo Mein,Chinese,main-dish,dairy-free,intermediate,low,moderate,chicken broth|soy sauce|rice wine vinegar|toasted sesame oil|hot sauce|sugar|vegetable oil|carrot|pork tenderloin|fresh mushrooms|peas|green onions|garlic|fresh ginger|linguine
842,Beef Broccoli,Chinese,main-dish,dairy-free,advanced,medium,moderate,beef flank steak|brown sugar|dark sesame oil|rice wine|vegetable oil|ginger|cornstarch|salt|broccoli|water|oyster sauce
843,Beef With Oyster Sauce,Chinese,main-dish,dairy-free,advanced,low,moderate,oyster sauce|soy sauce|sugar|sesame oil|cornflour|peanut oil|garlic cloves|ginger|red chile|filet of beef|onion|red capsicum|rice
844,Cajunized Oriental Pork Chops,Chinese,main-dish,dairy-free,intermediate,medium,moderate,pork chops|oil|salt|cayenne pepper|dry white wine|bell pepper|onion|garlic|soy sauce|pineapple chunk
845,Cashew Chicken Take Out Style,Chinese,main-dish,dairy-free,advanced,medium,moderate,soy sauce|chinese rice wine|cornstarch|boneless skinless chicken breasts|oyster sauce|sesame oil|chili sauce|peanut oil|garlic cloves|yellow onion|green bell pepper|roasted cashews
846,Char Siu,Chinese,main-dish,dairy-free,intermediate,medium,moderate,pork tenderloin|soy sauce|honey|dry sherry|hoisin sauce|five-spice powder|salt and pepper
847,Chicken Lo Mein Soft Noodles,Chinese,main-dish,dairy-free,intermediate,medium,moderate,rice noodles|oil|cooked chicken|celery|mushrooms|cabbage|fresh snow peas|bean sprouts|chicken stock|cornstarch|water|soy sauce|teriyaki sauce|salt|black pepper
848,Chilli Orange Duck,Chinese,main-dish,dairy-free,advanced,high,moderate,oranges|sugar|ginger|red chilies|star anise|cinnamon sticks|sweet chili sauce|thai fish sauce|rice wine vinegar|red wine|duck breasts|canola oil|spring onions
849,Chilli Spare Ribs,Chinese,main-dish,vegetarian|vegan|pescatarian|dairy-free,intermediate,high,moderate,spareribs|peanut oil|garlic|dry sherry|chili bean paste|water|hoisin sauce|sugar|soy sauce
850,Chinese Barbecued Ribs,Chinese,main-dish,dairy-free,advanced,high,moderate,oyster sauce|hoisin sauce|honey|soy sauce|chili powder|green onion|pork spareribs
851,Chinese Buddha S Delight,Chinese,main-dish,vegetarian|vegan|pescatarian|dairy-free,advanced,medium,moderate,low sodium soy sauce|dark sesame oil|rice vinegar|sugar|extra firm tofu|broccoli florets|carrots|broccoli stem|canola oil|green onions|fresh ginger|garlic cloves|snow peas|baby corn|sliced water chestnuts|vegetable broth|cornstarch|salt|cooked brown rice
852,Chinese Chicken Curry,Chinese,main-dish,dairy-free,advanced,medium,moderate,vegetable oil|garlic cloves|onions|chicken breasts|curry powder|sugar|salt|soy sauce|water|potatoes|cornstarch
853,Chinese Dim Sum Pot Stickers,Chinese,main-dish,dairy-free,advanced,low,moderate,gyoza skins|water|cornstarch|peanut oil|ground chicken|tamari|sherry wine|sugar|green onions|ginger|garlic cloves|carrot|sesame oil|egg|rice vinegar|toasted sesame oil
854,Chinese Barbecued Pork Tenderloin,Chinese,main-dish,dairy-free,intermediate,low,moderate,pork tenderloin|brown sugar|five-spice powder|salt|ground red pepper|cooking spray|hoisin sauce|orange juice|dark sesame oil
855,Clay Pot Chicken,Chinese,main-dish,vegetarian|vegan|pescatarian|dairy-free,intermediate,high,moderate,whole chickens|cornstarch|sesame oil|dry sherry|chinese five spice powder|white pepper|garlic clove|soy sauce|fresh gingerroot
856,Crabbage,Chinese,main-dish,vegetarian|vegan|pescatarian|dairy-free,beginner,low,moderate,cooking oil|onion|cabbage|imitation crabmeat|water|chinese five spice powder|soy sauce
857,Crunchy Stir Fried Sesame Greens,Chinese,main-dish,pescatarian|dairy-free,intermediate,low,moderate,garlic cloves|ginger|peanut oil|leek|baby bok choy|brussels sprouts|oyster sauce|light soy sauce|sesame oil|sesame seeds
858,Cucumber Stir Fry,Chinese,main-dish,pescatarian|dairy-free,intermediate,low,moderate,cucumbers|canola oil|fresh ginger|garlic|green onion|shrimp|soy sauce|crushed red pepper flakes
859,Easy Pineapple Chicken,Chinese,main-dish,dairy-free,intermediate,medium,moderate,rice wine vinegar|ginger|boneless skinless chicken breast|pineapple chunks in juice|fat-free chicken broth|light brown sugar|worcestershire sauce|mild chili powder|clove|cherry tomatoes|green onions|cornstarch|water|cooked rice
860,Hokkien Noodle With Seared Prawns,Chinese,main-dish,dairy-free,advanced,medium,moderate,hokkien noodles|sesame oil|ginger|shallots|garlic cloves|broccoli|oyster sauce|sweet chili sauce|chicken stock|eggs|bean sprouts|pork loin|prawns|chili oil|lime wedge
861,Honey Nut Pork Or Chicken Stir Fry,Chinese,main-dish,dairy-free,advanced,high,moderate,pork steak|orange juice|honey|soy sauce|cornstarch|ground ginger|vegetable oil|carrots|celery ribs|cashews|cooked rice
862,Hot Chicken In Garlic Sauce,Chinese,main-dish,dairy-free,advanced,high,moderate,chicken breasts|vegetable oil|red chili peppers|celery|sliced water chestnuts|fresh broccoli florets|carrot|garlic cloves|gingerroot|green onion|rice wine|chili paste
863,Pineapple Sweet And Sour Seitan,Chinese,main-dish,vegetarian|vegan|pescatarian|dairy-free,beginner,low,moderate,onion|garlic clove|gingerroot|unsweetened pineapple chunks|green bell pepper|red bell pepper|brown sugar|rice wine vinegar|ketchup|light soy sauce|seitan|cornstarch|water
864,Salmon With Mustard Maple Glaze,Chinese,main-dish,pescatarian|dairy-free,intermediate,medium,moderate,maple syrup|soy sauce|garlic|lemon juice|brown sugar|dijon mustard|rice wine vinegar|fresh ginger|salmon fillets|scallion|olive oil|salt and pepper
865,Sichuan Pepper Chicken,Chinese,main-dish,dairy-free,advanced,medium,moderate,soy sauce|dark soy sauce|cornstarch|boneless chicken breasts|ketchup|chicken broth|chili-garlic sauce|sugar|vegetable oil|ginger|garlic|green onions|dried red chilies|jalapeno|red bell pepper|yellow onion|toasted sesame seeds|sesame oil|fresh cilantro
866,Simmering Chinese Chicken Oamc,Chinese,main-dish,vegetarian|vegan|pescatarian|dairy-free,intermediate,high,moderate,whole chickens|oil|water|soy sauce|brown sugar|ketchup|apple juice|crushed red pepper flakes|garlic cloves|green onion|cornstarch|toasted sesame seeds
867,Spicy Mongolian Beef,Chinese,main-dish,dairy-free,intermediate,high,moderate,cornstarch|rice vinegar|dark soy sauce|black bean sauce|sesame oil|sambal oelek|flank steaks|five-spice powder|sugar|garlic cloves|egg|brown onion|broccoli|carrot|red bell pepper|snow peas|beef stock
868,Spicy Striped Bass,Chinese,main-dish,vegetarian|vegan|pescatarian|dairy-free,beginner,low,moderate,peanut oil|garlic cloves|scallions|habanero pepper|fresh gingerroot|sugar|tamari soy sauce|white wine|catsup|white vinegar|sesame oil|water|bass fillets
869,Steamed Sea Bass With Black Bean Sauce,Chinese,main-dish,vegetarian|vegan|pescatarian|dairy-free,intermediate,low,moderate,sea bass fillets|black bean garlic sauce|ginger|green onions|peanut oil|cilantro
870,Sticky Chilli Chicken Wings,Chinese,main-dish,dairy-free,beginner,high,moderate,chicken wings|red chilies|ginger|water|soya sauce|white wine vinegar|sugar|fresh coriander leaves
871,Stir Fry Sweet Sour Pork Or Chicken Or Shrimp,Chinese,main-dish,dairy-free,advanced,medium,moderate,water|white vinegar|fresh orange juice|honey|lemon juice|ketchup|cornstarch|peanut oil|garlic cloves|green onions|pork tenderloin|green bell pepper|red bell pepper|baby carrots|yellow onion|tomatoes|pineapple chunks|chicken stock
872,Stir Fried Beef And Broccoli With Oyster Sauce,Chinese,main-dish,dairy-free,advanced,medium,moderate,flank steak|soy sauce|dry sherry|low sodium chicken broth|oyster sauce|light brown sugar|sesame oil|cornstarch|garlic cloves|ginger|peanut oil|broccoli|water|red bell pepper|scallions
873,Sweet And Sour Panfried Sole,Chinese,main-dish,vegetarian|pescatarian|dairy-free,advanced,medium,moderate,rice vinegar|low sodium soy sauce|ketchup|sesame oil|sugar|cornstarch|eggs|flour|panko breadcrumbs|kosher salt & freshly ground black pepper|sole fillets|peanut oil
874,Sweet And Sour Ramen Chicken,Chinese,main-dish,dairy-free,intermediate,medium,moderate,bell pepper|ginger|green onions|pineapple chunks in juice|boneless chicken breast|oil|chicken-flavored ramen noodles|sweet and sour sauce
875,Sweet And Tangy Beef Salad,Chinese,main-dish,dairy-free,advanced,high,moderate,walnut halves|sugar|canola oil|salt|beef tenderloin|sesame oil|chili oil|soy sauce|rice wine vinegar|lemon juice|cilantro|ginger|orange zest|garlic|carrot|red bell pepper|red onion|watercress leaves|of fresh mint|fresh spinach
876,Tibetan Momo A Dim Sum Dumpling From Tibet,Chinese,main-dish,dairy-free,advanced,medium,moderate,onions|yak meat|minced ginger|soy sauce|minced garlic cloves|salt|flour|oil
877,Tofu And Broccoli Stir Fry Martha Stewart,Chinese,main-dish,vegetarian|vegan|pescatarian|dairy-free,advanced,medium,moderate,firm tofu|broccoli|coarse salt|vegetable oil|soy sauce|rice vinegar|red pepper flakes|garlic cloves|cornstarch|cashews
878,Amazing Cashew Chicken,Chinese,main-dish,dairy-free,advanced,medium,moderate,sesame oil|rice vinegar|cooking sherry|garlic powder|boneless skinless chicken|oil|broccoli florets|carrots|cornstarch|soy sauce|hoisin sauce|ground ginger|salted cashews|cooked rice
879,Basic Oriental Fried Rice Stephen Yan,Chinese,main-dish,vegetarian|pescatarian|dairy-free,intermediate,medium,moderate,cooked rice|peanut oil|eggs|salt|dark soy sauce|wine|green onions
880,Beef Egg Rolls,Chinese,main-dish,dairy-free,intermediate,low,moderate,peanut oil|ginger|garlic cloves|onion|cabbage|ground beef|carrot|soy sauce|black pepper|eggs|egg roll wraps
881,Beef With Fresh Asparagus,Chinese,main-dish,dairy-free,advanced,low,moderate,soy sauce|wine|sesame oil|ginger|cornstarch|oil|flank steak|fresh asparagus|carrot|fresh ginger|oyster sauce|sugar|beef stock
882,Bhutanese Chile Chicken With Red Rice,Chinese,main-dish,dairy-free,intermediate,low,moderate,cornstarch|chicken breast|sesame seeds|garlic cloves|onion|chili pepper|gingerroot|soy sauce|tomatoes|red rice
883,Cantonese Stir Fried Lover S Shrimp,Chinese,main-dish,pescatarian|dairy-free,advanced,low,moderate,salt|rice wine|egg white|cornstarch|sesame oil|shrimp|fresh snow pea|scallions|fresh ginger|ketchup|peanut oil
884,Chairman Mao S Red Braised Pork,Chinese,main-dish,dairy-free,intermediate,low,moderate,lean pork|peanut oil|white sugar|shaoxing wine|fresh ginger|star anise|dried red chilies|cinnamon stick|light soy sauce|salt|sugar|scallion
885,Chicken And Red Pepper Stir Fry,Chinese,main-dish,dairy-free,advanced,medium,moderate,boneless skinless chicken breasts|sweet red pepper|orange|chicken stock|soy sauce|granulated sugar|cornstarch|sesame oil|red pepper flakes|hot pepper sauce|olive oil|gingerroot|garlic clove
886,Chicken Pasta,Chinese,main-dish,dairy-free,intermediate,medium,moderate,angel hair pasta|soy sauce|vinegar|sesame oil|garlic|boneless chicken breast|salt|black pepper|sesame seeds|oil|baby corn|mixed vegetables
887,China Lily Chicken Salad,Chinese,main-dish,dairy-free,intermediate,medium,moderate,boneless skinless chicken breast|soy sauce|hoisin sauce|olive oil|rice vinegar|sugar|sesame paste|sesame oil|ginger|cabbage|purple cabbage|carrot|bean sprouts|sliced water chestnuts|cilantro|green onion|wonton skins
888,Chinese Chicken Lettuce Cups,Chinese,main-dish,dairy-free,intermediate,medium,moderate,rice noodles|olive oil|lean ground chicken|garlic cloves|ginger|sweet chili sauce|fish sauce|soy sauce|coriander leaves|lettuce cups
889,Chinese Fried Brown Rice,Chinese,main-dish,pescatarian|dairy-free,intermediate,medium,moderate,brown rice|oil|onion|eggs|cooked shrimp|frozen peas|garlic powder|soy sauce|sesame oil
890,Chinese Fried Chicken,Chinese,main-dish,dairy-free,advanced,high,moderate,chicken|soy sauce|sherry wine|salt|sugar|scallion|gingerroot|peanut oil|flour
891,Chinese Pineapple Chicken With Cashew Nuts Ginger Spring Onion,Chinese,main-dish,dairy-free,intermediate,medium,moderate,chicken breasts|roasted cashew nuts|spring onions|onion|green pepper|pineapple chunks in juice|gingerroot|garlic cloves|sunflower oil|rice wine|soy sauce|honey|golden syrup|tomato ketchup|vinegar|cornflour|chinese five spice powder|water
892,Chinese Southern Fried Chicken,Chinese,main-dish,dairy-free,intermediate,high,moderate,marinade|garlic|fresh ginger|kosher salt|sugar|soy sauce|rice wine|chicken|frying chicken|flour|corn oil
893,Chinesey Chicken Wings,Chinese,main-dish,dairy-free,intermediate,high,moderate,chicken wings|salt and pepper|honey|soy sauce|brown sugar|fresh garlic|lemon juice|peppercorns|hot water
894,Combination Chow Mein,Chinese,main-dish,dairy-free,intermediate,medium,moderate,pork|chinese five spice powder|hoisin sauce|soy sauce|peanut oil|prawns|chicken breasts|carrot|brown onion|celery ribs|red capsicum|button mushroom|chicken stock|cornflour|light soy sauce|oyster sauce|bok choy|bean sprouts|green onions
895,Crock Pot Sweet Sour Tofu,Chinese,main-dish,vegetarian|vegan|pescatarian|dairy-free,intermediate,low,moderate,extra firm tofu|cornstarch|vegetable oil|white onion|yellow bell pepper|broccoli floret|carrot|sliced water chestnuts|sweet and sour sauce|water
896,Dejah S Fried Rice,Chinese,main-dish,dairy-free,advanced,high,moderate,cooked rice|vegetable oil|diced onions|chicken|eggs|salt|msg|soya sauce
897,Dragon Noodles,Chinese,main-dish,vegetarian|pescatarian|dairy-free,advanced,high,moderate,"sesame oil|chinese chili sauce|soy sauce|pickled ginger|lemon juice|rice vinegar|granulated sugar|kosher salt|chinese egg noodles|lemon, rind of|black sesame seeds|scallion|red radish|black sesame seed"
898,Five Spice Chicken,Chinese,main-dish,dairy-free,beginner,high,moderate,chicken breast|soy sauce|rice wine|sesame oil|five-spice powder|ginger|garlic|flour|eggs|almonds|oil
899,Ginger Stir Fried Beef,Chinese,main-dish,vegetarian|pescatarian|dairy-free,advanced,medium,moderate,flank steaks|eggs|cornstarch|water|oil|carrot|green onion|fresh ginger|garlic|soy sauce|wine|white vinegar|sesame oil|sugar|crushed red pepper flakes
900,Grilled General Tso S Chicken,Chinese,main-dish,dairy-free,intermediate,low,moderate,chicken breasts|sesame oil|cornstarch|szechwan chili sauce|rice vinegar|rice wine|sugar substitute|soy sauce|chicken stock|panko breadcrumbs
901,Hamburger Chop Suey,Chinese,main-dish,dairy-free,intermediate,low,moderate,shortening|ground beef|onion|celery|hot water|salt|ground black pepper|bean sprouts|water|cornstarch|soy sauce|white sugar
902,Healthy Sesame Chicken,Chinese,main-dish,dairy-free,intermediate,low,moderate,boneless skinless chicken breasts|light soy sauce|mirin|all-purpose flour|sesame seeds|black pepper|chili flakes
903,Ho Yau Ngau Stir Fried Steak W Oyster Sauce,Chinese,main-dish,dairy-free,intermediate,low,moderate,sugar|white pepper|light soy sauce|oil|sherry wine|sirloin|oyster sauce|chicken broth|cornstarch|salt|ginger|garlic clove|scallions
904,Kung Pao Shrimp,Chinese,main-dish,dairy-free,intermediate,medium,moderate,chicken broth|oyster sauce|chili paste|cornstarch|peanut oil|sesame oil|large shrimp|dry roasted peanuts|red bell pepper|garlic cloves|fresh ginger
905,Lacquered Salmon,Chinese,main-dish,pescatarian|dairy-free,beginner,medium,moderate,salmon fillets|green onion|soy sauce|cornstarch|sesame oil|fresh gingerroot|sherry wine|honey|tabasco sauce|ground black pepper|garlic|ground turmeric
906,Laquered Tofu Triangles With Green Beans And Cashews,Chinese,main-dish,vegetarian|vegan|pescatarian|dairy-free,advanced,low,moderate,firm tofu|red bell pepper|green beans|szechuan peppercorns|mushroom soy sauce|soy sauce|light brown sugar|garlic cloves|water|peanut oil|scallions|roasted cashews
907,Lemon Chicken Chinese Style,Chinese,main-dish,dairy-free,intermediate,medium,moderate,chicken breasts|eggs|cornstarch|salt|lemon|onion|oil|sugar|pineapple juice|vinegar|water|soy sauce
908,Mr Wang S Mongolian Beef,Chinese,main-dish,dairy-free,intermediate,high,moderate,beef|cornstarch|vegetable oil|garlic|rice wine|soy sauce|sugar|yellow onion|green onions|white pepper|sesame seed oil
909,Noodles With Stir Fried Tofu And Broccoli,Chinese,main-dish,vegetarian|vegan|pescatarian|dairy-free,intermediate,medium,moderate,firm tofu|udon noodles|canola oil|broccoli florets|stir-fry sauce
910,Oriental Grilled Tuna,Chinese,main-dish,pescatarian|dairy-free,beginner,low,moderate,soy sauce|honey|white wine|dijon mustard|tuna steaks
911,Pineapple Kung Po Chicken,Chinese,main-dish,dairy-free,intermediate,medium,moderate,boneless chicken breasts|pineapple chunks|pineapple juice|red chili peppers|red bell pepper|sesame and ginger marinade|dry roasted peanuts|cooking spray|ginger|white pepper|salt
912,Pork Chops With Ginger Soy Glaze,Chinese,main-dish,dairy-free,intermediate,medium,moderate,low sodium chicken broth|dry white wine|soy sauce|sugar|fresh ginger|garlic|boneless pork loin chops|vegetable oil|green onions
913,Red Cooked Pork Chops,Chinese,main-dish,dairy-free,beginner,medium,moderate,boneless pork chops|brown sugar|hoisin sauce|soy sauce|worcestershire sauce|sesame oil|five-spice powder|fresh ginger|garlic cloves
914,Rice Flour Chicken Crisp And Crunchy Batter,Chinese,main-dish,dairy-free,beginner,medium,moderate,chicken piece|soy sauce|honey|five-spice powder|garlic|onion|sesame oil|rice flour|salt|baking powder|water
915,Sa Cha Tofu With Broccoli And Cauliflower,Chinese,main-dish,vegetarian|vegan|pescatarian|dairy-free,intermediate,low,moderate,barbecue sauce|soy sauce|chinese rice wine|sugar|salt|broccoli floret|cauliflower floret|garlic|water|firm tofu
916,Shrimp And Egg Fried Rice,Chinese,main-dish,pescatarian|dairy-free,advanced,medium,moderate,green onions|white onion|sesame oil|chinese five spice powder|medium shrimp|garlic clove|mushrooms|egg|low sodium soy sauce|cooked brown rice|bean sprouts|carrot|red pepper
917,Sichuan Braised Cod,Chinese,main-dish,dairy-free,advanced,medium,moderate,cornstarch|rice vinegar|chicken broth|soy sauce|ketchup|cod fish fillets|salt|black pepper|eggs|canola oil|chilies|scallions|ginger
918,Sichuan Stir Fried Pork In Garlic Sauce Cook S Illustrated,Chinese,main-dish,dairy-free,advanced,medium,moderate,chicken broth|sugar|soy sauce|black vinegar|sesame oil|chinese rice wine|ketchup|fish sauce|cornstarch|country-style boneless pork ribs|baking soda|cold water|minced garlic cloves|scallions|garlic and red chile paste|vegetable oil|shiitake mushrooms|water chestnuts
919,Slippery Shrimp,Chinese,main-dish,pescatarian|dairy-free,advanced,medium,moderate,shrimp|cornstarch|water|corn oil|garlic cloves|sugar|cayenne pepper|salt|tomato sauce|rice vinegar|dry sherry|green onion
920,Soy Simmered Chicken,Chinese,main-dish,dairy-free,beginner,low,moderate,sesame oil|ginger|soy sauce|brown sugar|chinese wine|star anise|cinnamon stick|chicken breast fillets
921,Spiced Kung Pao Chicken,Chinese,main-dish,dairy-free,advanced,high,moderate,whole chicken breasts|salt|egg white|cornstarch|oil|roasted peanuts|dried hot chili peppers|scallions|garlic cloves|chili paste with garlic|dark soy sauce|sherry wine|sugar|red wine vinegar|chicken stock|sesame seed oil
922,Spicy Pork Lo Mein,Chinese,main-dish,dairy-free,advanced,low,moderate,low sodium soy sauce|dry sherry|garlic|lime zest|pork tenderloin|chinese noodles|sesame oil|chicken broth|soy sauce|cilantro|sugar|cornstarch|chili-garlic sauce|green onion
923,Spicy Szechuan Noodles Dan Dan Mian,Chinese,main-dish,,advanced,medium,moderate,ground pork|soy sauce|dry sherry|white pepper|oyster sauce|peanut butter|rice vinegar|chicken broth|peanut oil|fresh ginger|garlic cloves|red pepper flakes|toasted sesame oil|asian noodles|scallions|bean sprouts
924,Spicy Tofu Kimchi Over Rice,Chinese,main-dish,vegetarian|pescatarian|dairy-free,intermediate,low,moderate,olive oil|sesame oil|red pepper flakes|fresh ginger|garlic clove|fresh scallions|firm tofu|soy sauce|cabbage kimchi|water|egg
925,Sticky Chinese Chicken Or Tofu,Chinese,main-dish,dairy-free,intermediate,low,moderate,onion and garlic croutons|cornstarch|light soy sauce|boneless skinless chicken breasts|canola oil
926,Stir Fried Vegetables Cabbage Chinese Mushrooms And Broccoli,Chinese,main-dish,vegetarian|vegan|pescatarian|dairy-free,advanced,low,moderate,dried chinese mushrooms|broccoli florets|napa cabbage|jicama|bamboo shoots|peanut oil|fresh ginger|water|sesame oil|rice wine|light soy sauce|dark soy sauce|salt
927,Sweet Sour Lentils,Chinese,main-dish,vegetarian|vegan|pescatarian|dairy-free,intermediate,low,moderate,dried lentils|vegetable stock|apple cider|apple cider vinegar|sugar|molasses|ground cloves|bay leaves|scallion|cayenne|fresh ginger|salt
928,Sweet And Sour Plum Meatballs,Chinese,main-dish,dairy-free,intermediate,medium,moderate,ground beef|salt|pepper|garlic powder|worcestershire sauce|honey|ketchup|plum jam|sugar|red pepper flakes|ground ginger|salt and pepper
929,Sweet And Sour Ribs,Chinese,main-dish,dairy-free,intermediate,low,moderate,pork ribs|vegetable oil|soy sauce|white vinegar|brown sugar|green bell pepper|red bell pepper|onion|ketchup
930,Szechuan Orange Beef Stir Fry,Chinese,main-dish,dairy-free,intermediate,low,moderate,beef steak|peanut oil|dried red chili peppers|dark soy sauce|rice wine|gingerroot|cornstarch|sesame oil|orange juice|dried orange peel|szechuan peppercorns|salt|sugar|garlic cloves
931,Szechuan Shredded Beef,Chinese,main-dish,dairy-free,advanced,medium,moderate,beef rump|hot bean paste|light soy sauce|rice wine|sugar|ginger|oil|celery ribs|carrot|onion|green bell pepper|dried red chilies|garlic|sesame oil|steamed rice
932,Teriyaki Chicken For Two,Chinese,main-dish,dairy-free,intermediate,low,moderate,soy sauce|dark brown sugar|corn oil|ground ginger|garlic powder|black pepper|boneless chicken breast halves
933,Teriyaki Pork Tenderloin,Chinese,main-dish,dairy-free,intermediate,low,moderate,pork tenderloin|reduced sodium soy sauce|dry sherry|green onions|brown sugar|fresh ginger|garlic clove
934,Vegetable Surprise Stir Fry,Chinese,main-dish,vegetarian|pescatarian|dairy-free,advanced,low,moderate,soy sauce|tabasco sauce|vinegar|sugar|ketchup|stock|cornstarch|oil|garlic cloves|carrot|bamboo shoot|mushroom|celery|zucchini|bean sprouts|scallions|sesame oil|salt|eggs|pepper
935,Ethiopian Style Lentils With Yams Or Sweet Potatoes,Ethiopian,main-dish,vegetarian|vegan|pescatarian|dairy-free,intermediate,low,moderate,onion|garlic cloves|fresh ginger|sweet potatoes|red sweet bell pepper|olive oil|lentils|tomato paste|water|paprika|ground coriander|ground allspice|ground cinnamon|ground fenugreek|ground ginger|salt|black pepper
936,African Chicken In Spicy Red Sauce,Ethiopian,main-dish,,advanced,medium,moderate,boneless chicken breasts|fresh lemon juice|salt|olive oil|onions|garlic|butter|minced ginger|ground nutmeg|ground cardamom|dry red wine|chicken broth|tomato paste|fresh cilantro|lemon wedges|ground red pepper|fresh ground black pepper|ground ginger|ground cinnamon|ground cloves
937,Ethiopian Lentils With Berebere Spice Mix,Ethiopian,main-dish,vegetarian|vegan|pescatarian|dairy-free,advanced,low,moderate,lentils|water|mild green chilies|red onions|garlic cloves|fresh ground black pepper|cumin seeds|cardamom seeds|whole allspice|fenugreek seeds|coriander seed|whole cloves|black peppercorns|red pepper flakes|fresh gingerroot|turmeric|salt|sweet paprika|cinnamon
938,Doro Wat Ethiopian Spicy Braised Chicken,Ethiopian,main-dish,dairy-free,advanced,high,moderate,tomato sauce|paprika|dry red wine|gingerroot|ground red pepper|ground cardamom|ground nutmeg|ground cloves|ground cinnamon|ground allspice|onions|garlic cloves|cooking oil|ground turmeric|salt|broiler-fryer chicken|flat bread
939,Ethiopian Dorowat Version 2,Ethiopian,main-dish,dairy-free,intermediate,high,moderate,tomato sauce|paprika|dry red wine|ginger|chili powder|ground cardamom|nutmeg|clove|cinnamon|allspice|onions|garlic|olive oil|ground turmeric|chicken|salt
940,Ethiopian Sauteed Lamb Or Beef,Ethiopian,main-dish,,intermediate,low,moderate,lean lamb|garlic clove|olive oil|sweet onion|hot peppers|red bell pepper|salt|butter|mixed spice
941,Yetakelt W Et Spicy Mixed Vegetable Stew,Ethiopian,main-dish,vegetarian|pescatarian,beginner,low,moderate,onion|garlic|berbere|sweet hungarian paprika|niter kebbeh|green beans|carrot|potato|tomatoes|tomato paste|vegetable stock|salt|black pepper|parsley|injera bread|plain yogurt
942,Eritrean Ethiopian Beef Stew Tsebhi Sga Or Key Wet,Ethiopian,main-dish,,advanced,high,moderate,red onions|butter|chili paste|crushed tomatoes|beef|water
943,Ethiopian Chicken And Onion Stew,Ethiopian,main-dish,,advanced,medium,moderate,skinless chicken breasts|lime|water|ground allspice|fresh ginger|fresh ground black pepper|garlic clove|cayenne|ground cardamom|ground cloves|red onions|unsalted butter|chicken stock|kosher salt|hard-boiled eggs|cooked rice|plain yogurt
944,Ethiopian Doro Wat Chicken Stew,Ethiopian,main-dish,,intermediate,medium,moderate,roasting chickens|vegetable oil|butter|onions|garlic cloves|fresh ginger|berbere|chicken stock|lime juice|hard-boiled eggs
945,Traditional Adobo Pork In Vinegar And Soy Sauce,Filipino,main-dish,dairy-free,intermediate,medium,moderate,pork shoulder|vinegar|soy sauce|salt|garlic|bay leaf|pepper|sugar|water|cooking oil
946,Pancit Canton,Filipino,main-dish,dairy-free,advanced,medium,moderate,vegetable oil|onion|garlic|pork shoulder|chicken breast|shrimp|soy sauce|chicken broth|cabbage|green beans|carrots|dried black mushrooms|pancit noodles|black pepper|patis|green onions|lemons
947,Philippine Mung Beans In Coconut Milk,Filipino,main-dish,vegetarian|pescatarian,intermediate,medium,moderate,mung beans|onion|vegetable oil|salt|fresh gingerroot|fresh chili pepper|garlic cloves|coconut milk|soy sauce|chard leaves
948,Chicken Adobo In Coconut Milk,Filipino,main-dish,vegetarian|pescatarian,intermediate,high,moderate,roasting chickens|apple cider vinegar|garlic|soy sauce|fresh ground black pepper|bay leaves|whole black peppercorn|brown sugar|coconut milk|salt
949,Filipino Menudo,Filipino,main-dish,,intermediate,low,moderate,"pork tenderloin|potatoes|carrots|raisins|red bell pepper|green bell pepper|tomato sauce|liver spread|onion|garlic cloves|romano cheese|bay leaves|sprite|soy sauce|lemon juice|lemon, zest of|ground black pepper"
950,Filipino Pancit,Filipino,main-dish,dairy-free,intermediate,high,moderate,rice noodles|chicken breast|teriyaki sauce|garlic cloves|cabbage|carrot|onion|accent seasoning|cooking oil|soy sauce|green onion|lemon slice
951,Filipino Chicken Adobo Adobong Manok,Filipino,main-dish,dairy-free,beginner,medium,moderate,chicken pieces|soy sauce|vinegar|garlic clove|bay leaves|peppercorn|salt
952,Pancit Bihon,Filipino,main-dish,dairy-free,advanced,medium,moderate,cooked pork|vegetable oil|garlic cloves|onion|soy sauce|fish sauce|cabbage|carrots|celery|shiitake mushrooms|chicken broth|rice noodles|green onion|limes
953,Filipino Corned Beef Hash Over Rice,Filipino,main-dish,dairy-free,intermediate,low,moderate,corned beef|vegetable oil|garlic cloves|onion|potato|roma tomatoes|salt and pepper|water|cooked jasmine rice
954,Filipino Tinola,Filipino,main-dish,dairy-free,intermediate,medium,moderate,chicken breasts|garlic cloves|onion|gingerroot|fish sauce|chayote|olive oil|water
955,Escabeche Sweet And Sour Fish,Filipino,main-dish,vegetarian|vegan|pescatarian|dairy-free,advanced,medium,moderate,red snapper|vegetable oil|salt|ground pepper|soy sauce|apple cider vinegar|water|brown sugar|onion|garlic|ginger|carrot|red bell pepper|scallion|flour
956,Easy Filipino Pancit Noodles For Two,Filipino,main-dish,dairy-free,intermediate,medium,moderate,boneless pork chops|yellow onion|fresh ground black pepper|rice noodles|vegetable oil|low sodium soy sauce|green cabbage|paprika|hard-boiled egg|green onions
957,Goat Caldereta,Filipino,main-dish,dairy-free,advanced,medium,moderate,goat meat|distilled white vinegar|salt|olive oil|garlic cloves|onion|cinnamon sticks|bay leaves|tomato paste|potatoes|red bell pepper|whole black peppercorn|fresh ground black pepper
958,Rosie S Chicken And Pork Adobo,Filipino,main-dish,dairy-free,beginner,medium,moderate,oil|onion|tomatoes|garlic cloves|bay leaves|peppercorn|pork|white vinegar|soy sauce|ground pepper|boneless chicken thighs
959,Chicken Adobo Cook S Illustrated,Filipino,main-dish,,advanced,high,moderate,chicken thighs|soy sauce|coconut milk|cider vinegar|garlic cloves|bay leaves|ground pepper|scallion
960,Kari Kare Meat And Vegetable Stew In Peanut Sauce,Filipino,main-dish,,advanced,low,moderate,pork hocks|stewing beef|salt|cooking oil|garlic|onion|achute water|peanut butter|powdered rice|green beans|eggplant
961,Buttery Shrimp And Pasta,French,main-dish,pescatarian,intermediate,high,moderate,pasta|butter|shrimp|garlic|half-and-half|fresh basil|parmesan cheese|black pepper|red pepper flakes
962,Ginger Me Up Chicken Low Fat Honey Ginger Chicken Breasts,French,main-dish,dairy-free,intermediate,low,moderate,boneless skinless chicken breasts|honey|dijon mustard|water|ground ginger|garlic cloves|salt|fresh ground black pepper|cayenne pepper
963,Bacon Wrapped Boursin Stuffed Chicken Breasts A Deux,French,main-dish,,advanced,medium,moderate,"boneless skinless chicken breasts|boursin cheese|smoked streaky bacon|olive oil|cherry tomatoes|salt|fresh ground black pepper|lemon, juice of|creme fraiche|white wine|watercress"
964,Sandi S Black Pepper Cube Steaks Mushroom Cream Sauce,French,main-dish,vegetarian|pescatarian,intermediate,medium,moderate,cube steaks|cracked black pepper|kosher salt|olive oil|butter|cremini mushrooms|shallot|garlic cloves|basil|heavy cream|unsalted butter
965,Company Steak With Bearnaise Butter,French,main-dish,vegetarian|pescatarian,beginner,low,moderate,unsalted butter|fresh tarragon leaves|shallots|fresh lemon juice|salt|steaks
966,Ratatouille Crock Pot,French,main-dish,vegetarian|vegan|pescatarian|dairy-free,intermediate,low,moderate,eggplant|salt|onions|fresh tomatoes|green bell pepper|red bell peppers|zucchini|olive oil|dried basil|garlic cloves|fresh ground pepper|tomato paste|pitted ripe olives|fresh basil
967,Classic Bistro Style Gratin Dauphinois French Gratin Potatoes,French,main-dish,vegetarian|pescatarian,intermediate,high,moderate,potatoes|gruyere cheese|double cream|salt|fresh ground black pepper|garlic cloves|fresh thyme|butter|cheese
968,Coq Au Vin Chicken Braised In Red Wine,French,main-dish,dairy-free,advanced,high,moderate,broiler-fryer chickens|flour|salt|pepper|bacon|onions|mushroom|carrots|chicken broth|red burgundy wine|garlic clove|thyme leaves|bay leaf|parsley
969,Dijon Tarragon Cream Chicken,French,main-dish,,intermediate,low,moderate,butter|olive oil|boneless skinless chicken breast halves|salt and pepper|heavy cream|dijon mustard|fresh tarragon
970,Broiled Shrimp,French,main-dish,pescatarian|dairy-free,intermediate,medium,moderate,shrimp|olive oil|garlic|parsley|crushed red pepper flakes|oregano|salt and pepper|fresh breadcrumbs
971,Chicken Thighs With Lemon Garlic,French,main-dish,,advanced,medium,moderate,chicken stock|garlic cloves|butter|olive oil|chicken thighs|lemon|plain flour|salt|ground black pepper|fresh parsley
972,Crab And Shrimp Crepes With Mornay Sauce,French,main-dish,pescatarian,advanced,medium,moderate,butter|onion|mushroom|cooked shrimp|parmesan cheese|fresh parsley|salt|white pepper|all-purpose flour|milk|swiss cheese|salt and pepper|half-and-half|egg yolk|water|eggs|cooking oil
973,Filet Mignon With Mushroom Wine Sauce Light Version Weight Wat,French,main-dish,,advanced,low,moderate,butter|shallot|fresh shiitake mushroom|cabernet sauvignon wine|beef consomme|cracked black pepper|filet mignon steaks|low sodium soy sauce|cornstarch|dried thyme|fresh thyme sprig
974,Cordon Bleu Casserole Supreme,French,main-dish,,advanced,medium,moderate,frozen hash brown potatoes|chicken breast halves|oil|southwest seasoning|cream cheese|deli ham|swiss cheese|frozen chopped broccoli|cream of chicken soup|pepper
975,Pan Fried Fish Almondine,French,main-dish,pescatarian,advanced,high,moderate,"panko breadcrumbs|lemon, zest of|almonds|fish fillets|salt and pepper|eggs|water|flour|butter|parsley"
976,Veggies Dream Cucumber Sandwich,French,main-dish,vegetarian|pescatarian,beginner,medium,moderate,whole wheat bread|cream cheese|cucumbers|alfalfa sprouts|olive oil|red wine vinegar|tomatoes|lettuce|pepperoncini peppers|avocado
977,Cheat S French Cassoulet Crock Pot Or Le Creuset,French,main-dish,dairy-free,advanced,medium,moderate,lardons|olive oil|sausages|lean pork chops|beans|cannellini|onion|carrots|chopped tomatoes|chicken stock|red wine|sugar|garlic cloves|breadcrumbs|bouquet garni
978,Classic Pommes Anna Simple French Gratin Potato Cake,French,main-dish,vegetarian|pescatarian,advanced,high,moderate,potato|butter|salt|fresh ground black pepper
979,Flounder Francaise Or Chicken Francaise,French,main-dish,vegetarian|pescatarian,advanced,medium,moderate,eggs|olive oil|butter|flour|salt|onion powder|garlic powder|paprika|black pepper|flounder fillets|white wine|water|lemon juice|parsley
980,Parisian Chicken And Pasta,French,main-dish,,advanced,medium,moderate,butter|flour|salt|pepper|chicken broth|olive oil|onions|tomatoes|bay leaf|thyme|cooked chicken|tabasco sauce|cream|green onion|bow tie pasta|parmesan cheese
981,Ahoy There Moules Marinires French Sailor S Mussels,French,main-dish,pescatarian,advanced,high,moderate,mussels|garlic cloves|onion|dry white wine|butter|fresh herb|cream|salt and pepper
982,Cajun Style Spiced Pork Chops,French,main-dish,dairy-free,beginner,medium,moderate,paprika|salt|onion powder|garlic powder|cayenne|white pepper|black pepper|dried thyme|oregano|center-cut pork chops
983,French Chicken Thighs In Cilantro Sauce,French,main-dish,dairy-free,intermediate,medium,moderate,corn oil|chicken thighs|onion|garlic|dry white wine|fresh cilantro|salt|fresh ground black pepper
984,Parsley Peppercorn Ground Beef Steaks,French,main-dish,,advanced,low,moderate,ground beef round|salt|garlic cloves|parsley|black peppercorns|beef broth|heavy cream|butter
985,Pork Chops With An Oregano Wine Sauce,French,main-dish,dairy-free,intermediate,medium,moderate,pork chops|olive oil|green peppers|mushroom|garlic|diced tomato|tomato sauce|white wine|oregano|salt and pepper
986,Pork Chops With Blue Cheese Gravy,French,main-dish,,intermediate,high,moderate,butter|pork chops|ground black pepper|garlic powder|whipping cream|blue cheese
987,Classic Entrecote Bordelaise Steak In Red Wine With Shallots,French,main-dish,vegetarian|pescatarian,advanced,high,moderate,steaks|butter|shallots|red wine|demi-glace|parsley|salt|black pepper
988,Spinach Bacon And Mushroom Quiche,French,main-dish,,advanced,high,moderate,pie pastry|dry breadcrumbs|bacon|onion|portabella mushrooms|fresh spinach|ground coriander|ground nutmeg|cheddar cheese|cream cheese|eggs|milk
989,Inside Out Chicken Cordon Blue,French,main-dish,,intermediate,high,moderate,breadcrumbs|salt|black pepper|butter|olive oil|boneless skinless chicken breasts|deli ham|swiss cheese
990,Mustard Baked Pork Chops W Brie,French,main-dish,,intermediate,medium,moderate,boneless pork chops|seasoned dry bread crumb|parsley|butter|garlic cloves|dried thyme|flour|ground coriander|salt|pepper|dijon mustard|olive oil|brie cheese
991,Creamy Chicken And Garlic Picnic Pasties Parcels With Boursin,French,main-dish,,intermediate,medium,moderate,puff pastry|cooked chicken breasts|cream cheese with garlic and herbs|mushrooms|fresh parsley|fresh ground black pepper|eggs
992,Dijon Potatoes,French,main-dish,vegetarian|vegan|pescatarian|dairy-free,beginner,low,moderate,dijon mustard|olive oil|garlic|lemon pepper|red potatoes
993,Cheese Potatoes Poutine Precurser,French,main-dish,,intermediate,high,moderate,bacon|butter|onion|garlic cloves|balsamic vinegar|olive oil|potatoes|gruyere|salt and pepper
994,Chicken Breasts Dijon,French,main-dish,dairy-free,intermediate,low,moderate,boneless skinless chicken breast halves|dijon mustard|canola oil|dry white wine|fresh ground black pepper|mustard seeds|fresh parsley
995,Chicken Paillardes With Mustard Cream Tarragon Sauce,French,main-dish,,intermediate,medium,moderate,boneless skinless chicken breasts|black pepper|salt|olive oil|dry white wine|heavy cream|dijon mustard|dried tarragon
996,Trs Rapide French Summer Tarragon Chicken,French,main-dish,,intermediate,low,moderate,butter|nut oil|chicken breast|fresh tarragon leaves|creme fraiche|lemon juice|salt & freshly ground black pepper
997,French Chicken In A Pot America S Test Kitchen,French,main-dish,vegetarian|vegan|pescatarian|dairy-free,advanced,high,moderate,roasting chickens|kosher salt|ground black pepper|olive oil|onion|celery rib|garlic cloves|bay leaf|rosemary sprig|lemon juice
998,Honey Dijon Chicken With Capers,French,main-dish,,intermediate,medium,moderate,olive oil|chicken breasts|salt|pepper|chicken broth|capers|rosemary|thyme|dijon mustard|butter|honey
999,Lighter Crepes,French,main-dish,vegetarian|pescatarian,intermediate,low,moderate,all-purpose flour|salt|baking powder|powdered sugar|egg whites|skim milk|vanilla extract
1000,Poulet Rti Roast Chicken,French,main-dish,vegetarian|vegan|pescatarian|dairy-free,advanced,high,moderate,roasting chickens|dried thyme|rosemary|garlic granules|pepper|salt|olive oil
1001,3 Onion Mushroom And Garlic Soup,French,main-dish,,beginner,low,moderate,leeks|red onions|garlic cloves|butter|olive oil|salt|pepper|sugar|dried porcini mushrooms|water|beef base|dried parsley|scallion
1002,Chicken Veronique,French,main-dish,dairy-free,intermediate,medium,moderate,olive oil|boneless chicken breasts|garlic cloves|mushrooms|sugar|white wine|chicken stock|cornstarch|seedless grapes
1003,Lemon Cajun Stir Fry,French,main-dish,,beginner,medium,moderate,chicken breasts|red capsicum|green capsicum|onions|cajun seasoning|peanut oil|water|lemon juice|sugar|butter|cornflour
1004,Lemon Pepper Tarragon Chicken With Sour Cream Mushroom And Wine,French,main-dish,,intermediate,high,moderate,boneless skinless chicken breasts|cream of mushroom soup|sour cream|dry white wine|garlic salt|sliced mushrooms|dried tarragon|lemon pepper|white rice
1005,Nicoise Salad,French,main-dish,pescatarian|dairy-free,beginner,low,moderate,lettuce leaf|green beans|hardboiled egg|red onion|tomatoes|canned tuna|garlic clove|olive|salt & freshly ground black pepper|olive oil|white wine vinegar|herbs|salt and pepper|anchovy fillet|sardines|cucumber|small caper
1006,Pork Chops And Apples In Mustard Sauce,French,main-dish,,intermediate,high,moderate,apples|butter|pork loin chops|coarse salt|dry white wine|heavy cream|dijon mustard|fresh ground pepper
1007,French Stuffed Red Bell Peppers With Fennel And Goat S Cheese,French,main-dish,vegetarian|pescatarian,advanced,medium,moderate,red peppers|olive oil|balsamic vinegar|red onion|fennel bulb|garlic cloves|salt|black pepper|sun-dried tomatoes packed in oil|goat's cheese
1008,Honey Glazed Corned Beef,French,main-dish,dairy-free,intermediate,high,moderate,corned beef brisket|water|pickling spices|white onion|carrot|celery|garlic cloves|honey|brown sugar|dijon mustard|ground ginger
1009,Onion Bread Pudding,French,main-dish,vegetarian|pescatarian,advanced,high,moderate,butter|corn oil|onions|dry vermouth|garlic clove|french bread|gruyere|eggs|half-and-half|salt & freshly ground black pepper
1010,Chicken Dijonnaise,French,main-dish,,advanced,medium,moderate,butter|olive oil|skinless chicken thighs|salt|shallot|dijon mustard|black pepper|white wine|whipping cream|fresh thyme sprig
1011,French Style Roasted Perch With Fennel Tomatoes And Wine,French,main-dish,vegetarian|vegan|pescatarian|dairy-free,advanced,low,moderate,perch fillets|fennel bulbs|tomatoes|shallots|red pepper|dill|coriander seed|olive oil|fennel seed|dry white wine|lemons|salt|pepper
1012,Kate S Basic Crepes,French,main-dish,vegetarian|pescatarian,intermediate,low,moderate,flour|eggs|oil|milk|salt
1013,Savory Mushroom Spinach Cheese Crepes,French,main-dish,,advanced,medium,moderate,crepes|extra virgin olive oil|mushrooms|fresh flat-leaf parsley|fresh thyme leave|garlic clove|salt & pepper|fresh spinach|goat cheese|mozzarella cheese
1014,Spinach And Bacon Quiche,French,main-dish,,beginner,high,moderate,eggs|heavy cream|salt|fresh coarse ground black pepper|baby spinach|bacon|swiss cheese|refrigerated pie crusts
1015,Steak A La Moutarde Steak With Mustard Cream Sauce,French,main-dish,vegetarian|pescatarian,advanced,high,moderate,sirloin steaks|salt & freshly ground black pepper|vegetable oil|butter|shallots|cognac|heavy cream|dijon mustard
1016,Creamy Chicken Casserole,French,main-dish,,beginner,low,moderate,chicken|cream of chicken soup|sour cream|ritz crackers|butter|celery seed|poultry seasoning
1017,Ham And Brie Panini Sandwich,French,main-dish,,beginner,medium,moderate,smoked ham|brie cheese|tapenade|bread|arugula|olive oil
1018,Nice N Easy Creamy Chicken And Bacon,French,main-dish,,beginner,high,moderate,bacon|chicken breasts|cream|water|cornflour|coarse grain mustard|spring onions
1019,Quick Halibut Provencal,French,main-dish,pescatarian|dairy-free,intermediate,high,moderate,olive oil|halibut fillets|salt|garlic cloves|shallots|tomatoes|kalamata olive|capers|red pepper flakes|balsamic vinegar|fresh ground black pepper|basil leaves
1020,Weight Watchers But Doesn T Taste It Coq Au Vin 16 Ww Points,French,main-dish,dairy-free,intermediate,high,moderate,streaky bacon|boneless skinless chicken thighs|shallots|button mushrooms|chicken stock|red wine|bay leaves|tomato puree|plain white flour|salt and pepper|flat leaf parsley
1021,A Grape Picker S Lunch Sausages And Lentils With Thyme And Wine,French,main-dish,dairy-free,intermediate,high,moderate,oil|smoked bacon|sausages|onions|fresh thyme|dry green lentils|garlic cloves|beef stock|red wine|salt|pepper
1022,Bow Ties And Scallops,French,main-dish,pescatarian,beginner,low,moderate,bow tie pasta|oil|garlic|plum tomatoes|vegetable broth|sea scallops|fresh parsley|parmesan cheese
1023,Cheese Omelette Omelette Au Fromage,French,main-dish,vegetarian|pescatarian,intermediate,medium,moderate,extra large eggs|fine salt|fresh ground black pepper|nutmeg|parmesan cheese|butter|gruyere cheese
1024,Chicken Francaise With Artichoke Hearts,French,main-dish,,advanced,high,moderate,chicken breast|water-packed artichoke hearts|white wine|chicken stock|lemon juice|shallot|flour|butter|olive oil|fresh parsley|kosher salt|cracked black pepper|paprika|water
1025,Chicken Jerusalem,French,main-dish,,intermediate,high,moderate,chicken thighs|butter|green onions|white wine|water|mushroom|salt|artichoke hearts|parmesan cheese
1026,Chicken Parisienne,French,main-dish,,beginner,high,moderate,boneless chicken breasts|butter|sour cream|cooking sherry|onion|cream of chicken soup
1027,Chicken With 40 Cloves Of Garlic In A Clay Pot,French,main-dish,vegetarian|vegan|pescatarian|dairy-free,advanced,high,moderate,olive oil|garlic|dried rosemary leaves|dried thyme leaves|sage leaf|frying chickens|lemon juice|salt|pepper|french bread
1028,French Country Chicken,French,main-dish,,intermediate,medium,moderate,boneless skinless chicken breast halves|butter|seasoned bread crumbs|muenster cheese|chardonnay wine
1029,French Tomato Mustard Pie,French,main-dish,vegetarian|pescatarian,intermediate,low,moderate,pie crust|french mustard|swiss cheese|tomatoes|herbes de provence|basil|oregano|olive oil
1030,Garlic Parmesan Chicken,French,main-dish,,intermediate,medium,moderate,boneless skinless chicken breasts|butter|parmesan cheese|saltine crackers|garlic cloves|parsley
1031,Mussels With Saffron Cream,French,main-dish,pescatarian,beginner,high,moderate,mussels|onion|saffron thread|salt|olive oil|dry white wine|heavy cream|fresh ground black pepper|flat leaf parsley
1032,Pork Aux Champignons French Pork With Mushrooms,French,main-dish,,intermediate,medium,moderate,pork tenderloin|olive oil|salt & freshly ground black pepper|button mushrooms|garlic cloves|bay leaf|whole cloves|shallots|baby onions|fresh thyme sprig|single cream
1033,Quick Chicken Coq Au Vin,French,main-dish,,advanced,high,moderate,butter|olive oil|chicken fillet|bacon|mushrooms|onion|garlic|all-purpose flour|red wine|chicken stock|fresh thyme|salt and pepper
1034,Tomato Garlic Onion Soup,French,main-dish,,intermediate,high,moderate,garlic cloves|onions|olive oil|tomatoes|tomato juice|beef broth|french baguettes|swiss cheese
1035,Beef Burgundy,French,main-dish,,intermediate,high,moderate,mushroom|white pearl onions|butter|bacon|beef|white flour|burgundy wine|stock|garlic cloves|thyme|bay leaf|noodles
1036,Buttery Baked Chicken,French,main-dish,,intermediate,medium,moderate,flour|butter|garlic salt|paprika|curry powder|oregano|pepper|boneless skinless chicken breast halves|dry breadcrumbs|light cream
1037,Carbonade Flamande Flemish Beef And Beer Stew Casserole,French,main-dish,,advanced,high,moderate,beef|bacon|onions|garlic cloves|bouquet garni|brown ale|beef stock|red wine vinegar|butter|olive oil|french bread|brown sugar|dijon mustard|salt|pepper
1038,Chicken Breasts With Herb Stuffing,French,main-dish,,advanced,medium,moderate,garlic|baby spinach|fresh parsley|fresh chives|fresh tarragon|fresh breadcrumbs|orange zest|orange juice|dijon mustard|salt & freshly ground black pepper|olive oil|boneless chicken breasts|fresh orange juice|dry vermouth|whipping cream
1039,Chicken Chasseur,French,main-dish,dairy-free,advanced,low,moderate,skinless chicken thighs|extra virgin olive oil|shallots|button mushroom|all-purpose flour|dry white wine|brandy|tomato paste|chicken stock|fresh tarragon|parsley
1040,Chicken Fricassee,French,main-dish,,advanced,high,moderate,skinless chicken thighs|butter|extra virgin olive oil|all-purpose flour|dry white wine|chicken stock|flat leaf parsley|fresh scallions|button mushroom|fresh lemon juice|shallots|water|sugar|whipping cream
1041,Chicken Paillards With Artichokes Dijon Sauce,French,main-dish,dairy-free,advanced,low,moderate,boneless skinless chicken breast|oil|shallots|cornstarch|fat free chicken broth|balsamic vinegar|whole grain mustard|dijon mustard|canned artichoke hearts|fresh tarragon|salt and pepper
1042,French Country Chicken Stew,French,main-dish,dairy-free,advanced,high,moderate,chicken pieces|coarse salt|flour|smoked bacon|vegetable oil|onion|white pepper|dried tarragon|stewed tomatoes|dry white wine|chicken bouillon cube|frozen green peas|carrots|red potatoes|flat leaf parsley|salt
1043,French Pot Roast,French,main-dish,dairy-free,intermediate,high,moderate,beef roast|onion soup mix|dried thyme|dry red wine|sliced mushrooms|cornstarch|water
1044,Goat S Cheese Shallot And Leek Tart A Bit Of A French Tart,French,main-dish,,advanced,medium,moderate,pastry dough|leeks|goat cheese|free-range eggs|creme fraiche|shallots|salt|fresh ground black pepper
1045,Lapin A La Cocotte French Rabbit Stew,French,main-dish,dairy-free,intermediate,high,moderate,rabbit|bacon|onions|garlic cloves|flour|beef broth|red wine|dried thyme|dried parsley|bay leaves|salt and pepper
1046,Lavender And Honey Roasted Chicken,French,main-dish,dairy-free,intermediate,high,moderate,thyme|rosemary|lavender|honey|marjoram|garlic clove|shallot|balsamic vinegar|roasting chicken
1047,Molten French Camembert Potato Gratin With Bacon And Onions,French,main-dish,vegetarian|pescatarian,advanced,high,moderate,potatoes|camembert cheese|onions|lardons|creme fraiche|dry white wine|salt|black pepper|butter
1048,Poulet De Provence,French,main-dish,dairy-free,intermediate,low,moderate,olive oil|onion|fresh garlic|boneless skinless chicken breast halves|kosher salt|herbes de provence|fresh asparagus|whole wheat pasta|fresh tomatoes|extra virgin olive oil
1049,Quiche Aux Asperges Et Saumon Asparagus Salmon Quiche,French,main-dish,pescatarian,intermediate,medium,moderate,pastry dough|butter|asparagus tips|smoked salmon|eggs|creme fraiche|dijon mustard|milk|salt & freshly ground black pepper
1050,Quick Provencal Mushroom And White Bean Stew,French,main-dish,vegetarian|vegan|pescatarian|dairy-free,intermediate,medium,moderate,olive oil|fresh white mushroom|onion|garlic|herbes de provence|vegetable broth|diced tomatoes|dry white wine|cannellini beans
1051,Rack Of Lamb Provencale With Garlic Confit,French,main-dish,,advanced,medium,moderate,garlic|butter|lamb racks|dijon mustard|fresh rosemary|fresh thyme|fresh parsley|fresh breadcrumb|extra virgin olive oil|salt and pepper|red wine|vinegar|sugar|chicken stock|unsalted butter
1052,Red Snapper In Wine Sauce,French,main-dish,vegetarian|pescatarian,intermediate,medium,moderate,red snapper|egg|milk|fine dry breadcrumb|olive oil|butter|garlic|lemon juice|dry white wine|dill weed|onion salt|parsley
1053,Salmon With Lentils And Mustard Herb Butter Saumon Aux Lentille,French,main-dish,pescatarian,advanced,high,moderate,unsalted butter|chives|tarragon|grainy mustard|fresh lemon juice|salt|pepper|green lentil|water|leeks|salmon fillets
1054,Steak Roquefort,French,main-dish,vegetarian|pescatarian,intermediate,high,moderate,filet mignon steaks|roquefort cheese|heavy whipping cream|butter|pepper|parsley
1055,Basque Potato Soup,French,main-dish,dairy-free,intermediate,low,moderate,smoked sausage|onion|diced tomatoes|beef stock|bay leaf|dried thyme|baking potatoes|celery|carrot|burgundy wine|celery leaves|cabbage|lemon juice|salt and pepper
1056,Beef And Vegetables In Red Wine Sauce,French,main-dish,dairy-free,intermediate,high,moderate,vegetable oil|stewing beef|carrots|celery|sliced mushrooms|onion|tomatoes|water|beef bouillon cubes|red wine|dried herbs|salt|pepper|beef gravy granules|self raising flour|suet|parsley|salt and pepper
1057,Chateaubriand With Cognac Sauce,French,main-dish,,advanced,medium,moderate,beef tenderloin steaks|garlic cloves|olive oil|butter|shallots|beef stock|cognac|dijon mustard|real butter|fresh parsley|salt and pepper
1058,Cracked Black Pepper Crusted Filet Medallions With Cremini,French,main-dish,,intermediate,high,moderate,beef tenderloin steaks|cracked black pepper|kosher salt|olive oil|butter|cremini mushrooms|shallot|garlic clove|ground black pepper|basil|heavy cream
1059,Daube De Boeuf,French,main-dish,dairy-free,intermediate,high,moderate,boneless beef cubes|olive oil|bacon|shallots|cognac|tomato paste|garlic cloves|herbes de provence|red wine|tomatoes|orange zest|carrot|fresh parsley|salt and pepper
1060,Elegant Lavender And Lemon Poached Chicken Breasts,French,main-dish,,intermediate,medium,moderate,boneless skinless chicken breasts|chicken stock|lavender|butter|shallot|cornflour|creme fraiche|salt and pepper|fresh lemon juice|lavender flowers
1061,Garbanzo Cassoulet,French,main-dish,vegetarian|vegan|pescatarian|dairy-free,advanced,medium,moderate,chickpeas|whole cloves|onion|carrot|garlic cloves|fresh parsley|olive oil|garlic|plum tomatoes|tomato sauce|lemon juice|sugar|dried basil|dried thyme|salt & freshly ground black pepper|dry breadcrumbs
1062,Hamburger Steak Hache Au Poivre,French,main-dish,,advanced,medium,moderate,ground chuck|peppercorns|butter|shallot|red wine|cognac|beef broth|parsley
1063,Hot Stuff Cypriot Stuffed Aubergines And Minty Cumin Yoghurt,French,main-dish,vegetarian|pescatarian,advanced,medium,moderate,aubergines|lentils|water|garlic cloves|olive oil|onions|tomatoes|tomato puree|cayenne pepper|ground cumin|ground cinnamon|chili powder|salt|ground black pepper|greek yogurt|mint|mint sprig
1064,Jacques Pepin S Chicken Thighs,French,main-dish,dairy-free,advanced,low,moderate,chicken thighs|salt|black pepper|onion|garlic cloves|mushrooms|dry white wine|chives
1065,Low Fat Tomato And Zucchini Summer Gratin,French,main-dish,vegetarian|pescatarian,beginner,medium,moderate,bulgur|zucchini|tomatoes|eggplant|garlic|swiss cheese|parsley|salt|pepper|olive oil
1066,Packs A Wallop Beef Stew,French,main-dish,,intermediate,medium,moderate,paprika|salt|garlic powder|dry mustard|onion powder|dried oregano leaves|caraway seed|cayenne|ground cumin|black pepper|white pepper|unsalted butter|boneless beef chuck roast|potato|carrots|green bell pepper|beef stock
1067,Roast Chicken With Garlic Croutons,French,main-dish,vegetarian|vegan|pescatarian|dairy-free,intermediate,high,moderate,day-old french bread|garlic|whole chickens|sea salt|black pepper|dried thyme|lemon
1068,Rolled French Steak,French,main-dish,,intermediate,medium,moderate,steak|bacon|parsley|parmesan cheese|garlic|toothpick|oil|roll
1069,Sea Scallops With Sauce Meuniere,French,main-dish,pescatarian,intermediate,medium,moderate,sea scallops|butter|green onions|garlic clove|dry white wine|salt|cayenne pepper|fresh parsley|fresh lemon
1070,Steak Flambe Moutarde,French,main-dish,vegetarian|pescatarian,intermediate,medium,moderate,sirloin tip steak|butter|salt|pepper|brandy|whipping cream|dijon mustard|low-fat sour cream|worcestershire sauce
1071,Awesome Chicken Cordon Bleu,French,main-dish,,intermediate,high,moderate,boneless skinless chicken breasts|thyme|deli ham|provolone cheese|bacon|eggs|milk|flour|breadcrumbs|garlic powder|swiss cheese
1072,Chicken Strips With Garlic Butter,French,main-dish,,intermediate,low,moderate,boneless skinless chicken breast halves|salt and pepper|oregano|flour|butter|olive oil|diced tomatoes|garlic|basil|lime juice
1073,Chicken With Shrimp Scampi,French,main-dish,,intermediate,medium,moderate,boneless skinless chicken breast halves|flour|salt|pepper|butter|onion|garlic|milk|medium shrimp|parmesan cheese|parsley|red pepper flakes
1074,Country French Chicken Diabetic Recipe,French,main-dish,dairy-free,advanced,low,moderate,chicken pieces|oil|fresh mushrooms|celery|dry white wine|carrot|onion|garlic clove|bay leaf|fresh parsley|thyme
1075,Cream Cheese Chicken Cordon Bleu,French,main-dish,,intermediate,medium,moderate,chicken breasts|deli ham|swiss cheese|cream cheese|salt|egg|saltine crackers|vegetable oil|water
1076,French Chicken In Vinegar Sauce,French,main-dish,dairy-free,intermediate,low,moderate,olive oil flavored cooking spray|onions|boneless skinless chicken thighs|dry white wine|fat-free chicken broth|catsup|balsamic vinegar|fresh tarragon|salt|crushed red pepper flakes|black pepper
1077,Herbed Seafood Crepes With Mornay Sauce,French,main-dish,pescatarian,advanced,medium,moderate,flour|salt|egg|milk|butter|fresh herbs|egg yolk|cream|nutmeg|white pepper|parmesan cheese|gruyere|cooked shrimp
1078,Lamb Leg Steak With Maple Chevre Shiitake Sauce,French,main-dish,,intermediate,high,moderate,lamb leg steaks|shiitake mushrooms|chevre cheese|maple syrup|capers|olive oil|rosemary|salt and pepper|flour|dry white wine
1079,Le Tian,French,main-dish,vegetarian|pescatarian,advanced,low,moderate,garlic|eggplants|onions|tomatoes|extra virgin olive oil|salt|mozzarella cheese|fresh thyme leaves|fresh thyme sprig
1080,Oregano Lamb Steaks With Lemon Olive Oil And Feta Cheese Mash,French,main-dish,,intermediate,medium,moderate,oregano sprig|spring onions|olive oil|salt & freshly ground black pepper|feta cheese|lemons|lamb leg steaks|pita breads
1081,Paupiettes De Porc French Stuffed Pork Fillet Parcels,French,main-dish,dairy-free,advanced,medium,moderate,pork escalopes|salt|pepper|pork sausage|onion|mixed herbs|olive oil|shallots|plain flour|sun-dried tomato paste|sweet white wine|fresh mushrooms|dried orange peel|bay leaf|parsley|thyme|sage leaf|string
1082,Pissaladiere Ii,French,main-dish,vegetarian|pescatarian,intermediate,medium,moderate,pastry dough|olive oil|onions|garlic clove|salt|fresh basil|eggs|milk|dry mustard|white flour|parmesan cheese|mozzarella cheese|black olives|tomatoes
1083,Poached Cod With Lemon Butter Sauce,French,main-dish,pescatarian,intermediate,low,moderate,"cod fish fillets|milk|water|bay leaf|fresh parsley|peppercorns|cloves|unsalted butter|garlic|shallots|lemon, juice of|salt & freshly ground black pepper"
1084,Rack Of Lamb Dijon,French,main-dish,,intermediate,medium,moderate,rack of lamb|white pepper|salt|dijon mustard|breadcrumbs|garlic|shallot|butter
1085,Roast Chicken With Ginger Macaroni And Caramelized Tomatoes,French,main-dish,vegetarian|vegan|pescatarian|dairy-free,advanced,high,moderate,"roasting chickens|salt and pepper|fresh ginger|olive oil|lemon, juice of|white wine|elbow macaroni|garlic cloves|tomatoes|basil leaves"
1086,Seared Scallops With Herb Butter Sauce,French,main-dish,pescatarian,advanced,medium,moderate,large scallop|unsalted butter|shallots|dry white wine|flat leaf parsley|fresh chives|lemon zest|kosher salt|fresh ground black pepper|extra virgin olive oil|lemon wedges
1087,Souffle De Tomate Tomato Souffle,French,main-dish,vegetarian|pescatarian|dairy-free,beginner,low,moderate,tomatoes|egg yolks|breadcrumbs|chives|egg whites
1088,Steak Served On Parmesan Toasts With Sour Cream Onion Garlic Sau,French,main-dish,vegetarian|pescatarian,advanced,high,moderate,new york strip steaks|french bread|parmesan cheese|unsalted butter|green onions with tops|garlic clove|sour cream|worcestershire sauce|frank's red hot sauce
1089,Tarragon Chicken,French,main-dish,,intermediate,low,moderate,boneless skinless chicken breasts|shallots|butter|oil|sour cream|fresh tarragon|salt and pepper
1090,Trout Amandine,French,main-dish,pescatarian,intermediate,high,moderate,salt|pepper|trout|eggs|half-and-half|flour|slivered almonds|butter|lemon juice|tarragon|olive oil
1091,Alsace Onion Flan,French,main-dish,vegetarian|pescatarian,intermediate,medium,moderate,shortcrust pastry|onion|unsalted butter|bay leaf|eggs|nutmeg|double cream|milk|salt & freshly ground black pepper
1092,Bavette Flap Steak With Beurre Rouge Roasted Potatoes,French,main-dish,,advanced,high,moderate,yukon gold potatoes|olive oil|salt and pepper|rosemary|red wine|low sodium beef broth|shallot|bay leaf|steak|unsalted butter
1093,Brandy Cream Shrimp,French,main-dish,,intermediate,high,moderate,chicken broth|shallots|whipping cream|brandy|unsalted butter|lemon juice|white pepper|large shrimp|vegetable oil|fresh chives
1094,Chicken French Crpes,French,main-dish,,advanced,medium,moderate,flour|salt|eggs|milk|oil|butter|onion|mushroom|cooked chicken|swiss cheese|cream|parsley|salt and black pepper
1095,Chicken In Beer,French,main-dish,,intermediate,high,moderate,chicken|butter|oil|shallots|mushrooms|lager beer|gin|salt and pepper|single cream|guinness stout|fresh parsley
1096,Chicken In Mustard Sauce,French,main-dish,,advanced,low,moderate,boneless skinned chicken breasts|vegetable oil|dry white wine|whipping cream|dijon mustard|lemon juice|salt|pepper|dried tarragon|ground red pepper
1097,Classic Cheese Souffle Julia Child,French,main-dish,vegetarian|pescatarian,advanced,medium,moderate,parmesan cheese|milk|unsalted butter|all-purpose flour|paprika|salt|ground nutmeg|egg yolks|egg whites|gruyere cheese
1098,Coq Au Vin,French,main-dish,dairy-free,advanced,medium,moderate,bacon|chicken breasts|chicken thighs|chicken legs|flour|salt and pepper|garlic|white pearl onions|small mushrooms|carrots|cognac|burgundy wine|chicken broth|fresh thyme|herbes de provence|bay leaves|fresh parsley
1099,Coquilles St Jacques,French,main-dish,pescatarian,advanced,medium,moderate,sea scallops|onions|butter|lemon juice|salt|marjoram leaves|paprika|dry white wine|mushrooms|flour|whipping cream|parsley|breadcrumbs
1100,Creole Cabbage,French,main-dish,,beginner,low,moderate,ground beef|onion|green bell pepper|garlic cloves|butter|tomatoes|rotel tomatoes|tomato sauce|cabbage|salt and pepper
1101,D Arabian S Roasted Garlic Clove Chicken Thighs,French,main-dish,,advanced,medium,moderate,"chicken thighs|kosher salt|fresh ground black pepper|garlic|olive oil|butter|herbes de provence|flour|chicken stock|lemon, juice of|bread"
1102,Delicious Chicken Fricassee,French,main-dish,,intermediate,low,moderate,skinless chicken|mushroom|onion|garlic|white wine|chicken broth|cornstarch|celery salt|white pepper|marjoram|thyme|nonfat sour cream|fresh parsley
1103,Dinner Party Chicken,French,main-dish,,beginner,medium,moderate,boneless skinless chicken breast halves|olive oil|brie cheese|apricot preserves|sliced almonds
1104,Elegant Beef Blue,French,main-dish,,advanced,medium,moderate,beef tenderloin steaks|asparagus|fresh thyme|salt|pepper|butter|olive oil|dry white wine|beef consomme|half-and-half|blue cheese
1105,French Style Boeuf Bourguignon Cottage Shepherd S Pie,French,main-dish,,intermediate,medium,moderate,beef|potatoes|french dijon mustard|creme fraiche|salt|black pepper|butter|tomatoes|parsley|sharp cheddar cheese
1106,Garlic Frog S Legs,French,main-dish,vegetarian|pescatarian,intermediate,low,moderate,"frog's legs|all-purpose flour|butter|corn oil|garlic butter|salt|pepper|lemon, juice of|flat leaf parsley|lemon slice"
1107,Gratin Of Potatoes Ham Eggs Onions Julia Child,French,main-dish,,advanced,medium,moderate,onion|olive oil|butter|cooked ham|eggs|garlic clove|parsley|swiss cheese|whipping cream|pepper|salt|potatoes
1108,Hunters Chicken Chasseur,French,main-dish,,advanced,medium,moderate,chicken breast halves|salt and pepper|olive oil|white button mushrooms|green onion|apple juice concentrate|dry white wine|chicken broth|diced tomato|unsalted butter|fresh parsley|fresh tarragon
1109,Julia Child Supremes De Volaille Aux Champignons Chicken Breast,French,main-dish,,advanced,medium,moderate,boneless skinless chicken breasts|lemon juice|salt|white pepper|butter|shallots|fresh mushrooms|stock|port wine|whipping cream|salt and pepper|parsley
1110,Julia Child S Casserole Sauteed Pork Chops,French,main-dish,,advanced,high,moderate,pork chops|pork fat|butter|garlic cloves|dry white wine
1111,Julia Child S Roast Chicken,French,main-dish,,advanced,high,moderate,roasting chickens|salt|butter|carrot|onion|cooking oil|shallots|chicken stock
1112,Leek And Sun Dried Tomato Frittata,French,main-dish,vegetarian|pescatarian|dairy-free,intermediate,low,moderate,olive oil|leeks|sun-dried tomatoes|fresh parsley|eggs|salt and pepper|parsley
1113,Lentils Du Puy And Bacon Salad,French,main-dish,dairy-free,advanced,medium,moderate,bacon|onion|carrot|water|lentils|fresh thyme|olive oil|red wine vinegar|dijon mustard|red onion|celery|fresh flat-leaf parsley
1114,Mussels Sailor Style Moules Mariniere,French,main-dish,pescatarian,advanced,medium,moderate,fresh mussels|butter|shallots|garlic cloves|dry white wine|bouquet garni|salt & freshly ground black pepper|parsley
1115,Poulet La Bire Chicken In Beer,French,main-dish,,intermediate,low,moderate,plain flour|salt & freshly ground black pepper|chicken quarters|onions|carrots|celery ribs|butter|olive oil|ale|garlic clove|bouquet garni|heavy cream
1116,Rabbit In Mustard Sauce,French,main-dish,,advanced,high,moderate,rabbit|salt|pepper|mustard|olive oil|onions|bacon|flour|chicken stock|white wine|fresh thyme leaves|single cream|dijon mustard|thyme
1117,Rosemary Chicken With Mushroom Sauce,French,main-dish,,intermediate,medium,moderate,boneless skinless chicken breasts|olive oil|dried rosemary|salt|pepper|condensed cream of mushroom soup|milk|sherry wine
1118,Sacr Boeuf Sirloin Steak Topped With Mustard Herb Butter,French,main-dish,vegetarian|pescatarian,intermediate,high,moderate,sirloin steaks|salted butter|parsley|chervil|tarragon|dijon mustard|cayenne pepper
1119,Steak Hache Avec Oeufs A Cheval Hamburgers W Eggs On Horseback,French,main-dish,pescatarian,intermediate,medium,moderate,ground sirloin|butter|eggs|anchovy fillets|capers|parsley|salt & freshly ground black pepper
1120,Tournedos Au Poivre Et Champignons Filet Au Poivre W Mushrooms,French,main-dish,vegetarian|pescatarian,intermediate,low,moderate,filet mignon|peppercorn|butter|cognac|salt|whipping cream|mushroom|parsley
1121,Veal Or Chicken Stew With Herbs Barley,French,main-dish,,beginner,low,moderate,butter|stewing veal|leek|garlic|barley|water|red wine vinegar|bay leaves|salt and pepper|sage leaves
1122,Ww Cheese Souffle,French,main-dish,vegetarian|pescatarian,advanced,low,moderate,flour|low-fat milk|reduced-fat cheddar cheese|salt|cayenne|eggs|egg whites
1123,Alsatian Quiche,French,main-dish,,intermediate,high,moderate,eggs|heavy cream|sweet onion|bacon|parmesan cheese|butter|pastry dough
1124,Artichoke Hearts Green Peas And Mushrooms In A Lemon Sauce,French,main-dish,vegetarian|vegan|pescatarian|dairy-free,intermediate,low,moderate,frozen artichoke hearts|fresh lemon juice|olive oil|brown button mushrooms|green peas|vegetable broth|salt|fresh ground black pepper
1125,Chicken Breasts And Tarragon En Papillote France,French,main-dish,dairy-free,intermediate,low,moderate,tomatoes|boneless skinless chicken breasts|fresh tarragon leaves|olive oil|lemon|salt|pepper|cayenne|dijon mustard
1126,Chicken In Riesling Coq Au Vin Blanc,French,main-dish,vegetarian|pescatarian,advanced,high,moderate,whole chickens|olive oil|unsalted butter|leeks|shallots|carrots|dry white wine|small red potato|flat leaf parsley|heavy cream|lemon juice|sea salt|fresh ground black pepper
1127,Chicken With Blue Cheese,French,main-dish,,intermediate,high,moderate,chicken breast fillet|olive oil|creme fraiche|blue cheese|brandy|dill|salt|white pepper
1128,Chicken With White Wine Garlic,French,main-dish,,advanced,medium,moderate,boneless skinless chicken breasts|dry white wine|dried parsley|dry basil|dry oregano|olive oil|fresh lemon|butter|fresh garlic|salt
1129,Coq Au Vin By Julia Child,French,main-dish,dairy-free,advanced,high,moderate,lardons|olive oil|frying chickens|cognac|salt and pepper|bay leaf|thyme|white onions|flour|red wine|chicken stock|garlic|tomato paste|fresh mushrooms
1130,Creamy Ham And Cheese Quiche,French,main-dish,,beginner,medium,moderate,cream of mushroom soup|eggs|ham|green pepper|cheddar cheese|salt and pepper|unbaked pastry shell
1131,Dad S Favorite French Onion Soup,French,main-dish,,intermediate,low,moderate,butter|onion|salt and pepper|ground mustard|flour|beef stock|white wine|french bread|swiss cheese|parmesan cheese
1132,Djedj Mechoui Algerian Poulet Roti Roast Chicken,French,main-dish,vegetarian|pescatarian,advanced,medium,moderate,roasting chickens|lemons|garlic cloves|unsalted butter|seasoning|coarse salt|fresh ground pepper|olive oil|thyme
1133,Drop Dead Gorgeous Garlic Studded Roast Leg Of Lamb,French,main-dish,dairy-free,intermediate,high,moderate,"leg of lamb|garlic|fresh rosemary|olive oil|lemon, juice of|salt|black pepper|english mustard powder"
1134,Easy Quiche Made With Yogurt,French,main-dish,,advanced,medium,moderate,deep dish pie shells|eggs|plain yogurt|swiss cheese|bacon|onions|butter|salt|pepper|nutmeg|cheddar cheese
1135,Fish En Papillote,French,main-dish,pescatarian,advanced,low,moderate,parchment paper|extra virgin olive oil|white fish fillets|kosher salt|fresh ground black pepper|dry white wine|lemon slices|lemon|butter|dill|asparagus spears
1136,Fish Soup Provencale,French,main-dish,pescatarian|dairy-free,intermediate,medium,moderate,fish fillet|olive oil|onion|leek|garlic|red bell pepper|green bell pepper|saffron thread|dry white wine|tomatoes|water|thyme|bay leaf|anise seed|red pepper flakes|salt & fresh ground pepper|mussels|fresh basil
1137,Florentine Quiche,French,main-dish,,intermediate,high,moderate,eggs|heavy whipping cream|frozen chopped spinach|parmesan cheese|swiss cheese|cooked ham|salt
1138,French Creole Cod,French,main-dish,pescatarian|dairy-free,intermediate,low,moderate,cod|olive oil|dijon mustard|salt|creole seasoning|lemon juice|fresh parsley
1139,French Herbed Chicken,French,main-dish,vegetarian|vegan|pescatarian|dairy-free,intermediate,medium,moderate,roasting chickens|oil|salt|pepper|carrot|garlic clove|onion|parsley|dried thyme|mushrooms|sauterne white wine|celery|bay leaf
1140,From Julia Child My Husband S Favorite Coq Au Vin,French,main-dish,dairy-free,advanced,high,moderate,chicken thighs|chicken drumsticks|salt and pepper|all-purpose flour|cooking oil|onions|red wine|beef stock|tomato paste|thyme|bay leaf|garlic|parsley
1141,Garden Chicken Supreme,French,main-dish,dairy-free,intermediate,medium,moderate,boneless skinless chicken breasts|herbes de provence|garlic|onions|courgettes|red pepper|green pepper|yellow pepper|olive oil|chopped tomatoes|salt and black pepper|fresh parsley|basil leaves
1142,Grill Pork With Rosemary And Lavender,French,main-dish,dairy-free,intermediate,low,moderate,pork loin|kosher salt|fresh coarse ground black pepper|dried lavender flowers|fresh thyme leaves|fresh rosemary leaf|garlic cloves|fresh lemon juice|extra virgin olive oil
1143,Pasta Escargot,French,main-dish,vegetarian|pescatarian,beginner,high,moderate,butter|shallots|garlic clove|snails|dry wine|heavy cream|sour cream|parmesan cheese|spaghetti|fresh parsley|fresh ground black pepper
1144,Pork Chops With Cherry Pan Sauce,French,main-dish,,advanced,high,moderate,"extra virgin olive oil|butter|boneless pork loin chops|flour|salt and pepper|fresh thyme|shallot|cherries in syrup|lemon, zest of|cornstarch"
1145,Pot Roast Provencal,French,main-dish,dairy-free,intermediate,high,moderate,boneless chuck roast|flour|olive oil|tiny new potatoes|baby carrots|garlic cloves|tomato paste|fresh rosemary|fresh marjoram|fresh thyme|dry red wine|beef stock
1146,Sole Florentine Aux Champignons,French,main-dish,,advanced,low,moderate,fresh spinach|sole fillet|old bay seasoning|olive oil|green onions|garlic clove|mushrooms|salt|chicken broth|flour|light cream|parmesan cheese
1147,Steak Au Poivre Peppered Steaks With Cognac Cream Sauce,French,main-dish,,advanced,high,moderate,heavy cream|beef bouillon|lemon juice|marsala wine|salt|cognac|olive oil|butter|sirloin steaks|peppercorns|garlic salt|french bread
1148,Swiss Fondue With 4 Cheeses An Authentic Recipe,French,main-dish,vegetarian|pescatarian,advanced,high,moderate,french baguettes|gruyere cheese|emmenthaler cheese|jarlsberg cheese|appenzeller cheese|dry white wine|garlic cloves|kirschwasser|cornstarch|nutmeg
1149,Tomato And Camembert Tart,French,main-dish,vegetarian|pescatarian,advanced,low,moderate,flour|unsalted butter|salt|fresh coarse ground black pepper|extra virgin olive oil|water|dijon mustard|gruyere cheese|plum tomatoes|camembert cheese|fresh parsley|fresh basil|fresh rosemary|fresh thyme leave|bay leaf|garlic cloves
1150,Veal Scaloppine With Marsala For Two,French,main-dish,,intermediate,low,moderate,fresh mushrooms|green onion|butter|veal steak|salt|pepper|dry marsala|chicken broth|parsley
1151,Chicken Schnitzel,German,main-dish,,advanced,medium,moderate,eggs|garlic|fresh parsley|coarse salt|ground pepper|fresh breadcrumb|parmesan cheese|chicken cutlets|olive oil|butter|dry white wine|chicken broth|fresh lemon juice
1152,Mac S Meatloaf,German,main-dish,,beginner,low,moderate,ground beef|onion|egg|salt|pepper|green pepper|condensed golden mushroom soup|seasoned stuffing mix|evaporated milk
1153,Sue S Reuben Sandwich,German,main-dish,,intermediate,high,moderate,corned beef|swiss cheese|rye bread|sauerkraut|thousand island dressing|butter|juniper berries
1154,Beef Rouladen,German,main-dish,dairy-free,advanced,medium,moderate,dijon mustard|top round steaks|salt and pepper|bacon|onion|dill pickles|cooking oil|beef broth|flour|water|fresh parsley
1155,Bratwurst Potato Skillet Dinner,German,main-dish,vegetarian|vegan|pescatarian|dairy-free,intermediate,high,moderate,extra virgin olive oil|potatoes|bratwursts|red onion|red pepper|yellow pepper|teriyaki sauce|orange juice|dried basil|black pepper
1156,Hot Sausage And Mozzarella Roll,German,main-dish,,intermediate,medium,moderate,pizza dough|italian sausage|onion|mozzarella cheese|parmesan cheese|fresh parsley|egg|water|sesame seeds
1157,Rindergulasch German Beef Goulash,German,main-dish,,intermediate,low,moderate,onion|fresh garlic|bacon|beef shoulder|butter|sweet hungarian paprika|tomato paste|beef broth|lemon|red bell pepper|green bell pepper|fresh marjoram|salt|black pepper|egg noodles
1158,Sausage And Sauerkraut Pot,German,main-dish,dairy-free,beginner,high,moderate,onions|margarine|sauerkraut|apple juice|water|caraway seed|salt|black pepper|brown sugar|smoked sausage
1159,Grilled Bratwurst Supper,German,main-dish,vegetarian|pescatarian,intermediate,high,moderate,bratwursts|red potatoes|baby carrots|red onion|fresh mushrooms|garlic clove|butter|onion soup mix|light soy sauce|fresh ground pepper|cooked rice
1160,German Onion Pie Zweibelkuchen,German,main-dish,,advanced,low,moderate,bacon|yellow onions|eggs|sour cream|flour|salt|fresh ground black pepper|unbaked 9-inch pie shell
1161,German Pancakes From The Mennonite Treasury Of Recipes,German,main-dish,vegetarian|pescatarian,beginner,low,moderate,flour|salt|eggs|milk
1162,Rouladen,German,main-dish,dairy-free,advanced,medium,moderate,london broil beef|dill pickle|onion|bacon|carrots|yellow mustard|seeds|toothpick|water|flour|salt and pepper
1163,Easy German Beef Roulade,German,main-dish,dairy-free,advanced,low,moderate,beef flank steak|german mustard|bacon|onion|dill pickle|flour|beef broth
1164,Octoberfest Kielbasa And Potato Pizza With Muenster Cheese 5Fix,German,main-dish,vegetarian|pescatarian,intermediate,low,moderate,pillsbury refrigerated classic pizza crust|kielbasa|simply potatoes traditional mashed potatoes|sauerkraut|muenster cheese
1165,Pan Fried Chicken Schnitzel Style,German,main-dish,,intermediate,medium,moderate,boneless chicken breasts|breadcrumbs|all-purpose flour|eggs|milk|dried herbs|salt & freshly ground black pepper|olive oil|fresh lemon
1166,Bavarian Pork Tenderloin Stew,German,main-dish,,advanced,medium,moderate,pork tenderloin|butter|onion|garlic clove|chicken broth|cider vinegar|sugar|salt|dried thyme leaves|mushroom|new potatoes|carrot|celery|half-and-half|flour|light sour cream
1167,Beef Rolls Rindsrouladen,German,main-dish,dairy-free,advanced,low,moderate,beef top round steak|salt and pepper|prepared mustard|onions|bacon|dill pickle|vegetable shortening|tomato paste|beef stock|flour|dry red wine
1168,German Meatballs,German,main-dish,dairy-free,beginner,medium,moderate,hamburger|salt|pepper|paprika|garlic clove|onion|oatmeal|egg|bacon|breadcrumbs|oil
1169,Ham And Au Gratin Potatoes,German,main-dish,,beginner,low,moderate,potatoes|onion|ham|american cheese|cream of mushroom soup|milk|thyme
1170,Jgerschnitzel Pork Or Veal Cutlets In Mushroom Gravy,German,main-dish,,advanced,medium,moderate,boneless pork|eggs|breadcrumbs|flour|oil|bacon|onion|mushroom|tomato paste|water|dry wine|thyme|paprika|salt|pepper|parsley|sour cream
1171,Beer Brats With Onions And Peppers,German,main-dish,vegetarian|vegan|pescatarian|dairy-free,intermediate,high,moderate,bratwursts|beer|onion|hot pepper|olive oil|hot dog bun|mustard
1172,Bavarian Pork Loin,German,main-dish,,intermediate,high,moderate,pork loin|onions|apples|honey|caraway seeds|apple butter|dijon mustard|garlic salt
1173,Beef Steak In Beer,German,main-dish,vegetarian|pescatarian,intermediate,high,moderate,steak|onion|mushrooms|beer|nonfat sour cream
1174,Classic German Burgers,German,main-dish,,intermediate,low,moderate,lean ground beef|onion|fresh parsley|egg|salt|pepper|ground nutmeg|flour|butter
1175,Maureen S Chicken Schnitzel Lite,German,main-dish,,advanced,low,moderate,boneless skinless chicken breast halves|salt & freshly ground black pepper|flour|dijon mustard|egg|breadcrumbs|fresh parmesan cheese|fresh parsley|fresh chives|garlic clove|olive oil|lemon wedges
1176,Sauerbraten Meatballs Sauerbraten Klopse,German,main-dish,,intermediate,high,moderate,lean ground beef|milk|dry breadcrumbs|ground cloves|ground allspice|salt|pepper|vegetable oil|water|cider vinegar|ground ginger|bay leaf|brown sugar|unbleached flour
1177,Venison Jaeger Schnitzel Hunter S Cutlets,German,main-dish,,advanced,medium,moderate,butter|shallot|button mushrooms|beef stock|all-purpose flour|season salt|cracked black pepper|salt|venison steak|eggs|dry breadcrumbs|canola oil|lemon juice|parsley|lemon wedge
1178,Bierochen German Cabbage Burgers,German,main-dish,,intermediate,high,moderate,ground beef|onion|butter|frozen dinner rolls|cabbage|salt and pepper
1179,Marion S Chicken In Honey Mustard Marinade,German,main-dish,dairy-free,beginner,low,moderate,boneless skinless chicken breasts|dijon mustard|honey|fresh dill|orange zest
1180,Bavarian Restaurant Beer Cheese Soup,German,main-dish,,intermediate,high,moderate,butter|cheddar cheese|celery|beer|onions|garlic salt|carrot|white pepper|flour|chicken stock
1181,Dark Beer Marinated Bbq Chicken Biermarinierten Huhn,German,main-dish,dairy-free,intermediate,high,moderate,peanut oil|german mustard|dark beer|lemon juice|garlic cloves|salt|black pepper|fresh basil|fresh thyme leave|chicken parts|nonstick cooking spray
1182,Geschnetzeltes Chicken In Cream Sauce,German,main-dish,,intermediate,medium,moderate,boneless skinless chicken breast|butter|shallots|dry white wine|button mushrooms|light cream|dried tarragon|salt and pepper
1183,Goulash Soup German,German,main-dish,dairy-free,intermediate,low,moderate,lean stew meat|onions|garlic clove|sweet hungarian paprika|marjoram|water|flour|beef broth|tomato paste|green bell pepper|red bell pepper|potatoes|fresh parsley|salt|pepper
1184,My Big Brother S Bratwurst Wraps,German,main-dish,vegetarian|pescatarian,intermediate,high,moderate,bratwursts|beer|sauerkraut|flour tortillas|honey dijon mustard|swiss cheese
1185,Octoberfest Bratwurst And Sauerkraut Skillet,German,main-dish,,advanced,medium,moderate,bacon|butter|onion|garlic cloves|sauerkraut|potatoes|water|apple cider|brown sugar|instant chicken bouillon granules|caraway seed|bay leaf|bratwurst|apples
1186,Pork Cutlets,German,main-dish,,intermediate,medium,moderate,boneless pork cutlets|flour|seasoning salt|pepper|eggs|milk|breadcrumbs|paprika|vegetable shortening|dried dill|chicken broth|sour cream
1187,Pork Schnitzel With Lemon Caper Cream,German,main-dish,,advanced,medium,moderate,"pork tenderloin|lemon, juice of|all-purpose flour|poultry seasoning|eggs|dijon-style mustard|italian breadcrumbs|canola oil|unsalted butter|shallots|dry white wine|chicken broth|heavy cream|lemon curd|small caper"
1188,Savory Sausage Salad Aka Wurstsalat,German,main-dish,dairy-free,beginner,high,moderate,olive oil|red wine vinegar|german mustard|beef stock|sugar|salt|cracked black pepper|bratwursts|sweet onion|hard-boiled eggs|sour dill pickle
1189,Schweinebraten German Style Roast Pork,German,main-dish,,advanced,high,moderate,pork shoulder|caraway seeds|salt|ground pepper|cooking oil|onions|carrots|water|flour|butter|marjoram
1190,Sloppy Ottos German Version Of Sloppy Joes,German,main-dish,,beginner,low,moderate,ground beef|onion|salt and pepper|sauerkraut|sour cream
1191,Berta S Chops Sauerkraut,German,main-dish,dairy-free,intermediate,medium,moderate,pork chops|brown sugar|onion|sauerkraut|oil
1192,Chicken Cream Goulash,German,main-dish,,advanced,medium,moderate,boneless skinless chicken breast|onion|mushroom|oil|roasted red pepper|paprika|chili powder|beef broth|sour cream|flour|salt
1193,German Style Pork Chops With Mushrooms,German,main-dish,dairy-free,advanced,medium,moderate,onion|mushroom|flour|thyme|salt|pepper|pork chops|vegetable oil|garlic cloves|dark beer|chicken broth
1194,Gypsy Schnitzel,German,main-dish,,advanced,low,moderate,veal scallopini|salt and pepper|egg|dry breadcrumbs|vegetable oil|margarine|onions|green bell peppers|red bell peppers|beef broth|mushroom|whipping cream|flour
1195,Kummel Klops German Meatballs,German,main-dish,,intermediate,low,moderate,ground beef|salt and pepper|poultry seasoning|dried dill|fine dry breadcrumb|milk|parsley|egg|beef broth|sliced mushrooms|onion|sour cream|flour
1196,Altdeutscher Sauerkraut Kuchen German Sauerkraut Pie,German,main-dish,,intermediate,medium,moderate,bacon|onion|caraway seed|sauerkraut|sour cream|eggs|hard cheese|pastry dough
1197,Frikadellen German Meat Patties,German,main-dish,dairy-free,beginner,low,moderate,white bread|ground beef|onion|eggs|mustard|vegetables|fresh parsley|pepper|olive oil
1198,Gypsy Schnitzel Zigeunerschnitzel,German,main-dish,dairy-free,advanced,medium,moderate,pork steaks|egg|breadcrumbs|oil|onion|red bell pepper|mushrooms|water|chicken bouillon cube|cornstarch|salt and pepper|sweet paprika|chili powder
1199,Jaegerschnitzel,German,main-dish,,intermediate,medium,moderate,veal cutlet|eggs|salt & pepper|breadcrumbs|oil|bacon|onions|mushrooms|tomato paste|water|dry red wine|dried thyme|salt|pepper|paprika|parsley|sour cream
1200,Kohlsuppe Cabbage Soup,German,main-dish,,intermediate,low,moderate,cabbage|chicken broth|bacon|onion|potatoes|salt and pepper|sour cream
1201,Kraut Kuchen,German,main-dish,vegetarian|vegan|pescatarian|dairy-free,intermediate,low,moderate,ground chuck|onion|cabbage|hot roll mix|salt|pepper
1202,Mom S Rouladen,German,main-dish,,advanced,low,moderate,beef cutlets|dijon mustard|salt|black pepper|dill pickles|bacon|onion|vegetable oil|beef broth|peppercorns|bay leaf|cornstarch|cold water|sour cream
1203,Spiessbraten Idar Oberstein Style,German,main-dish,dairy-free,intermediate,medium,moderate,pork tenderloin|yellow onion|garlic clove|salt|black pepper
1204,Bacon Onion Spaetzle,German,main-dish,,intermediate,medium,moderate,all-purpose flour|salt|ground nutmeg|eggs|milk|smoked bacon|yellow onion|olive oil|fresh parsley leaves|salt & freshly ground black pepper
1205,Cheesy Smoked Sausage Sauerkraut Casserole,German,main-dish,,intermediate,low,moderate,sausage links|brown sugar|german mustard|caraway seed|dill weed|sauerkraut|green bell pepper|swiss cheese
1206,Elena S Eintopt,German,main-dish,dairy-free,intermediate,low,moderate,water|carrot|celery|onion|smoked sausage|potatoes|frozen french-cut green beans|salt|pepper|maggi seasoning
1207,German Beef Rouladens,German,main-dish,dairy-free,advanced,medium,moderate,beef round steak|all-purpose flour|salt and pepper|onion|bacon|vegetable oil|dry red wine|water
1208,German Jaeger Schnitzel,German,main-dish,,intermediate,medium,moderate,pork fillets|salt and pepper|cooked ham|mixed mushrooms|oil|parsley|sherry wine|meat broth|cream|onion
1209,Linsensuppe German Lentil Soup With Frankfurter Slices,German,main-dish,dairy-free,intermediate,medium,moderate,brown lentils|vegetable oil|onion|leek|carrot|celery ribs|lean bacon|bay leaves|water|fresh parsley|frankfurters|salt & freshly ground black pepper
1210,Low Cost German Pork Schnitzel,German,main-dish,,advanced,medium,moderate,pork chops|flour|eggs|milk|breadcrumbs|salt|pepper|paprika|butter|lemon slices
1211,Meatballs In Caper Sauce Konigsberger Klopse,German,main-dish,,advanced,low,moderate,"bread cubes|milk|lean meat|onion|eggs|anchovy fillets|salt and pepper|beef bouillon|butter|flour|lemon, juice of|capers"
1212,Pork Bavarian,German,main-dish,,beginner,medium,moderate,butter|pork chops|all-purpose flour|mushroom|thyme|beer
1213,Wienerschnitzel Breaded Veal Cutlets,German,main-dish,dairy-free,advanced,medium,moderate,veal cutlets|lemon|salt|all-purpose flour|eggs|water|vegetable oil|fine dry breadcrumb|vegetable shortening
1214,Zrazy Zawijane Polish Beef Roulade In Sour Cream Sauce,German,main-dish,,advanced,high,moderate,unsalted butter|vegetable oil|onions|mushrooms|soft breadcrumbs|salt|pepper|top round steaks|dijon mustard|flour|beef stock|sour cream
1215,Authentic Schweinebraten German Pork Roast Bavarian Style,German,main-dish,dairy-free,advanced,medium,moderate,pork roast|dijon mustard|caraway seed|onion powder|garlic powder|ground paprika|celery powder|salt|pepper|olive oil|onions|carrots|leek|vegetable broth
1216,Beer Brats,German,main-dish,vegetarian|vegan|pescatarian|dairy-free,advanced,medium,moderate,beer|bratwursts|yellow mustard|stone ground mustard|worcestershire sauce|brown sugar|onion|sauerkraut|red bell pepper|hot dog buns
1217,Buried Ham,German,main-dish,,intermediate,medium,moderate,macaroni|ham|egg yolks|cheese|sour cream|salt and pepper
1218,Cauliflower With Ham,German,main-dish,,intermediate,medium,moderate,cauliflower|black forest ham|egg yolks|sour cream|heavy cream|nutmeg|salt|ground black pepper|fine dry breadcrumb|parmesan cheese|unsalted butter
1219,Cod With Onions And Chives Kabeljau Mit Schnittlauch Zwiebeln,German,main-dish,pescatarian|dairy-free,beginner,low,moderate,cod fish fillets|onions|chives|oil|white wine|lemon juice|salt
1220,Fish Cakes With Herbed Sauce German,German,main-dish,pescatarian,advanced,low,moderate,potatoes|onion|white fish fillets|fish fillets|flour|canola oil|salt & freshly ground black pepper|mixed herbs|quark|milk|mayonnaise|mustard|lemon juice|eggs
1221,German Applesauce Meatloaf,German,main-dish,dairy-free,intermediate,medium,moderate,hamburger|ground pork|onion|applesauce|breadcrumbs|ketchup|salt|pepper
1222,German Chicken Creamy Corn,German,main-dish,dairy-free,beginner,high,moderate,chicken breasts|bacon|mushrooms|corn kernels|lemon juice|creme fraiche|salt|pepper|olive oil|water
1223,German Style Breaded Cutlets With Swiss Cheese,German,main-dish,,advanced,medium,moderate,boneless skinless chicken breast halves|flour|parmesan cheese|egg|fresh parsley|salt|pepper|nutmeg|milk|sweet unsalted butter|lemon|cheese
1224,Ham Steaks With Hazelnut Butter Schinkensteaks Mit Haselnussbu,German,main-dish,,intermediate,low,moderate,ham steaks|hazelnuts|butter|sweet cream|meat stock|breadcrumbs
1225,Honey Mustard Kielbasa And Potatoes,German,main-dish,vegetarian|vegan|pescatarian|dairy-free,beginner,high,moderate,white wine|honey mustard|brown sugar|kielbasa|potatoes|onion|parsley
1226,Jger Kohl Hunter S Cabbage,German,main-dish,,intermediate,high,moderate,kielbasa|bacon|potatoes|head of cabbage|flour|salt & pepper|cider vinegar|sour cream|caraway seed
1227,Jagerschnitzel With Bacon Mushroom Gravy,German,main-dish,,advanced,high,moderate,pork loin|all-purpose flour|salt|fresh ground black pepper|granulated garlic|paprika|egg|milk|mustard|unsalted cracker|panko breadcrumbs|bacon|yellow onion|button mushrooms|red wine|olive oil|beef stock|unsalted butter|fresh italian parsley
1228,Pork And Beer Stew German,German,main-dish,dairy-free,intermediate,medium,moderate,pork|canola oil|onion|garlic cloves|carrots|button mushrooms|ground allspice|bay leaf|cinnamon stick|dark beer|rye bread|salt & freshly ground black pepper|fresh parsley
1229,Baked Chicken German Style,German,main-dish,,intermediate,medium,moderate,butter|flour|chicken broth|milk|fresh lemon juice|salt|pepper|nutmeg|egg noodles|cooked chicken|parmesan cheese|paprika
1230,Baked German Pork Chops,German,main-dish,,intermediate,medium,moderate,pork chops|garlic clove|onion|caraway seed|sweet hungarian paprika|salt|pepper|dry white wine|sour cream
1231,Baked Spareribs With Sauerkraut And Apples,German,main-dish,vegetarian|vegan|pescatarian|dairy-free,intermediate,high,moderate,spareribs|salt|pepper|sauerkraut|brown sugar|tart apples|onion|water
1232,Bavarian Chops,German,main-dish,,intermediate,low,moderate,boneless pork chops|flour|butter|green onion|garlic cloves|mushrooms|thyme|beer|salt|fresh ground black pepper|noodles|fresh parsley
1233,Beer Braised Bratwurst With Sauerkraut,German,main-dish,dairy-free,intermediate,high,moderate,beer|chicken broth|bratwursts|bacon|onions|sauerkraut|caraway seed|carrots|granny smith apples
1234,Brats With Glazed Red Onions,German,main-dish,vegetarian|vegan|pescatarian|dairy-free,intermediate,medium,moderate,olive oil|balsamic vinegar|thyme|kosher salt|fresh ground pepper|red onions|bratwursts|hot dog buns|mustard
1235,Bratwurst Brandenburg Art Bratwurst Brandenburg Style,German,main-dish,vegetarian|pescatarian,advanced,high,moderate,bratwursts|butter|beer|salt and pepper|flour|onions|bay leaves|parsley
1236,Corn Stuffed Pork Chops,German,main-dish,,intermediate,high,moderate,celery|onion|butter|egg|soft breadcrumbs|whole kernel corn|salt|sage|pepper|pork loin chops
1237,Crisp Chicken Schnitzel With Lemony Spring Herb Salad,German,main-dish,dairy-free,advanced,high,moderate,"anchovy fillets|garlic clove|kosher salt & freshly ground black pepper|lemon, zest of|fresh lemon juice|extra virgin olive oil|eggs|panko breadcrumbs|flour|cayenne|nutmeg|chicken cutlets|safflower oil|mixed baby greens|mint|scallion"
1238,Destroyed Kitchen German Meatballs With Caper Sauce,German,main-dish,,advanced,medium,moderate,"ground pork|ground turkey|breadcrumbs|milk|onion|anchovy paste|salt & freshly ground black pepper|egg|lemon, zest of|butter|flour|chicken stock|dry white wine|lemon juice|capers"
1239,German Bean And Sausage Soup,German,main-dish,dairy-free,intermediate,low,moderate,oil|onion|carrot|potato|fresh parsley|dried marjoram|beef broth|turkey kielbasa|great northern beans|cut green beans|salt|pepper
1240,German Meatloaf Falscher Hase False Hare,German,main-dish,,advanced,high,moderate,lean ground beef|ground lean pork|onion|breadcrumbs|water|eggs|salt|paprika|prepared mustard|parsley|hardboiled egg|bacon|vegetable oil|beef broth|hot water|cornstarch|sour cream
1241,German Sausage Fry,German,main-dish,vegetarian|vegan|pescatarian|dairy-free,intermediate,medium,moderate,sausages|beer|german mustard|onion|vegetable oil
1242,German Style Green Kale Gruenkohl,German,main-dish,dairy-free,intermediate,medium,moderate,kale|onion|bacon grease|salt|white pepper|nutmeg|granulated sugar|beef broth|bratwurst
1243,Gewrzte Schweinsrippchen Braised Spicy Spareribs,German,main-dish,dairy-free,advanced,high,moderate,spareribs|all-purpose flour|salt|black pepper|shortening|beef stock|ketchup|worcestershire sauce|vinegar|celery salt|cayenne pepper|clove|allspice|bay leaf|garlic clove|onion
1244,Hackbraten German Meatloaf,German,main-dish,,advanced,high,moderate,ground beef|fine dry breadcrumb|butter|onions|fresh parsley|eggs|salt|black pepper|rosemary|nutmeg|flour|bacon|carrot|beef broth|sour cream
1245,Jagerschnitzel German Pork Cutlets,German,main-dish,dairy-free,intermediate,high,moderate,pork roast|flour|salt|pepper|canola oil|bacon|onion|mushroom|dry white wine
1246,Linseneintopf Berlin Style Lentil Stew,German,main-dish,vegetarian|vegan|pescatarian|dairy-free,intermediate,high,moderate,green lentil|water|canola oil|onion|spring onions|potatoes|carrots|celery|vegetable bouillon cubes|nutmeg|white vinegar|salt and pepper|sausages
1247,Mushroom Stuffed Cheeseburgers,German,main-dish,,intermediate,medium,moderate,lean ground beef|sweet onion|eggs|soft breadcrumbs|ketchup|salt|pepper|butter|sliced mushrooms|cheddar cheese|buns
1248,Mushrooms In Cream Sauce Pilzen In Sahnesosse,German,main-dish,,advanced,medium,moderate,"fresh mushrooms|bacon|butter|onions|white wine|salt|pepper|paprika|nutmeg|mace|heavy cream|lemon, juice of|parsley"
1249,Nan S Schnitzel,German,main-dish,,intermediate,high,moderate,center-cut pork loin chops|flour|breadcrumbs|eggs|milk
1250,Oven Baked Chicken And Potatoes With Lemon And Rosemary,German,main-dish,dairy-free,advanced,high,moderate,chicken legs|potatoes|olive oil|fresh lemon juice|fresh rosemary|fresh garlic cloves|salt and pepper
1251,Pan Fried Potatoes Bratkartoffeln,German,main-dish,dairy-free,intermediate,medium,moderate,potatoes|oil|salt|black pepper|bacon|onion|parsley
1252,Pork And Sauerkraut Goulash,German,main-dish,,beginner,high,moderate,pork shoulder|bacon|butter|olive oil|yellow onions|green bell pepper|red bell pepper|sliced mushrooms|hungarian paprika|bay leaf|chicken stock|chopped tomatoes|sauerkraut|caraway seed|salt & freshly ground black pepper|sour cream
1253,Salmon Spinach Casserole,German,main-dish,pescatarian,intermediate,high,moderate,salmon|spinach leaves|cream cheese|cheese|white wine|heavy cream|basil|pepper|salt
1254,Westphalian Tortellini,German,main-dish,,beginner,high,moderate,tortellini|sweet butter|westphalian ham|heavy cream|parmesan cheese|fresh chives|frozen peas|salt and pepper
1255,Zigeunerschnitzel Gypsy Schnitzel,German,main-dish,dairy-free,advanced,low,moderate,pork schnitzels|pepper|paprika|flour|canola oil|mushrooms|onion|green bell pepper|red bell pepper|red wine|chicken broth|tomatoes|tomato paste|chili paste|salt
1256,Greek Style Turkey Burgers,Greek,main-dish,,beginner,low,moderate,ground turkey|feta cheese|kalamata olive|dried oregano|italian seasoning|dried parsley|dried basil|onion powder|garlic powder|ground black pepper
1257,Ground Beef Gyros,Greek,main-dish,,intermediate,medium,moderate,plain yogurt|cucumber|onions|garlic clove|sugar|lean ground beef|dried oregano|garlic powder|onion powder|salt|pepper|pita breads|lettuce|tomatoes|onion
1258,Kittencal S Greek Moussaka,Greek,main-dish,,advanced,medium,moderate,eggplants|olive oil|lean ground beef|onions|garlic|tomato sauce|dried oregano|salt|fresh ground black pepper|butter|flour|half-and-half cream|egg|parmesan cheese
1259,Chickpeas With Spinach Greek,Greek,main-dish,vegetarian|vegan|pescatarian|dairy-free,beginner,medium,moderate,onions|garlic cloves|olive oil|chickpeas|fresh tomatoes|red pepper flakes|paprika|oregano|frozen spinach|lemon
1260,Gyro Meat,Greek,main-dish,dairy-free,beginner,low,moderate,lean ground lamb|garlic|dried oregano|onion powder|salt|pepper
1261,Pastitsio Oamc,Greek,main-dish,,advanced,medium,moderate,olive oil|onions|garlic cloves|lean ground meat|diced tomatoes with juice|kalamata olive|salt|pepper|dried oregano|bay leaf|red wine|cinnamon stick|penne|butter|whole milk|eggs|kefalotiri|flour|milk|nutmeg
1262,Greek Baked Shrimp With Feta,Greek,main-dish,pescatarian,intermediate,low,moderate,large shrimp|onion|extra virgin olive oil|green onion|garlic|tomatoes|dry white wine|flat leaf parsley|dried oregano|salt|pepper|feta cheese
1263,Chicken Gyros For 2,Greek,main-dish,,intermediate,low,moderate,lemon juice|olive oil|garlic|ground mustard|dried oregano|boneless skinless chicken breast|cucumber|nonfat yogurt|dill weed|bread|red onion
1264,Spinach Ricotta Pie With A Hint Of Feta,Greek,main-dish,vegetarian|pescatarian,intermediate,low,moderate,olive oil|onion|spinach|ricotta cheese|eggs|feta cheese|dried oregano|salt and pepper
1265,Briami Greek Oven Roasted Vegetables,Greek,main-dish,vegetarian|pescatarian,advanced,high,moderate,zucchini|potatoes|garlic cloves|onion|tomatoes|hard cheese|olive oil|water|oregano|fresh spearmint|cilantro|salt and pepper
1266,Greek Penne And Chicken,Greek,main-dish,,intermediate,medium,moderate,penne pasta|butter|red onion|garlic cloves|skinless chicken breast half|water-packed artichoke hearts|tomatoes|feta cheese|fresh parsley|lemon juice|dried oregano|salt|ground black pepper
1267,Bird S Chicken Piccata,Greek,main-dish,,advanced,low,moderate,flour|garlic powder|salt|black pepper|paprika|boneless skinless chicken breasts|butter|extra virgin olive oil|white wine|fat-free chicken broth|lemon juice|capers|fresh parsley|lemon
1268,Grilled Greek Chicken Breasts,Greek,main-dish,,intermediate,low,moderate,"boneless skinless chicken breast halves|lemon, juice of|dried oregano|garlic salt|olive oil|feta cheese|tzatziki|kalamata olive"
1269,Yemista Greek Stuffed Tomatoes And Peppers,Greek,main-dish,vegetarian|pescatarian,advanced,medium,moderate,tomatoes|green peppers|olive oil|uncooked rice|onion|garlic cloves|fresh spearmint|parsley|pine nuts|mizithra cheese|sultana raisin|salt|pepper|water|tomato paste|salt and pepper
1270,Greek Roast Leg Of Lamb With Potatoes,Greek,main-dish,dairy-free,advanced,high,moderate,"leg of lamb|garlic|dried oregano|rosemary|olive oil|red wine|lemons, zest of|fresh lemon juice|dijon mustard|salt|pepper|potatoes"
1271,Greek Pork Loin,Greek,main-dish,dairy-free,intermediate,medium,moderate,boneless pork loin roast|olive oil|lemon juice|dried oregano|salt|black pepper|garlic cloves
1272,Gyro Loaf With Tsatziki Sauce,Greek,main-dish,,beginner,medium,moderate,ground lamb|ground beef|oregano|onion powder|garlic powder|ground pepper|thyme|salt|cinnamon|allspice|sour cream|cucumber|parsley|dill
1273,Keftedakia Greek Meatballs,Greek,main-dish,,advanced,low,moderate,ground beef|ground pork|onion|garlic cloves|salt and pepper|dried oregano|dried mint|white bread|milk|red wine vinegar|egg|ouzo liqueur|flour|oil
1274,Lemon Greek Chicken,Greek,main-dish,dairy-free,advanced,medium,moderate,lemon zest|fresh lemon juice|olive oil|garlic cloves|oregano|salt|pepper|red potatoes|green pepper|red onion|mushrooms|chicken breasts
1275,Soupa Avgolemono Egg Lemon Soup,Greek,main-dish,dairy-free,intermediate,low,moderate,"chicken broth|rice|eggs|lemon, juice of"
1276,Beef Souvlaki,Greek,main-dish,vegetarian|pescatarian,beginner,medium,moderate,sirloin tip steaks|dried oregano|garlic|ground black pepper|oil|lemon juice|plain yogurt|dried dill|red wine vinegar
1277,Leg Of Lamb Boneless Greek Style,Greek,main-dish,dairy-free,intermediate,high,moderate,boneless leg of lamb|fresh lemon juice|olive oil|dried oregano|garlic cloves|salt|black pepper
1278,Spinach And Feta Stuffed Chicken,Greek,main-dish,,intermediate,low,moderate,"olive oil|onion|spinach|lemon, zest of|feta cheese|table salt|black pepper|boneless skinless chicken breast"
1279,Greek Death By Garlic Pasta,Greek,main-dish,vegetarian|pescatarian,beginner,high,moderate,"extra virgin olive oil|garlic|salt|red pepper flakes|fresh parsley|penne pasta|romano cheese|club house greek seasoning|red pepper|green pepper|yellow pepper|black olives|red onion|feta cheese|fresh lemon zest|lemon, juice of|hot italian sausages"
1280,Greek Lemon Chicken Drumsticks With Peppers,Greek,main-dish,dairy-free,intermediate,low,moderate,skinless chicken drumsticks|green bell pepper|yellow onions|garlic clove|lemons|dry oregano leaves|lemon pepper|paprika
1281,Brown Butter Spaghetti With Greek Mizithra Cheese,Greek,main-dish,vegetarian|pescatarian,intermediate,medium,moderate,mizithra cheese|spaghetti|butter|garlic|oregano|fresh ground black pepper
1282,Chicken Souvlaki Wrap,Greek,main-dish,,beginner,medium,moderate,lemon juice|dried oregano|olive oil|garlic cloves|boneless skinless chicken breast|cucumber|plain low-fat yogurt|garlic clove|onion|whole wheat tortilla|tomatoes|lettuce leaves|feta cheese
1283,Kittencal S Greek Roasted Lemon Garlic Chicken With Potatoes,Greek,main-dish,dairy-free,advanced,high,moderate,"whole chicken|red potatoes|salt & freshly ground black pepper|lemons, juice of|olive oil|dried oregano|bulb of garlic|green olives|chicken broth"
1284,Chicken Thighs With Tomatoes Olives And Capers,Greek,main-dish,dairy-free,intermediate,low,moderate,boneless skinless chicken thighs|olive oil|oregano|garlic|pepper|fresh parsley|kalamata olive|capers|diced tomatoes
1285,Greek Style Chicken And Artichokes,Greek,main-dish,dairy-free,intermediate,low,moderate,boneless skinless chicken breast|olive oil|artichoke hearts|garlic cloves|dry white wine|chicken broth|lemon juice|sun-dried tomatoes|lemon peel|oregano leaves|crushed red pepper flakes
1286,Mediterranean Style Orange Roughy,Greek,main-dish,vegetarian|pescatarian,intermediate,low,moderate,"orange roughy fillets|feta cheese with dried basil and tomato|low-fat sour cream|red onion|garlic clove|capers|plum tomatoes|lemons, rind of|dried oregano|fresh ground black pepper|kosher salt|white wine"
1287,Rabbit Stifado,Greek,main-dish,vegetarian|vegan|pescatarian|dairy-free,intermediate,medium,moderate,rabbit|bay leaves|red wine vinegar|olive oil|tomato paste|sugar|garlic cloves|cinnamon stick|whole allspice|rosemary|red wine|hot water|salt and black pepper|white pearl onions
1288,Greek Bean Soup,Greek,main-dish,,beginner,medium,moderate,olive oil|onion|celery|carrot|chicken broth|garlic cloves|dried oregano|white pepper|cannellini beans|cabbage|lemon juice|feta cheese|plum tomatoes|fresh parsley
1289,Roasted Greek Style Chicken,Greek,main-dish,dairy-free,beginner,high,moderate,"chicken|olive oil|dried oregano|lemons, juice of|salt|pepper"
1290,Broiled Mahi Mahi With Parsleyed Tomatoes And Feta,Greek,main-dish,vegetarian|pescatarian,advanced,low,moderate,onions|olive oil|tomatoes|fresh parsley|white wine|tomato paste|garlic cloves|salt|pepper|mahi mahi fillets|feta cheese|lemon
1291,Chicken With Tomato And Feta Cheese,Greek,main-dish,,advanced,medium,moderate,olive oil|shallots|garlic clove|dried oregano|boneless chicken breast halves|crushed tomatoes|red wine|chicken broth|feta cheese|kalamata olive
1292,Impossibly Easy Spinach Parmesan Pie,Greek,main-dish,vegetarian|pescatarian,advanced,low,moderate,butter|green onions|garlic|frozen chopped spinach|small curd cottage cheese|bisquick|milk|lemon juice|pepper|eggs|parmesan cheese|ground nutmeg
1293,Barbecue Feta Turkey Burgers,Greek,main-dish,,beginner,medium,moderate,ground turkey|feta cheese|olives|dried oregano|black pepper
1294,Brown Rice With Spinach And Feta Cheese,Greek,main-dish,vegetarian|pescatarian,advanced,medium,moderate,olive oil|onion|brown rice|water|frozen spinach|feta cheese|kalamata olives|eggs
1295,Greek Feta Chicken,Greek,main-dish,,intermediate,low,moderate,plain low-fat yogurt|lemon juice|dried oregano|dried rosemary|pepper|garlic clove|boneless skinless chicken breast halves|feta cheese|fresh parsley
1296,Greek Style Roasted Chicken Legs Potatoes And Capers,Greek,main-dish,dairy-free,intermediate,high,moderate,chicken legs|russet potatoes|fresh garlic|onion|capers|chicken broth|olive oil|lemon juice|dried oregano|dried rosemary|salt & freshly ground black pepper
1297,Pasta With Yogurt And Caramelized Onions From Kassos,Greek,main-dish,vegetarian|pescatarian,intermediate,medium,moderate,unsalted butter|onions|fettuccine|yogurt|kefalotyri|oregano|thyme
1298,Greek Chicken With Artichoke Hearts,Greek,main-dish,dairy-free,intermediate,high,moderate,chicken|olive oil|lemon juice|dried oregano|salt|pepper|garlic|artichoke heart|lemon slice
1299,Greek Penne,Greek,main-dish,vegetarian|pescatarian,intermediate,medium,moderate,penne|olive oil|pine nuts|garlic|frozen chopped spinach|plum tomatoes|cottage cheese|feta cheese|oregano|salt & pepper|parmesan cheese
1300,Guilt Free Ground Turkey Gyros,Greek,main-dish,dairy-free,intermediate,low,moderate,lean ground turkey|oatmeal|egg|paprika|black pepper|salt|dried parsley|dried oregano|garlic powder|onion powder|cumin|allspice
1301,Penne With Spinach And Feta,Greek,main-dish,vegetarian|pescatarian,intermediate,high,moderate,butter|olive oil|pine nuts|garlic cloves|frozen spinach|plum tomatoes|penne pasta|feta cheese
1302,Yummy Greek Spinach Pie Spanakopita,Greek,main-dish,vegetarian|pescatarian,intermediate,low,moderate,butter|garlic|onion|green onion|spinach|fresh parsley|ricotta cheese|feta cheese|eggs|phyllo dough|salt & pepper
1303,Greek Chicken And Spinach,Greek,main-dish,,intermediate,medium,moderate,chicken breast|lemons|oregano|garlic|red pepper flakes|salt and pepper|rice vinegar|olive oil|fresh spinach leaves|fresh parsley|dill|feta cheese
1304,Soutzoukakia Greek Meatballs In A Tomato Sauce,Greek,main-dish,,advanced,medium,moderate,dense bread|dry red wine|lean meat|onion|garlic cloves|egg|parsley|kefalograviera cheese|oregano|ground cumin|salt and pepper|flour|olive oil|fresh tomatoes|vinegar|garlic clove|bay leaf|sugar|ground cinnamon|ground cloves
1305,Vegetarian Pastitsio,Greek,main-dish,vegetarian|pescatarian,advanced,medium,moderate,cooked lentils|olive oil|butter|onions|eggplant|garlic clove|cinnamon|oregano|salt and pepper|tomatoes|tomato paste|parmesan cheese|cooked macaroni|milk|eggs|flour
1306,Greek Chicken Salad,Greek,main-dish,,intermediate,low,moderate,chicken|cucumbers|feta cheese|black olives|dried parsley flakes|mayonnaise|plain yogurt|dried oregano|minced garlic cloves
1307,Simple Greek Lemon Chicken Thighs With Potatoes Low Fat For 1,Greek,main-dish,dairy-free,beginner,high,moderate,olive oil|lemon juice|garlic clove|dried oregano|skinless chicken thighs|new potatoes|lemon
1308,Greek Fish Fillets,Greek,main-dish,pescatarian,beginner,medium,moderate,fish fillets|red onions|fresh dill|fresh parsley|lemon juice|tomatoes|salt and pepper|feta cheese
1309,Greek Rice And Shrimp Bake With Feta Crumb Topping,Greek,main-dish,,advanced,high,moderate,chicken stock|bay leaf|butter|lemon juice|long-grain white rice|olive oil|onion|garlic cloves|dried oregano leaves|hot red pepper flakes|tomatoes|red bell pepper|large raw shrimp|fresh breadcrumb|feta|fresh parsley
1310,Greek Style Pasta With Shrimp,Greek,main-dish,pescatarian,intermediate,high,moderate,olive oil|garlic|medium shrimp|canned artichoke hearts|feta cheese|chopped tomato|fresh lemon juice|fresh parsley|dried oregano|salt and pepper|angel hair pasta
1311,Kittencal S Greek Pastitsio,Greek,main-dish,,advanced,high,moderate,ziti pasta|butter|parmesan cheese|nutmeg|seasoning salt|ground black pepper|eggs|olive oil|onion|crushed red pepper flakes|garlic|extra lean ground beef|tomato paste|dry red wine|beef broth|all-purpose flour|cayenne pepper|18% table cream|egg
1312,Ww Greek Inspired Scrambled Egg Wraps,Greek,main-dish,vegetarian|pescatarian,advanced,medium,moderate,low-fat cooking spray|red onion|zucchini|cherry tomatoes|black olives|reduced-fat feta cheese|eggs|cavenders all purpose greek seasoning|flour tortillas
1313,Grilled Greek Chicken,Greek,main-dish,dairy-free,advanced,high,moderate,lemon zest|fresh lemon juice|oregano|olive oil|kosher salt|ground black pepper|chicken halves|lemons|oregano sprig
1314,Grilled Greek Lemon Chicken,Greek,main-dish,vegetarian|vegan|pescatarian|dairy-free,intermediate,high,moderate,"roasting chickens|olive oil|lemons, juice of|oregano|coarse sea salt|coarse black pepper"
1315,Kreatopita Greek Meat Pie Using Phyllo Pastry,Greek,main-dish,,advanced,low,moderate,olive oil|ground beef|mushrooms|onions|garlic cloves|tomato paste|dried oregano|ground cinnamon|parmesan cheese|parsley|eggs|salt and pepper|phyllo pastry
1316,Shrimp And Feta Greek Style Pizza,Greek,main-dish,pescatarian,intermediate,low,moderate,pizza dough|medium-sized shrimp|olive oil|feta cheese|rosemary|cornmeal|mozzarella cheese|garlic cloves|green onion|olives
1317,Spinach And Ricotta Tart,Greek,main-dish,vegetarian|pescatarian,intermediate,medium,moderate,unbaked 9-inch pie crust|frozen chopped spinach|onion|butter|salt|ground nutmeg|black pepper|ricotta cheese|light cream|parmesan cheese|eggs
1318,Tiropita Greek Savoury Cheese Pie,Greek,main-dish,vegetarian|pescatarian,advanced,medium,moderate,phyllo dough|butter|flour|milk|eggs|feta cheese|parmesan cheese|ricotta cheese
1319,Oopah Feta Chicken Breasts,Greek,main-dish,,intermediate,low,moderate,boneless skinless chicken breasts|lemon juice|salt|black pepper|feta cheese|green peppers|roma tomato|scallions|fresh parsley
1320,Arni Youvetsi Lamb And Orzo,Greek,main-dish,,intermediate,high,moderate,leg of lamb|fresh lemon juice|oregano|dried thyme|red wine|olive oil|water|fresh tomatoes|onion|garlic cloves|cinnamon|orzo pasta|parmesan cheese
1321,Garlic Lovers Greek Lamb Shanks,Greek,main-dish,dairy-free,intermediate,high,moderate,lamb shanks|garlic|dry red wine|dried oregano|dried mint|extra virgin olive oil|salt and pepper
1322,Greek Spinach Quiche,Greek,main-dish,vegetarian|pescatarian,advanced,low,moderate,pastry dough|frozen chopped spinach|milk|feta cheese|eggs|butter|romano cheese|all-purpose flour|white pepper|salt|ground nutmeg
1323,Grilled Chicken Red Onion And Mint Kebabs,Greek,main-dish,dairy-free,intermediate,medium,moderate,boneless skinless chicken breast halves|extra virgin olive oil|garlic cloves|dried mint|dried oregano|salt|ground black pepper|fresh lemon juice|of fresh mint|red onion
1324,Souvlakia,Greek,main-dish,dairy-free,intermediate,high,moderate,leg of lamb|extra virgin olive oil|burgundy wine|lemon juice|garlic cloves|bay leaves|dried oregano|salt|pepper
1325,Authentic Greek Moussaka,Greek,main-dish,vegetarian|pescatarian,advanced,medium,moderate,butter|onion|ground chuck|garlic clove|dried oregano leaves|dried basil leaves|cinnamon|salt|pepper|tomato sauce|eggplants|flour|milk|parmesan cheese|cheddar cheese|dry breadcrumbs|eggs
1326,Delicious Greek Garlic Chicken,Greek,main-dish,dairy-free,advanced,medium,moderate,chicken legs with thigh|garlic|fresh lemon juice|olive oil|dried oregano|fresh ground black pepper|salt|boiling water|fresh parsley
1327,Greek Spaghetti,Greek,main-dish,vegetarian|pescatarian,beginner,high,moderate,tomatoes|kalamata olives|feta cheese|capers|flat leaf parsley|salt|fresh ground black pepper|spaghetti|olive oil|garlic cloves
1328,Gyro Salad,Greek,main-dish,vegetarian|pescatarian,intermediate,low,moderate,plain yogurt|reduced-fat sour cream|milk|all purpose greek seasoning|boneless sirloin steak|olive oil|mixed salad greens|cucumber|red onion|tomatoes|pita bread
1329,Katie Couric S Lemon Chicken,Greek,main-dish,,advanced,medium,moderate,boneless skinless chicken breasts|flour|butter|olive oil|lemons|chicken broth|salt and pepper|cooked basmati rice|fresh parsley|lemon slice
1330,Meat Pie With Phyllo Dough,Greek,main-dish,,advanced,medium,moderate,lean ground beef|phyllo dough|tomato paste|olive oil-flavored pam|olive oil|onion|garlic|feta cheese|cinnamon|allspice|salt and pepper
1331,Stove Top Eye Of The Round,Greek,main-dish,dairy-free,advanced,medium,moderate,olive oil|onion|garlic|beef eye round|salt and pepper|dry red wine|beef stock|fresh thyme|bay leaves|fresh oregano|fresh parsley|all-purpose flour|water
1332,Vegan Seitan Gyro W Cucumber Sauce,Greek,main-dish,vegetarian|pescatarian,intermediate,low,moderate,soy yogurt|cucumber|lemon juice|dried dill weed|salt|fresh ground pepper|turbinado sugar|seitan|vegetable oil|garlic cloves|cumin|oregano|cinnamon|nutmeg|cayenne pepper|salt & freshly ground black pepper|tomatoes|onion|lettuce|pita bread
1333,Alton Brown S Gyro Meat Recipe,Greek,main-dish,,advanced,high,moderate,onion|ground lamb|garlic|dried marjoram|ground rosemary|kosher salt|fresh ground black pepper|pita bread|plain yogurt|cucumber|garlic cloves|olive oil|red wine vinegar|mint leaves
1334,Baked Ziti With Feta,Greek,main-dish,vegetarian|pescatarian,intermediate,medium,moderate,ziti pasta|feta cheese|eggs|milk|shallot|kefalotiri
1335,Broiled Or Barbecued Chicken With Lemon,Greek,main-dish,dairy-free,intermediate,low,moderate,"chicken quarters|lemons, juice and zest of|olive oil|garlic cloves|fresh thyme|salt|pepper"
1336,Chicken Breasts In Phyllo,Greek,main-dish,,advanced,high,moderate,butter|onion|mixed mushrooms|parsley|garlic clove|all-purpose flour|dry vermouth|salt and pepper|olive oil|boneless skinless chicken breast halves|phyllo dough|breadcrumbs|feta cheese
1337,Dolmathes Stuffed Grape Leaves,Greek,main-dish,vegetarian|pescatarian,advanced,high,moderate,"grape leaves|olive oil|onions|green onions|converted rice|water|fresh spearmint|fresh dill|pine nuts|currants|lemon, juice of|lemon juice|greek yogurt"
1338,Donair Meat Sandwiches,Greek,main-dish,vegetarian|pescatarian,advanced,high,moderate,lean hamburger|breadcrumbs|pepper|red cayenne pepper|oregano|paprika|onion powder|garlic powder|salt|canned milk|sugar|white vinegar|pita bread|onion|tomatoes
1339,Fasolatha Greek Bean Soup,Greek,main-dish,vegetarian|vegan|pescatarian|dairy-free,beginner,medium,moderate,navy beans|carrots|onion|celery|tomato sauce|olive oil|salt|pepper
1340,Grecian Skillet Rib Eyes,Greek,main-dish,vegetarian|pescatarian,intermediate,low,moderate,garlic powder|dried basil|dried oregano|salt|pepper|rib eye steaks|olive oil|fresh lemon juice|feta cheese|kalamata olive
1341,Greek Avgolemono Stew,Greek,main-dish,vegetarian|pescatarian|dairy-free,intermediate,low,moderate,vegetable broth|chickpeas|long-grain white rice|onion|celery|carrot|eggs|fresh lemon juice|baby spinach|salt and pepper
1342,Greek Halibut With Lemon Feta Yogurt Sauce Rsc,Greek,main-dish,pescatarian,advanced,medium,moderate,halibut fillets|fresh thyme|fresh oregano|fresh dill|lemon zest|lemon juice|red pepper flakes|garlic cloves|olive oil|kosher salt|zucchini|artichoke hearts|red bell pepper|red onion|feta cheese|greek yogurt|heavy cream|white pepper|reynolds wrap foil
1343,Greek Lemon Chicken,Greek,main-dish,dairy-free,advanced,low,moderate,lemons|all purpose greek seasoning|chicken breast halves|onion|salt|cracked pepper|kalamata olives|of fresh mint|mint sprig
1344,Greek Pork Chops,Greek,main-dish,,intermediate,low,moderate,tomatoes|low-carb balsamic vinaigrette|boneless pork chops|lemon-pepper seasoning|feta cheese with garlic and herbs|fresh oregano
1345,Greek Shrimp With Rigatoni,Greek,main-dish,pescatarian,advanced,high,moderate,olive oil|garlic|tomatoes|white wine|salt & freshly ground black pepper|fresh basil|dried oregano leaves|medium-sized shrimp|red pepper flakes|feta cheese|rigatoni pasta
1346,Greek Style Roasted Chicken,Greek,main-dish,,intermediate,high,moderate,roasting chickens|garlic-flavored olive oil|oregano|parsley|garlic salt|garlic powder|fresh spinach|ham|feta cheese|whole wheat bread|chives|pine nuts|butter|salt
1347,Greek Style Skillet Supper,Greek,main-dish,,intermediate,medium,moderate,ground beef|onion|beef broth|penne pasta|diced tomatoes|frozen cut green beans|tomato paste|oregano leaves|ground cinnamon|garlic powder|feta cheese
1348,Healthy Greek Style Chicken Tacos,Greek,main-dish,,intermediate,medium,moderate,greek yogurt|gherkin|black olives|garlic cloves|lemon juice|olive oil|dill|black pepper|taco shells|cooked chicken|tomatoes|mixed salad green|feta
1349,Kalamata Lemon Chicken,Greek,main-dish,dairy-free,beginner,medium,moderate,boneless skinless chicken thighs|olive oil|orzo pasta|kalamata olive|chicken broth|lemon|lemon juice|all purpose greek seasoning|hot chicken broth|fresh oregano
1350,Kotopoulo Skorthato Lemon Garlic Chicken With Potatoes,Greek,main-dish,dairy-free,intermediate,high,moderate,roasting chickens|potatoes|lemon juice|salt|oregano|pepper|garlic|extra virgin olive oil|chicken stock
1351,Lemony Herbed Shrimp Gyros With Ranch Tzatziki Rsc,Greek,main-dish,pescatarian,advanced,high,moderate,hidden valley original ranch dressing|greek yogurt|fresh lemon juice|fresh mint leaves|english cucumber|olive oil|lemon zest|medium shrimp|pita bread rounds|baby spinach leaves|tomatoes|red onion|feta cheese
1352,Spaghetti With Tomatoes Black Olives Garlic And Feta Cheese,Greek,main-dish,vegetarian|pescatarian,beginner,high,moderate,tomatoes|kalamata olives|feta cheese|capers|parsley|salt|fresh ground black pepper|spaghetti|olive oil|garlic cloves
1353,Arni Kleftiko Rebel Lamb,Greek,main-dish,dairy-free,intermediate,medium,moderate,leg of lamb|onion|tomatoes|garlic cloves|fresh oregano|fresh spearmint|potatoes|kefalotiri|carrot|red wine|extra virgin olive oil|salt & freshly ground black pepper
1354,Chicken Stewed With Olives And Onions,Greek,main-dish,vegetarian|pescatarian,intermediate,medium,moderate,olive oil|whole chickens|ground cinnamon|kosher salt & freshly ground black pepper|olive|onions|garlic cloves|dry white wine|water|tomato paste|mizithra cheese|fresh parsley
1355,Fassoulada Greek Bean Soup,Greek,main-dish,vegetarian|vegan|pescatarian|dairy-free,beginner,medium,moderate,dried white bean|yellow onion|carrots|celery|red ripe tomatoes|tomato paste|olive oil|bay leaves|fresh flat-leaf parsley|salt|fresh ground black pepper
1356,Garides Shrimp A La Turkolimano,Greek,main-dish,pescatarian|dairy-free,intermediate,medium,moderate,onion|olive oil|garlic clove|tomato sauce|dry white wine|fresh parsley|salt|fresh ground pepper|cayenne pepper|medium raw shrimp|feta
1357,Greek Beef Kabobs,Greek,main-dish,dairy-free,beginner,low,moderate,beef rump|olive oil|red wine|lemon juice|lemon|onion|garlic cloves|dried oregano|bay leaves|red onion|red capsicum|green capsicum|button mushrooms
1358,Greek Chicken With Potatoes And Mushrooms,Greek,main-dish,dairy-free,intermediate,medium,moderate,chicken pieces|potatoes|olive oil|salt and pepper|onion|chicken stock|garlic|fresh lemon juice|dried oregano|dried thyme|button mushroom
1359,Greek Salad With Oregano Marinated Chicken,Greek,main-dish,,advanced,medium,moderate,lemon|olive oil|dried oregano|salt|black pepper|boneless skinless chicken breasts|red wine vinegar|garlic cloves|romaine lettuce hearts|english cucumber|tomatoes|red onion|kalamata olive|feta cheese
1360,Grilled Halibut Simply Delicious,Greek,main-dish,pescatarian|dairy-free,intermediate,medium,moderate,halibut fillets|olive oil|garlic cloves|lemon juice|fresh parsley|greek oregano|salt|black pepper
1361,Ground Beef And Pasta Casserole With A Twist,Greek,main-dish,,advanced,high,moderate,ground beef|onion|garlic clove|tomato sauce|ground cinnamon|nutmeg|oregano|thyme|basil|salt|pasta|egg|parmesan cheese|butter|flour|cinnamon|milk
1362,Hummus And Spinach Stuffed Chicken Breasts,Greek,main-dish,,advanced,medium,moderate,boneless skinless chicken breasts|hummus|spinach leaves|parmesan cheese|olive oil|salt|pepper|orange juice|chicken broth|spices
1363,Mediterranean Beef Toss,Greek,main-dish,dairy-free,intermediate,low,moderate,lean ground beef|garlic cloves|salt|pepper|olive oil|red onion|zucchini|green pepper|diced tomatoes|red wine vinegar|dried basil|dried thyme|cooked spaghetti
1364,Mini Shrimp And Feta Casseroles,Greek,main-dish,pescatarian,intermediate,medium,moderate,extra virgin olive oil|yellow onion|garlic|red pepper flakes|tomatoes|kalamata olive|capers|fresh oregano|ouzo|fresh basil leaf|large raw shrimp|feta cheese|parsley
1365,Mizithra Browned Butter Pasta,Greek,main-dish,vegetarian|pescatarian,intermediate,medium,moderate,pasta|butter|garlic cloves|mizithra cheese|parmesan cheese|fresh parsley|greek oregano
1366,My Big Fat Greek Pastitsio,Greek,main-dish,,advanced,medium,moderate,elbow macaroni|lean ground beef|garlic|sweet unsalted butter|all-purpose flour|eggs|onions|tomato sauce|ground cinnamon|milk|salt|pepper|ground nutmeg
1367,Omelette With Fresh Tomatoes,Greek,main-dish,vegetarian|pescatarian|dairy-free,beginner,medium,moderate,olive oil|tomatoes|eggs|oregano|salt|black pepper|sugar
1368,Pastitsio Greek Lasagna,Greek,main-dish,,intermediate,medium,moderate,ground lamb|onion|garlic cloves|cinnamon|tomato sauce|butter|flour|milk|penne pasta|eggs|parmesan cheese
1369,Pastitso,Greek,main-dish,vegetarian|pescatarian,advanced,high,moderate,ground round|olive oil|yellow onion|parsley|garlic clove|cinnamon|tomato sauce|white wine|lasagna noodle|butter|eggs|parmesan cheese|bechamel sauce|whole milk|flour|salt and pepper
1370,Scampi Greek Style,Greek,main-dish,pescatarian,advanced,low,moderate,olive oil|garlic|whole tomatoes|fresh parsley|large shrimp|feta cheese|fresh lemon juice|fresh ground black pepper
1371,Shrimp With Orzo Olives And Feta,Greek,main-dish,pescatarian,beginner,medium,moderate,orzo pasta|shrimp|diced tomatoes|feta cheese|balsamic vinegar|lemon juice|scallion|dried oregano
1372,Tas Kebap A Greek Beef Or Lamb Stew,Greek,main-dish,dairy-free,intermediate,low,moderate,stewing beef|onions|garlic clove|olive oil|parsley|tomatoes|sugar|white wine|cinnamon|dried oregano|bay leaf|whole cloves
1373,Wanna Be Greek Grilled Chicken Breasts,Greek,main-dish,dairy-free,intermediate,low,moderate,"boneless skinless chicken breast halves|buttermilk|lemon, juice of|liquid honey|garlic cloves|dried oregano leaves|dried basil leaves|salt|black pepper"
1374,Aegean Chicken,Greek,main-dish,,advanced,medium,moderate,boneless skinless chicken breasts|flour|salt|pepper|marinated artichoke hearts|olive oil|butter|mushrooms|diced tomatoes|garlic cloves|oregano|basil|dry sherry|black olives
1375,Briam New And Improved Melt In Your Mouth Good,Greek,main-dish,vegetarian|vegan|pescatarian|dairy-free,beginner,low,moderate,zucchini|potato|eggplant|red peppers|onion|green onions|tomatoes|parsley|minced garlic cloves|salt|pepper|olive oil
1376,Bulgur Risotto With Pumpkin,Greek,main-dish,vegetarian|vegan|pescatarian|dairy-free,intermediate,low,moderate,olive oil|cinnamon sticks|onion|pumpkin|bulgar wheat|salt|water
1377,Chicken Pesto And Olive Panini,Greek,main-dish,,advanced,medium,moderate,flat bread|olive oil|pesto sauce|kalamata olive|tomatoes|baby spinach|fresh mozzarella cheese|cooked chicken breast|salt
1378,Classic Greek Roasted Leg Of Lamb With Lemon Garlic Potatoes,Greek,main-dish,dairy-free,advanced,high,moderate,leg of lamb|garlic|greek oregano|thyme|dried rosemary|olive oil|fresh lemon juice|dry red wine|salt and pepper|oregano|rosemary|black peppercorns|salt|potatoes|lemon juice|water
1379,Cypriot Meatball Soup Yourvarlakia Avgolemono Gluten Free,Greek,main-dish,,intermediate,medium,moderate,"ground beef|onion|eggs|short-grain rice|parsley|mint|salt|fresh ground black pepper|rice flour|chicken stock|butter|lemon, juice of"
1380,Feta Burgers With Grilled Red Onions,Greek,main-dish,,advanced,high,moderate,lean ground beef|feta cheese|dried oregano|salt|ground black pepper|garlic cloves|extra virgin olive oil|vegetable oil cooking spray|red onions|hamburger buns|tomatoes
1381,Feta Chicken Bake,Greek,main-dish,,intermediate,low,moderate,boneless skinless chicken breast halves|lemon juice|salt and black pepper|feta cheese with dried basil and tomato|red pepper|fresh parsley
1382,Feta Olive Stuffed Flatbread,Greek,main-dish,vegetarian|pescatarian,advanced,medium,moderate,dry yeast|sugar|water|plain yogurt|olive oil|salt|all-purpose flour|feta|kalamata olive|mint leaf|cilantro|green onion
1383,Fish Fillets With Feta And Tomatoes,Greek,main-dish,vegetarian|pescatarian,intermediate,medium,moderate,flounder fillets|onion|chopped tomatoes|butter|feta cheese|salt and pepper|cooking spray|fresh cilantro
1384,Grecian Lamb Balls,Greek,main-dish,dairy-free,intermediate,medium,moderate,ground lamb|garlic|fresh parsley|oregano|cinnamon|sea salt|fresh lemon juice
1385,Greek Chicken And Potatoes,Greek,main-dish,dairy-free,beginner,high,moderate,chicken|russet potatoes|garlic cloves|chicken broth|olive oil|fresh lemon juice|dried oregano
1386,Greek Chicken Casserole,Greek,main-dish,,intermediate,medium,moderate,olive oil|onions|dried thyme|black pepper|garlic cloves|red potatoes|green beans|water|olives|diced tomatoes|boneless skinless chicken thighs|reduced-fat feta cheese
1387,Greek Chicken Cutlets,Greek,main-dish,,intermediate,medium,moderate,grape tomatoes|kalamata olive|feta cheese|fresh mint leaves|olive oil|sea salt|fresh ground pepper|chicken cutlets
1388,Greek Chicken Rice,Greek,main-dish,,intermediate,high,moderate,broiler-fryer chicken|onions|rice|feta cheese|fresh parsley|butter|chicken broth|eggs
1389,Greek Grilled Ribeye Steaks,Greek,main-dish,vegetarian|vegan|pescatarian|dairy-free,intermediate,low,moderate,rib eye steaks|sea salt|fresh ground pepper|greek oregano|olive oil|red wine|lemon zest|lemon
1390,Greek Honey Lemon Chicken,Greek,main-dish,dairy-free,beginner,medium,moderate,boneless chicken thighs|olive oil|lemon juice|honey|garlic cloves|dried rosemary|dried oregano
1391,Greek Lamb Pie,Greek,main-dish,dairy-free,advanced,high,moderate,peanut oil|lean ground lamb|onion|garlic clove|tomatoes|of fresh mint|ground nutmeg|fresh spinach leaves|phyllo pastry|sesame seeds|salt and black pepper
1392,Greek Pasta And Beef,Greek,main-dish,,advanced,medium,moderate,ground beef|onion|garlic|tomato sauce|water|salt|ground cinnamon|ground nutmeg|pepper|elbow macaroni|egg|parmesan cheese|butter|all-purpose flour|milk|eggs
1393,Greek Pasta With Avocado Sauce,Greek,main-dish,vegetarian|pescatarian,intermediate,high,moderate,tomatoes|avocados|butter|garlic clove|double cream|tabasco sauce|tagliatelle pasta noodles|salt & freshly ground black pepper|parmesan cheese|sour cream
1394,Greek Pork Tenderloin Medallions,Greek,main-dish,dairy-free,advanced,low,moderate,fresh oregano|garlic clove|pork tenderloin|chicken broth|lemon peel|fresh lemon juice|capers|cornstarch|olive oil
1395,Greek Potato Zucchini And Bean Stew,Greek,main-dish,vegetarian|pescatarian,intermediate,medium,moderate,extra virgin olive oil|onions|potato|water|zucchini|green beans|diced tomatoes|great northern beans|fresh flat-leaf parsley|fresh dill|dried oregano|fresh ground black pepper|reduced-fat feta cheese
1396,Greek Salmon And Seafood Skewers,Greek,main-dish,pescatarian|dairy-free,intermediate,medium,moderate,olive oil|garlic cloves|fresh thyme|salt|fresh black pepper|dried marjoram|salmon fillets|green bell pepper|shrimp|scallops|lemon
1397,Greek Style Baked Pork Chops,Greek,main-dish,,intermediate,high,moderate,roasted red pepper|fresh parsley|olive oil|lemon rind|fresh lemon juice|garlic|dried oregano|all-purpose flour|fresh coarse ground black pepper|center-cut pork chops|feta cheese|kalamata olive
1398,Greek Style Sea Scallops Brochettes,Greek,main-dish,pescatarian|dairy-free,intermediate,low,moderate,olive oil|garlic cloves|fresh oregano|sea scallops|lemon|bay leaves|bamboo skewers
1399,Greek Style Lemony Chicken Breasts With Kalamata Olives And Feta,Greek,main-dish,,intermediate,medium,moderate,chicken breasts|minced garlic cloves|olive oil|salt|black pepper|dried oregano|lemons|kalamata olives|feta cheese
1400,Htapodi Me Makaronaki Kofto Stewed Octopus With Macaroni,Greek,main-dish,pescatarian,intermediate,high,moderate,octopus|red wine|garlic clove|onion|bay leaf|cinnamon stick|fresh tomatoes|olive oil|elbow macaroni|butter
1401,Lamb Kebabs With Yoghurt Sauce,Greek,main-dish,,beginner,medium,moderate,lamb|olive oil|lemon juice|chicken stock powder|garlic cloves|oregano|plain yogurt|garlic clove
1402,Lemon Chicken Souvlaki,Greek,main-dish,dairy-free,beginner,low,moderate,"boneless skinless chicken breasts|lemon, juice and zest of|olive oil|oregano|paprika"
1403,One Pan Oven Greek Chicken,Greek,main-dish,dairy-free,intermediate,medium,moderate,lemon juice|olive oil|lemon pepper seasoning|garlic|all purpose greek seasoning|baking potatoes|green pepper|red onion|button mushrooms|zucchini|chicken breasts
1404,Roasted Eggplant And Feta,Greek,main-dish,vegetarian|pescatarian,intermediate,low,moderate,eggplants|extra virgin olive oil|lemon juice|onion|garlic cloves|fresh oregano|salt and pepper|feta cheese|kalamata olive|oregano sprig
1405,Sensational Greek Linguine,Greek,main-dish,vegetarian|pescatarian,beginner,high,moderate,linguine|tomatoes|olive oil|garlic cloves|mushroom|dried oregano|salt|feta cheese|black olives
1406,Spanakopita Spinach Pie,Greek,main-dish,vegetarian|pescatarian,intermediate,medium,moderate,phyllo pastry|spinach|onion|olive oil|green onion|parsley|dill|nutmeg|dry curd cottage cheese|feta cheese|parmesan cheese|eggs|salt & pepper|butter
1407,Spicy Pork Tenderloin,Greek,main-dish,dairy-free,beginner,low,moderate,pork tenderloin|olive oil|fresh parsley|garlic cloves|ground ginger|dried oregano|dried rosemary|paprika|salt|pepper
1408,Stewed Chicken And Macaroni Kotopoulo Me Makaronia,Greek,main-dish,,intermediate,high,moderate,chicken pieces|olive oil|onion|garlic cloves|tomatoes|bay leaves|oregano|basil|salt and pepper|chicken stock|pasta|cheese
1409,Wine Baked Chicken And Artichoke Hearts,Greek,main-dish,dairy-free,beginner,medium,moderate,frying chicken|artichoke hearts|tomato sauce|dry sherry|oregano|fresh basil|garlic powder|salt and pepper
1410,Anginares Me Araka Artichoke And Pea Stew,Greek,main-dish,vegetarian|vegan|pescatarian|dairy-free,intermediate,medium,moderate,"artichoke hearts|baby peas|carrots|onions|water|tomato paste|olive oil|dill|lemon, juice of|salt and pepper"
1411,Barbecued Pesto Fish,Greek,main-dish,pescatarian,beginner,medium,moderate,fresh basil leaf|garlic cloves|roasted cashews|olive oil|parmesan cheese|lemon juice|salmon steaks
1412,Chicken Breasts With Orzo Carrots Dill And Avgolemono Sauce,Greek,main-dish,dairy-free,advanced,medium,moderate,olive oil|boneless skinless chicken breasts|salt & freshly ground black pepper|low sodium chicken broth|dried dill|orzo pasta|carrots|eggs|lemon juice
1413,Chicken Gyros,Greek,main-dish,,advanced,medium,moderate,nonfat plain yogurt|cucumber|scallion|garlic cloves|boneless skinless chicken breast|lemon juice|fresh oregano|olive oil|lettuce leaves|pita bread rounds|tomatoes|red onion
1414,Eggplant Aubergine Moussaka,Greek,main-dish,,advanced,medium,moderate,eggplants|ground beef|butter|onions|tomato paste|water|parsley|allspice|pepper|eggs|parmesan cheese|dry breadcrumbs|salt and black pepper|flour|milk|salt
1415,Eggplant Casserole Melitzanes Me Kreas Sti Katsarola,Greek,main-dish,,intermediate,medium,moderate,eggplant|tomato sauce|ground lamb|cheddar cheese|salt|sugar|black pepper|red onion|green bell pepper|bread|mushroom
1416,Grecian Lamb With Vegetables,Greek,main-dish,,intermediate,high,moderate,boneless lamb|vinegar|olive oil|fresh oregano|garlic|cracked black pepper|red bell pepper|red onion|artichoke hearts|salt and pepper|tomatoes|feta cheese|of fresh mint
1417,Grecian Meatloaf Gyros,Greek,main-dish,,advanced,medium,moderate,egg|garlic cloves|dried oregano|kosher salt|pepper|ground lamb|ground beef|pita bread|olive oil|tomatoes|sweet onions|plain yogurt|cucumber|lemon juice|salt
1418,Greek Baked Fish,Greek,main-dish,pescatarian|dairy-free,beginner,low,moderate,"onions|madras curry powder|oil|garlic cloves|tomatoes|dry white wine|fish steaks|lemon, juice of|parsley"
1419,Greek Chicken And Feta Phyllo Bundles,Greek,main-dish,,advanced,high,moderate,boneless skinless chicken breasts|dry white wine|olive oil|garlic|bay leaves|dried oregano|seasoning salt|pepper|feta cheese|egg|parmesan cheese|fresh parsley|phyllo dough|butter
1420,Greek Chicken Tortilla Roll Ups,Greek,main-dish,,advanced,medium,moderate,boneless chicken breast|olive oil|lemon juice|dijon-style mustard|garlic cloves|dried oregano|pepper|plain yogurt|cucumber|garlic clove|dried dill|flour tortillas|lettuce
1421,Greek Chicken With Warm Tomato Corn Salad,Greek,main-dish,,advanced,medium,moderate,chicken breast halves|salt and black pepper|olive oil|unsalted butter|onion|green peppers|garlic cloves|white wine|ground oregano|dried thyme|corn|cherry tomatoes|roma tomato|fresh lime juice|feta cheese
1422,Greek Grilled Shrimp,Greek,main-dish,pescatarian|dairy-free,beginner,medium,moderate,large shrimp|olive oil|sea salt|pepper|lemon peel|oregano|garlic clove|lemon juice|salt|dried thyme
1423,Greek Homestyle Chicken,Greek,main-dish,dairy-free,intermediate,medium,moderate,"chicken breasts|lemons, juice of|potatoes|olive oil|water|garlic|oregano|salt and pepper"
1424,Greek Island Chicken,Greek,main-dish,dairy-free,intermediate,medium,moderate,boneless skinless chicken breasts|olive oil|onion|garlic|red bell pepper|sun-dried tomato|dry white wine|pitted black olives|lemon|cinnamon|honey|salt and pepper|parsley
1425,Greek Lasagna Vegetarian,Greek,main-dish,vegetarian|pescatarian,advanced,medium,moderate,olive oil|onions|garlic cloves|marjoram|canned whole tomatoes|kalamata olive|salt|black pepper|fresh dill|eggplant|eggs|cottage cheese|ground fennel|feta cheese|lasagna noodle
1426,Greek Lentil Soup,Greek,main-dish,vegetarian|vegan|pescatarian|dairy-free,advanced,low,moderate,dried lentils|water|bay leaves|onions|celery|carrots|extra virgin olive oil|salt|black peppercorns|dry oregano|tomato paste|small whole wheat pasta shells|swiss chard|lemon juice
1427,Greek Rice Casserole W Feta And Artichokes,Greek,main-dish,vegetarian|pescatarian,intermediate,low,moderate,olive oil|garlic|chopped tomatoes|basil|oregano|red chili pepper flakes|salt|artichoke hearts|cooked white rice|feta cheese
1428,Greek Salad Omelette,Greek,main-dish,vegetarian|pescatarian,intermediate,medium,moderate,eggs|fresh parsley|olive oil|red onion|tomatoes|black olives|feta cheese
1429,Greek Stuffed Hamburgers,Greek,main-dish,,beginner,medium,moderate,90% lean ground beef|feta cheese|tomatoes|red onions|ripe olives|olive oil|dried oregano|salt|pepper|pita bread|lettuce leaves|seedless cucumber|cucumber ranch salad dressing
1430,Greek Stuffed Meatloaf,Greek,main-dish,,advanced,medium,moderate,lamb|hamburger|eggs|milk|quick oats|oil|onion|garlic cloves|fresh parsley|salt|cumin|pepper|fresh spinach|egg|feta cheese|black greek olive|ketchup|cinnamon|parmesan cheese|tabasco sauce
1431,Greek Tomato Penne Pasta,Greek,main-dish,vegetarian|pescatarian,beginner,high,moderate,chopped tomatoes|green onion|feta cheese|fresh parsley|fresh dill|extra virgin olive oil|penne pasta|salt|pepper
1432,Greek Vegetables,Greek,main-dish,vegetarian|pescatarian,intermediate,medium,moderate,frozen green beans|zucchini|onions|garlic cloves|olive oil|vegetable broth|yoghurt|mixed fresh herbs|lemon|feta cheese|whole grain bread
1433,Greek Style Cannellini And Vegetables,Greek,main-dish,vegetarian|vegan|pescatarian|dairy-free,intermediate,medium,moderate,garlic cloves|onion|olive oil|carrots|bell pepper|orzo pasta|zucchini|of fresh mint|fresh dill|fresh marjoram|cannellini|italian-style stewed tomatoes|salt and pepper
1434,Gyro Burritos,Greek,main-dish,,beginner,low,moderate,olive oil|lemon juice|garlic powder|cinnamon|salt|onion powder|cumin|oregano|red pepper flakes|ground beef|light sour cream|cucumber|dill weed|burritos|white onion
1435,Lamb Burgers With Minted Tzatziki,Greek,main-dish,,intermediate,high,moderate,ground lamb|cumin|white onion|fresh parsley leaves|egg|salt|white pepper|pita bread|plain yogurt|olive oil|fresh lemon juice|english cucumber|garlic|of fresh mint|pepper|lettuce|tomatoes|cucumber|onion
1436,Lamb Steak With Greek Tomato Sauce And Feta,Greek,main-dish,,advanced,high,moderate,lamb steaks|olive oil|ground cinnamon|dried oregano|yellow onion|garlic clove|tomato sauce|dry red wine|honey|feta cheese|flat leaf parsley
1437,Meat And Macaroni Pie Pastitsio,Greek,main-dish,,advanced,medium,moderate,spaghetti|olive oil|garlic powder|onion|garlic|meat|tomatoes|tomato sauce|olive|salt and pepper|dried oregano|dried parsley|butter|flour|milk|eggs|cheddar cheese|parmesan cheese
1438,Meatballs With Egg Lemon Sauce Youverlakie Me Avgolemono,Greek,main-dish,dairy-free,intermediate,low,moderate,lean ground beef|onion|of fresh mint|fresh parsley|raw rice|salt and pepper|beef stock|water|egg yolks|fresh lemon juice
1439,Psari A La Spetsiota Fish Done In The Style Of Spetses,Greek,main-dish,pescatarian|dairy-free,intermediate,medium,moderate,"cod|lemon, juice of|tomatoes|tomato paste|garlic|fresh parsley|breadcrumbs|olive oil"
1440,Quick Chunky Greek Pizza,Greek,main-dish,vegetarian|pescatarian,intermediate,high,moderate,cake flour|whole wheat flour|cornmeal|fresh rosemary|sugar|baking powder|baking soda|salt|plain yogurt|olive oil|chopped tomatoes|basil|garlic cloves|pepper|marinated artichoke hearts|feta cheese|mozzarella cheese|parmesan cheese
1441,Spaghetti With Tomato And Feta Sauce,Greek,main-dish,vegetarian|pescatarian,intermediate,medium,moderate,olive oil|dried oregano|mushroom|green onion|garlic clove|tomato sauce|tomatoes|sugar|kalamata olive|fresh parsley|red wine vinegar|spaghetti|feta cheese|fresh ground pepper
1442,Tofu Gyros,Greek,main-dish,vegetarian|vegan|pescatarian|dairy-free,advanced,medium,moderate,extra firm tofu|tamari|dried oregano|ground rosemary|garlic powder|firm silken tofu|cucumber|flax seed oil|fresh lemon juice|salt|ground black pepper|whole wheat pita bread|romaine lettuce|plum tomatoes|green onions
1443,Turkey Pita Sandwich,Greek,main-dish,,beginner,medium,moderate,plain nonfat yogurt|cucumber|dry dill weed|dried mint|green seedless grape|green bell pepper|celery|cooked turkey|feta cheese|pita breads|red leaf lettuce
1444,Vegetarian Moussaka,Greek,main-dish,vegetarian|pescatarian,advanced,high,moderate,spinach leaves|lentils|onion|garlic|mushrooms|chopped tomatoes|salt|pepper|ground cumin|potatoes|eggplants|butter|flour|milk|ricotta cheese|egg|parmesan cheese|nutmeg|oil
1445,Won T You Be My Gyro Chicken Panini,Greek,main-dish,,beginner,low,moderate,skinless chicken breast half|tomatoes|feta cheese|kalamata olive|olive oil|naan bread|tzatziki
1446,Yigandes Plaki Greek Baked Beans Tomato Casserole,Greek,main-dish,vegetarian|vegan|pescatarian|dairy-free,advanced,low,moderate,yigandes beans|garlic cloves|onions|olive oil|tomatoes|vegetable bouillon cubes|sea salt|fresh ground pepper|fresh parsley|water
1447,Zesty Chicken Oregano,Greek,main-dish,dairy-free,intermediate,medium,moderate,chicken|olive oil|lemon juice|dried oregano|salt|pepper|garlic clove|lemon
1448,Cherry Tomato And Feta Cheese Slice,Greek,main-dish,vegetarian|pescatarian,intermediate,medium,moderate,puff pastry|olive oil|cherry tomatoes|sugar|feta cheese|fresh basil leaf|parmesan cheese
1449,Chicken Athena,Greek,main-dish,,advanced,high,moderate,olive oil|chicken|garlic|anise seed|italian plum tomatoes|low sodium chicken broth|ouzo|dried oregano|oil-cured olives|feta cheese
1450,Cinnamon Stewed Chicken Cat Cora,Greek,main-dish,,advanced,high,moderate,whole chicken|ground cinnamon|kosher salt|fresh ground black pepper|extra virgin olive oil|garlic cloves|yellow onion|water|tomato paste|dried italian herb seasoning|parmesan cheese
1451,Drunken Shrimp A La Greque,Greek,main-dish,pescatarian,advanced,medium,moderate,large shrimp|ouzo|brown sugar|garlic cloves|orange juice|extra virgin olive oil|couscous|water|butter|cantaloupe|red bell pepper|salt & freshly ground black pepper|basil leaves
1452,Garden Pasta Primavera,Greek,main-dish,vegetarian|pescatarian,intermediate,medium,moderate,olive oil|onion|sea salt|yellow pepper|garlic cloves|zucchini|dry white wine|fresh ground pepper|whole wheat penne|fresh peas|mint leaf|reduced-fat feta cheese
1453,Grecian Shrimp Over Pasta,Greek,main-dish,pescatarian,beginner,medium,moderate,mushrooms|olive oil|shrimp|tomatoes|basil|tarragon|thyme|lemon pepper seasoning|all purpose greek seasoning|green onions|white sauce|pasta|feta cheese
1454,Greek Beef Steak,Greek,main-dish,dairy-free,intermediate,high,moderate,beef|oil|red wine|garlic|vinegar|sugar|water|flour|salt and pepper
1455,Greek Pasta Dinner,Greek,main-dish,,beginner,medium,moderate,garlic|onion|green pepper|olive oil|bacon|feta cheese|diced tomatoes|tomato paste|penne|chili flakes|salt|pepper|paprika
1456,Greek Stuffed Chicken,Greek,main-dish,,beginner,medium,moderate,boneless chicken breasts|frozen spinach|feta cheese|cottage cheese|egg|butter
1457,Grilled Marinated Mushrooms,Greek,main-dish,vegetarian|vegan|pescatarian|dairy-free,intermediate,low,moderate,extra virgin olive oil|garlic|red wine vinegar|fresh lemon juice|red pepper flakes|vegan sugar|dried thyme|dried oregano|salt|black pepper|mushrooms
1458,Gyro Casserole,Greek,main-dish,,intermediate,medium,moderate,ground beef|red onion|garlic cloves|diced tomatoes|parsley|dried oregano|ground cumin|cinnamon|salt|pita breads|english cucumber|plain yogurt|mint
1459,Halibut With Garlic,Greek,main-dish,pescatarian|dairy-free,beginner,high,moderate,halibut fillets|garlic cloves|olive oil|lemon juice|salt|white pepper|water
1460,Lamb With Spinach,Greek,main-dish,,intermediate,medium,moderate,lamb|salt and pepper|olive oil|onion|garlic clove|bouillon|fresh spinach|oregano|lemon juice|feta cheese
1461,Lamb Artichoke And Tomato Stew,Greek,main-dish,,beginner,medium,moderate,butter|boneless lamb|yellow onions|garlic|parsley|salt and pepper|tomato paste|dry white wine|artichoke hearts|dried mint|lemon juice|diced tomato
1462,Lemon Chicken Stew With Green Olives,Greek,main-dish,dairy-free,advanced,medium,moderate,flour|salt|black pepper|skinless chicken breasts|olive oil|white onion|garlic cloves|lemon juice|fat free chicken broth|water|small red potatoes|chickpeas|pimento stuffed olives|parsley
1463,Lemon Chicken With Basil Greece,Greek,main-dish,,intermediate,low,moderate,boneless skinless chicken breast halves|olive oil|unsalted butter|onion|celery ribs|carrots|fresh basil|bay leaf|lemons|water|salt|pepper|sugar
1464,Lemony Chicken And Scallion Orzo Risotto Style,Greek,main-dish,,intermediate,medium,moderate,orzo pasta|chicken broth|chicken|mizithra cheese|scallions|fresh oregano|fresh parsley|olive oil|all purpose greek seasoning|lemon
1465,Mediterranean Pasta,Greek,main-dish,,intermediate,medium,moderate,linguine|bacon|boneless chicken breast|salt|diced tomatoes with juice|dried rosemary|feta cheese|pitted black olives|artichoke hearts
1466,Melitzanopita Greek Pie Using Eggplant Aubergine,Greek,main-dish,,advanced,medium,moderate,olive oil|japanese eggplants|onions|lean bacon|tomato paste|salt|pepper|feta cheese|eggs|parsley|of fresh mint|phyllo pastry|egg|sesame seeds
1467,Moussaka Style Stuffed Eggplant Aubergine,Greek,main-dish,,advanced,high,moderate,eggplants|kosher salt|olive oil|oil|lean ground lamb|onion|garlic cloves|tomatoes|green bell pepper|ground cloves|cinnamon|ground cumin|cayenne pepper|fresh ricotta|fresh ground pepper|nutmeg|milk|parmesan cheese|fresh parsley
1468,Mum S Yemista Greek Stuffed Vegetables With Rice,Greek,main-dish,vegetarian|vegan|pescatarian|dairy-free,advanced,medium,moderate,tomatoes|green peppers|eggplants|zucchini|garlic cloves|onion|potatoes|long grain rice|parsley|dried spearmint|water|olive oil|breadcrumbs|salt|pepper
1469,Orzo With Baked Shrimps,Greek,main-dish,pescatarian|dairy-free,intermediate,medium,moderate,orzo pasta|zucchini|carrots|tomatoes|water|white wine|salt|white pepper|shrimp|minced garlic cloves|curry powder|olive oil|fresh lemon juice|pepper
1470,Peas In Tomato Sauce Revithia Me Saltsa Domata,Greek,main-dish,vegetarian|vegan|pescatarian|dairy-free,intermediate,low,moderate,extra virgin olive oil|onion|garlic clove|tomatoes|sugar|fresh oregano|fresh basil|water|tomato paste|zucchini|frozen peas|salt
1471,Perfect Pastitsio Vegetarian,Greek,main-dish,,advanced,medium,moderate,olive oil|onion|vegetarian ground beef|tomato sauce|dry red wine|ground cinnamon|ground nutmeg|salt & freshly ground black pepper|ziti pasta|milk|cornstarch|water|kefalotiri|eggs
1472,Psari Plaki Greek Red Snapper,Greek,main-dish,vegetarian|vegan|pescatarian|dairy-free,advanced,medium,moderate,olive oil|onions|tomatoes|fresh parsley|dry white wine|pepper|bay leaves|garlic cloves|red snapper fillets|fresh lemon juice|salt|baking potatoes|green bell peppers
1473,Roasted Vegetables With Lemon And Garlic Briam,Greek,main-dish,vegetarian|vegan|pescatarian|dairy-free,intermediate,low,moderate,"tomatoes|salt and pepper|potato|zucchini|eggplant|onion|fresh garlic cloves|sweet red pepper|fresh parsley|olive oil|lemon, juice of"
1474,Rosemary And Feta Chicken With Bow Tie Pasta,Greek,main-dish,,intermediate,medium,moderate,farfalle pasta|boneless skinless chicken breasts|olive oil|red bell pepper|garlic cloves|crushed red pepper flakes|kalamata olives|diced tomatoes|chicken broth|fresh rosemary|salt|feta|parmesan cheese
1475,Spicy Lamb Shish Kebabs With Greek Pita Bread,Greek,main-dish,,intermediate,medium,moderate,greek yogurt|hot paprika|ground cumin|ground allspice|garlic cloves|extra virgin olive oil|salt & freshly ground black pepper|leg of lamb|zucchini|pita bread
1476,Spinach Chicken Pie,Greek,main-dish,,advanced,medium,moderate,unsalted butter|sweet onion|ground chicken|frozen chopped spinach|salt|black pepper|ground nutmeg|red pepper flakes|feta cheese|eggs|fresh oregano|phyllo dough
1477,Spinach And Feta Puff Pie,Greek,main-dish,vegetarian|pescatarian,intermediate,medium,moderate,frozen spinach|feta cheese|ricotta cheese|egg|butter|onion|of fresh mint|fresh parsley|puff pastry|milk
1478,Stuffed Zucchini With Walnuts And Feta,Greek,main-dish,vegetarian|pescatarian,advanced,low,moderate,zucchini|olive oil|onion|garlic clove|greek feta cheese|walnuts|white breadcrumb|egg|fresh dill|salt and pepper
1479,Traditional Greek Baked Fish,Greek,main-dish,vegetarian|vegan|pescatarian|dairy-free,advanced,medium,moderate,olive oil|onions|carrots|celery ribs|dry white wine|tomatoes with juice|sugar|lemon|fresh flat-leaf parsley|fresh marjoram|sea bass|salt and pepper
1480,Yummy And Quick Chicken,Greek,main-dish,dairy-free,beginner,medium,moderate,"chicken|diced tomatoes|lemon, juice of|cinnamon"
1481,Zucchini Patties With Feta,Greek,main-dish,vegetarian|pescatarian,advanced,low,moderate,zucchini|salt|egg|egg yolk|all-purpose flour|feta cheese|fresh italian parsley|green onion|fresh dill|olive oil|corn oil
1482,Better Greek Chicken,Greek,main-dish,,advanced,low,moderate,feta cheese|garlic cloves|fresh lemon juice|dried oregano|boneless skinless chicken breast halves|salt|garlic powder|fresh coarse ground black pepper|all-purpose flour|olive oil|chicken broth|tomatoes|spinach leaves
1483,Crustless Spinach And Feta Pies With Tomato Salad,Greek,main-dish,vegetarian|pescatarian,advanced,low,moderate,olive oil|frozen spinach|scallions|eggs|half-and-half|plain breadcrumbs|dried mint|kosher salt|fresh ground black pepper|cayenne pepper|nutmeg|feta cheese|tomatoes|pepperoncini peppers|kalamata olives|fresh lemon juice
1484,Eggplant Aubergine Rigatoni Bake,Greek,main-dish,,advanced,medium,moderate,eggplant|olive oil|lean ground beef|zucchini|green bell pepper|onion|garlic|stewed tomatoes|tomato sauce|salt and pepper|ground cinnamon|rigatoni pasta|cream of celery soup|whole milk|monterey jack cheese|parmesan cheese
1485,Greece Is The Word,Greek,main-dish,pescatarian,intermediate,medium,moderate,tomatoes|garlic|ground cinnamon|shallots|bay leaf|olive oil|salt & freshly ground black pepper|prawns|feta cheese|green onions|ouzo|fresh thyme|black olives
1486,Greek Artichoke Chicken,Greek,main-dish,,advanced,high,moderate,chicken thighs|salt & freshly ground black pepper|olive oil|garlic cloves|diced tomatoes with basil oregano and garlic|marinated artichoke hearts|sugar|feta cheese|fresh oregano|cooked pasta
1487,Greek Burgers,Greek,main-dish,vegetarian|pescatarian,advanced,medium,moderate,ground chuck|pita breads|garlic|unsalted butter|olive oil|mushroom|red onion|salt|black pepper|feta cheese|lettuce leaf|tomatoes
1488,Greek Chicken And Orzo,Greek,main-dish,,beginner,medium,moderate,fat free chicken broth|onion|dried oregano leaves|orzo pasta|boneless chicken breast|spinach leaves|feta cheese
1489,Greek Chicken And Rice,Greek,main-dish,,intermediate,high,moderate,chicken parts|butter|oregano|lemon juice|onion|tomatoes|long-grain white rice|chicken stock
1490,Greek Chicken With Capers Raisins And Feta,Greek,main-dish,,advanced,low,moderate,boneless skinless chicken breast halves|all-purpose flour|dried oregano|olive oil|onion|reduced-sodium fat-free chicken broth|golden raisin|lemon juice|capers|feta cheese|lemons
1491,Greek Ground Beef Roll,Greek,main-dish,,advanced,high,moderate,olive oil|onion|ground beef|tomatoes|dried thyme|cinnamon|salt and pepper|butter|all-purpose flour|milk|egg|pine nuts|garlic clove|fresh spinach|nutmeg|parmesan cheese|phyllo pastry
1492,Greek Lamb Yoghurt Pasta Bake,Greek,main-dish,,advanced,high,moderate,rigatoni pasta|olive oil|red onion|garlic cloves|ground lamb|herbs|kalamata olive|zucchini|tomatoes|red wine|salt|fresh ground black pepper|parmesan cheese|rocket|greek yogurt|egg|lemon zest
1493,Greek Lamb Burgers,Greek,main-dish,,beginner,high,moderate,ground lamb|garlic clove|dried mint|dried oregano|feta|ground black pepper|kalamata olives|tomatoes|cucumbers|red onion|lime juice|lemon juice|ground cumin|olive oil|pita breads|plain low-fat yogurt
1494,Greek Lamb Casserole,Greek,main-dish,,advanced,medium,moderate,olive oil|onion|garlic cloves|eggplants|water|lamb shoulder|crushed tomatoes|of fresh mint|fresh dill|salt|orzo pasta|plain low-fat yogurt|all-purpose flour|egg whites
1495,Greek Lamb Rotisserie Grill Methods,Greek,main-dish,dairy-free,advanced,low,moderate,"leg of lamb|lemons, juice and zest of|olive oil|garlic cloves|thyme|oregano|rosemary|bay leaf|salt and pepper"
1496,Greek Pasta Casserole,Greek,main-dish,,intermediate,medium,moderate,elbow macaroni|ground beef|ricotta cheese|feta cheese|mozzarella cheese|egg|garlic powder|dried oregano|dried onion flakes|diced tomatoes|marinara sauce|kalamata olives
1497,Greek Phyllo Wrapped Chicken,Greek,main-dish,,advanced,medium,moderate,feta cheese|egg yolks|garlic clove|green onion|fresh parsley|of fresh mint|ground pepper|boneless skinless chicken breasts|phyllo pastry|butter|lemon wedge
1498,Greek Roasted Tilapia Fillets Low Fat,Greek,main-dish,vegetarian|pescatarian,intermediate,low,moderate,olive oil flavored cooking spray|fresh garlic|extra virgin olive oil|fresh flat-leaf parsley|roma tomato|reduced-fat feta cheese|tilapia fillet|salt and pepper
1499,Greek Spice Rub Or Salad Dressing,Greek,main-dish,vegetarian|vegan|pescatarian|dairy-free,beginner,low,moderate,oregano|dried mint|ground cumin|ground black pepper|salt|cinnamon
1500,Greek Spinach Pasta Bake,Greek,main-dish,vegetarian|pescatarian,advanced,medium,moderate,farfalle pasta|red onion|frozen chopped spinach|ricotta cheese|egg|all purpose greek seasoning|lemon zest|alfredo sauce|water|lemon juice|feta cheese
1501,Greek Steak Salad,Greek,main-dish,vegetarian|pescatarian,advanced,high,moderate,flank steak|olive oil|red wine vinegar|of fresh mint|fresh parsley|dijon mustard|dried oregano|salt|pepper|dried rosemary|artichoke hearts|fresh green beans|purple onion|pitted ripe olives|sweet red pepper|mixed greens|tomatoes|feta cheese
1502,Greek Style Chicken Wrapped In Phyllo,Greek,main-dish,,advanced,high,moderate,boneless skinless chicken breasts|vegetable oil|butter|onion|sliced mushrooms|parsley flakes|fresh dill|garlic clove|frozen chopped spinach|all-purpose flour|vermouth|ricotta cheese|feta cheese|salt & pepper|phyllo dough|dry breadcrumbs
1503,Greek Style Hot Dogs,Greek,main-dish,vegetarian|pescatarian,beginner,low,moderate,greek yogurt|mayonnaise|cucumber|fresh chives|fresh dill|lemon zest|fresh lemon juice|salt|black pepper|vegetarian sausages|hot dog buns|romaine lettuce|red onion|tomatoes|greek dressing
1504,Greek Style Spaghetti,Greek,main-dish,vegetarian|pescatarian,intermediate,medium,moderate,baby eggplants|red capsicum|yellow capsicum|zucchini|red onion|garlic cloves|lemon juice|whole wheat spaghetti|salt|fresh ground black pepper|olive oil|balsamic vinegar|clear honey|feta cheese|baby spinach leaves
1505,Grilled Greek Pork Chops,Greek,main-dish,dairy-free,beginner,medium,moderate,"pork loin chops|garlic cloves|dried oregano|ground black pepper|lemon, juice of|olive oil"
1506,Grilled Greek Style Chicken Pitas,Greek,main-dish,,intermediate,low,moderate,boneless skinless chicken breasts|fresh lemon juice|dried basil leaves|dried oregano leaves|garlic powder|plain yogurt|cucumber|onion|pita breads
1507,Grilled Oregano Chicken Kotopoulo Riganato Tes Skaras,Greek,main-dish,dairy-free,beginner,high,moderate,chicken breasts|olive oil|lemon juice|dried oregano leaves|dried thyme leaves|salt|fresh ground pepper
1508,Ground Chicken Turkey Kofta Kebabs,Greek,main-dish,dairy-free,intermediate,low,moderate,ground chicken|onion|red peppers|parsley|ground coriander|ground cumin|ground cinnamon|cayenne pepper|ground ginger|garlic|ground black pepper|salt|ground cloves|nutmeg
1509,Ground Lamb Loaf Tzatziki Sauce,Greek,main-dish,,advanced,medium,moderate,onion|ground lamb|fresh garlic|dried marjoram|ground rosemary|kosher salt|fresh ground black pepper|plain yogurt|cucumber|garlic cloves|olive oil|red wine vinegar|mint leaves|chopped tomato|feta cheese
1510,Gyros As Close As You Can Get Without The Spit,Greek,main-dish,vegetarian|pescatarian,advanced,medium,moderate,dry red wine|olive oil|garlic|dried oregano|salt|pepper|flank steak|butter|pita bread rounds|lettuce|tomatoes|cucumber|plain yogurt
1511,Halloumi And Eggplant Aubergine Stack,Greek,main-dish,vegetarian|pescatarian,intermediate,low,moderate,eggplant|halloumi cheese|flour|olive oil|garlic clove|fresh coriander leaves|fresh spearmint|sweet chili sauce|onion|balsamic vinegar|brown sugar|salt
1512,Italiano Pasta Salad,Greek,main-dish,,beginner,medium,moderate,rotini pasta|genoa salami|pepperoni|asiago cheese|black olives|green olives|pepperoncini pepper|red bell pepper|green bell pepper|roma tomatoes|dried italian salad dressing mix|olive oil|balsamic vinegar|dried oregano|dried parsley|parmesan cheese|black pepper|iceberg lettuce
1513,Lahanodolmathes Greek Cabbage Rolls,Greek,main-dish,,advanced,high,moderate,"ground beef|ground pork|cabbage|olive oil|short-grain rice|onions|carrot|parsley|celery|tomato paste|garlic clove|spearmint|beef bouillon cubes|butter|salt and pepper|eggs|cornflour|lemons, juice of"
1514,Lamb In A Greek Way,Greek,main-dish,dairy-free,advanced,medium,moderate,zucchini|salt|olive oil|garlic|ground lamb|pine nuts|plum tomatoes|oregano|fresh rosemary|fresh mint leaves|dried currant|pepper|seasoned bread crumbs
1515,Moussaka Pasta Toss,Greek,main-dish,,advanced,medium,moderate,penne rigate|olive oil|ground lamb|garlic cloves|onion|allspice|cinnamon|cumin|dried oregano|salt and black pepper|eggplant|butter|flour|milk|nutmeg|fresh parsley|parmigiano
1516,Moussaka With Halloumi And Ricotta Cheese Topping,Greek,main-dish,,advanced,medium,moderate,eggplant|olive oil|onion|garlic cloves|ground lamb|tomatoes|fresh basil|salt|pepper|halloumi cheese|ricotta cheese|flour|eggs|milk
1517,Moussaka Aunt Dana Style,Greek,main-dish,,intermediate,high,moderate,zucchini|olive oil|ground lamb|onion|garlic cloves|butter|tomatoes|salt|black pepper|breadcrumbs|egg|flour|pepper|nutmeg|milk|eggs|feta cheese|parmesan cheese
1518,Pastichio,Greek,main-dish,,intermediate,medium,moderate,elbow macaroni|onion|lean ground meat|butter|parmesan cheese|salt and pepper|tomato sauce|eggs|water|milk|cornstarch|cinnamon
1519,Pastitso Macaroni And Meat,Greek,main-dish,vegetarian|pescatarian,advanced,high,moderate,onion|butter|ground round|salt|black pepper|cinnamon|tomato paste|water|egg|elbow macaroni|eggs|romano cheese|flour|milk|egg yolks
1520,Pork Chops With Fresh Tomato Onion Garlic And Feta,Greek,main-dish,,intermediate,medium,moderate,olive oil|onion|pork loin chops|salt|black pepper|garlic powder|grape tomatoes|garlic cloves|dried basil|balsamic vinegar|feta cheese
1521,Prawns In Spicy Tomato Sauce With Feta Cheese,Greek,main-dish,pescatarian,intermediate,medium,moderate,"prawns|lemon, juice of|butter|olive oil|green onions|garlic clove|celery|fresh parsley|whole tomatoes|clam juice|tomatoes|oregano|dry white wine|feta cheese|salt and pepper"
1522,Skillet Moussaka,Greek,main-dish,,advanced,high,moderate,eggplant|all-purpose flour|ground lamb|onion|garlic clove|tomato sauce|dried oregano|salt|pepper|butter|egg yolk|milk|monterey jack cheese|fresh parsley
1523,Soutzoukakia Greek Meatballs In Tomato Sauce,Greek,main-dish,,intermediate,medium,moderate,ground beef|garlic cloves|cumin seed|dry white wine|white bread|egg|olive oil|flour|pepper|salt|tomatoes|vegetable stock|wine|butter|cinnamon
1524,Spaghetti With Tomato Garlic Sauce,Greek,main-dish,vegetarian|vegan|pescatarian|dairy-free,intermediate,medium,moderate,spaghetti|onion|garlic cloves|tomatoes|tomato paste|olive oil|sugar|chili peppers|salt|ground cinnamon|ground nutmeg|ground cloves
1525,Spicy Sun Dried Tomato And Feta Sauce,Greek,main-dish,vegetarian|pescatarian,intermediate,high,moderate,sun-dried tomatoes packed in oil|garlic|crushed tomatoes|kalamata olive|sugar|fresh basil|feta cheese|parmesan cheese|dry pasta
1526,Spinach Phyllo Casserole,Greek,main-dish,,advanced,low,moderate,onion|chicken broth|all-purpose flour|skim milk|low-fat cheddar cheese|fresh spinach|egg whites|phyllo pastry|olive oil
1527,Stifado Traditional Greek Stew,Greek,main-dish,dairy-free,beginner,high,moderate,diced tomatoes|red wine vinegar|beef stock|olive oil|garlic|cinnamon sticks|orange zest|honey|bay leaf|ground cumin|beef chuck|white pearl onions|sugar|flat leaf parsley
1528,Turkey Moussaka,Greek,main-dish,,advanced,medium,moderate,vegetable oil|eggplants|ground turkey|onion|diced tomatoes|garlic cloves|dried basil|dried oregano|tomato paste|ground cinnamon|salt & pepper|breadcrumbs|parmesan cheese|ricotta cheese|feta cheese|eggs|cooking spray
1529,Two Potato Moussaka,Greek,main-dish,,advanced,medium,moderate,red potatoes|yams|ground beef|italian-style stewed tomatoes|ground cinnamon|ground cumin|milk|flour|butter|ground nutmeg|salt and pepper|egg yolk|parmesan cheese
1530,Xoriatiki Greek Village Salad,Greek,main-dish,vegetarian|pescatarian,beginner,low,moderate,tomatoes|cucumber|onion|green pepper|feta cheese|olive|capers|olive oil|oregano|salt
1531,Chicken Curry In A Hurry,Indian,main-dish,,intermediate,low,moderate,flour|salt|cayenne pepper|boneless skinless chicken breast|canola oil|curry powder|onion|garlic cloves|chicken broth|golden raisin|tomato paste|fresh cilantro|plain nonfat yogurt
1532,Aloo Gobi,Indian,main-dish,vegetarian|vegan|pescatarian|dairy-free,advanced,low,moderate,vegetable oil|onion|fresh coriander|green chili|cauliflower|potatoes|diced tomatoes|fresh ginger|fresh garlic|cumin seed|turmeric|salt|garam masala
1533,Sweet Potato Curry With Spinach And Chickpeas,Indian,main-dish,vegetarian|vegan|pescatarian|dairy-free,advanced,low,moderate,sweet onions|canola oil|curry powder|cumin|cinnamon|fresh spinach|sweet potatoes|chickpeas|water|diced tomatoes|fresh cilantro|basmati rice
1534,Spicy Shrimp In Coconut Milk,Indian,main-dish,pescatarian,intermediate,medium,moderate,oil|onion|garlic|fresh ginger|coriander|cumin|cinnamon|cayenne|turmeric|canned tomato|unsweetened coconut milk|water|salt|shrimp|fresh cilantro|lime wedge
1535,Chicken Makhani Indian Butter Chicken,Indian,main-dish,,advanced,medium,moderate,peanut oil|shallot|white onion|butter|lemon juice|ginger-garlic paste|garam masala|chili powder|ground cumin|bay leaf|plain yogurt|half-and-half|tomato puree|cayenne pepper|salt|black pepper|boneless skinless chicken thighs|cornstarch|water
1536,Indian Butter Chicken,Indian,main-dish,,advanced,medium,moderate,peanut oil|boneless skinless chicken breast|butter|garam masala|sweet paprika|ground coriander|green ginger|chili powder|cinnamon stick|cardamom pods|tomato puree|sugar|plain yogurt|cream|lemon juice
1537,Palak Paneer Indian Fresh Spinach With Paneer Cheese,Indian,main-dish,vegetarian|pescatarian,intermediate,low,moderate,baby spinach|onion|cinnamon|ground cardamom|ground ginger|garlic|chopped tomato|plain yogurt|coriander powder|garam masala|paprika|salt|paneer cheese|heavy cream
1538,Chicken Rice And Spices Bake,Indian,main-dish,dairy-free,intermediate,high,moderate,chicken stock|olive oil|boneless skinless chicken thighs|onion|garlic clove|ground cinnamon|ground turmeric|ground cumin|curry powder|cayenne pepper|salt|basmati rice
1539,Cashew Chicken Curry,Indian,main-dish,,beginner,high,moderate,unsalted butter|onions|garlic cloves|fresh ginger|curry powder|salt|ground cumin|cayenne|chicken|diced tomatoes|fresh cilantro|cashews|plain yogurt|cooked basmati rice
1540,I Can T Wait For Chole,Indian,main-dish,vegetarian|vegan|pescatarian|dairy-free,intermediate,medium,moderate,onions|fresh ginger|garlic|cumin seeds|bay leaf|cinnamon stick|tomatoes|ground coriander|turmeric|salt|cayenne pepper|garbanzo beans|garam masala|fresh lemon juice
1541,Chickpea Curry Garbanzos,Indian,main-dish,vegetarian|vegan|pescatarian|dairy-free,intermediate,medium,moderate,chickpeas|onion|fresh ginger|garlic cloves|curry powder|salt|tomatoes|olive oil|water
1542,Indian Lamb Curry,Indian,main-dish,,advanced,medium,moderate,boneless lamb|vegetable oil|bay leaves|black cardamom pod|cinnamon sticks|peppercorns|whole cloves|onions|ginger paste|garlic|green chili pepper|salt|turmeric|coriander powder|cayenne pepper|garam masala|diced tomato|plain yogurt|fresh cilantro leaves
1543,Curried Chickpeas And Black Beans Low Fat,Indian,main-dish,vegetarian|vegan|pescatarian|dairy-free,intermediate,low,moderate,olive oil|onion|ginger|curry powder|diced tomatoes|salt|black beans|chickpeas|fresh cilantro|fresh lemon juice
1544,Carol S Dal Curry Curried Lentils,Indian,main-dish,vegetarian|pescatarian,beginner,low,moderate,lentils|yellow onion|cilantro|tomatoes|coconut milk|tomato sauce|curry powder|turmeric|ginger|ground cloves|cumin|cayenne|salt
1545,Easy Crescent Samosa Indian Style Sandwiches,Indian,main-dish,vegetarian|vegan|pescatarian|dairy-free,advanced,low,moderate,olive oil|onion|garlic cloves|potatoes|carrot|sweet peas|soy sauce|curry powder|cumin|dried cilantro|ground ginger|turmeric|salt|red pepper flakes|water|crescent rolls|honey|lemon juice
1546,Lentil Dal,Indian,main-dish,vegetarian|vegan|pescatarian|dairy-free,intermediate,medium,moderate,olive oil|onion|fresh ginger|cumin seed|turmeric|red pepper|garlic cloves|cauliflower florets|tomatoes|water|dried lentils|fresh lime juice|fresh cilantro|salt|cooked basmati rice
1547,Aloo Palak Indian Potatoes Spinach,Indian,main-dish,vegetarian|pescatarian,intermediate,medium,moderate,spinach|garlic cloves|fresh ginger|onions|green chili|potatoes|turmeric|ghee|cumin seed|garam masala|ground coriander|ground cumin|fresh cream|salt
1548,Chickpeas And Rice,Indian,main-dish,vegetarian|pescatarian,beginner,medium,moderate,chickpeas|butter|olive oil|parsley|sun-dried tomatoes packed in oil|dried basil|dried oregano|salt|pepper|parmesan cheese|dried thyme|bay leaf|basmati rice|water
1549,Restaurant Style Tandoori Chicken In The Oven,Indian,main-dish,,advanced,high,moderate,plain yogurt|lemon juice|allspice|fresh coarse ground black pepper|ground cayenne pepper|ground cinnamon|ground cumin|ground ginger|salt|smoked paprika|garlic|chili paste with garlic|chicken|onions|lemon
1550,Lentils Garlic And Tomatoes,Indian,main-dish,vegetarian|vegan|pescatarian|dairy-free,intermediate,low,moderate,olive oil|garlic|tomatoes|dried lentils|salt|lemon juice
1551,Saag Chicken,Indian,main-dish,,advanced,medium,moderate,skinless chicken pieces|oil|spinach|water|gingerroot|garlic cloves|onions|crushed tomatoes|salt|cayenne pepper|ground coriander|turmeric powder|whole cloves|cardamom pods|milk|garam masala|butter
1552,Broccoli Dal Curry,Indian,main-dish,,advanced,medium,moderate,"butter|onions|chili powder|black pepper|cumin|ground coriander|turmeric|red lentil|lemon, juice of|chicken broth|broccoli|dried coconut|flour|salt|cashews"
1553,Mattar Paneer,Indian,main-dish,vegetarian|pescatarian,intermediate,low,moderate,panir|oil|mustard seeds|cumin seed|onion|ginger|garlic cloves|tomatoes|sugar|salt|garam masala|chili powder|turmeric powder|coriander powder|cumin powder|water|peas|heavy cream|fresh cilantro
1554,Aloo Gobi Cauliflower And Potatoes,Indian,main-dish,vegetarian|vegan|pescatarian|dairy-free,intermediate,low,moderate,cauliflower|boiling potatoes|vegetable oil|fenugreek seeds|fennel seed|whole cumin seed|dried hot red chili pepper|ground turmeric|ground coriander|salt|ground pepper|garam masala
1555,Creamy Chickpea Curry,Indian,main-dish,vegetarian|pescatarian,intermediate,high,moderate,oil|onion|garlic cloves|red curry paste|chickpeas|coconut milk|soy sauce|tomatoes|brown sugar|fresh lime juice|fresh basil|cooked jasmine rice
1556,Gordon Ramsay S Tikka Masala,Indian,main-dish,,advanced,medium,moderate,peanut oil|onion|fresh green chile|fresh ginger|garlic cloves|chili powder|turmeric|garam masala|soft brown sugar|tomato puree|chopped tomatoes|boneless chicken breasts|dried curry leaves|yogurt|fresh coriander
1557,Black Eyed Pea Masala,Indian,main-dish,vegetarian|pescatarian,intermediate,low,moderate,vegetable oil|green chili|garlic cloves|onion|gingerroot|curry powder|turmeric|ground cumin|tomatoes|salt|dried black-eyed peas|plain yogurt|cilantro
1558,Aloo Matar Ka Pulao Indian Rice With Potatoes And Peas,Indian,main-dish,vegetarian|pescatarian,intermediate,medium,moderate,basmati rice|water|butter|cumin seed|fresh ginger|green peas|potato|coriander seeds|garam masala|salt|turmeric
1559,Coriander Lemon Chicken,Indian,main-dish,dairy-free,beginner,medium,moderate,skinless chicken breasts|vegetable oil|garlic|ginger|water|fresh coriander leaves|green chili pepper|cayenne pepper|ground cumin|ground coriander|ground turmeric|salt|lemon juice
1560,Cabbage And Potato Fry,Indian,main-dish,vegetarian|vegan|pescatarian|dairy-free,intermediate,low,moderate,cabbage|vegetable oil|potatoes|onion|cumin seed|mustard seeds|turmeric powder|coriander powder|salt|desiccated coconut|coriander
1561,Indian Kadai Chicken,Indian,main-dish,dairy-free,advanced,high,moderate,chicken|oil|onion|tomatoes|fresh coriander leaves|ginger paste|garlic paste|garam masala powder|bay leaves|red chilies|coriander seeds|red chili powder|salt
1562,Grilled Chicken Tikka,Indian,main-dish,,intermediate,low,moderate,boneless skinless chicken breasts|fresh lemon juice|plain yogurt|garlic|ginger|ground cumin|ground turmeric|cayenne pepper|salt|fresh ground black pepper|butter|lime
1563,Easy Pilau Rice,Indian,main-dish,vegetarian|pescatarian,beginner,medium,moderate,butter|basmati rice|turmeric|bay leaf|green cardamom pods|cloves|fennel seed|salt|boiling water
1564,Chicken Thighs With Lime And Curry,Indian,main-dish,,intermediate,low,moderate,chicken thighs|flour|pepper|oil|red onion|garlic|stock|curry powder|hot pepper sauce|lime|fresh cilantro|sour cream
1565,Easy Mango Chicken,Indian,main-dish,,intermediate,medium,moderate,green pepper|shallots|butter|chicken bouillon cube|mango chutney|orange juice|water|ginger|mangoes|boneless chicken breasts
1566,Mom S Chicken Curry,Indian,main-dish,,intermediate,low,moderate,butter|onion|curry powder|flour|salt|sugar|ginger|chicken broth|milk|cooked chicken|lemon juice
1567,Angela S Chicken Tikka Masala,Indian,main-dish,,advanced,high,moderate,onion|garlic cloves|curry powder|olive oil|white wine vinegar|ginger|peppercorns|salt|sugar|coriander seeds|lime zest|chicken breasts|plain yogurt|tomatoes|heavy cream|curry paste|black pepper|basmati rice
1568,Saffron Chicken,Indian,main-dish,,intermediate,medium,moderate,saffron|chicken pieces|ghee|onion|gingerroot|chili pepper|garlic|ground cardamom|salt
1569,Brinjal Eggplant Curry,Indian,main-dish,vegetarian|vegan|pescatarian|dairy-free,advanced,low,moderate,eggplants|salt|rice bran oil|whole mustard seeds|onion|ginger paste|garlic cloves|cayenne pepper|turmeric|ground cumin|garam masala|water|tomato paste|lemon juice
1570,Just Right Spinach Chickpea Curry Vegan Chole Palak,Indian,main-dish,vegetarian|vegan|pescatarian|dairy-free,advanced,medium,moderate,fresh tomatoes|fresh ginger|fresh green chile|grapeseed oil|asafoetida powder|whole cumin seed|fresh spinach|chickpeas|water|ground coriander|chili powder|turmeric|sea salt|garam masala|fresh cilantro
1571,Kashmir Lamb With Spinach,Indian,main-dish,,intermediate,high,moderate,oil|boneless lamb|onions|garlic cloves|fresh ginger|ground cumin|ground coriander|turmeric|ground cardamom|ground cloves|bay leaves|chicken stock|cream|spinach
1572,Nordic Moon Ranch S Most Excellent Ground Lamb,Indian,main-dish,dairy-free,intermediate,medium,moderate,ground lamb|onion|olive oil|curry powder|red wine|tomato paste|garlic|salt|red pepper flakes|ground cumin
1573,Spicy Indian Grilled Chicken,Indian,main-dish,,beginner,medium,moderate,black pepper|paprika|cayenne pepper|garam masala|ground cumin|oregano|salt|garlic clove|vegetable oil|lemon juice|plain yogurt|chicken pieces
1574,Butternut Squash Coconut Curry,Indian,main-dish,vegetarian|pescatarian,intermediate,low,moderate,onion|canola oil|curry powder|cumin|coriander|cinnamon|frozen spinach|butternut squash|chickpeas|diced tomatoes|light coconut milk|salt and pepper|cilantro|basmati rice
1575,Carrot Rice With Peanuts,Indian,main-dish,vegetarian|pescatarian,intermediate,low,moderate,long-grain rice|water|roasted peanuts|butter|onion|gingerroot|carrot|salt|pepper|cilantro
1576,I Love Palak Paneer Spinach And Cheese Curry,Indian,main-dish,vegetarian|pescatarian,beginner,low,moderate,vegetable oil|cumin seed|fenugreek seeds|garam masala|onion|garlic clove|lemon juice|spinach|cream|paneer cheese
1577,Spicy Indian Dahl,Indian,main-dish,vegetarian|pescatarian,advanced,medium,moderate,onions|garlic|fresh gingerroot|ghee|red chili powder|ground coriander|turmeric|cloves|cinnamon stick|salt|red lentils|water|cilantro leaf
1578,Aloo Matar,Indian,main-dish,vegetarian|vegan|pescatarian|dairy-free,intermediate,low,moderate,potatoes|frozen peas|green chili|white onion|garlic paste|ginger paste|tomato sauce|olive oil|cumin seeds|bay leaves|turmeric|garam masala|ground red pepper|coriander powder
1579,Indian Chana Masala,Indian,main-dish,vegetarian|vegan|pescatarian|dairy-free,intermediate,low,moderate,chickpeas|onion|tomatoes|green chili pepper|garlic cloves|gingerroot|bay leaves|red chili powder|turmeric powder|coriander powder|garam masala powder|olive oil|coriander leaves
1580,Sweet Potato Carrot Bisque,Indian,main-dish,,intermediate,low,moderate,butter|onion|chicken broth|carrots|sweet potato|sugar|curry|nutmeg|salt|lemon juice|plain yogurt|french-fried onions|craisins|chow mein noodles|dried banana pieces|roasted peanuts|flaked coconut
1581,Chicken Bhuna Masala A Chicken Curry,Indian,main-dish,,intermediate,medium,moderate,cumin seed|coriander seed|cardamom pod|vegetable oil|chicken breast|salt & freshly ground black pepper|curry powder|chili powder|cinnamon stick|tomatoes|red onion|garlic cloves|fresh ginger|coconut milk|white wine|fresh cilantro leaves|cooked basmati rice
1582,Easy Curried Yellow Dal Yellow Split Peas,Indian,main-dish,vegetarian|pescatarian,advanced,low,moderate,yellow split peas|butter|onion|garlic cloves|fresh gingerroot|low sodium vegetable broth|water|salt|curry powder|cumin|coriander powder|turmeric|chili powder|garam masala|fresh cilantro
1583,Indian Beef Madras Curry,Indian,main-dish,dairy-free,intermediate,medium,moderate,stewing beef|onions|ginger|garlic|crushed tomatoes|tomato puree|beef stock|red lentil|ground turmeric|red chili peppers|garam masala|cumin seed|mustard seeds|oil|fresh cilantro
1584,Indian Saag Paneer Low Fat Cheese With Spinach,Indian,main-dish,vegetarian|pescatarian,intermediate,low,moderate,garlic cloves|tomato sauce|frozen chopped spinach|panir|low-fat whipping cream|minced ginger|garam masala|coriander|cumin|red cayenne pepper|salt
1585,Baked King Fish Cod In Tomato Sauce,Indian,main-dish,vegetarian|vegan|pescatarian|dairy-free,intermediate,low,moderate,kingfish|salt|chili powder|turmeric powder|vegetable oil|fennel seed|mustard seeds|onions|garlic|gingerroot|cumin powder|tomatoes|garam masala|green chilies
1586,Mutter Paneer Indian Cheese Curry,Indian,main-dish,vegetarian|pescatarian,intermediate,low,moderate,paneer cheese|onion|chopped tomatoes|frozen peas|garlic cloves|ground ginger|ground coriander|garam masala|turmeric|ground cumin|ground black pepper|salt|oil|cilantro
1587,Sweet Curry Chickpea Casserole,Indian,main-dish,vegetarian|pescatarian,intermediate,medium,moderate,chickpeas|coconut milk|water|red onion|sweet potato|apple|garlic cloves|ginger|curry|dried mustard|cumin|turmeric|sea salt|allspice
1588,Basil Cilantro And Macadamia Nut Chicken,Indian,main-dish,,intermediate,medium,moderate,boneless skinless chicken|fresh ginger|garlic|jalapenos|macadamia nuts|olive oil|lime juice|plain yogurt|basil|cilantro|garam masala|ground coriander|ground cumin|salt and pepper
1589,Curried Lentil Loaf,Indian,main-dish,vegetarian|pescatarian,intermediate,medium,moderate,vegetable oil|carrot|yellow onion|potato|red bell pepper|garlic|plum tomatoes|tomato paste|curry powder|cayenne pepper|brown lentils|peanut butter|breadcrumbs|salt
1590,Dhal Lentil Puree,Indian,main-dish,vegetarian|pescatarian,intermediate,low,moderate,red lentil|ghee|onion|garlic|fresh gingerroot|ground turmeric|water|salt
1591,Grilled Tandoori Style Chicken,Indian,main-dish,,intermediate,low,moderate,skinless chicken breast halves|plain yogurt|ground coriander|mild paprika|ground cumin|fresh ginger|fresh garlic|ground black pepper|ground cinnamon|ground cardamom|ground cloves|vegetable oil|salt and pepper
1592,Indian Spiced Rice,Indian,main-dish,vegetarian|pescatarian,advanced,low,moderate,canola oil|onion|fresh gingerroot|garlic|coriander powder|ground cardamom|ground nutmeg|red chili powder|ground cumin|basmati rice|salt|dry lentils|water|potato|green bell peppers|green peas|raisins|butter
1593,Spiced Cauliflower,Indian,main-dish,vegetarian|pescatarian,advanced,low,moderate,cauliflower|onions|chopped tomatoes|plain yogurt|oil|garlic|ginger|green chili|turmeric powder|coriander powder|cumin powder|salt|paprika|red chili powder|poppy seed|cashews|green coriander
1594,Beef Bombay Curry,Indian,main-dish,,intermediate,low,moderate,beef steaks|oil|onions|garlic|green chili peppers|ginger|turmeric|cumin powder|coriander powder|salt|chili powder|chopped tomatoes|coconut milk
1595,Chickpea Daal Indian,Indian,main-dish,vegetarian|pescatarian,advanced,low,moderate,chickpeas|salt|onions|garlic cloves|butter|ginger|chopped tomatoes|green onion|tomato paste|potatoes|masala|dry crushed red pepper|garam masala|turmeric|water
1596,Fantastic Chicken Curry,Indian,main-dish,dairy-free,intermediate,medium,moderate,flour|salt|black pepper|skinless chicken breasts|oil|onion|green bell pepper|garlic|mild curry powder|potatoes|fat-free chicken broth|mango chutney|fresh cilantro
1597,Kashmiri Chicken Cardamom And Saffron Pilau Spiced Indian Rice,Indian,main-dish,dairy-free,advanced,high,moderate,basmati rice|oil|onions|garlic cloves|fresh gingerroot|cumin seeds|boneless chicken|saffron strand|boiling water|cardamom pods|of fresh mint|garam masala|cinnamon stick|chopped tomatoes|sultanas|salt|pepper|blanched almonds
1598,Lamb In Indian Spices And Yoghurt,Indian,main-dish,,intermediate,high,moderate,vegetable oil|onions|garlic|fresh gingerroot|plain yogurt|red chili powder|ground coriander|ground cumin|ground cardamom|ground cloves|ground turmeric|chopped tomatoes|boneless leg of lamb|slivered almonds|garam masala|fresh cilantro leaves
1599,Yellow Split Pea Dal,Indian,main-dish,vegetarian|pescatarian,intermediate,low,moderate,yellow split peas|water|butter|garlic cloves|cumin seed|mustard seeds|turmeric|cinnamon|salt|black pepper|crushed red pepper flakes
1600,Broiled Indian Spiced Fish,Indian,main-dish,pescatarian,intermediate,medium,moderate,ginger|garlic cloves|garam masala|ground cumin|ground turmeric|mustard powder|cayenne pepper|fresh lemon juice|coarse salt|fresh ground black pepper|unsalted butter|fish fillets
1601,Charishma S Very Tasty Bhindi Masala,Indian,main-dish,vegetarian|vegan|pescatarian|dairy-free,advanced,low,moderate,coriander powder|red chili powder|turmeric powder|green chili pepper|tomatoes|cumin seed|mustard seeds|oil|salt|okra|onions
1602,Chickpea Curry Indian Style Over Basmati Rice,Indian,main-dish,vegetarian|pescatarian,advanced,medium,moderate,"vidalia onion|garlic cloves|red chili powder|cumin|curry powder|coriander|chickpeas|lemon, juice of|tomato paste|peanut butter|salt|cilantro leaf|basmati rice|butter|turmeric|water"
1603,Easy Curried Shrimp,Indian,main-dish,,beginner,medium,moderate,butter|curry|onion|dried ginger|flour|chicken broth|milk|salt|sugar|lemon juice|shrimp
1604,Goan Beef Curry,Indian,main-dish,dairy-free,advanced,medium,moderate,cardamom pods|fennel seed|cloves|cinnamon sticks|fenugreek seeds|black peppercorns|coriander seeds|cumin seeds|oil|onions|garlic cloves|gingerroot|stewing beef|ground turmeric|chili powder|creamed coconut
1605,Indian Potatoes With Mustard Seeds Sookhi Bhaji,Indian,main-dish,vegetarian|vegan|pescatarian|dairy-free,intermediate,low,moderate,cumin seed|brown mustard seeds|onion|serrano chilies|potatoes|ground cumin|ground coriander|turmeric|salt|cayenne pepper|fresh cilantro
1606,Keema,Indian,main-dish,dairy-free,advanced,medium,moderate,ground beef|onion|fresh ginger|curry powder|garlic|jalapeno pepper|salt|ground pepper|chicken broth|frozen baby peas|cooked rice
1607,South African Curry,Indian,main-dish,dairy-free,intermediate,low,moderate,onion|curry powder|turmeric|tomatoes|chicken|garlic|ginger|potato|salt
1608,Tandoori Masala Gobhi Tandoori Masala In Yoghurt Cauliflower,Indian,main-dish,vegetarian|pescatarian,intermediate,low,moderate,cauliflower florets|oil|cumin seed|ginger|coriander leaves|green chilies|plain yogurt|tomato paste|tandoori masala|salt
1609,Aromatic Peas And Carrot Pilaf For One,Indian,main-dish,vegetarian|pescatarian,intermediate,low,moderate,onion|garlic powder|butter|basmati rice|cumin seed|bay leaf|cinnamon stick|peppercorns|cloves|carrot|fresh peas|salt|water|pepper
1610,Beef Vindaloo The Real Thing,Indian,main-dish,dairy-free,intermediate,medium,moderate,stewing beef|cumin seed|dried red chilies|peppercorn|fenugreek seeds|green cardamom pods|black mustard seeds|salt|demerara sugar|white wine vinegar|oil|onion|fresh ginger|garlic cloves|ground coriander|turmeric|warm water
1611,Chicken With Lemon Curry Sauce,Indian,main-dish,dairy-free,intermediate,low,moderate,boneless chicken breasts|fresh lemon juice|unsweetened apple juice|white wine|curry powder|ground coriander|ground ginger|ground turmeric|onion|garlic|honey|salt & fresh ground pepper|chili paste
1612,Egg Pulao,Indian,main-dish,vegetarian|pescatarian,advanced,medium,moderate,basmati rice|onion|tomatoes|oil|ginger-garlic paste|cumin powder|coriander powder|red chili powder|turmeric powder|garam masala powder|coconut milk powder|coriander leaves|green peas|salt|potatoes|hard-boiled eggs
1613,Sriracha Glazed Chicken And Onions Over Long Grain Rice,Indian,main-dish,dairy-free,intermediate,medium,moderate,cooked white rice|hoisin sauce|ketchup|hot chili sauce|canola oil|onion rings|fresh ginger|garlic|curry powder|boneless skinless chicken breast|parsley|cashews
1614,Vegetarian Mulligatawny Soup,Indian,main-dish,vegetarian|pescatarian,intermediate,medium,moderate,onion|celery|vegetable oil|chili|turmeric|coriander|vegetable stock|salt|carrot|potato|red bell peppers|tomatoes|coconut|coconut milk|lemon juice|cilantro
1615,Balti Seitan Madras,Indian,main-dish,vegetarian|vegan|pescatarian|dairy-free,beginner,low,moderate,seitan|tomato paste|ground fennel|minced ginger|coriander|garlic|chili powder|curry powder|ground turmeric|lemon juice|salt|water|vegetable oil|onion|green chilies
1616,Butter Chicken Murgh Makhani,Indian,main-dish,,advanced,high,moderate,boneless chicken breasts|yogurt|vinegar|ground coriander|ground cumin|red chili powder|onion|ginger paste|garlic paste|salt|sugar|roma tomatoes|butter|fresh cream|black pepper|gingerroot|green chilies|cashews|cilantro
1617,Chana Dal Yellow Lentils With Spinach,Indian,main-dish,vegetarian|vegan|pescatarian|dairy-free,intermediate,low,moderate,channa dal|water|vegetable oil|black mustard seeds|bay leaves|cinnamon stick|onion|garlic cloves|ginger|frozen spinach|garam masala|coriander powder|chili powder|salt
1618,Chickpea Dahl,Indian,main-dish,vegetarian|vegan|pescatarian|dairy-free,intermediate,low,moderate,grape tomatoes|onions|fresh ginger|curry powder|cumin|olive oil|margarine|diced tomatoes|potatoes|frozen baby peas|chickpeas|salt
1619,Creamy Lentil Risotto Kichdi,Indian,main-dish,vegetarian|pescatarian,intermediate,low,moderate,basmati rice|lentils|turmeric powder|ghee|cinnamon stick|bay leaves|cloves|cardamom pods|cumin seeds|onion|garlic cloves|salt|lemon juice|cilantro
1620,Garlic Curry Chicken Spinach,Indian,main-dish,,intermediate,medium,moderate,olive oil|boneless skinless chicken breast|garlic cloves|curry powder|coconut milk|fresh spinach|salt|pepper
1621,Honey Curried Chicken,Indian,main-dish,,intermediate,medium,moderate,chicken breasts|butter|honey|dijon mustard|curry powder|garam masala|hot pepper sauce|garlic cloves|soya sauce|lemon juice|ginger|salt and pepper
1622,Jhal Frezi Chicken Easy And Delicious,Indian,main-dish,,intermediate,medium,moderate,vegetable oil|boneless skinless chicken thighs|onion|chopped tomatoes|garlic clove|ground turmeric|chili powder|salt|ground cumin|curry powder|ground coriander|fresh ginger|green chili|fresh cilantro|butter
1623,Mixed Dhal,Indian,main-dish,,intermediate,medium,moderate,ghee|onions|garlic cloves|fresh ginger|fresh green chile|black mustard seeds|ground cumin|ground coriander|ground turmeric|asafoetida powder|toor dal|urad dal|mung dal|channa dal|crushed tomatoes|chicken stock|coconut cream|cilantro
1624,Mushroom And Pea Curry,Indian,main-dish,dairy-free,intermediate,medium,moderate,mushrooms|green chilies|olive oil|cumin seed|garlic|ginger|ground coriander|garam masala|tomato puree|salt|fresh peas|fresh coriander|chicken stock|creme fraiche
1625,Oh My God These Are The Best Potatoes In The Cosmos,Indian,main-dish,vegetarian|vegan|pescatarian|dairy-free,advanced,low,moderate,oil|potatoes|curry leaves|cumin seeds|turmeric powder|salt|green chilies|water
1626,Paneer Makhani,Indian,main-dish,vegetarian|pescatarian,intermediate,low,moderate,tomatoes|ginger|panir|bay leaf|cardamoms|red chili powder|fenugreek seeds|sugar|cream|garam masala|oil|salt
1627,Salmon Cutlets In Indian Creamy Sauce,Indian,main-dish,pescatarian,intermediate,high,moderate,salmon fillets|onions|garlic cloves|coconut milk|chopped tomatoes|spices|salt and pepper|olive oil
1628,Shrimp Korma,Indian,main-dish,pescatarian,beginner,low,moderate,shrimp|plain yogurt|paprika|garam masala|tomato puree|coconut milk|chili powder|water|garlic cloves|ginger|cinnamon stick|cardamom pods|vegetable oil|salt
1629,Simple Chicken Biryani,Indian,main-dish,dairy-free,intermediate,high,moderate,chicken breasts|garam masala|ground cumin|ground turmeric|olive oil|onion|garlic cloves|fresh ginger|chicken stock|basmati rice|fresh coriander
1630,Spiced Bat Wings Chicken Wings,Indian,main-dish,,intermediate,low,moderate,curry powder|ground ginger|ground cinnamon|salt|chicken wings|butter|mango chutney
1631,Spicy Mulligatawny Soup Chicken,Indian,main-dish,dairy-free,advanced,medium,moderate,vegetable oil|boneless skinless chicken breast|gala apples|onion|carrot|celery|green bell pepper|flour|curry powder|ground ginger|crushed red pepper flakes|salt|fat free chicken broth|mango chutney|tomato paste|fresh parsley
1632,Stir Fried Shrimp In Aromatic Tomato Cream Sauce,Indian,main-dish,pescatarian,advanced,medium,moderate,tomato paste|salt|sugar|garam masala|cumin|cayenne|cilantro|fresh green chile|lemon juice|coconut milk|oil|mustard seeds|garlic cloves|curry leaves|medium shrimp
1633,Vegan Chickpea Korma,Indian,main-dish,vegetarian|pescatarian,intermediate,medium,moderate,chickpeas|coconut milk|onion|red bell pepper|vegetable oil|tomato paste|garlic clove|ginger|curry powder|ground cardamom|ground coriander|cayenne pepper
1634,Bombay Beans And Chicken,Indian,main-dish,,advanced,high,moderate,diced tomatoes|kidney beans|vegetable oil|garlic|onions|ground cumin|salt|fresh ground pepper|cilantro|boneless skinless chicken breasts|curry powder|cooked rice|sour cream
1635,Chicken Dopiaza,Indian,main-dish,dairy-free,intermediate,medium,moderate,chicken breast|onions|bay leaves|green cardamom pods|cloves|dried red chilies|black peppercorns|garlic cloves|ginger|coriander powder|cumin powder|turmeric powder|chili powder|salt|tomatoes|water|vegetable oil
1636,Chicken With Curried Mango Sauce,Indian,main-dish,dairy-free,advanced,medium,moderate,boneless skinless chicken breast halves|salt|vegetable oil|onion|red bell pepper|fresh ginger|curry powder|ground coriander|garlic|reduced-sodium fat-free chicken broth|cornstarch|mangoes|basmati rice|green onion
1637,Dal,Indian,main-dish,vegetarian|pescatarian,intermediate,high,moderate,yellow lentils|turmeric|butter|cumin seed|onion|garlic|chili pepper|coriander leaves
1638,Indian Chicken Curry Pilaf,Indian,main-dish,,advanced,high,moderate,boneless skinless chicken thighs|butter|vegetable oil|onions|sugar|garlic|curry powder|turmeric|saffron|basmati rice|low sodium chicken broth|water|dark raisin|frozen peas|slivered almonds|salt and black pepper
1639,Lemon Rice With Dals,Indian,main-dish,vegetarian|pescatarian,advanced,medium,moderate,basmati rice|masoor dal|channa dal|onion|lemons|butter|mustard seeds|cumin seed|turmeric powder|bay leaves|cloves|cinnamon sticks|curry leaves|cashew nuts|coriander sprig|dried parsley|fresh lemon rind|salt
1640,Low Fat Chicken Curry,Indian,main-dish,dairy-free,beginner,low,moderate,boneless skinless chicken breasts|onion|green capsicum|red capsicum|garam masala powder|dried chili pepper flakes|garlic cloves|chopped tomatoes|salt|pepper|lemon juice|cooking spray
1641,Madras Curry Paste,Indian,main-dish,vegetarian|vegan|pescatarian|dairy-free,beginner,low,moderate,coriander seeds|cumin seed|brown mustard seeds|black peppercorns|chili powder|ground turmeric|garlic cloves|fresh ginger|white vinegar
1642,Potato Curry With Peas And Carrots,Indian,main-dish,vegetarian|pescatarian,intermediate,medium,moderate,olive oil|curry powder|garlic cloves|onions|carrots|frozen peas|salt|ground coriander|turmeric|potatoes|coconut milk|water
1643,Pumpkin Banana And Chickpea Curry,Indian,main-dish,vegetarian|vegan|pescatarian|dairy-free,advanced,medium,moderate,sunflower oil|onion|garlic cloves|red pepper|fresh ginger|ground coriander|ground cumin|ground turmeric|ground cinnamon|pumpkin|curry paste|tomato sauce|dried red chilies|vegetable stock|canned chick-peas|banana|cilantro|pine nuts
1644,Sambhar,Indian,main-dish,vegetarian|vegan|pescatarian|dairy-free,advanced,medium,moderate,red lentils|water|tamarind pulp|boiling water|turmeric|vegetable oil|brown mustard seeds|cumin seed|sambhar powder|dried red chilies|asafoetida powder|curry leaves|garlic cloves|desiccated unsweetened coconut|mixed vegetables|tomatoes|fresh cilantro
1645,Samosa Pie,Indian,main-dish,vegetarian|pescatarian,advanced,high,moderate,all-purpose flour|unsalted butter|salt|ice water|egg|water|potatoes|olive oil|onions|fresh ginger|garlic cloves|ground cumin|ground coriander|madras curry powder|turmeric|salt and pepper|crushed red pepper flakes|cilantro|fresh lemon juice|frozen peas
1646,Shahi Baingan Bharta Creamy Roasted Mashed Eggplant,Indian,main-dish,vegetarian|pescatarian,intermediate,low,moderate,eggplant|vegetable oil|onion|garlic cloves|green chilies|ground coriander|ground cumin|garam masala|chili powder|paprika|salt|tomatoes|fresh cilantro|heavy cream
1647,Shrimp And Coconut Curry With Green Beans,Indian,main-dish,pescatarian,advanced,medium,moderate,green beans|lemongrass|fresh cilantro|shallot|jalapeno chile|curry powder|fresh ginger|fresh basil|water|vegetable oil|canned unsweetened coconut milk|medium shrimp|lime wedge
1648,Spicy Curried Lentils And Rice,Indian,main-dish,vegetarian|vegan|pescatarian|dairy-free,advanced,medium,moderate,canola oil|onions|ginger|garlic cloves|hot pepper|brown lentils|basmati rice|water|curry powder|salt|frozen peas|diced tomato|cilantro|hot sauce
1649,Sweet Potato And Chickpea Curry,Indian,main-dish,vegetarian|pescatarian,advanced,medium,moderate,red onions|garlic clove|birds eye chiles|gingerroot|canola oil|red pepper flakes|ground ginger|ground coriander|ground cumin|ground turmeric|cardamom pods|sweet potatoes|light coconut milk|tamarind paste|vegetable broth|chickpeas|cilantro leaves|cooked white rice
1650,Tangy Lemon Rice With Peanuts,Indian,main-dish,vegetarian|vegan|pescatarian|dairy-free,beginner,low,moderate,cooked rice|oil|mustard seeds|urad dal|turmeric powder|asafoetida powder|peanuts|green chili|salt|lemon juice|coriander leaves
1651,Chicken Tikka Masala Vegan Style,Indian,main-dish,,advanced,medium,moderate,vegan chicken|soy yogurt|fresh lemon juice|ground cumin|ground red pepper|fresh ground black pepper|cinnamon|salt|fresh ginger|bamboo skewers|earth balance margarine|garlic cloves|ground coriander|paprika|garam masala|tomato sauce|coconut milk|frozen peas|fresh cilantro
1652,Aloo Gobi Mattar Cauliflower Pea And Potato Curry,Indian,main-dish,vegetarian|vegan|pescatarian|dairy-free,advanced,low,moderate,"cauliflower|onions|baking potatoes|frozen green pea|vegetable stock|olive oil|fresh ginger|garlic cloves|hot green chili pepper|turmeric|garam masala|ground coriander|salt|white pepper|fenugreek seeds|ground cumin|cumin seed|lemon, juice of|fresh cilantro"
1653,Cabbage With Mustard Seeds And Coconut,Indian,main-dish,vegetarian|vegan|pescatarian|dairy-free,beginner,low,moderate,mustard oil|black mustard seeds|bay leaves|head of cabbage|salt|sugar|chili pepper flakes|green chilies|desiccated coconut
1654,Charishma S Delicious Pressure Cooked Black Eyed Peas Chauli,Indian,main-dish,vegetarian|vegan|pescatarian|dairy-free,advanced,low,moderate,onions|tomatoes|black-eyed peas|garlic cloves|green chili|fresh ginger|salt|turmeric powder|red chili powder|water|canola oil
1655,Chicken And Apple Curry,Indian,main-dish,,intermediate,high,moderate,olive oil|butter|chicken|celery ribs|onion|garlic|granny smith apples|red bell pepper|curry powder|cinnamon|cumin|all-purpose flour|chicken broth|fresh parsley|cooked basmati rice
1656,Chicken Ceylon With Massalla Gravy,Indian,main-dish,,advanced,high,moderate,chicken|onion|curry powder|chili powder|chili|garlic|gingerroot|vegetable oil|coriander leaves|garam masala|coconut|coconut milk|tomatoes|turmeric powder|garam masala powder|green cardamom pods|water|salt
1657,Chicken In Yogurt And Almond Curry,Indian,main-dish,,intermediate,medium,moderate,boneless chicken|ginger|oil|garlic cloves|red chili powder|coriander powder|garam masala|plain yogurt|green cardamoms|cloves|salt|almonds
1658,Chicken Naan Pockets,Indian,main-dish,,beginner,low,moderate,naan bread|yogurt|garam masala|salt|lemon juice|chili powder|fresh coriander|green chili|chicken
1659,Coconut Masala Tiger Prawns,Indian,main-dish,pescatarian,intermediate,medium,moderate,cinnamon bark|cumin seed|whole cloves|cardamom seed|onions|cumin|green chili|tomatoes|salt|coconut milk|vinegar|tiger shrimp|garam masala
1660,Colorful Cashew Curry,Indian,main-dish,vegetarian|pescatarian,beginner,high,moderate,"cashews|olive oil|shallots|red bell pepper|peas|curry powder|lemon, zest of|coriander|turmeric|salt|green chilies|garlic cloves|ginger|unsweetened coconut milk|cilantro"
1661,Curried Chicken With Rice,Indian,main-dish,,advanced,low,moderate,long grain brown rice|water|butter|chicken pieces|onions|head of garlic|curry powder|ground ginger|tomato paste|chicken broth|cornstarch
1662,Curried Lamb Meatballs,Indian,main-dish,,intermediate,medium,moderate,olive oil|ground lamb|red pepper|yellow pepper|sweet onion|butter|curry powder|tomato sauce|spinach|cilantro|salt|pepper
1663,Eggplant Curry,Indian,main-dish,vegetarian|vegan|pescatarian|dairy-free,intermediate,medium,moderate,yellow onion|fresh ginger|garlic cloves|garam masala|brown sugar|canola oil|eggplants|diced tomatoes|cilantro leaf|ground coriander|paprika|turmeric|ground cayenne pepper
1664,Five Lentil Stew Panch Dal,Indian,main-dish,vegetarian|vegan|pescatarian|dairy-free,advanced,low,moderate,channa dal|urad dal|masoor dal|toor dal|mung dal|water|turmeric|cayenne pepper|oil|onion|garlic clove|cumin seed|garam masala|tomatoes|salt
1665,Fried Tofu In Curry Sauce,Indian,main-dish,vegetarian|pescatarian,intermediate,low,moderate,firm tofu|olive oil|onions|green pepper|garlic|ginger|curry powder|tomato sauce|coconut milk|whole cloves|cardamom|cinnamon stick|salt|black pepper
1666,Indian Chicken With Vegetables Murgh Subji Wala,Indian,main-dish,dairy-free,advanced,medium,moderate,chicken pieces|vegetable oil|ground cumin|onion|garlic|minced ginger|turmeric|bell pepper|tomatoes|fresh mushrooms|cayenne pepper|coriander powder|salt|garam masala
1667,It S A Whole Meal Keema Curry Beef Potatoes And Veg,Indian,main-dish,,intermediate,high,moderate,potatoes|oil|onions|chili peppers|garlic cloves|ground beef|ground turmeric|cinnamon|ground cumin|cardamom powder|ginger powder|chili powder|water|tomato paste|green beans|coconut milk
1668,Kaypee S Homemade Indian Lamb Masala Curry,Indian,main-dish,,advanced,high,moderate,lamb shoulder|red onions|tomatoes|garlic cloves|fresh ginger|cinnamon stick|cumin seed|green cardamoms|turmeric powder|garam masala|ground nutmeg|bay leaves|cilantro|cloves|curry powder|salt|serrano chilies|plain yogurt|vegetable oil|coriander powder
1669,Kevin S Aloo Gobi,Indian,main-dish,vegetarian|vegan|pescatarian|dairy-free,beginner,medium,moderate,potato|cooking oil|onion|ginger|chile|mustard seeds|cumin seed|ground cumin|turmeric|cauliflower floret|salt|water|fresh coriander
1670,Masoor Daal Indian Red Lentils,Indian,main-dish,vegetarian|pescatarian,advanced,low,moderate,red lentil|water|ghee|onion|garlic cloves|whole coriander seeds|cumin seeds|dried red pepper flakes|cardamom seed|cinnamon sticks|turmeric powder|salt|lemon juice|plain low-fat yogurt
1671,Padma Lakshmi S Chicken Korma,Indian,main-dish,dairy-free,advanced,high,moderate,boneless skinless chicken breasts|white wine vinegar|tamarind pulp|boiling water|green cardamom pods|cloves|star anise|black peppercorns|plum tomatoes|half-and-half|sesame oil|hot red chili peppers|black cardamom pods|cinnamon stick|garlic cloves|shallots|raw cashews|gingerroot|garam masala|salt
1672,Qaubuli Palau Yellow Rice With Carrots And Ground Beef,Indian,main-dish,dairy-free,advanced,high,moderate,basmati rice|olive oil|onions|ground beef|salt|pepper|carrots|raisins|garam masala|saffron
1673,Rajmah Curried Red Kidney Beans,Indian,main-dish,vegetarian|vegan|pescatarian|dairy-free,intermediate,low,moderate,onion|red kidney beans|crushed tomatoes|oil|ginger|cumin powder|coriander powder|red chili powder|garam masala|black pepper|green coriander
1674,Red Chard Saag,Indian,main-dish,vegetarian|vegan|pescatarian|dairy-free,intermediate,low,moderate,red swiss chard|vegetable oil|onions|vindaloo curry paste|water|garlic cloves|ginger
1675,Red Lentil Mulligatawny With Apple Celery Salsa,Indian,main-dish,,advanced,low,moderate,granny smith apple|celery|fresh cilantro|fresh lime juice|reduced-fat chicken broth|dried red lentils|onion|light coconut milk|tomato paste|fresh ginger|cumin|turmeric|salt|pepper
1676,Saag Tofu Indian Tofu With Spinach,Indian,main-dish,vegetarian|pescatarian,intermediate,low,moderate,firm tofu|canola oil|salt|onion|garlic cloves|gingerroot|mustard seeds|baby spinach|low-fat yogurt|curry powder|ground cumin
1677,Scentilentil Journey,Indian,main-dish,vegetarian|vegan|pescatarian|dairy-free,intermediate,medium,moderate,olive oil|garlic cloves|sliced mushrooms|carrots|vegetable broth|long grain white rice|dried red lentils|gingerroot|ground coriander|ground cumin|ground turmeric|salt|black pepper|baby spinach|green onion
1678,Spicy Indian Kofta,Indian,main-dish,dairy-free,intermediate,medium,moderate,ground lamb|ginger|garlic|bell peppers|onion|egg|turmeric|garam masala|cilantro|mint leaves|potato|salt and pepper
1679,Super Simple Super Quick Chicken Curry And Rice,Indian,main-dish,dairy-free,intermediate,medium,moderate,boneless skinless chicken breast|long grain rice|hot water|curry powder|dark chili powder|onions|garlic|crushed red pepper flakes
1680,Sweet And Sour Balti Chicken,Indian,main-dish,,intermediate,high,moderate,tomato puree|plain yogurt|garam masala|chili powder|garlic|mango chutney|salt|sugar|cooking oil|chicken|water|green chili|fresh coriander|whole milk
1681,Urmila S Baked Potato And Eggplant Curry,Indian,main-dish,vegetarian|vegan|pescatarian|dairy-free,intermediate,high,moderate,"garlic cloves|peanuts|ground cumin|ground coriander|garam masala|turmeric|chili powder|salt|lemon, juice of|crushed tomatoes|eggplant|potatoes|fresh cilantro"
1682,Vindaloo Goan Style Hot And Sour Pork,Indian,main-dish,dairy-free,advanced,medium,moderate,whole cumin seeds|dried chili pods|black peppercorns|cardamom seed|cinnamon stick|black mustard seeds|fenugreek seeds|white wine vinegar|salt|brown sugar|vegetable oil|onions|water|pork|ginger cube|garlic cloves|coriander seed|turmeric
1683,Awesome Sambhar,Indian,main-dish,vegetarian|vegan|pescatarian|dairy-free,intermediate,low,moderate,dried red lentils|carrot|water|potatoes|olive oil|mustard seeds|ground coriander|ground cumin|ground turmeric|dried chili|curry powder|lemon juice|salt
1684,Basmati Rice With Cashews Peas And Fresh Coriander,Indian,main-dish,vegetarian|pescatarian,advanced,medium,moderate,water|salt|turmeric|ghee|asafoetida powder|onion|basmati rice|peas|baby spinach leaves|cashews|coriander leaves
1685,Beef Keema,Indian,main-dish,,advanced,high,moderate,cooking oil|onion|garlic cloves|fresh ginger|ground beef|ground coriander|ground cumin|black pepper|turmeric|ground cinnamon|salt|potato|plain yogurt|whole milk|peas|lemon juice|fresh cilantro
1686,Beef Or Lamb Vindaloo,Indian,main-dish,,intermediate,low,moderate,coriander|cumin|cloves|cinnamon sticks|black peppercorns|fenugreek seeds|fennel seed|dried chilies|garlic|onion|fresh ginger|white vinegar|chuck steaks|ghee|bay leaves|beef stock
1687,Bhoona Gosht,Indian,main-dish,dairy-free,advanced,high,moderate,leg of lamb|cooking oil|onions|garlic|ginger|ground turmeric|ground cumin|ground coriander|red chili powder|water|salt|tomatoes|green chilies|garam masala|fresh cilantro|italian tomatoes
1688,Bruce S Cheater Butter Chicken,Indian,main-dish,,intermediate,medium,moderate,chicken breasts|olive oil|garlic cloves|onions|salt & pepper|diced tomatoes|ground cumin|ground coriander|curry powder|chicken base|cayenne pepper|heavy cream|tomato soup
1689,Butter Chicken Curry,Indian,main-dish,,intermediate,high,moderate,"skinless chicken|gingerroot|garlic cloves|salt|plain yogurt|lemon, juice of|cinnamon stick|green cardamoms|cloves|red chili peppers|peppercorns|oil|tomato puree|butter|chopped tomatoes|single cream"
1690,Cardamom And Black Pepper Chicken,Indian,main-dish,,advanced,low,moderate,onions|fresh ginger|garlic cloves|salt|cayenne pepper|fresh ground black pepper|boneless skinless chicken breast|corn oil|cinnamon stick|cardamom pods|onion|ground cumin|ground coriander|plain yogurt|tomatoes|garam masala|lemon juice
1691,Chicken 65 Or Hot And Spicy Chicken,Indian,main-dish,,intermediate,medium,moderate,boneless skinless chicken thighs|allspice|egg|garlic paste|ginger paste|onion|red chili powder|salt|all-purpose flour|yoghurt|vegetable oil|green chilies|red food coloring|cornflour|lime juice
1692,Chicken Cafreal,Indian,main-dish,dairy-free,beginner,low,moderate,chicken|lime|vegetable oil|potatoes|salt|green chilies|garlic|green cardamom pods|cloves|coriander leaves|gingerroot|white vinegar|sugar|cumin seed|turmeric powder
1693,Chicken Pasanda Indian,Indian,main-dish,,advanced,low,moderate,canola oil|onion|cinnamon sticks|green cardamom pods|fresh ginger|garlic cloves|turmeric powder|coriander powder|chili powder|yoghurt|tomato puree|salt|skinless chicken breasts|sliced almonds|fresh coriander|water
1694,Chickpea Curry For Two,Indian,main-dish,vegetarian|vegan|pescatarian|dairy-free,intermediate,medium,moderate,chickpeas|oil|mushroom|onion|garlic clove|fresh ginger|red chili powder|cumin powder|coriander powder|turmeric|salt|tomatoes|garam masala
1695,Coconut Curry Crust Fish,Indian,main-dish,pescatarian|dairy-free,intermediate,medium,moderate,fish fillets|ginger|onions|garam masala|turmeric|ground coriander|garlic powder|coconut flakes|cornstarch|chili|coriander|salt|water|oil
1696,Creamy Palak Spinach,Indian,main-dish,vegetarian|pescatarian,intermediate,low,moderate,spinach|onion|tomatoes|ginger|green chilies|salt|turmeric powder|oil|garlic|cumin|coriander|chili powder|cream cheese
1697,Dal With Spinach And Yoghurt,Indian,main-dish,vegetarian|pescatarian,intermediate,medium,moderate,channa dal|vegetable stock|salt|turmeric|chili powder|spinach|ghee|onion|curry powder|cumin seeds|mustard seeds|garam masala|plain yogurt
1698,East Indian Chicken Curry,Indian,main-dish,dairy-free,intermediate,medium,moderate,chicken|margarine|onions|garlic cloves|bay leaves|ground cinnamon|cloves|tomatoes|salt|curry powder|paprika
1699,Easy Dhal Soup,Indian,main-dish,vegetarian|pescatarian,intermediate,high,moderate,olive oil|garlic cloves|onion|turmeric|garam masala|chili powder|ground cumin|chopped tomatoes|red lentil|lemon juice|vegetable stock|coconut milk|salt|fresh ground pepper
1700,Eggplant Curry Indian,Indian,main-dish,vegetarian|pescatarian,intermediate,high,moderate,eggplant|onions|garlic cloves|ginger|red chili pepper|green chili pepper|ground coriander|brown mustard seeds|cumin seed|curry leaves|ghee|puree|tomato paste|coconut milk|salt
1701,Fried Liver Curry Lamb Pork Or Chicken,Indian,main-dish,vegetarian|vegan|pescatarian|dairy-free,beginner,low,moderate,liver|onion|mustard|oil|turmeric|chili powder|ground black pepper|ground ginger|salt|garlic cloves
1702,Golden Chickpea And Potato Curry,Indian,main-dish,vegetarian|vegan|pescatarian|dairy-free,beginner,medium,moderate,olive oil|onions|curry powder|ground cumin|garlic cloves|salt|water|chickpeas|potatoes|tomato paste
1703,Indian Appleous 500,Indian,main-dish,,advanced,low,moderate,"boneless skinless chicken thighs|onion|red bell pepper|garlic|curry powder|chili powder|ground turmeric|ground cinnamon|light coconut milk|mango chutney|lemon, zest of|salt|golden delicious apple|frozen green pea|fresh cilantro|non-fat cooking spray"
1704,Indian Butter Chicken Without The Butter,Indian,main-dish,,intermediate,medium,moderate,chicken breasts|onion|vegetable oil|cumin|cinnamon|salt|unsalted cashews|plain 1% yogurt|1% low-fat milk|gingerroot|plum tomatoes|tomato paste|garlic cloves|chili powder|ground cardamom|turmeric|clove|black pepper|butter
1705,Indian Shrimp,Indian,main-dish,pescatarian|dairy-free,intermediate,low,moderate,shrimp|olive oil|onion|garlic|italian plum tomatoes|lemon juice|ground coriander|ground ginger|cayenne pepper|ground cumin|parsley sprig
1706,Kerala Mushroom Thiyal,Indian,main-dish,vegetarian|vegan|pescatarian|dairy-free,advanced,medium,moderate,vegetable oil|garlic cloves|coconut|chili powder|coriander powder|water|mushrooms|gingerroot|green chili|onion|turmeric powder|mushroom liquid|salt|curry leaves|tamarind paste|black mustard seeds
1707,Kolkata Chilli Chicken,Indian,main-dish,dairy-free,intermediate,medium,moderate,vegetable oil|spanish onions|boneless chicken breasts|green chilies|white pepper|spring onion|dark soy sauce|hot chili powder|salt|cornflour|gingerroot|garlic cloves|malt vinegar|tomato puree|demerara sugar
1708,Masala Spiced Chickpeas,Indian,main-dish,vegetarian|vegan|pescatarian|dairy-free,advanced,low,moderate,ground coriander|ground cumin|cayenne pepper|ground turmeric|oil|onions|chickpeas|black pepper|salt|fresh lemon juice|fresh cilantro
1709,Portobello Curry With Green Rice,Indian,main-dish,vegetarian|pescatarian,advanced,medium,moderate,brown basmati rice|unsweetened coconut milk|fresh cilantro|fresh parsley|fresh ginger|garlic cloves|lime juice|portabella mushroom|olive oil|green onion|madras curry powder|crushed red pepper flakes|cherry tomatoes|roasted cashews
1710,Potato Curry For 1,Indian,main-dish,vegetarian|pescatarian,beginner,low,moderate,olive oil|potato|mushroom|chili pepper|curry powder|yoghurt|salt and pepper
1711,Quick Egg Curry,Indian,main-dish,vegetarian|pescatarian|dairy-free,intermediate,low,moderate,hard-boiled eggs|onions|tomatoes|green chilies|ginger|garlic|turmeric powder|coriander powder|red chili powder|garam masala powder|salt|oil|water|coriander leaves
1712,Saffron Rice With Cashews,Indian,main-dish,vegetarian|pescatarian,intermediate,low,moderate,saffron|milk|butter|currants|cashew nuts|long-grain rice|water|salt|sugar|cinnamon
1713,Spicy Baked Chicken From India Masaledar Murghi,Indian,main-dish,dairy-free,intermediate,high,moderate,cumin|paprika|cayenne|turmeric|fresh ground black pepper|salt|garlic cloves|lemon juice|chicken pieces|vegetable oil
1714,Vegetarian Mulligatawny Soup Cure For What Ails Yah,Indian,main-dish,vegetarian|pescatarian,intermediate,medium,moderate,sweet onion|butter|cayenne|kosher salt|dried chili|turmeric|coriander|vegetable stock|carrot|new potato|green pepper|plum tomatoes|celery|coconut milk|fresh lemon juice|fresh cilantro|fresh parsley
1715,Zanzibari Prawn,Indian,main-dish,pescatarian|dairy-free,intermediate,low,moderate,vegetable oil|chili|spring onions|tomato puree|garlic|ginger|shrimp|lime|fresh coriander|creme fraiche|garam masala|salt
1716,Bombay Barbecued Chicken,Indian,main-dish,dairy-free,beginner,low,moderate,vegetable oil|curry powder|garlic powder|ground ginger|salt|fresh ground black pepper|boneless skinless chicken breasts
1717,Bombay Chicken Curry,Indian,main-dish,,beginner,medium,moderate,chicken|onions|garlic cloves|green chilies|fresh ginger|ground coriander|ground cumin|ground turmeric|chili powder|chopped tomatoes|coconut cream
1718,Chana Dal With Bell Pepper,Indian,main-dish,vegetarian|vegan|pescatarian|dairy-free,intermediate,low,moderate,channa dal|cooking oil|red bell pepper|tomatoes|onion|turmeric|garam masala|chili powder|coriander powder|mustard seeds|dried red chilies|bay leaf|cloves|cinnamon stick|curry leaves|coriander|parsley|ginger paste|garlic paste
1719,Chicken And Spinach Curry,Indian,main-dish,,advanced,high,moderate,chicken|turmeric|ground fennel|ground coriander|chili powder|oil|onions|fresh ginger|garlic cloves|salt|water|butter|curry leaves|cumin seed|fennel seed|dried red chilies|fresh spinach|plain yogurt|garam masala
1720,Chicken Bhoona,Indian,main-dish,,intermediate,high,moderate,boneless skinless chicken breasts|tomatoes|onions|garlic cloves|vinegar|butter|vegetable oil|unsweetened coconut milk|garam masala|coriander powder|chili powder|turmeric
1721,Chicken In Coconut Milk Indian,Indian,main-dish,,intermediate,medium,moderate,chicken breast|ground almonds|desiccated coconut|coconut milk|coriander powder|chili powder|garlic cloves|ginger|salt|vegetable oil|bay leaves|cardamom pods|dried chilies|cilantro
1722,Chicken Tikka Masala By Jamie Oliver,Indian,main-dish,,advanced,medium,moderate,garlic cloves|fresh ginger|red chilies|olive oil|mustard seeds|paprika|ground cumin|ground coriander|garam masala|plain yogurt|chicken breasts|butter|onions|tomato puree|cashew nuts|sea salt|heavy cream|fresh cilantro|lime
1723,Chicken Vindaloo Balti Style,Indian,main-dish,dairy-free,beginner,medium,moderate,skinless chicken|potato|coriander seed|cumin seed|hot chili powder|turmeric|garlic cloves|ginger|salt|paprika|ground fenugreek|tomato puree|warm water|malt vinegar|oil|onion|curry leaves|fresh green chilies
1724,Chole Masala,Indian,main-dish,vegetarian|vegan|pescatarian|dairy-free,intermediate,low,moderate,chickpeas|green chili|salt|water|onion|garlic|ginger|oil|cumin seed|coriander powder|chili powder|cumin powder|tomatoes|garam masala
1725,Coconut Curry With Cauliflower Carrots Chickpeas,Indian,main-dish,vegetarian|pescatarian,intermediate,medium,moderate,coconut|carrots|onion|cauliflower|curry powder|crushed red pepper flakes|vegetables|chickpeas|salt|coconut milk|lime|of fresh mint
1726,Couscous With Chicken And Tomatoes,Indian,main-dish,dairy-free,intermediate,high,moderate,chicken|chickpeas|garlic|onion|carrots|tomatoes|tomato puree|parsley|couscous|olive oil|salt and pepper
1727,Curried Ground Beef,Indian,main-dish,dairy-free,intermediate,medium,moderate,oil|onions|fresh garlic|fresh ginger|ground beef|tomato paste|red wine|worcestershire sauce|bay leaves|curry powder|turmeric|paprika|granny smith apples|salt and pepper|water
1728,Curried Quinoa And Cauliflower,Indian,main-dish,vegetarian|pescatarian,advanced,medium,moderate,quinoa|green peas|peanut oil|onion|garlic cloves|whole cumin seed|fenugreek leaves|fennel seed|curry powder|turmeric|vegetable broth|head cauliflower|low-fat plain yogurt|raw cashews|fresh cilantro|salt and pepper|mango chutney
1729,Dhall Lentil Tomato Curry,Indian,main-dish,vegetarian|vegan|pescatarian|dairy-free,beginner,low,moderate,red lentils|salt|curry powder|canned whole tomatoes|onion|water|garlic clove|oil
1730,Filling For Dosa Pancake,Indian,main-dish,vegetarian|vegan|pescatarian|dairy-free,advanced,medium,moderate,potato|onions|green chilies|gingerroot|frozen peas|turmeric powder|salt|coriander leaves|water|oil|mustard seeds|asafoetida powder|black gram dal|bengal gram dal|dried red chili|curry leaves
1731,Flavoured Onion Rice With Broccoli,Indian,main-dish,vegetarian|pescatarian,intermediate,low,moderate,long-grain rice|water|butter|onion|broccoli floret|tomato paste|salt|pepper
1732,Gari Tamarind Vegetable Vindaloo,Indian,main-dish,vegetarian|vegan|pescatarian|dairy-free,advanced,high,moderate,peanut oil|onions|garlic|new potato|mixed vegetables|paprika|turmeric|fenugreek seeds|fresh ginger|salt|green chilies|water|tamarind paste|garam masala|cardamom seed|ground cloves|cayenne|unsweetened coconut|fresh peas|cilantro
1733,Green Coconut Curry With Vegetables,Indian,main-dish,vegetarian|pescatarian,intermediate,medium,moderate,green curry paste|coconut milk|evaporated milk|soy sauce|gingerroot|kaffir lime leaves|vegetables|cooked white rice|fresh basil leaves
1734,Indian Cauliflower Potatoes,Indian,main-dish,vegetarian|pescatarian,advanced,medium,moderate,ground cumin|ground turmeric|chili powder|garam masala|ground coriander|head cauliflower|potatoes|oil|ginger|garlic cloves|jalapeno pepper|onion|unsweetened coconut milk|salt|rice
1735,Indian Potatoes With Cauliflower Aloo Gobi,Indian,main-dish,vegetarian|vegan|pescatarian|dairy-free,advanced,low,moderate,cauliflower florets|potatoes|onion|chilies|cumin seeds|turmeric|ground coriander|cayenne pepper|salt|vegetable oil|water|cilantro|garam masala|tomato sauce
1736,Keema Ii,Indian,main-dish,dairy-free,beginner,medium,moderate,vegetable oil|onion|garlic cloves|ground coriander|ground cumin|turmeric|ground fenugreek|crushed red pepper flakes|ground veal|fresh tomato|peas|lemon juice
1737,Kevin S Quick Korma,Indian,main-dish,,beginner,high,moderate,chicken breast|onion|plain yogurt|butter|garlic|turmeric|chili powder|garam masala|ground almonds|salt|mango chutney
1738,Khichadi Mixed Rice And Lentils,Indian,main-dish,vegetarian|pescatarian,advanced,low,moderate,long grain rice|mung dal|butter|turmeric powder|ginger|salt|cumin seed
1739,Mixed Vegetable Masala,Indian,main-dish,vegetarian|pescatarian,advanced,low,moderate,fresh ginger|garlic cloves|diced tomatoes|cayenne pepper|canola oil|onion|yellow bell pepper|boiling potatoes|carrots|garam masala|chili powder|cauliflower floret|light coconut milk
1740,Mushroom Rogan Josh,Indian,main-dish,vegetarian|pescatarian,intermediate,low,moderate,mushroom|onions|oil|cardamom pods|bay leaves|whole black peppercorns|whole cloves|cinnamon bark|garlic cloves|chilies|fresh ginger|coriander powder|cumin powder|salt|garam masala|red paprika|tomato puree|plain yogurt
1741,Oven Roasted Eggplant And Butternut Squash Curry,Indian,main-dish,vegetarian|vegan|pescatarian|dairy-free,advanced,low,moderate,eggplant|butternut squash|canola oil|cumin seeds|onions|tomatoes|turmeric|ground fenugreek|ground coriander|ground pepper|jalapeno pepper|salt|green onions|fresh cilantro
1742,Pakistani Dhal,Indian,main-dish,vegetarian|vegan|pescatarian|dairy-free,intermediate,low,moderate,dried red lentils|water|diced onion|garlic cloves|gingerroot|chopped tomatoes|curry powder|red chili powder|ground cumin|ground coriander|cooking oil|salt and pepper
1743,Pot Roast With Gravy Indian Style,Indian,main-dish,dairy-free,advanced,high,moderate,beef|garlic|gingerroot|dried red chilies|peppercorns|cloves|cinnamon sticks|cumin seed|salt|water|onions|tomatoes|black pepper|tomato ketchup|tomato puree|red chili powder|oil|coriander leaves
1744,Potato And Pea Curry,Indian,main-dish,vegetarian|pescatarian,intermediate,medium,moderate,vegetable oil|brown onion|garlic|ground cumin|ground cilantro|ground fennel|ground turmeric|cayenne pepper|garam masala|potatoes|tomatoes|water|frozen peas|greek yogurt|parsley
1745,Potato Bhaji,Indian,main-dish,vegetarian|vegan|pescatarian|dairy-free,advanced,low,moderate,potato|onion|tomatoes|curry powder|salt|cooking oil|whole mustard seeds|coriander leaves
1746,Quick Curried Pork Chops,Indian,main-dish,,intermediate,medium,moderate,pork chops|margarine|fresh parsley|flour|curry powder|pepper|beef bouillon granules|milk|dry white wine|apple
1747,Red Lentil And Aubergine Eggplant Curry,Indian,main-dish,vegetarian|pescatarian,intermediate,low,moderate,low-fat cooking spray|onion|garlic cloves|curry powder|aubergine|dried red lentils|vegetable stock|salt|low-fat coconut milk|fresh coriander
1748,Rosemary Honey Roast Leg Of Lamb,Indian,main-dish,dairy-free,intermediate,high,moderate,"leg of lamb|honey|dijon mustard|fresh rosemary|ground black pepper|lemon, zest of|garlic|sea salt"
1749,Simple Lentil Dal Dahl,Indian,main-dish,vegetarian|vegan|pescatarian|dairy-free,advanced,low,moderate,"canola oil|cinnamon stick|cumin seed|whole cloves|green cardamom pods|lentils|turmeric|cold water|salt|onion|garlic cloves|fresh ginger|hot green chili pepper|fresh cilantro|lemons, juice of"
1750,Spicy Root Vegetable Lentil Casserole,Indian,main-dish,vegetarian|vegan|pescatarian|dairy-free,intermediate,medium,moderate,sunflower oil|onion|garlic cloves|potatoes|carrots|parsnips|curry paste|vegetable stock|red lentils|fresh cilantro
1751,Spinach And Dhal Curry,Indian,main-dish,vegetarian|vegan|pescatarian|dairy-free,intermediate,medium,moderate,split red lentils|vegetable stock|spinach|red onion|garlic|fresh ginger|chopped tomato|tomato puree|turmeric|garam masala|chili powder|mustard seeds
1752,Sweet And Sour Chicken Curry,Indian,main-dish,,beginner,medium,moderate,skinless chicken|tomato puree|plain yogurt|garam masala|chili powder|garlic clove|mango chutney|salt|sugar|oil|warm water|fresh green chilies|fresh coriander leaves|single cream
1753,Whole Foods Chickpea Masala,Indian,main-dish,vegetarian|vegan|pescatarian|dairy-free,intermediate,medium,moderate,vegetable oil|spanish onion|garlic|fresh ginger|jalapeno pepper|curry powder|garam masala|tomato paste|water|chickpeas|fresh lemon juice|salt|cooked rice|cilantro
1754,Anytime Two Step Green Pea Curry,Indian,main-dish,vegetarian|pescatarian,beginner,low,moderate,green peas|onion|garlic cloves|tomatoes|yogurt|salt|red chili powder|coriander powder|oil
1755,Bal S No Butter Butter Chicken,Indian,main-dish,,intermediate,low,moderate,grapeseed oil|red onion|fresh garlic|fresh ginger|tomato paste|brown sugar|cumin seeds|garam masala|red chili pepper flakes|turmeric|salt|boneless skinless chicken breast|low-fat greek yogurt|water
1756,Black Magic Black Lentils Soybean Dal,Indian,main-dish,vegetarian|pescatarian,advanced,low,moderate,black lentils|soybeans|onion|garlic|salt|turmeric powder|red chili powder|coriander powder|asafoetida powder|ginger powder|butter
1757,Buddha S Happy Belly Curried Lentils Cauliflower And Tomatoes,Indian,main-dish,vegetarian|vegan|pescatarian|dairy-free,intermediate,low,moderate,olive oil|green onion|garlic cloves|curry|ground cumin|head cauliflower|diced tomato|cooked lentils|paprika
1758,Cauliflower Curry With Chicken,Indian,main-dish,dairy-free,advanced,low,moderate,"peanut oil|onion|cauliflower|ginger|garlic|cayenne pepper|cumin seed|curry powder|plum tomatoes with liquid|water|salt & freshly ground black pepper|boneless skinless chicken|lemon, juice of|fresh cilantro|raisins"
1759,Chana Saag,Indian,main-dish,vegetarian|pescatarian,advanced,low,moderate,baby spinach|chickpeas|plain yogurt|ginger|canola oil|cardamom|ground cinnamon|garlic cloves|diced onion|tomatoes|turmeric powder|ground coriander|red chili powder|garam masala|salt
1760,Chicken And Lentil Curry With Cucumber Yogurt,Indian,main-dish,,advanced,low,moderate,olive oil|onions|garlic cloves|curry powder|nutmeg|cinnamon|fresh ground pepper|boneless skinless chicken breast|sea salt|chicken broth|tomato sauce|lentils|bay leaves|plain low-fat yogurt|cucumber|lemon juice|mango chutney|fresh cilantro
1761,Chicken Masala Curry,Indian,main-dish,,intermediate,medium,moderate,vegetable oil|onions|garlic cloves|fresh gingerroot|curry powder|ground cumin|ground coriander|water|tomato paste|chicken breasts|cilantro|plain yogurt|dried chilies
1762,Chicken Saag,Indian,main-dish,,intermediate,medium,moderate,frozen spinach|onion|fresh gingerroot|garlic cloves|fresh green chile|black peppercorns|tomatoes|curry powder|cayenne pepper|vegetable oil|bay leaves|chicken|cream
1763,Chickpea Curry With Fresh Dill Rasa Walla Kabuli Chana,Indian,main-dish,vegetarian|vegan|pescatarian|dairy-free,beginner,low,moderate,canola oil|yellow onion|cayenne|coriander seed|garlic|fresh ginger|ground turmeric|tomatoes|fresh dill leaves|chickpeas|water|salt
1764,Chipotle Chickpeas,Indian,main-dish,vegetarian|vegan|pescatarian|dairy-free,advanced,medium,moderate,red bell peppers|sun-dried tomato|chickpeas|onion|olive oil|garlic cloves|ground turmeric|cumin|ground chipotle chile pepper|ancho chilies|plum tomatoes|fresh cilantro|salt
1765,Creamy Cashew And Vegetable Korma,Indian,main-dish,vegetarian|vegan|pescatarian|dairy-free,advanced,medium,moderate,unsweetened dried shredded coconut|peanut oil|onions|chilies|garlic|ground cumin|ground turmeric|ground coriander|cashew pieces|salt & freshly ground black pepper|broccoli|green beans|frozen peas|fresh cilantro
1766,Curried Chicken Naan Taco,Indian,main-dish,,intermediate,medium,moderate,chicken pieces|chickpeas|sweet red pepper|green onion|raisins|coconut milk|orange juice|brown sugar|curry powder|salted cashews|naan bread|baby spinach|english cucumber
1767,Curried Chicken With Tomatoes And Nuts,Indian,main-dish,,intermediate,low,moderate,skinless chicken breasts|peanut oil|onions|sugar|ginger|curry paste|light coconut cream|plain flour|water|tomatoes|cashews
1768,Curried Fish Stew Goan Style,Indian,main-dish,vegetarian|pescatarian,beginner,medium,moderate,grouper|fresh lemon juice|salt|garlic cloves|ginger|coconut milk|ground coriander|ground cumin|brown sugar|black pepper|turmeric|cayenne pepper|jalapeno|onion|tomatoes|water|canola oil
1769,Curried Red Lentil And Swiss Chard Soup,Indian,main-dish,vegetarian|pescatarian,advanced,medium,moderate,olive oil|onion|curry powder|cayenne pepper|vegetable broth|swiss chard|dried red lentils|chickpeas|salt|greek yogurt|jalapeno pepper|lime
1770,Curry Vindaloo,Indian,main-dish,dairy-free,intermediate,medium,moderate,chicken|green chilies|garlic|fresh ginger|cayenne pepper|salt|vinegar|oil|onions|cumin|coriander seed|black peppercorns|tomato puree|sugar|brandy|tomatoes|chili peppers
1771,Delicious Cashew Chicken Curry,Indian,main-dish,,advanced,high,moderate,butter|vegetable oil|chicken thighs|salt and pepper|onions|dried red pepper flakes|fresh garlic|fresh ginger|curry powder|cumin powder|whole tomatoes|cashew nuts|plain yogurt
1772,Delicious Ceylon Pork Curry,Indian,main-dish,,intermediate,high,moderate,oil|curry leaves|fenugreek seeds|onions|garlic cloves|fresh ginger|pork|curry powder|chilies|salt|vinegar|raw sugar|hot water|coconut milk
1773,Eggplant Curry No Fry Sri Lankan Style Using Coconut,Indian,main-dish,vegetarian|pescatarian,advanced,low,moderate,eggplants|canola oil|sea salt|ground black pepper|ground cumin|ground coriander|ground turmeric|ground fennel|cayenne|fresh lime juice|cinnamon bark|curry leaves|onion|light coconut milk|brown mustard seeds
1774,Empress Dal,Indian,main-dish,vegetarian|vegan|pescatarian|dairy-free,advanced,low,moderate,canola oil|cumin seeds|dried red chilies|turmeric|garlic cloves|dried lentils|cayenne pepper|amchur|water|salt
1775,Grilled Indian Style Curry Yogurt Chicken,Indian,main-dish,,beginner,low,moderate,plain yogurt|garlic clove|fresh ginger|lemon|curry powder|cayenne pepper|salt|chicken breast fillets
1776,Grilled Tandoori Chicken Pieces,Indian,main-dish,vegetarian|pescatarian,intermediate,high,moderate,"whole chickens|lemons, juice of|plain yogurt|vegetable oil|garlic cloves|ground cumin|paprika|turmeric|fresh ginger|salt and pepper|cayenne|cilantro"
1777,Hard Boiled Eggs In A Moghlai Sauce,Indian,main-dish,,intermediate,low,moderate,cayenne pepper|ground cumin|garam masala|ground coriander|lemon juice|salt|ground black pepper|water|olive oil|onions|fresh ginger|tomato paste|chicken stock|skim milk|fresh cilantro|hardboiled egg
1778,Indian Spiced Roast Salmon,Indian,main-dish,pescatarian,beginner,low,moderate,salmon fillets|cooking spray|fresh lime juice|salt|ground ginger|ground coriander|ground cumin|ground cinnamon|ground red pepper|plain fat-free yogurt|fresh cilantro
1779,Indian Spiced Stuffed Cauliflower,Indian,main-dish,vegetarian|pescatarian,advanced,medium,moderate,ground turmeric|salt|cauliflower|chickpea flour|plain low-fat yogurt|ginger paste|garlic paste|vegetable oil|roasted cashews|green beans|carrot|garam masala|ground cumin|cayenne pepper|ground fenugreek|cottage cheese|cheddar cheese|dried currants|fresh ground pepper
1780,Indian Style Shrimp Pizza With Mozzarella,Indian,main-dish,pescatarian,intermediate,low,moderate,naan bread|salsa|mango chutney|baby shrimp|curry powder|mozzarella cheese|cilantro|of fresh mint
1781,Italian Breaded Steak Um,Indian,main-dish,vegetarian|pescatarian,intermediate,high,moderate,tomato sauce|sugar|parmesan cheese|black pepper|garlic powder|onion powder|italian seasoning|sirloin tip roast|italian seasoned breadcrumbs|egg|olive oil
1782,Karela Bitter Melon Or Gourd,Indian,main-dish,vegetarian|vegan|pescatarian|dairy-free,advanced,low,moderate,bitter melon|potatoes|onions|chopped tomatoes|oil|cumin seed|turmeric powder|red chili powder|coriander powder|mango powder|black pepper|salt
1783,Keema I,Indian,main-dish,dairy-free,intermediate,medium,moderate,"oil|onion|ground veal|ground beef|garlic cloves|salt|pepper|tomatoes|ginger|garam masala|jalapeno|peas|lemon, juice of|basil"
1784,Kerala Lamb Curry,Indian,main-dish,dairy-free,advanced,high,moderate,cinnamon stick|cloves|coriander seeds|dried hot red chili peppers|black peppercorns|cumin seed|fennel seeds|green cardamom pods|vegetable oil|fresh coconut|ground turmeric|salt|brown mustard seeds|curry leaves|shallots|fresh ginger|garlic|boneless lamb shoulder|white wine vinegar|urad dal
1785,Lamb And Tomato Curry,Indian,main-dish,,advanced,high,moderate,canola oil|boneless lamb shoulder|butter|cumin seeds|garlic cloves|fresh ginger|onions|ground coriander|ground cumin|turmeric|cayenne|cloves|cinnamon sticks|plain yogurt|tomatoes|water|salt|fresh coriander
1786,Leg Of Lamb In A Spicy Yogurt Sauce,Indian,main-dish,,advanced,high,moderate,leg of lamb|blanched almonds|onions|garlic|ginger|green chilies|plain yogurt|ground cumin|ground coriander|cayenne pepper|salt|garam masala|vegetable oil|whole cloves|cardamom pods|cinnamon sticks|black peppercorns|sultanas|almonds
1787,Lemony Chicken With Fresh Coriander Madhur Jaffrey,Indian,main-dish,dairy-free,advanced,medium,moderate,vegetable oil|fresh gingerroot|water|chicken breasts|garlic cloves|cilantro|jalapeno|cayenne|cumin|coriander|turmeric|salt|lemon juice|basmati rice
1788,Lentil Dal Or Dahl Daal Dhal,Indian,main-dish,dairy-free,intermediate,low,moderate,olive oil|onion|ginger paste|garlic paste|cumin seed|turmeric|garam masala|red pepper|cauliflower florets|beef broth|dried lentils|fresh lime juice|salt
1789,Major Grey Chicken Curry,Indian,main-dish,,intermediate,medium,moderate,boneless skinless chicken breasts|onion|vegetable oil|curry powder|mango chutney|whipping cream|salt|green onion
1790,Marinated Lamb Popsicles With Fenugreek Cream Curry,Indian,main-dish,,intermediate,low,moderate,racks of lamb|white wine|yellow mustard|salt|garlic|canola oil|turmeric|whipping cream|dried fenugreek leaves|cayenne pepper|lemon juice|paprika
1791,Mixed Greens Saag,Indian,main-dish,vegetarian|vegan|pescatarian|dairy-free,advanced,low,moderate,spinach|broccoli rabe|mustard greens|cornflour|fenugreek leaves|chopped tomato|oil|salt|garlic|ginger|cumin powder|coriander powder|red chili powder|garam masala|black pepper
1792,Mughlai Kheema Matar,Indian,main-dish,vegetarian|vegan|pescatarian|dairy-free,intermediate,high,moderate,oil|onions|garlic flakes|ginger|salt|red chili powder|coriander powder|cumin powder|garam masala powder|green chilies|mutton|hot water|green peas|lime juice
1793,Paneer Jalfrezi Paneer With Green Peppers Onions And Tomatoes,Indian,main-dish,vegetarian|vegan|pescatarian|dairy-free,intermediate,low,moderate,sunflower oil|cumin seed|onion|ginger paste|garlic paste|turmeric powder|chili powder|coriander powder|salt|green pepper|tomatoes|panir|fresh coriander
1794,Potato And Hard Boiled Egg Curry,Indian,main-dish,vegetarian|pescatarian,intermediate,medium,moderate,potato|eggs|coriander|ground ginger|curry powder|salt|black pepper|butter|dried cilantro
1795,Pumpkin Chickpea And Banana Curry,Indian,main-dish,vegetarian|vegan|pescatarian|dairy-free,intermediate,medium,moderate,vegetable oil|onion|garlic cloves|gingerroot|ground coriander|ground cumin|turmeric|ground cinnamon|pumpkin|curry paste|tomatoes|dried red chilies|vegetable stock|chickpeas|banana|coriander
1796,Punjabi Rajma Kidney Beans,Indian,main-dish,vegetarian|vegan|pescatarian|dairy-free,advanced,medium,moderate,red kidney beans|oil|cumin seed|fresh ginger|red bird's eye chili|diced tomatoes|chili powder|coriander powder|salt|garam masala|hing|water|fresh cilantro|cilantro leaf
1797,Quick Tava Rice,Indian,main-dish,vegetarian|vegan|pescatarian|dairy-free,intermediate,low,moderate,cooked rice|onion|garlic|turmeric powder|chili powder|tomatoes|red capsicum|oil|curds|salt
1798,Rabia S Punjabi Style Gobhi Aloo,Indian,main-dish,vegetarian|vegan|pescatarian|dairy-free,intermediate,medium,moderate,onions|fresh ginger|green chilies|tomatoes|potato|cauliflower|turmeric powder|coriander powder|red chili powder|oil|salt
1799,Rich And Spicy Coconut Red Lentil Soup,Indian,main-dish,vegetarian|pescatarian,intermediate,medium,moderate,"safflower oil|red onions|birds eye chile|garlic cloves|fresh lemongrass|red lentil|ground coriander|hungarian paprika|coconut milk|water|lime, juice of|scallions|cilantro|salt & fresh ground pepper|naan bread"
1800,Shabnam Curry,Indian,main-dish,vegetarian|vegan|pescatarian|dairy-free,advanced,low,moderate,mushrooms|green peas|onions|tomatoes|ginger paste|garlic paste|dhaniya powder|oil|cashew nuts|red chili powder|salt|garam masala powder|turmeric
1801,Shrimp With Spiced Masala And Coconut Milk,Indian,main-dish,pescatarian,advanced,low,moderate,vegetable oil|onions|garlic cloves|garam masala|curry powder|ground coriander|turmeric|cayenne pepper|diced tomatoes|plain yogurt|large shrimp|unsweetened coconut milk|cilantro|green onion top|fresh lemon juice
1802,Spicy Curried Lentil Stew With Cashew Nuts,Indian,main-dish,vegetarian|vegan|pescatarian|dairy-free,advanced,high,moderate,olive oil|onions|garlic cloves|jalapeno|curry powder|ground cumin|ground coriander|turmeric|tomatoes|brown lentils|vegetable stock|cinnamon sticks|cardamom pods|cashew nuts|zucchini|fresh cilantro|salt|fresh ground pepper
1803,Spicy Sprouts Pilaf Pressure Cooker,Indian,main-dish,vegetarian|vegan|pescatarian|dairy-free,intermediate,low,moderate,basmati rice|oil|bay leaf|clove|cinnamon stick|cumin seed|onion|ginger and green chili paste|bean sprouts|turmeric powder|red chili powder|coriander seed|salt|hot water|coriander
1804,Spinach Dal,Indian,main-dish,vegetarian|pescatarian,advanced,high,moderate,red lentils|spinach|turmeric powder|red chili powder|onions|coconut milk|garlic|mustard seeds|red chilies|curry leaves|salt|oil
1805,Toor Dal,Indian,main-dish,vegetarian|vegan|pescatarian|dairy-free,intermediate,low,moderate,red lentil|garlic|cumin|coriander|turmeric|cayenne|black mustard seeds|salt|water|canola oil
1806,Turkey Curry Burgers,Indian,main-dish,dairy-free,beginner,low,moderate,lean ground turkey|dried onion|curry powder|mango chutney
1807,Vegetable Manchurian Oriental Fusion Cuisine,Indian,main-dish,vegetarian|pescatarian|dairy-free,intermediate,low,moderate,cabbage|carrot|eggs|white flour|garlic paste|ginger paste|aji-no-moto|oil|garlic|onion|red capsicum|cornflour|water|vinegar|salt|soya sauce|tomato puree|celery
1808,Whole Tandoori Chicken,Indian,main-dish,vegetarian|pescatarian,intermediate,high,moderate,whole chickens|natural yoghurt|garam masala|single cream|paprika|chili powder|ground cumin|lemon juice|vegetable oil|salt|turmeric|tomato puree|garlic cloves|gingerroot
1809,Yum Yum Chicken Curry,Indian,main-dish,,intermediate,medium,moderate,curry powder|coriander|turmeric|cumin|salt|red pepper|bay leaf|olive oil|chicken breasts|onion|ginger|garlic cloves|chicken broth|light coconut milk|roma tomatoes|sweet potatoes|chickpeas|green peas|fresh lemon juice
1810,Juicy Cornish Game Hens,Indonesian,main-dish,vegetarian|pescatarian,intermediate,low,moderate,butter|honey|chili powder|orange juice|cornish hens|salt and pepper
1811,Indonesian Fried Rice Nasi Goreng,Indonesian,main-dish,dairy-free,advanced,medium,moderate,long-grain white rice|eggs|sesame oil|salt|boneless skinless chicken thighs|raw shrimp|vegetable oil|garlic|onion|fresh gingerroot|dried shrimp paste|fresh ground black pepper|chili bean sauce|oyster sauce|ketjap manis|spring onions|fresh cilantro leaves
1812,Braised Pork In Soy Sauce,Indonesian,main-dish,dairy-free,beginner,medium,moderate,pork|vegetable oil|onion|garlic clove|soy sauce|brown sugar|water
1813,Easy Indonesian Chicken,Indonesian,main-dish,dairy-free,advanced,low,moderate,boneless skinless chicken thighs|water|sugar|balsamic vinegar|ketjap manis|garlic cloves|tabasco sauce|spring onion|fresh parsley|lemon rind
1814,Daging Bumbu Bali Indonesian Meat Dish,Indonesian,main-dish,dairy-free,intermediate,medium,moderate,lean stewing beef|onions|sambal oelek|birds eye chiles|garlic|shrimp paste|kaffir lime leaves|bay leaves|ketjap manis|oil|vinegar|salt|sugar
1815,Satay Ayam Chicken Satay,Indonesian,main-dish,dairy-free,intermediate,medium,moderate,garlic|salt|white pepper|soy sauce|dark molasses|fresh lime juice|boneless skinless chicken breasts|vegetable oil
1816,Ayam Bali Balinese Chicken,Indonesian,main-dish,dairy-free,beginner,medium,moderate,onion|garlic cloves|hot red chili pepper|cashew nuts|lemon juice|soy sauce|palm sugar|fresh ginger|peanut oil|boneless skinless chicken thighs
1817,Indonesian Pork,Indonesian,main-dish,,beginner,medium,moderate,boneless pork loin|peanut butter|salt|hot red pepper flakes|ground coriander|brown sugar|soy sauce|garlic|green onions|chicken broth
1818,Hoisin Braised Tempeh And Chinese Vegetables,Indonesian,main-dish,vegetarian|vegan|pescatarian|dairy-free,intermediate,medium,moderate,olive oil|tempeh|garlic cloves|fresh ginger|carrots|bok choy|sliced water chestnuts|scallions|hoisin sauce|water|salt|fresh ground black pepper|snow peas
1819,Spicy Nasi Goreng,Indonesian,main-dish,vegetarian|pescatarian|dairy-free,intermediate,high,moderate,long grain rice|eggs|garlic cloves|red chilies|onions|peanut oil|yellow pepper|carrots|dark soy sauce|spring onions|coriander leaves
1820,Beef Satay,Indonesian,main-dish,vegetarian|pescatarian,advanced,high,moderate,rump steak|tomato paste|tomato sauce|curry powder|chili powder|garam masala|ground cumin|garlic clove|white vinegar|salt|pepper|oil|soy sauce|water|butter|onion|peanut butter|malt vinegar|sugar
1821,Coconut Orange Shrimp,Indonesian,main-dish,pescatarian|dairy-free,intermediate,low,moderate,flaked coconut|banana|hot sauce|orange juice|olive oil|orange zest|large shrimp
1822,Eggplant Stew So Great You Ll Clean Your Plate,Indonesian,main-dish,vegetarian|vegan|pescatarian|dairy-free,advanced,low,moderate,eggplant|canola oil|shallots|garlic|water|sweet soy sauce|black pepper|ground nutmeg|white vinegar|salt
1823,Indonesian Grilled Chicken,Indonesian,main-dish,,intermediate,medium,moderate,orange juice|peanut butter|curry powder|boneless skinless chicken breast|bell pepper|shredded coconut|golden raisin|cooked rice
1824,Indonesian Spiced Rice,Indonesian,main-dish,dairy-free,intermediate,medium,moderate,oil|onion|green chilies|turmeric|cinnamon|white rice|chicken broth|water|bay leaf|cayenne pepper|scallion
1825,Indonesian Sweet And Sour Tofu With Vegetables,Indonesian,main-dish,vegetarian|vegan|pescatarian|dairy-free,intermediate,low,moderate,cornstarch|vegetable broth|rice vinegar|sugar|ketchup|soy sauce|ground ginger|cayenne pepper|olive oil|garlic cloves|onion|carrots|green bell pepper|celery|fresh mushrooms|firm tofu
1826,Vegetarian Mi Goreng Indonesian Fried Noodles,Indonesian,main-dish,vegetarian|pescatarian|dairy-free,intermediate,medium,moderate,soba noodles|peanut oil|onion|minced garlic cloves|gingerroot|leeks|snow peas|mung bean sprouts|ketjap manis|sambal oelek chili paste|eggs|firm tofu
1827,Bami Goreng Indonesian Stir Fried Noodles,Indonesian,main-dish,dairy-free,advanced,high,moderate,noodles|eggs|oil|chicken breasts|garlic cloves|coriander|ground ginger|vegetable broth|onion|carrot|red pepper|leek|ham|shrimp|sambal oelek|ketjap manis|salt & freshly ground black pepper
1828,Chicken Semur,Indonesian,main-dish,,intermediate,medium,moderate,chicken piece|brown onion|garlic cloves|gingerroot|ground nutmeg|ground pepper|tomatoes|sweet soy sauce|palm sugar|coconut cream|vegetable oil
1829,Indonesian Prawns,Indonesian,main-dish,pescatarian,beginner,medium,moderate,large shrimp|onion|sambal oelek|garlic cloves|ground cumin|ground coriander|candlenuts|fish|ground galangal|nut oil|kaffir lime leaves|bay leaves|coconut milk|salt|sugar
1830,Indonesian Roast Lamb,Indonesian,main-dish,,intermediate,high,moderate,"lamb shoulder|lemon, juice of|dark soy sauce|tabasco sauce|oil|garlic cloves|ground coriander|ground ginger|brown sugar|smooth peanut butter|water"
1831,Indonesian Yellow Rice,Indonesian,main-dish,vegetarian|pescatarian,advanced,high,moderate,basmati rice|fresh turmeric|coconut milk|water|salam leaf|kaffir lime leaves|lemongrass|salt
1832,Traditional Irish Shepherd S Pie,Irish,main-dish,,advanced,medium,moderate,olive oil|black pepper|ground beef|onion|carrots|frozen peas|fresh thyme|flour|butter|red wine|tomato paste|worcestershire sauce|chicken stock|mashed potatoes|egg|parmesan cheese
1833,Corned Beef And Cabbage In Guinness,Irish,main-dish,dairy-free,advanced,high,moderate,corned beef brisket|guinness draught|yellow onion|garlic cloves|bay leaf|ground cinnamon|ground cloves|ground allspice|ground black pepper|cabbage|white potatoes|carrot
1834,Irish Beef Stew With Guinness Stout,Irish,main-dish,dairy-free,intermediate,medium,moderate,olive oil|bay leaves|beef stew meat|yellow onion|garlic cloves|dried thyme|dried rosemary|all-purpose flour|beef stock|guinness stout|parsley|carrot|salt and black pepper
1835,Mama S Best Macaroni And Cheese,Irish,main-dish,vegetarian|pescatarian,beginner,low,moderate,butter|flour|salt|pepper|mustard powder|milk|cheddar cheese|macaroni|cayenne
1836,Potato Leek Soup,Irish,main-dish,,intermediate,medium,moderate,butter|leeks|potatoes|milk|chicken stock|fresh chives|celery seeds|dried thyme|light cream|salt & freshly ground black pepper|cornstarch|water|lean bacon
1837,Beer Battered Fish With Tartar Sauce,Irish,main-dish,pescatarian|dairy-free,advanced,medium,moderate,mayonnaise|dijon mustard|scallion|lemon juice|gherkins|capers|fresh parsley|salt|fresh ground black pepper|cooking oil|flour|egg|beer|cod fish fillets
1838,Cottage Pie Authentic Irish Recipe,Irish,main-dish,,intermediate,medium,moderate,ground beef|oil|onions|tomatoes|beef stock|thyme|sage|parsley|salt and pepper|potatoes|butter
1839,Potatoes Sauteed With Shrimp,Irish,main-dish,pescatarian|dairy-free,beginner,medium,moderate,red potatoes|olive oil|shrimp|garlic|lemon juice|parsley|salt|red pepper flakes
1840,Fish And Chips,Irish,main-dish,pescatarian,intermediate,medium,moderate,deep fat|white fish fillets|self-raising flour|salt|egg|butter|milk|lemon wedge
1841,Vegetarian Irish Stew,Irish,main-dish,vegetarian|vegan|pescatarian|dairy-free,intermediate,low,moderate,onions|unbleached flour|water|mushrooms|carrots|turnips|celery|split red lentils|fresh parsley|braggs liquid aminos|vegetable bouillon cubes|bay leaf|marmite|sugar|thyme|rosemary|marjoram|pepper|textured vegetable protein
1842,Irish Lamb Or Beef Stew,Irish,main-dish,dairy-free,intermediate,low,moderate,boned lamb|potatoes|onions|salt and pepper|fresh parsley|fresh thyme|water
1843,Guinness Pork Chops In Gravy,Irish,main-dish,,advanced,high,moderate,pork chops|salt & freshly ground black pepper|all-purpose flour|unsalted butter|vegetable oil|onions|garlic cloves|guinness stout|chicken stock|coarse grain mustard|fresh parsley|balsamic vinegar
1844,Ground Beef And Cabbage Stew,Irish,main-dish,dairy-free,beginner,low,moderate,ground beef|celery rib|onion|cabbage|beef broth|diced tomato|tomato sauce|carrot|garlic powder
1845,Irish Chicken And Dumplings,Irish,main-dish,,intermediate,high,moderate,condensed cream of chicken soup|water|celery|onions|salt|poultry seasoning|ground black pepper|boneless chicken breast halves|carrots|frozen green peas|potatoes|baking mix|milk
1846,Rumbledthumps,Irish,main-dish,vegetarian|pescatarian,intermediate,medium,moderate,potato|green cabbage|onions|butter|single cream|cheddar cheese|fresh chives|black pepper|salt
1847,Murray S Fried Spaghetti,Irish,main-dish,,beginner,medium,moderate,olive oil|butter|cooked ham|onion|cooked spaghetti|salt|black pepper
1848,Flaherty S Signature Pot Roast,Irish,main-dish,vegetarian|vegan|pescatarian|dairy-free,advanced,medium,moderate,boneless chuck roast|condensed golden mushroom soup|onion soup mix|bay leaves|onion|red potatoes|carrot|turnip|celery
1849,Irish Cod Pie Topped With Mashed Potatoes,Irish,main-dish,pescatarian,intermediate,medium,moderate,cod fish fillets|butter|flour|milk|cheese|mashed potatoes
1850,Mother Lizar S Beef Stew,Irish,main-dish,dairy-free,advanced,high,moderate,beef|bacon fat|all-purpose flour|beef stock|bay leaves|potatoes|onions|carrots|fresh parsley|salt|bouillon cubes
1851,Sea Scallop And Cod Pie Topped With Mashed Potatoes,Irish,main-dish,pescatarian,intermediate,low,moderate,sea scallops|white fish fillet|milk|salt|white pepper|butter|flour|mushroom|sweet white wine|mashed potatoes
1852,Steak Pie With Cheese Crust,Irish,main-dish,,intermediate,medium,moderate,lean stewing beef|seasoned flour|meat drippings|onions|carrots|mixed herbs|nutmeg|salt|black pepper|cloves|beef stock|plain flour|butter|cheddar cheese
1853,Guinness Beef Stew,Irish,main-dish,dairy-free,intermediate,medium,moderate,vegetable oil|lean rump steak|garlic cloves|onion|brown sugar|carrots|bay leaves|water|plain flour|beef bouillon cubes|guinness stout|prunes
1854,Merseyside Meat Pie,Irish,main-dish,dairy-free,advanced,high,moderate,ground beef|onion|potatoes|carrots|worcestershire sauce|beef bouillon cubes|flour|cold water|egg yolk|water|salt & pepper|pastry for double-crust pie
1855,Corned Beef With Mustard Glaze,Irish,main-dish,dairy-free,advanced,high,moderate,corned beef brisket|black peppercorns|bay leaves|onion|cloves|garlic|carrot|celery ribs|dijon mustard|dry mustard|honey|sherry wine|light brown sugar|salad oil
1856,Irish Fish Pie Aka Cod Cobbler,Irish,main-dish,pescatarian,intermediate,medium,moderate,cod fish fillets|butter|flour|milk|cheese|baking powder|salt|egg yolk
1857,Emeril Lagasse S Potato Onion Roquefort Soup,Irish,main-dish,,advanced,medium,moderate,unsalted butter|yellow onions|garlic|yukon gold potatoes|salt|black pepper|cayenne|bay leaf|chicken stock|light cream|heavy cream|roquefort cheese|fresh thyme|tawny port|bacon
1858,Irish Roast Pork With Cider Cream Sauce,Irish,main-dish,,advanced,medium,moderate,vegetable oil|garlic cloves|fresh sage|fresh thyme|salt|pepper|boneless center cut pork loin roast|butter|granny smith apples|onion|apple cider|reduced-sodium chicken broth|whipping cream|grainy mustard|cornstarch
1859,Low Fat Potato And Leek Soup,Irish,main-dish,,intermediate,low,moderate,canola oil|garlic cloves|shallots|carrot|leeks|yukon gold potato|chicken|nonfat milk|thyme|sea salt|fresh ground black pepper|fresh chives
1860,Panackelty My Grandma S Baked Corned Beef And Potatoes,Irish,main-dish,dairy-free,beginner,medium,moderate,corned beef|onion|potatoes|beef bouillon cubes|salt and pepper
1861,Flank Steak With Whiskey Sauce,Irish,main-dish,dairy-free,advanced,medium,moderate,teriyaki sauce|garlic cloves|red wine vinegar|worcestershire sauce|hot sauce|beef flank steak|cornstarch|beef broth|margarine|onion|whiskey|dijon-style mustard|parsley|pepper
1862,Ham Steak Whiskey Sauce,Irish,main-dish,,intermediate,low,moderate,ham steaks|onion|brown sugar|whiskey|dijon mustard|cider vinegar|flour|butter|water|salt
1863,Huey S Beef In Guinness,Irish,main-dish,dairy-free,intermediate,high,moderate,vegetable oil|stewing beef|salt|fresh ground black pepper|onions|garlic cloves|mushrooms|bacon|brown sugar|tomato paste|beef stock|guinness stout
1864,Irish Vegetarian Colcannon,Irish,main-dish,vegetarian|pescatarian,intermediate,low,moderate,yukon gold potatoes|butter|onions|garlic|savoy cabbage|water|kale|salt & pepper
1865,Potato And Sausage In Gravy,Irish,main-dish,dairy-free,advanced,medium,moderate,link sausage|potatoes|onion|water|salt|pepper
1866,Sheila S Shepherd S Pie,Irish,main-dish,dairy-free,intermediate,medium,moderate,lean ground beef|onion|sliced mushrooms|onion soup mix|beef gravy|garlic powder|black pepper|salt|whole kernel corn|carrots|frozen peas|mashed potatoes|paprika
1867,Slow Roasted Salmon With Cabbage Bacon Dill,Irish,main-dish,,advanced,medium,moderate,"savoy cabbage|bacon|onion|water|salmon fillets|fresh dill|extra virgin olive oil|butter|lemon, juice of|salt and pepper"
1868,Beef Stew With Carrots And Mushrooms,Irish,main-dish,dairy-free,advanced,medium,moderate,olive oil|cremini mushroom|cooking spray|onions|garlic cloves|flour|lean stewing beef|salt|dry red wine|fresh thyme|low sodium beef broth|bay leaf|white potatoes|carrots|black pepper|fresh thyme sprig
1869,Bookmaker S Sandwich,Irish,main-dish,,intermediate,high,moderate,irish soda bread|ham|pepperoni|irish farmhouse cheese|iceberg lettuce|fresh tomato|olive oil|red wine vinegar|fresh lemon juice|dijon mustard|salt|cracked black pepper
1870,Corned Beef Casserole,Irish,main-dish,,intermediate,medium,moderate,onion|butter|all-purpose flour|salt|worcestershire sauce|pepper|milk|potatoes|whole kernel corn|corned beef|refrigerated buttermilk biscuits
1871,Cottage Pie Vi,Irish,main-dish,,intermediate,low,moderate,roast beef|onion|carrots|celery|beef gravy|beef bouillon cube|parsley flakes|sage|bay leaves|garlic powder|salt|pepper|unsalted butter|mashed potatoes|cheddar cheese
1872,Irish Stout Chicken,Irish,main-dish,dairy-free,advanced,high,moderate,vegetable oil|onion|garlic cloves|chicken|carrots|parsnips|dried thyme leaves|salt|black pepper|stout beer|button mushroom|frozen peas
1873,Main Dish Colcannon Cabbage Potatoes And Sausages,Irish,main-dish,vegetarian|pescatarian,intermediate,medium,moderate,sausages|butter|yukon gold potatoes|sweet onion|cabbage|fresh parsley|ale|heavy cream|salt|white pepper
1874,Pan Fried Gaelic Steak,Irish,main-dish,vegetarian|pescatarian,intermediate,high,moderate,sirloin steaks|butter|oil|irish whiskey|heavy cream|fresh ground black pepper|sea salt
1875,Traditional Irish Ham And Cabbage Dinner,Irish,main-dish,dairy-free,intermediate,medium,moderate,smoked ham|onion|carrots|potatoes|dried thyme|fresh parsley|cabbage
1876,Yummy Beef And Potato Casserole,Irish,main-dish,,advanced,medium,moderate,potatoes|sour cream|salt & pepper|ground beef|sweet red pepper|onion|whole kernel corn|cream of mushroom soup|milk|garlic salt|butter|fresh parsley
1877,Tis An Irish Lamb Stew,Irish,main-dish,dairy-free,advanced,high,moderate,boneless lamb shoulder|flour|baby potatoes|baby carrots|parsnips|sweet onion|garlic clove|salt|pepper|lamb broth|green peas|cabbage|fresh thyme|fresh parsley|whiskey
1878,Beef In Guinness,Irish,main-dish,vegetarian|vegan|pescatarian|dairy-free,beginner,high,moderate,steak|flour|salt & freshly ground black pepper|vegetable oil|onions|carrots|guinness stout
1879,Caledonian Brunch Casserole Make Ahead,Irish,main-dish,,intermediate,medium,moderate,white bread|bacon|sharp cheddar cheese|eggs|salt|pepper|mustard powder|onion|green pepper|worcestershire sauce|whole milk|red pepper sauce|butter|special k cereal
1880,Easy Beef And Guinness Pie,Irish,main-dish,dairy-free,intermediate,high,moderate,oil|beef mince|onion|carrot|frozen peas|worcestershire sauce|plain flour|guinness stout|fresh ground black pepper|beef stock|puff pastry
1881,Guinness Honey Glazed Pork Loin,Irish,main-dish,dairy-free,advanced,high,moderate,guinness stout|clear honey|light muscovado sugar|boneless pork loin|white wine|flat leaf parsley
1882,Irish Egg Rolls,Irish,main-dish,dairy-free,intermediate,high,moderate,corned beef|cabbage|potato|carrot|onion|salt and pepper|egg roll wraps|oil
1883,Lamb Shanks In Guinness With Country Vegetables,Irish,main-dish,dairy-free,advanced,high,moderate,vegetable oil|lamb shanks|all-purpose flour|onions|beef broth|guinness stout|carrots|parsnips|rutabagas
1884,Smothered Oxtails Over Spinach And Sweet Corn Mash,Irish,main-dish,,advanced,high,moderate,oxtails|salt & freshly ground black pepper|all-purpose flour|spice essence|olive oil|yellow onions|carrot|celery|garlic|bay leaves|fresh thyme leaves|dry red wine|veal stock|fresh parsley leaves|small red potatoes|unsalted butter|heavy cream|fresh corn kernels|fresh spinach
1885,Jo Mama S World Famous Spaghetti,Italian,main-dish,,intermediate,medium,moderate,italian sausage|onion|garlic cloves|diced tomatoes|tomato paste|tomato sauce|water|basil|dried parsley flakes|brown sugar|salt|crushed red pepper flakes|fresh coarse ground black pepper|red wine|thin spaghetti|parmesan cheese
1886,Absolute Best Ever Lasagna,Italian,main-dish,,advanced,medium,moderate,lean ground beef|italian sausage|onion|garlic cloves|salt|fresh coarse ground black pepper|dried parsley flakes|dried oregano|dried basil|whole tomatoes|ricotta cheese|eggs|pepper|parsley|parmesan cheese|mozzarella cheese|lasagna noodles
1887,Pasta With Sausage Tomatoes And Cream,Italian,main-dish,,advanced,high,moderate,olive oil|sweet italian sausage link|dried red pepper flakes|onion|garlic|italian plum tomatoes|whipping cream|salt|pasta|parsley|parmesan cheese
1888,Classic Baked Ziti,Italian,main-dish,,intermediate,medium,moderate,lean ground beef|onion|garlic cloves|meatless sauce|chicken broth|dried oregano leaves|ziti pasta|mozzarella cheese|parmesan cheese
1889,Mama Iuliucci S Famous Meat A Balls Italian Meatballs,Italian,main-dish,,beginner,low,moderate,lean ground beef|white bread|eggs|garlic powder|italian seasoning|parsley flakes|parmesan cheese|salt|black pepper|olive oil
1890,Zucchini Lasagna Lasagne Low Carb,Italian,main-dish,,advanced,low,moderate,zucchini|lean ground beef|onion|tomatoes|tomato paste|garlic clove|dried oregano|dried basil|dried thyme|water|pepper|egg|low fat cottage cheese|mozzarella cheese|flour
1891,Olive Garden Fettuccine Alfredo,Italian,main-dish,vegetarian|pescatarian,intermediate,high,moderate,butter|cream cheese|heavy cream|garlic powder|salt|black pepper|parmesan cheese|fettuccine
1892,Easy Pizza Pasta Casserole Oamc,Italian,main-dish,,intermediate,medium,moderate,ground beef|onion|garlic clove|italian seasoning|olive oil|spaghetti sauce|rotini pasta|mozzarella cheese|pepperoni
1893,Easy Way Lasagna,Italian,main-dish,vegetarian|pescatarian,intermediate,medium,moderate,lasagna noodles|spaghetti sauce|cottage cheese|egg|parmesan cheese|mozzarella cheese
1894,Baked Ziti,Italian,main-dish,,advanced,high,moderate,ziti pasta|italian sausage|ricotta cheese|egg|parsley|mozzarella cheese|parmesan cheese|pasta sauce
1895,Tsr Version Of Olive Garden Pasta E Fagioli By Todd Wilbur,Italian,main-dish,dairy-free,beginner,medium,moderate,ground beef|diced onion|carrot|celery|garlic cloves|diced tomatoes|red kidney beans|great northern beans|tomato sauce|v8 vegetable juice|vinegar|salt|oregano|basil|pepper|thyme|ditali pasta
1896,Skillet Parmesan Chicken,Italian,main-dish,,advanced,medium,moderate,boneless skinless chicken breast halves|salt and pepper|flour|italian seasoned breadcrumbs|parmesan cheese|egg|milk|butter|olive oil|mozzarella cheese|marinara sauce
1897,Chicken With Fettuccine Alfredo,Italian,main-dish,,advanced,high,moderate,fettuccine pasta|butter|boneless skinless chicken breast halves|salt and pepper|flour|onion|garlic|light cream|parmesan cheese|parsley|red pepper flakes
1898,Baked Stuffed Pasta Shells,Italian,main-dish,vegetarian|pescatarian,advanced,medium,moderate,jumbo pasta shells|mozzarella cheese|parmesan cheese|ricotta cheese|eggs|nutmeg|black pepper|garlic powder|dried parsley|spaghetti sauce|fresh basil
1899,Lentil Soup For People Who Thought They Hated Lentils Meat Op,Italian,main-dish,,intermediate,low,moderate,vegetable stock|red lentils|garlic cloves|onions|red capsicums|carrots|celery|spinach|tomatoes|leek|mushrooms|green beans|fresh parsley|fresh oregano|fresh basil|fresh ground pepper|tomato paste|salt|parmesan cheese|prosciutto
1900,Kielbasa With Tomatoes And White Beans,Italian,main-dish,vegetarian|vegan|pescatarian|dairy-free,beginner,medium,moderate,oil|smoked kielbasa|onion|garlic cloves|dried rosemary|dried oregano|dried basil|diced tomatoes|great northern beans
1901,Chicken Pasta Milano,Italian,main-dish,,advanced,high,moderate,butter|garlic|sun-dried tomato|chicken broth|heavy cream|boneless skinless chicken breasts|salt|pepper|olive oil|basil|angel hair pasta
1902,Meatball Sub Casserole,Italian,main-dish,,advanced,medium,moderate,green onion|seasoned bread crumbs|parmesan cheese|ground beef|italian bread|cream cheese|mayonnaise|italian seasoning|pepper|mozzarella cheese|spaghetti sauce|water|garlic cloves
1903,Barilla No Boil Lasagna,Italian,main-dish,,advanced,medium,moderate,no-boil lasagna noodles|eggs|ricotta cheese|mozzarella cheese|parmesan cheese|ground beef|spaghetti sauce|parsley
1904,Italian Sausage Pie,Italian,main-dish,,intermediate,medium,moderate,pie shell|italian sausage|onion|eggs|cream|mozzarella cheese|salt & pepper
1905,I Hate Ricotta Meat 2 Cheese Stuffed Shells,Italian,main-dish,,advanced,medium,moderate,ground beef|onion|garlic clove|mozzarella cheese|italian style breadcrumbs|fresh parsley|egg|spaghetti sauce|tomato sauce|parmesan cheese|jumbo pasta shells|salt and pepper|dry red wine
1906,Another Shrimp Scampi,Italian,main-dish,pescatarian,intermediate,high,moderate,extra virgin olive oil|garlic cloves|red pepper flakes|shrimp|salt|lemon juice|dry white wine|butter|flat leaf parsley
1907,My Chicken Parmigiana,Italian,main-dish,,intermediate,medium,moderate,boneless skinless chicken breast halves|egg|italian seasoned breadcrumbs|margarine|spaghetti sauce|mozzarella cheese|parmesan cheese|fresh parsley|cooked spaghetti
1908,Pasta With Garlic And Oil Aglio E Olio,Italian,main-dish,vegetarian|pescatarian,advanced,high,moderate,spaghetti|salt|water|extra virgin olive oil|garlic|dried red pepper flakes|parsley|fresh lemon juice|parmesan cheese|salt and black pepper
1909,Italian Beef Patties With Balsamic Cream Sauce,Italian,main-dish,vegetarian|pescatarian,beginner,high,moderate,ground round|parmesan cheese|egg yolks|salt & fresh ground pepper|butter|onion|olive oil|heavy cream|balsamic vinegar
1910,Show Off Roast Pork,Italian,main-dish,,beginner,low,moderate,boneless pork loin|butter|prosciutto|garlic|fresh rosemary|parmesan cheese|black pepper|dry white wine
1911,Baked Italian Meatballs,Italian,main-dish,,beginner,low,moderate,lean ground beef|parmesan cheese|italian seasoned breadcrumbs|fresh parsley|tomato sauce|mustard powder|dried italian seasoning|low sodium salt|crushed red pepper flakes|garlic
1912,Chicken Breast Lombardy,Italian,main-dish,,advanced,medium,moderate,boneless skinless chicken breast halves|flour|butter|sliced mushrooms|marsala wine|chicken broth|fontina|parmesan cheese
1913,Kittencal S Italian Tomato Pasta Sauce And Parmesan Meatballs,Italian,main-dish,dairy-free,advanced,low,moderate,meatballs|olive oil|onion|garlic cloves|bay leaf|dried oregano|dried basil|salt|fresh ground black pepper|crushed red pepper flakes|tomato paste|dry red wine|crushed tomatoes|diced tomatoes|sugar
1914,Italian Chicken In A Skillet,Italian,main-dish,dairy-free,beginner,low,moderate,olive oil|boneless skinless chicken breast|onions|green peppers|chicken broth|diced tomatoes|italian seasoning|salt|oregano|pepper|small shell pasta
1915,Angel Hair Pasta In Garlic Sauce,Italian,main-dish,vegetarian|pescatarian,beginner,medium,moderate,capellini|olive oil|fresh parsley|garlic|parmesan cheese|fresh ground pepper
1916,Sicilian Pizza Dough,Italian,main-dish,vegetarian|vegan|pescatarian|dairy-free,advanced,medium,moderate,water|dry yeast|sugar|olive oil|salt|flour
1917,Chicken Agrodolce An Italian Sweet And Sour Chicken,Italian,main-dish,dairy-free,intermediate,medium,moderate,boneless skinless chicken breasts|flour|olive oil|garlic|bay leaves|allspice berries|honey|balsamic vinegar|dry white wine|orange juice|lemon juice|salt and pepper|cayenne pepper|pignolis
1918,Martha Stewart S Baked Eggplant Aubergine Parmesan,Italian,main-dish,vegetarian|pescatarian,advanced,low,moderate,olive oil|eggs|plain breadcrumbs|parmesan cheese|dried oregano|dried basil|coarse salt|pepper|eggplants|tomato sauce|mozzarella cheese
1919,Creamy Sun Dried Tomato Roasted Red Pepper And Artichoke Pasta,Italian,main-dish,vegetarian|pescatarian,advanced,high,moderate,bow tie pasta|olive oil|garlic|onion|sun-dried tomato packed in oil|roasted red peppers|basil|green onions|water-packed artichoke hearts|asiago cheese|whipping cream|red pepper flakes|water
1920,Fresh Tomato Spaghetti Sauce,Italian,main-dish,vegetarian|pescatarian,intermediate,low,moderate,fresh tomatoes|onions|garlic|fresh basil|olive oil|salt|parsley|sugar|parmesan cheese
1921,Italian Pepper And Sausage Dinner,Italian,main-dish,,advanced,high,moderate,extra virgin olive oil|italian sausage|red bell pepper|yellow bell pepper|yellow onion|garlic cloves|stewed tomatoes|fresh basil|salt|fresh ground pepper|romano cheese|parmigiano-reggiano cheese|fresh basil leaf|rotini noodles
1922,Carrabba S Chicken Marsala,Italian,main-dish,,advanced,medium,moderate,butter|prosciutto|shallots|garlic|fresh mushrooms|dry marsala wine|chicken stock|cornstarch|fresh parsley|heavy cream|salt|ground black pepper|dried oregano|dried thyme|dried parsley|marjoram|garlic powder|chicken breasts|olive oil
1923,To Die For Chicken Marsala,Italian,main-dish,dairy-free,intermediate,high,moderate,boneless skinless chicken breasts|flour|olive oil|sliced mushrooms|garlic|marsala wine|chicken stock|salt|pepper
1924,Spinach Artichoke Cheesy Tortellini,Italian,main-dish,,intermediate,high,moderate,frozen spinach|olive oil|butter|garlic cloves|onion|flour|chicken broth|heavy cream|nutmeg|water-packed artichoke hearts|parmesan cheese|cheese tortellini
1925,Alfredo Fettuccine,Italian,main-dish,vegetarian|pescatarian,beginner,high,moderate,cream cheese|parmesan cheese|butter|milk|fettuccine
1926,Italian Sausage Tomato And Cream With Bow Ties,Italian,main-dish,,intermediate,high,moderate,olive oil|sweet italian sausage|dried red pepper flakes|diced onion|garlic cloves|italian plum tomatoes|black olives|whipping cream|salt|bow tie pasta|fresh parsley|parmesan cheese
1927,Pizzeria Pizza Sauce,Italian,main-dish,vegetarian|pescatarian,beginner,low,moderate,olive oil|garlic|tomato paste|water|sugar|dried oregano|dried basil|parmesan cheese|red wine|salt|pepper
1928,Penne Arrabiatta,Italian,main-dish,vegetarian|vegan|pescatarian|dairy-free,intermediate,medium,moderate,tomatoes|garlic|onion|olive oil|salt & pepper|oregano|fresh basil|fresh parsley|red pepper flakes|penne
1929,Jo Mama S World Famous Lasagna,Italian,main-dish,vegetarian|pescatarian,intermediate,medium,moderate,spaghetti sauce|lasagna noodles|cottage cheese|oregano|salt|parmesan cheese|mozzarella cheese
1930,Pasta Fazool Pasta And Beans With Sausage,Italian,main-dish,,advanced,high,moderate,hot italian sausage|ground beef|onion|garlic|dried oregano|dried thyme|plum tomatoes|tomato paste|cayenne pepper|kidney beans|seasoning salt|ground black pepper|dry penne pasta|parmesan cheese|fresh parsley|provolone cheese
1931,Pasta With Roasted Garlic And Cherry Tomatoes,Italian,main-dish,vegetarian|pescatarian,intermediate,high,moderate,cherry tomatoes|garlic cloves|extra virgin olive oil|dried basil|salt|hot pepper flakes|ground pepper|bucatini pasta|fresh parsley|parmesan cheese
1932,Panini Sandwiches,Italian,main-dish,,intermediate,high,moderate,sourdough bread|mozzarella cheese|provolone cheese|cheddar cheese|deli turkey|deli ham|pepperoni|genoa salami|pepperoncini pepper|butter
1933,Zucchini Ribbons With Basil Butter,Italian,main-dish,vegetarian|pescatarian,intermediate,low,moderate,zucchini|butter|olive oil|parmesan cheese|fresh basil leaves|red pepper flakes
1934,15 Minute Shrimp Scampi,Italian,main-dish,pescatarian,intermediate,medium,moderate,extra virgin olive oil|onion|garlic|white wine|butter|frozen shrimp|salt & pepper|angel hair pasta
1935,Lasagna In A Skillet In About 30 Minutes,Italian,main-dish,vegetarian|pescatarian,intermediate,medium,moderate,meatloaf mix|garlic cloves|red pepper flakes|salt & fresh ground pepper|lasagna noodles|marinara sauce|water|mozzarella cheese|parmesan cheese|whole milk ricotta cheese|fresh basil
1936,Our Lasagna,Italian,main-dish,,advanced,high,moderate,ground pork|ground beef|canned tomato sauce|crushed tomatoes|fresh parsley|garlic cloves|dried oregano|onion|sugar|dried basil|salt|small curd cottage cheese|ricotta cheese|eggs|parmesan cheese|ground black pepper|dry lasagna noodles|mozzarella cheese
1937,Pumpkin Risotto,Italian,main-dish,vegetarian|pescatarian,advanced,medium,moderate,butter|olive oil|onion|garlic|mushrooms|arborio rice|pumpkin|stock|parmesan cheese|salt|ground black pepper|fresh parsley
1938,Rigatoni And Sausage Bake,Italian,main-dish,,intermediate,high,moderate,rigatoni pasta|italian sausage|onion|spaghetti sauce|mozzarella cheese|ricotta cheese|parmesan cheese
1939,Tortellini Ai Formaggi With Prosciutto And Peas,Italian,main-dish,,intermediate,high,moderate,cheese tortellini|water|butter|garlic cloves|prosciutto|heavy cream|nutmeg|parmesan cheese|frozen baby peas|salt and pepper
1940,Ziti Pepperoni Casserole,Italian,main-dish,vegetarian|pescatarian,intermediate,high,moderate,ziti pasta|spaghetti sauce|mozzarella cheese|cheddar cheese|pepperoni|cottage cheese|bell pepper|mushroom|onion
1941,Italian Casserole Dinner,Italian,main-dish,,intermediate,medium,moderate,ground sausage|ground beef|onion|green pepper|garlic|tomato sauce|tomato paste|water|basil|oregano|garlic powder|salt and pepper|wide egg noodles|cheddar cheese|mozzarella cheese
1942,Chicken Pomodoro,Italian,main-dish,,intermediate,low,moderate,boneless skinless chicken breast halves|flour|salt|pepper|vegetable oil|vodka|low sodium chicken broth|fresh lemon juice|tomatoes|heavy cream|scallion
1943,Parmesan Chicken Skillet,Italian,main-dish,,intermediate,high,moderate,boneless chicken breast halves|flour|italian seasoning|salt and pepper|butter|half-and-half|frozen peas|tomatoes|parmesan cheese|angel hair pasta
1944,Chicken Francese,Italian,main-dish,,intermediate,high,moderate,"boneless skinless chicken breasts|condensed chicken broth|white wine|lemon, juice of|eggs|parmesan cheese|flour|garlic clove|parsley|unsalted butter|linguine"
1945,My Best Ever Breadmaker Pizza Dough,Italian,main-dish,vegetarian|vegan|pescatarian|dairy-free,intermediate,low,moderate,water|olive oil|salt|sugar|all-purpose flour|pizza seasoning|fast rise yeast|cornmeal
1946,Easy Spaghetti And Meatballs,Italian,main-dish,,beginner,high,moderate,spaghetti sauce|lean ground beef|eggs|dry breadcrumbs|fresh parsley|garlic clove|salt|parmesan cheese|spaghetti
1947,Penne All Arrabbiata,Italian,main-dish,,intermediate,high,moderate,penne pasta|olive oil|red onion|garlic|genoa salami|crushed red pepper flakes|tomatoes with juice|tomato paste|brown sugar|balsamic vinegar|salt and pepper|fresh basil leaf|parmesan cheese
1948,Mean Chef S Fettuccine Alfredo,Italian,main-dish,vegetarian|pescatarian,intermediate,high,moderate,butter|heavy whipping cream|ground nutmeg|ground black pepper|parmigiano-reggiano cheese|salt|fettuccine pasta
1949,Italian White Lasagna,Italian,main-dish,,advanced,high,moderate,lasagna noodles|ground beef|celery|onion|garlic|basil|oregano|salt|light cream|dry white wine|cream cheese|cheddar cheese|gouda cheese|cream-style cottage cheese|egg|mozzarella cheese
1950,Beef And Pasta Bake The Best,Italian,main-dish,,intermediate,medium,moderate,olive oil|onion|garlic cloves|bacon|carrot|minced beef|condensed tomato soup|tomato paste|tomato sauce|oregano|spiral shaped pasta|cheddar cheese
1951,Carmela S Chicken Rigatoni Copycat Romano S Macaroni Grill,Italian,main-dish,,intermediate,high,moderate,butter-flavored oil|mushrooms|grilled chicken|salt and pepper|basil|caramelized onion|cooking wine|heavy cream|rigatoni pasta|parmesan cheese
1952,Comfort Soup Spinach Meatballs,Italian,main-dish,,intermediate,medium,moderate,chicken broth|ground beef|parmesan cheese|ground black pepper|frozen spinach
1953,Italian Turkey Sausage And Peppers With Bow Tie Pasta,Italian,main-dish,dairy-free,intermediate,medium,moderate,onion|red pepper|green bell pepper|olive oil|red pepper flakes|garlic cloves|salt and pepper|fresh basil leaves|dried oregano|italian turkey sausage link|diced tomatoes|red wine vinegar|bow tie pasta
1954,Lemon Shrimp Pasta,Italian,main-dish,,intermediate,medium,moderate,extra virgin olive oil|garlic cloves|shrimp|frozen green pea|carrot|reduced-sodium chicken broth|light cream cheese|cooked farfalle pasta|parmesan cheese|fresh lemon rind|salt|fresh ground black pepper|fresh chives
1955,Balsamic Tomato Basil Pasta,Italian,main-dish,vegetarian|pescatarian,beginner,low,moderate,pasta|fresh basil|fresh tomatoes|extra virgin olive oil|garlic|balsamic vinegar|parmesan cheese|sea salt|fresh ground pepper|oregano
1956,Garlic Spaghetti Sauce,Italian,main-dish,vegetarian|pescatarian,beginner,low,moderate,garlic|butter|extra virgin olive oil|basil|parmesan cheese
1957,Chicken Vino Bianco Tastes Just Like Olive Garden,Italian,main-dish,,intermediate,high,moderate,olive oil|boneless skinless chicken breasts|flour|onion|garlic cloves|white wine|salt|pepper|sliced mushrooms|butter|roma tomato|cooked linguine
1958,Honey Pizza Dough Awesome,Italian,main-dish,vegetarian|vegan|pescatarian|dairy-free,advanced,medium,moderate,active dry yeast|honey|warm water|all-purpose flour|salt|extra virgin olive oil
1959,30 Minute Cheesy Baked Ravioli,Italian,main-dish,vegetarian|pescatarian,intermediate,low,moderate,cheese ravioli|spaghetti sauce|pepperoni|parmesan cheese|mozzarella cheese
1960,Chicken Parmesan Low Fat,Italian,main-dish,,intermediate,low,moderate,boneless skinless chicken breasts|low-fat italian salad dressing|breadcrumbs|italian seasoning mix|spaghetti sauce|parmesan cheese|low fat mozzarella
1961,Iron Mike S Sweet Tomato Pizza Sauce The Spirit Of Cincinnati,Italian,main-dish,vegetarian|vegan|pescatarian|dairy-free,intermediate,low,moderate,olive oil|tomato puree|dried onion|dried basil|dried oregano|dried thyme|dried parsley|salt|garlic|carrot|honey|brown sugar|fresh ground pepper
1962,Quick And Easy Baked Ziti,Italian,main-dish,,advanced,high,moderate,mild italian sausage|onion|green bell pepper|garlic cloves|pasta sauce with mushrooms|ziti pasta|mozzarella cheese|fresh parmesan cheese
1963,Easiest Ever Pizza Dough,Italian,main-dish,vegetarian|vegan|pescatarian|dairy-free,intermediate,medium,moderate,flour|warm water|olive oil|fast rising yeast|sugar|salt
1964,Jenny Gentile S Pizza Dough,Italian,main-dish,vegetarian|vegan|pescatarian|dairy-free,beginner,low,moderate,yeast|water|olive oil|salt|honey|flour
1965,Rigatoni D Maggiano S,Italian,main-dish,,advanced,high,moderate,extra virgin olive oil|button mushrooms|balsamic vinegar|yellow onion|garlic|salt and pepper|chicken breast|chicken stock|marsala wine|white wine|heavy cream|rigatoni pasta|fresh basil|parmesan cheese|garlic butter|fresh parsley
1966,Autumn Pasta With Pumpkin And Sausage,Italian,main-dish,,advanced,high,moderate,extra virgin olive oil|sweet italian sausage link|garlic|onion|bay leaves|fresh sage|dry white wine|chicken stock|canned pumpkin|heavy cream|cinnamon|ground nutmeg|salt and pepper|penne|parmesan cheese
1967,Gnocchi Tomato Bake With Freezing Instructions,Italian,main-dish,vegetarian|pescatarian,intermediate,low,moderate,olive oil|onion|red pepper|garlic clove|chopped tomatoes|gnocchi|fresh basil|fresh mozzarella cheese
1968,Olive Oil Garlic And Crushed Red Pepper Pasta Sauce,Italian,main-dish,vegetarian|vegan|pescatarian|dairy-free,beginner,low,moderate,extra virgin olive oil|garlic cloves|water|crushed red pepper flakes|kosher salt|fresh flat-leaf parsley
1969,Reduced Fat Eggplant Aubergine Parmesan,Italian,main-dish,vegetarian|pescatarian,advanced,low,moderate,eggplant|tomato sauce|dried basil|garlic|dried oregano|salt|fresh ground black pepper|fresh herb|fat free mozzarella cheese|reduced-fat mozzarella cheese|olive oil flavored cooking spray|low-fat parmesan cheese
1970,Addictive Cheeseburger Pizza,Italian,main-dish,,intermediate,medium,moderate,lean hamburger|italian sausage|green pepper|onion|garlic|marinara sauce|mozzarella cheese|velveeta cheese|pizza dough
1971,Olive Garden Pollo Limone Lemon Chicken,Italian,main-dish,dairy-free,advanced,low,moderate,boneless skinless chicken breasts|all-purpose flour|extra virgin olive oil|green onion|minced garlic cloves|chicken broth|dry white wine|fresh lemon juice|fresh parsley|lemon zest|salt|pepper
1972,Mediterranean Chicken Breasts,Italian,main-dish,,beginner,low,moderate,pecorino romano cheese|dry breadcrumbs|dried basil|dried garlic|paprika|sea salt|fresh ground black pepper|olive oil|boneless skinless chicken breast halves
1973,Sunday Gravy,Italian,main-dish,,advanced,medium,moderate,olive oil|garlic cloves|onions|tomato paste|chopped tomatoes|dried oregano|dried italian seasoning|ground chuck|white bread|fresh parsley|eggs|salt|pepper|romano cheese|water|flour|vegetable oil|sweet italian sausage links
1974,Spaghetti Sauce And Meatballs,Italian,main-dish,,advanced,high,moderate,olive oil|garlic cloves|onion|tomato paste|tomato sauce|diced tomatoes|water|bay leaves|oregano|basil|salt|pepper|sugar|ground beef|italian breadcrumbs|parmesan cheese|eggs
1975,Spinach Sausage Stuffed Pasta Shells,Italian,main-dish,,intermediate,medium,moderate,pasta shells|bulk pork sausage|frozen spinach|eggs|ricotta cheese|mozzarella cheese|cheddar cheese|spaghetti sauce
1976,Spinach Garlic Pizza,Italian,main-dish,vegetarian|pescatarian,intermediate,medium,moderate,olive oil|garlic|prepared pizza crust|frozen chopped spinach|mozzarella cheese|plum tomatoes|feta cheese|fresh rosemary|parmesan cheese
1977,Baked Trout With Garlic Mushrooms,Italian,main-dish,pescatarian,intermediate,high,moderate,trout|olive oil|garlic|fresh ground black pepper|salt|fresh mushrooms|butter|fine dry breadcrumbs|green onions|lemons|parsley
1978,Linguine With Garlic Shrimp,Italian,main-dish,,intermediate,medium,moderate,linguine|chicken broth|cornstarch|fresh basil|fresh mushrooms|yellow sweet peppers|garlic cloves|olive oil|italian-style stewed tomatoes|cooked shrimp|parmesan cheese|fresh basil leaf
1979,Chicken With Basil And Parmesan,Italian,main-dish,,intermediate,medium,moderate,boneless skinless chicken breast halves|flour|salt and pepper|butter|fresh basil|red wine vinegar|parmesan cheese|sugar|cream
1980,Pasta House Pasta Con Broccoli Actual Recipe,Italian,main-dish,vegetarian|pescatarian,intermediate,high,moderate,shell pasta|cream|butter|garlic|tomato sauce|broccoli|salt and pepper|button mushroom|parmesan cheese
1981,Tuscan Chicken Stew,Italian,main-dish,dairy-free,advanced,low,moderate,skinless chicken thighs|olive oil|yellow onion|red peppers|garlic cloves|tomatoes|dry white wine|dried oregano|cannellini beans|salt and pepper|oregano
1982,Baked Chicken Thighs,Italian,main-dish,,beginner,high,moderate,chicken thighs|butter|prepared mustard|fresh breadcrumb|parmesan cheese|parsley|salt|fresh ground black pepper
1983,Easy Crock Pot Chicken Cacciatore,Italian,main-dish,dairy-free,beginner,high,moderate,chicken thighs|crushed tomatoes|italian seasoning|salt|black pepper
1984,Fried Eggplant Aubergine,Italian,main-dish,vegetarian|pescatarian,intermediate,high,moderate,eggplant|eggs|italian breadcrumbs|parmesan cheese|dried parsley|garlic powder|salt and pepper|vegetable oil
1985,Italian Meatball Soup Quick,Italian,main-dish,,beginner,low,moderate,beef broth|tomatoes with onion and garlic|water|italian seasoning|meatballs|dry pasta|mixed vegetables|parmesan cheese
1986,Easy Pizza Dough For Bread Machine,Italian,main-dish,vegetarian|vegan|pescatarian|dairy-free,intermediate,low,moderate,water|extra virgin olive oil|salt|bread flour|sugar|bread machine quick-acting active dry yeast|dried herbs|semolina
1987,Eggplant Lovers Stuffed Eggplant,Italian,main-dish,,advanced,medium,moderate,eggplant|extra virgin olive oil|ground beef|salt & freshly ground black pepper|onion|red pepper|garlic cloves|fresh parsley leaves|basil leaves|pecorino romano cheese|breadcrumbs|egg|diced fire-roasted tomatoes
1988,Light Chicken Piccata With Linguine,Italian,main-dish,,advanced,medium,moderate,boneless skinless chicken breast halves|flour|salt|black pepper|butter|olive oil|white wine|fresh lemon juice|capers|fresh parsley|linguine
1989,Linguine With Clam Sauce,Italian,main-dish,pescatarian|dairy-free,beginner,medium,moderate,olive oil|onion|garlic|clams|dried parsley|oregano|dried basil|red pepper flakes|salt|pepper|linguine
1990,Authentic Chicken Parmesan,Italian,main-dish,,advanced,high,moderate,chicken breast|italian seasoned breadcrumbs|parmesan cheese|garlic|thyme|oregano|basil|salt|black pepper|eggs|milk|extra virgin olive oil|spaghetti sauce|mozzarella cheese|parsley|cooked pasta
1991,Italian Beef,Italian,main-dish,dairy-free,beginner,high,moderate,boneless beef chuck shoulder pot roast|good seasonings italian salad dressing mix|pepperoncini peppers|beef broth|beer
1992,Kittencal S Freezer Baked Ziti Oamc,Italian,main-dish,,advanced,medium,moderate,ziti pasta|ground beef|dried chili pepper flakes|onion|garlic|green bell pepper|seasoning salt|fresh ground black pepper|pasta sauce|mozzarella cheese|parmesan cheese
1993,Low Fat Oven Fried Scallops,Italian,main-dish,pescatarian|dairy-free,intermediate,low,moderate,fresh scallops|fat free egg substitute|italian seasoned breadcrumbs|olive oil flavored cooking spray|parsley|lemon wedges
1994,Olive Garden Chicken Caprese,Italian,main-dish,,advanced,high,moderate,plum tomatoes|fresh basil leaves|black pepper|boneless skinless chicken breasts|extra virgin olive oil|white wine|garlic|heavy cream|italian seasoning|parmesan cheese|salt|vegetable oil|mozzarella cheese|flour|capellini
1995,Parmesan Crusted Chicken,Italian,main-dish,,advanced,high,moderate,boneless skinless chicken breast halves|egg whites|cornstarch|lemon|dry breadcrumbs|fresh parsley|kosher salt|ground pepper|parmesan cheese|olive oil|shallots|dry white wine|heavy cream|low sodium chicken broth|unsalted butter|fresh sage|salt|white pepper|cayenne
1996,Penne With Vodka,Italian,main-dish,,intermediate,high,moderate,onion|garlic|butter|vodka|tomato puree|cream|cooked ham|tabasco sauce|penne|parmesan cheese
1997,Ravioli With Prosciutto Roma Tomato And Sage,Italian,main-dish,,intermediate,medium,moderate,meat ravioli|butter|prosciutto|fresh sage|roma tomatoes|black pepper|heavy cream|romano cheese
1998,Vegetarian Pasta E Fagioli Pasta And Beans,Italian,main-dish,vegetarian|pescatarian,intermediate,medium,moderate,olive oil|onion|garlic|celery|carrot|dried basil|dried oregano|dried thyme|dried rosemary|red pepper flakes|whole tomatoes|vegetable stock|cannellini beans|tiny pasta|fresh parsley|parmesan cheese|salt & fresh ground pepper
1999,Ww Fettuccine Alfredo,Italian,main-dish,vegetarian|pescatarian,intermediate,medium,moderate,butter|garlic cloves|all-purpose flour|nonfat milk|light cream cheese|fresh parmesan cheese|cooked fettuccine|fresh flat-leaf parsley|fresh ground pepper
2000,Awesome Lasagna No Boil Easy,Italian,main-dish,,advanced,medium,moderate,italian sausage|spaghetti sauce|diced tomatoes|water|garlic clove|italian seasoning|ricotta cheese|mozzarella cheese|parmesan cheese|eggs|parsley|ground black pepper|lasagna noodles
2001,Baked Rotini,Italian,main-dish,,intermediate,medium,moderate,ground beef|onion|green pepper|crushed tomatoes|tomato paste|sliced mushrooms|salt|dried basil|garlic powder|oregano|dry crushed red pepper|rotini pasta|mozzarella cheese
2002,Baked Ziti With Spinach Sausage And Mozzarella,Italian,main-dish,,advanced,medium,moderate,hot italian turkey sausage|onion|garlic cloves|diced tomatoes|pesto sauce|ziti pasta|fresh spinach leaves|mozzarella cheese|parmesan cheese
2003,Bird S Easy Shrimp Scampi,Italian,main-dish,pescatarian,intermediate,low,moderate,large shrimp|paprika|olive oil|butter|garlic cloves|white wine|salt|black pepper|fresh parsley|seasoned bread crumbs|lemon
2004,Chicken Piccata,Italian,main-dish,,advanced,low,moderate,chicken cutlets|salt and pepper|flour|vegetable oil|dry white wine|garlic|chicken broth|fresh lemon juice|capers|unsalted butter|lemon slice|fresh parsley
2005,Freeze Ahead Manicotti,Italian,main-dish,vegetarian|pescatarian,intermediate,medium,moderate,manicotti|vegetable oil|part-skim ricotta cheese|low fat cottage cheese|mozzarella cheese|parmesan cheese|salt|pepper|fresh parsley|eggs|spaghetti sauce
2006,Italian Sausage Pasta,Italian,main-dish,dairy-free,intermediate,medium,moderate,italian sausage|caraway seed|olive oil|onion|garlic|chopped tomatoes|balsamic vinegar|red wine|ground basil|oregano|salt & pepper
2007,Kittencal S Spaghetti And Meatball Casserole,Italian,main-dish,,advanced,high,moderate,ground beef|thin spaghetti|oil|mozzarella cheese|parmesan cheese|eggs|salt|black pepper|spaghetti sauce
2008,Olive Garden Tuscan Garlic Chicken,Italian,main-dish,,advanced,high,moderate,flour|salt|black pepper|italian herb seasoning|boneless skinless chicken breasts|vegetable oil|penne pasta|garlic|red pepper|white wine|spinach leaves|heavy cream|parmesan cheese
2009,Pasta With Olive Oil And Garlic,Italian,main-dish,vegetarian|vegan|pescatarian|dairy-free,intermediate,high,moderate,spaghetti|olive oil|garlic|dried parsley|salt and pepper|water
2010,The Hidden Valley Pizza Rsc,Italian,main-dish,,intermediate,medium,moderate,pizza dough|flour|extra virgin olive oil|ground pork|shallots|hidden valley original ranch dressing and seasoning mix|alfredo sauce|lemon zest|frozen spinach|mozzarella cheese|parmesan cheese|tomatoes|chives
2011,Tuscan Chicken Cakes With Golden Aioli,Italian,main-dish,dairy-free,intermediate,medium,moderate,mayonnaise|honey mustard|garlic|cooked chicken|italian seasoned breadcrumbs|egg|basil pesto|sun-dried tomato|red onion|olive oil|mixed salad greens|balsamic vinaigrette|tomatoes
2012,Italian Ground Beef Dinner,Italian,main-dish,,intermediate,low,moderate,dry breadcrumbs|onion|green pepper|garlic|oregano|salt|pepper|ground beef|parmesan cheese|tomato sauce|italian seasoning|cooked spaghetti
2013,Italian Peasant Soup,Italian,main-dish,,intermediate,medium,moderate,italian sausage|onions|garlic|boneless chicken|cannellini beans|chicken broth|diced tomatoes|dried basil|dried oregano|fresh spinach leaves|parmesan cheese
2014,Kmt S Low Fat Ricotta Spinach Rolls,Italian,main-dish,vegetarian|pescatarian,advanced,medium,moderate,pasta|low-fat ricotta cheese|part-skim mozzarella cheese|frozen chopped spinach|carrots|fresh parsley|fresh basil|egg|salt & pepper|pasta sauce
2015,Olive Garden Alfredo Sauce,Italian,main-dish,vegetarian|pescatarian,intermediate,high,moderate,heavy cream|butter|flour|parmesan cheese|fontina cheese|garlic|salt|black pepper
2016,3 Cheese Manicotti,Italian,main-dish,vegetarian|pescatarian,intermediate,medium,moderate,manicotti|mozzarella cheese|chive & onion cream cheese|spaghetti sauce|parmesan cheese
2017,Cheeeesy Lasagna Soup,Italian,main-dish,,intermediate,medium,moderate,ground beef|onion|garlic cloves|water|diced tomatoes with garlic and olive oil|tomato paste|mafalda pasta|italian seasoning|pepper|croutons|mozzarella cheese
2018,Frittata Di Zucchine Zucchini Frittata,Italian,main-dish,vegetarian|pescatarian,advanced,low,moderate,olive oil|onion|fresh thyme|zucchini|italian parsley|eggs|salt|black pepper|parmigiano-reggiano cheese
2019,Rock Roll Spaghetti Carbonara,Italian,main-dish,,advanced,high,moderate,spaghetti|egg yolks|heavy cream|olive oil|shallots|garlic|bacon|parmesan cheese
2020,Spaghetti With Zucchini And Garlic,Italian,main-dish,vegetarian|vegan|pescatarian|dairy-free,intermediate,medium,moderate,zucchini|extra virgin olive oil|garlic|salt & freshly ground black pepper|spaghetti|parmigiano|salt and pepper
2021,Baked Italian Chicken,Italian,main-dish,vegetarian|pescatarian,intermediate,high,moderate,fryer|butter|italian breadcrumbs|parmesan cheese|parsley|garlic|basil|oregano|salt|pepper
2022,Baked Penne With Italian Sausage,Italian,main-dish,,advanced,high,moderate,dry penne pasta|mild italian sausage|onion|white wine|olive oil|tomato sauce|tomatoes with garlic|tomato paste|mozzarella cheese
2023,Better Than Olive Garden Pasta Pomodoro,Italian,main-dish,vegetarian|pescatarian,intermediate,high,moderate,garlic cloves|tomatoes|fresh basil leaf|extra virgin olive oil|parmesan cheese|pasta|fresh ground pepper|salt
2024,Cheesy Beef Stuffed Pasta Shells,Italian,main-dish,,advanced,medium,moderate,jumbo pasta shells|ground beef|onion|garlic cloves|mozzarella cheese|italian style breadcrumbs|parsley|egg|pepper|salt|spaghetti sauce|burgundy wine|parmesan cheese
2025,Chicken Fettuccine Alfredo,Italian,main-dish,,advanced,medium,moderate,chicken meat|butter|cream|parmesan cheese|water|salt|fettuccine pasta|pepper
2026,Chicken Piccata For Pressure Cooker,Italian,main-dish,,advanced,medium,moderate,chicken breast halves|all-purpose flour|olive oil|shallots|garlic cloves|chicken broth|fresh lemon juice|sherry wine|salt|white pepper|dried basil|pimento stuffed olive|sour cream|potato starch|fresh parmesan cheese|lemon
2027,Easy Pita Bread Pizza,Italian,main-dish,vegetarian|pescatarian,beginner,low,moderate,pita bread|spaghetti|mozzarella cheese|spices|olive oil
2028,Skillet Penne And Sausage Supper,Italian,main-dish,,intermediate,medium,moderate,olive oil|onion|salt|sweet italian turkey sausage|garlic cloves|sun-dried tomato packed in oil|penne|low sodium chicken broth|milk|baby spinach|parmesan cheese|pepper
2029,Stuffed Shells With Spinach And Cheese,Italian,main-dish,vegetarian|pescatarian,advanced,medium,moderate,onion|frozen chopped spinach|cream cheese|egg|mozzarella cheese|cheddar cheese|cottage cheese|parmesan cheese|salt|pepper|cinnamon|shell noodles|tomato sauce|dried onion flakes|dried basil|parsley flakes|garlic|sugar|dried oregano
2030,Ziti Al Forno From The Sopranos Family Cookbook,Italian,main-dish,,intermediate,low,moderate,ziti pasta|salt|pasta sauce|meatballs|romano cheese|ricotta cheese|mozzarella cheese|cheese
2031,Baked Ziti With Fire Roasted Tomatoes,Italian,main-dish,,intermediate,low,moderate,extra lean ground beef|sweet onion|garlic cloves|zucchini|tomato sauce|diced tomatoes|oregano leaves|salt|pepper|ziti pasta|reduced-fat mozzarella cheese|cooking spray
2032,Parmesan Garlic Chicken Breasts,Italian,main-dish,,beginner,low,moderate,parmesan cheese|good seasonings italian salad dressing mix|boneless chicken breast halves|garlic powder
2033,Pasta With Spicy Sun Dried Tomato Cream Sauce,Italian,main-dish,vegetarian|pescatarian,intermediate,high,moderate,olive oil|garlic cloves|sun-dried tomato packed in oil|whipping cream|roasted red peppers|crushed red pepper flakes|fresh basil leaf|penne pasta|parmesan cheese
2034,Romano S Macaroni Grill Chicken Scaloppine,Italian,main-dish,,advanced,high,moderate,lemon juice|white wine|heavy cream|butter|chicken breasts|oil|flour|pancetta|mushrooms|artichoke hearts|capers|pasta|parsley
2035,Sandra S Chicken Parmigiana,Italian,main-dish,,advanced,medium,moderate,eggs|salt|black pepper|boneless skinless chicken breasts|breadcrumbs|vegetable oil|tomato sauce|basil|garlic clove|butter|parmesan cheese|mozzarella cheese
2036,The Best Asparagus Lemon Pasta,Italian,main-dish,vegetarian|pescatarian,intermediate,high,moderate,asparagus|linguine|unsalted butter|heavy cream|lemon zest|fresh lemon juice|salt|basil|parmesan cheese
2037,Tony Luke S Italian Roast Pork Sandwich The Real Deal,Italian,main-dish,,advanced,high,moderate,pork shoulder|garlic|fresh rosemary|fresh parsley|salt|cracked black pepper|olive oil|broccoli rabe|water|garlic cloves|red pepper flakes|italian roll|provolone cheese
2038,Tuscan Pork Chops Or Chicken With Rosemary,Italian,main-dish,dairy-free,advanced,medium,moderate,boneless pork chops|sun-dried tomatoes|chicken broth|madeira wine|olive oil|shallot|garlic cloves|fresh rosemary|cold water|cornstarch
2039,White Spaghetti,Italian,main-dish,vegetarian|vegan|pescatarian|dairy-free,beginner,high,moderate,spaghetti|olive oil|garlic powder|black pepper|italian seasoning|salt
2040,You Ll Never Miss The Noodles Lasagna,Italian,main-dish,,advanced,medium,moderate,ground beef|sweet italian sausage link|onion|green bell pepper|garlic cloves|tomato sauce|tomato paste|dried basil|dried oregano|dried rosemary|water|whole milk ricotta cheese|eggs|fresh parsley|mushrooms|zucchini|spinach|mozzarella cheese|parmesan cheese
2041,Chicken Scarpariello Roast Chicken In Lemon Wine,Italian,main-dish,,advanced,high,moderate,"roasting chickens|all-purpose flour|salt & pepper|oregano|olive oil|garlic cloves|onion|fresh rosemary|chicken broth|white wine|lemon, juice of|unsalted butter|flour|fresh parsley"
2042,Gnocchi Al Gorgonzola,Italian,main-dish,vegetarian|pescatarian,intermediate,medium,moderate,gnocchi|gorgonzola|butter|parmesan cheese|whipping cream|pepper
2043,Healthified Easy No Yeast Thin Pizza Crust,Italian,main-dish,vegetarian|pescatarian,advanced,high,moderate,all-purpose flour|baking powder|kosher salt|skim milk|olive oil
2044,Italian Sausage Casserole,Italian,main-dish,dairy-free,beginner,high,moderate,italian sausage|potatoes|green bell pepper|garlic|onion|crushed tomatoes|dried basil|salt and pepper
2045,Lemon Pasta With Sour Cream,Italian,main-dish,vegetarian|pescatarian,advanced,low,moderate,"spaghettini|onion|garlic cloves|butter|sour cream|parmesan cheese|milk|lemon pepper seasoning|lemon juice|lemon, zest of|salt|parsley"
2046,Manicotti,Italian,main-dish,vegetarian|pescatarian,advanced,medium,moderate,flour|water|eggs|salt|oil|ricotta cheese|mozzarella cheese|parmesan cheese|egg|fresh parsley|fresh ground pepper|marinara sauce
2047,Polenta Lasagna With Feta And Kale,Italian,main-dish,vegetarian|pescatarian,advanced,low,moderate,prepared polenta|marinara sauce|pecorino romano cheese|extra virgin olive oil|yellow onion|garlic cloves|fresh rosemary|carrot|kale|kalamata olive|feta cheese
2048,Veal Piccata Veal Francaise,Italian,main-dish,,intermediate,low,moderate,olive oil|butter|veal scallopini|flour|salt & pepper|eggs|water|chicken broth|lemon|fresh parsley
2049,Beans And Greens,Italian,main-dish,,beginner,medium,moderate,garlic cloves|oil|onion|chicken broth|great northern beans|romaine lettuce|salt|black pepper|parmesan cheese
2050,Boneless Pork Chops Milanese,Italian,main-dish,,intermediate,medium,moderate,japanese-style bread crumbs|parmesan cheese|eggs|boneless pork chops|salt|fresh ground black pepper|olive oil|lemon wedges
2051,Chicken Breasts Lombardi,Italian,main-dish,,advanced,high,moderate,fresh mushrooms|butter|boneless skinless chicken breast halves|flour|marsala|chicken broth|salt|mozzarella cheese|parmesan cheese|green onion
2052,Linguine With Red Clam Sauce,Italian,main-dish,pescatarian,intermediate,high,moderate,butter|olive oil|garlic|diced tomatoes|fresh parsley|dried oregano|dried basil|salt|minced clams|linguine|lemon juice
2053,Not Yo Mama S Italian Style Pork Chops,Italian,main-dish,dairy-free,intermediate,medium,moderate,olive oil|pork chops|green bell pepper|yellow onion|artichoke hearts|tomato sauce|italian seasoning|garlic|crushed red pepper flakes|balsamic vinegar|brown sugar|salt|fresh ground black pepper
2054,Orzo A La Melanie,Italian,main-dish,,advanced,low,moderate,orzo pasta|salt|olive oil|red bell pepper|carrot|green onions|garlic|yellow squash|zucchini|tomatoes|tomato sauce|chicken stock|light cream|parmesan cheese|fresh ground black pepper
2055,Shrimp And Angel Hair Pasta,Italian,main-dish,,advanced,medium,moderate,angel hair pasta|extra virgin olive oil|medium shrimp|garlic|salt|pepper|chicken broth|crushed red pepper flakes|lemon peel|lemon juice|italian parsley|parmesan cheese
2056,Spaghetti Sauce To Die For,Italian,main-dish,dairy-free,advanced,medium,moderate,ground beef|white onion|green pepper|garlic cloves|diced tomatoes|tomato paste|brown sugar|oregano|salt|dried thyme|dried basil|bay leaf|water|lemon juice|cooked spaghetti
2057,Baked Spaghetti With Chicken And Spinach,Italian,main-dish,,advanced,high,moderate,spaghetti|boneless skinless chicken breast halves|olive oil|garlic cloves|red onion|fresh spinach|stewed tomatoes|dried basil|dried tarragon|salt|crushed red pepper flakes|fresh parsley|parmesan cheese|sharp cheddar cheese
2058,Balsamic Chicken And Veggies,Italian,main-dish,dairy-free,intermediate,medium,moderate,italian salad dressing|balsamic vinegar|honey|crushed red pepper flakes|olive oil|chicken breasts|asparagus|carrot|tomatoes
2059,Cheese Ravioli With Pumpkin Sage Sauce,Italian,main-dish,vegetarian|pescatarian,intermediate,medium,moderate,four-cheese ravioli|dry white wine|green onion|butter|heavy cream|parmesan cheese|salt|fresh ground black pepper|fresh sage leaves|pumpkin puree|fresh italian parsley|pine nuts
2060,Cream Pasta Sauce With Zucchini,Italian,main-dish,vegetarian|pescatarian,intermediate,medium,moderate,butter|garlic cloves|plain flour|sour cream|half-and-half|lemon juice|zucchini|parmesan cheese|black pepper
2061,Eggplant Aubergine Rollatini,Italian,main-dish,vegetarian|pescatarian,advanced,high,moderate,whole milk ricotta cheese|olive oil|eggplants|eggs|salt & freshly ground black pepper|all-purpose flour|seasoned bread crumbs|garlic cloves|romano cheese|fresh basil|fresh parsley|tomato sauce|mozzarella cheese
2062,Eggplant Parmigiana Weight Watchers,Italian,main-dish,vegetarian|pescatarian,intermediate,low,moderate,cooking spray|italian seasoned breadcrumbs|parmesan cheese|italian seasoning|garlic powder|eggplant|egg whites|canned tomato sauce|part-skim mozzarella cheese
2063,Emeril Lagasse S Perfect Pizza Dough,Italian,main-dish,vegetarian|vegan|pescatarian|dairy-free,advanced,medium,moderate,warm water|active dry yeast|sugar|all-purpose flour|extra virgin olive oil|salt
2064,Explorers Thin Crust Pizza,Italian,main-dish,vegetarian|pescatarian,intermediate,low,moderate,boboli pizza crusts|tomato sauce|mozzarella cheese|eggplant|pepperoni|fresh basil|onions|mushroom|olive oil|jalapeno pepper|salt and pepper
2065,Linguini With Scampi,Italian,main-dish,pescatarian,advanced,high,moderate,linguine|butter|shrimp|garlic|lemon juice|fresh parsley|salt and pepper
2066,Portabella Mushroom Bake,Italian,main-dish,vegetarian|vegan|pescatarian|dairy-free,intermediate,low,moderate,almonds|olive oil|tamari soy sauce|water|balsamic vinegar|garlic cloves|dried rosemary|dried oregano|portabella mushrooms|onion
2067,Simple Succulent Shrimp Scampi,Italian,main-dish,pescatarian,intermediate,high,moderate,fresh shrimp|garlic|olive oil|unsalted butter|dry white wine|crushed red pepper flakes|parsley|pasta
2068,Tofu Piccata,Italian,main-dish,vegetarian|pescatarian,advanced,low,moderate,lemon|all-purpose flour|extra firm tofu|salt & freshly ground black pepper|olive oil|dry white wine|white button mushrooms|capers|fresh parsley leaves|butter
2069,Capellini Pomodoro,Italian,main-dish,vegetarian|pescatarian,intermediate,medium,moderate,garlic cloves|plum tomatoes|fresh basil|olive oil|fresh parmesan cheese|angel hair pasta|black pepper
2070,Carbonara Rachael Ray,Italian,main-dish,,advanced,high,moderate,spaghetti|extra virgin olive oil|pancetta|red pepper flakes|garlic cloves|dry white wine|egg yolks|romano cheese|fresh parsley
2071,Cheese Ravioli With Fresh Tomato And Artichoke Sauce,Italian,main-dish,vegetarian|pescatarian,intermediate,low,moderate,cheese ravioli|olive oil|roma tomato|marinated artichoke hearts|scallion|garlic cloves|salt|fresh ground black pepper|parmesan cheese
2072,Chef Flower S Cheat Chicken Parmigiana,Italian,main-dish,,intermediate,low,moderate,olive oil flavored cooking spray|chicken schnitzels|pasta sauce|cheese|dried parsley
2073,Diva Licious Pesto Pizza,Italian,main-dish,vegetarian|pescatarian,intermediate,medium,moderate,fresh basil leaves|pine nuts|fresh garlic clove|parmesan cheese|olive oil|salt|baby portabella mushrooms|provolone cheese|roasted red peppers|black olives|artichoke heart|prepared pizza crust
2074,Gnocchi With Sausage And Spinach,Italian,main-dish,,intermediate,medium,moderate,gnocchi|olive oil|yellow onion|italian sausage|garlic clove|baby spinach|kosher salt|black pepper|parmesan cheese
2075,Greg S Good As Gold Spaghetti Sauce,Italian,main-dish,dairy-free,advanced,medium,moderate,virgin olive oil|onions|garlic cloves|sliced mushrooms|ground beef|italian sausage|italian tomatoes|tomato puree|tomato paste|black olives|dry red wine|basil|oregano|parsley|red pepper flakes|thyme|paprika|sugar|salt|bay leaf
2076,Italian Spaghetti With Ham,Italian,main-dish,,beginner,medium,moderate,cooked ham|garlic|butter|thin spaghetti|parmesan cheese|parsley|eggs|black olives|salt and pepper
2077,Mushroom Risotto,Italian,main-dish,,intermediate,medium,moderate,onions|mushrooms|arborio rice|chicken stock|parmesan cheese|oil
2078,Pasta With Hot Tomato Bacon Sauce,Italian,main-dish,,advanced,high,moderate,bacon|olive oil|onions|garlic cloves|crushed tomatoes|fresh basil|sugar|salt|red pepper flakes|fresh parsley|pasta|parmesan cheese
2079,Philly Italian Style Hot Roast Pork Sandwiches,Italian,main-dish,dairy-free,intermediate,medium,moderate,boneless pork roast|salt|fresh coarse ground black pepper|garlic powder|basil|italian seasoning|dried garlic|water|italian rolls
2080,Scallop Saute,Italian,main-dish,pescatarian,beginner,medium,moderate,butter|onions|garlic|salt|pepper|bay scallops|fresh parsley|red pepper flakes|lemon juice
2081,Tuscan Potato Soup Zuppa Toscana,Italian,main-dish,dairy-free,intermediate,medium,moderate,chicken broth|water|bacon|italian sausage|russet potatoes|white onion|garlic cloves|olive oil|half-and-half|salt|black pepper|ground cayenne pepper|mustard powder|fennel seed|kale leaves
2082,Vegetable Lasagna Without The Lasagna,Italian,main-dish,vegetarian|pescatarian,advanced,low,moderate,eggplants|onion|salt|pepper|low-fat ricotta cheese|egg white|green onion|tomato sauce|reduced-fat mozzarella cheese|parmesan cheese
2083,Baked Penne With Roasted Vegetables Courtesy Giada De La,Italian,main-dish,vegetarian|pescatarian,intermediate,high,moderate,red peppers|zucchini|summer squash|cremini mushrooms|yellow onion|extra virgin olive oil|salt|fresh ground black pepper|dried italian herb seasoning|penne pasta|marinara sauce|fontina cheese|smoked mozzarella cheese|frozen peas|parmesan cheese|butter
2084,Bow Ties With Chicken And Spinach,Italian,main-dish,,intermediate,medium,moderate,bow tie pasta|chicken breast|olive oil|onion|red pepper|garlic cloves|salt|pepper|chicken broth|spinach|parmesan cheese|parsley
2085,Broiled Polenta With Mushrooms And Cheese,Italian,main-dish,vegetarian|pescatarian,advanced,low,moderate,boiling water|dried porcini mushrooms|water|salt|cornmeal|olive oil|mushrooms|garlic clove|dry white wine|mozzarella cheese|smoked cheddar cheese|ground black pepper
2086,Cyn S Wild Mushroom Ravioli,Italian,main-dish,,advanced,high,moderate,shiitake mushroom|oyster mushroom|cremini mushroom|white button mushrooms|garlic cloves|butter|fresh ground black pepper|sea salt|onion powder|garlic powder|beef broth|olive oil|ricotta cheese|parmesan cheese|mixed mushrooms|unbleached white flour|salt|eggs|water
2087,Dad S Lasagna,Italian,main-dish,,advanced,high,moderate,italian sausage|garlic clove|basil|salt|canned tomato|tomato paste|lasagna noodles|eggs|fresh ricotta|parmesan cheese|parsley flakes|pepper|mozzarella cheese
2088,Kim S Italian Meatballs,Italian,main-dish,,intermediate,medium,moderate,ground beef|ground pork|bread|milk|egg|parmesan cheese|garlic cloves|oregano|parsley|italian seasoning|dried red pepper flakes|salt|pepper
2089,Margherita Pizza Pizza Margherita,Italian,main-dish,vegetarian|pescatarian,intermediate,low,moderate,thin pizza crust|extra virgin olive oil|garlic cloves|basil leaves|tomatoes|mozzarella cheese|parmesan cheese|salt and pepper|crushed red pepper flakes
2090,Rich And Creamy Chicken Or Turkey Tetrazzini,Italian,main-dish,,advanced,high,moderate,butter|yellow onion|sliced mushrooms|flour|chicken broth|garlic clove|cream|sherry wine|parmesan cheese|whole chickens|spaghetti|salt and pepper|italian breadcrumbs
2091,Romano S Macaroni Grill Chicken Cannelloni,Italian,main-dish,,intermediate,medium,moderate,chicken breasts|fresh spinach|sun-dried tomato|ricotta cheese|mozzarella cheese|black pepper|salt|lasagna noodles|alfredo sauce|marinara sauce|parmesan cheese
2092,Salsa Di Parmigiano,Italian,main-dish,vegetarian|pescatarian,beginner,high,moderate,parmesan cheese|asiago cheese|garlic|fresh ground black pepper|basil|scallions|red pepper flakes|extra virgin olive oil
2093,Sausage And Bell Peppers,Italian,main-dish,dairy-free,intermediate,medium,moderate,sausage|sweet onion|red pepper|olive oil|salt|pepper|italian bread
2094,Sicilian Seafood Stew,Italian,main-dish,pescatarian|dairy-free,advanced,low,moderate,"onion|olive oil|celery|green bell pepper|red bell pepper|garlic cloves|crushed red pepper flakes|dried oregano|dried basil|dried marjoram|bottled clam juice|tomatoes|red wine|scallops|shrimp|lemon, juice of|salt & fresh ground pepper|capers|black olives"
2095,Smoked Turkey Sausage With Pasta,Italian,main-dish,dairy-free,beginner,low,moderate,angel hair pasta|smoked turkey sausage|sliced mushrooms|garlic|dried basil|olive oil|plum tomatoes|salt|pepper
2096,Super Italian Sub,Italian,main-dish,,intermediate,medium,moderate,italian bread|olive oil|cider vinegar|garlic cloves|dried oregano|pepper|capicola|cooked turkey|genoa salami|provolone cheese|mozzarella cheese|lettuce|green pepper
2097,Adriana S Pasta Pie,Italian,main-dish,,advanced,high,moderate,ground beef|fresh parsley leaves|breadcrumbs|onion|eggs|parmesan cheese|salt|ground black pepper|tubetti|mozzarella cheese|provolone cheese|olive oil|minced garlic cloves|crushed red pepper flakes|crushed tomatoes in puree|tomato paste|water|sugar|fresh basil leaf|romano cheese
2098,Authentic Italian Spaghetti Sauce,Italian,main-dish,vegetarian|vegan|pescatarian|dairy-free,beginner,low,moderate,fresh tomatoes|olive oil|fresh garlic|fresh basil|salt|fresh ground black pepper|crushed red pepper flakes
2099,Baked Lasagne,Italian,main-dish,,advanced,low,moderate,olive oil|ground beef|onion|garlic clove|tomatoes|tomato paste|parmesan cheese|parsley|salt|pepper|basil|lasagna noodles|ricotta cheese|mozzarella cheese
2100,Baked Ziti With Tomato Mozzarella And Sausage,Italian,main-dish,,advanced,high,moderate,olive oil|onion|garlic cloves|hot italian sausage|salt & freshly ground black pepper|dry red wine|plum tomatoes|tomatoes|fresh marjoram|ricotta cheese|pecorino cheese|nutmeg|flat leaf parsley|ziti pasta|mozzarella cheese
2101,Balsamic Eggplant Aubergine Parmesan,Italian,main-dish,vegetarian|pescatarian,advanced,low,moderate,balsamic vinegar|olive oil|salt and pepper|sugar|oregano|eggplants|onion|garlic|dry white wine|stewed tomatoes|fresh tomato|fresh basil|lowfat mozzarella cheese|parmesan cheese
2102,Bow Ties With Chicken And Asiago Cheese Sauce,Italian,main-dish,,advanced,medium,moderate,butter|all-purpose flour|evaporated milk|milk|chicken broth|asiago cheese|olive oil|boneless chicken breast|fresh parsley|garlic clove|salt|black pepper|bow tie pasta
2103,Family Favorite Basic Meatballs,Italian,main-dish,,intermediate,low,moderate,unseasoned breadcrumbs|parmesan cheese|whole milk|beef broth|parsley|eggs|dried oregano|garlic|kosher salt|ground pepper|dried basil|crushed red pepper flakes|nutmeg|ground chuck
2104,Italian Sausage Stew,Italian,main-dish,dairy-free,intermediate,medium,moderate,sweet italian sausage links|red wine|olive oil|onion|garlic|basil|oregano|red pepper flakes|diced tomatoes|stewed tomatoes|potatoes|parsley|salt
2105,Last Minute Lasagna,Italian,main-dish,vegetarian|pescatarian,intermediate,low,moderate,pasta sauce|cheese ravioli|frozen chopped spinach|pepperoni|mozzarella cheese|parmesan cheese
2106,Lemon Linguine With Spinach And Crispy Prosciutto,Italian,main-dish,,intermediate,medium,moderate,linguine|olive oil|shallots|sun-dried tomato|lemon zest|garlic paste|prosciutto|fresh lemon juice|salt|fresh ground black pepper|baby spinach|pine nuts|parmigiano-reggiano cheese
2107,Lemon Asparagus Chicken With Dill,Italian,main-dish,dairy-free,advanced,medium,moderate,uncooked rice|low sodium chicken broth|water|fresh asparagus|boneless skinless chicken breast|lemon juice|olive oil|dried dill weed|salt|parsley
2108,Low Fat Penne A La Vodka,Italian,main-dish,vegetarian|pescatarian,advanced,medium,moderate,olive oil|onion|crushed tomatoes|dried oregano|fresh basil leaves|salt|black pepper|fresh white mushrooms|crushed red pepper flakes|tomato paste|vodka|nonfat milk|whole wheat penne|dry parmesan cheese|fresh basil
2109,Macaroni Hot Italian Sausage,Italian,main-dish,,intermediate,high,moderate,hot italian sausages|onion|mushrooms|elbow macaroni|sherry wine|tomato sauce|beef consomme|water|sour cream|fresh parsley|parmesan cheese
2110,Pasta Al Forno,Italian,main-dish,,intermediate,medium,moderate,cooked chicken|pasta|marinara sauce|mozzarella cheese|frozen spinach|cottage cheese|parmesan cheese|salt|pepper|italian seasoned breadcrumbs|oil
2111,Penne Sausages A La Vodka,Italian,main-dish,,advanced,high,moderate,italian pork sausage|butter|olive oil|onion|garlic cloves|red pepper|zucchini|tomato sauce|salt|white pepper|cumin|vodka|half-and-half cream|nutmeg|parmesan cheese|penne|parsley
2112,Shrimp And Mushroom Linguini With Creamy Cheese Herb Sauce,Italian,main-dish,pescatarian,advanced,high,moderate,linguine|butter|fresh mushrooms|garlic cloves|cream cheese|fresh parsley|dried basil|boiling water|cooked shrimp
2113,Skillet Ziti With Chicken Broccoli,Italian,main-dish,,advanced,high,moderate,boneless chicken breast|salt and pepper|unsalted butter|onion|red pepper flakes|dried oregano|garlic cloves|ziti pasta|low sodium chicken broth|milk|broccoli|roasted red pepper|parmesan cheese|fresh lemon juice
2114,Tuscan Soup,Italian,main-dish,,intermediate,high,moderate,sweet italian sausage links|onion|reduced-sodium chicken broth|beef broth|baking potatoes|garlic|dried basil|cannellini beans|baby spinach|heavy cream|salt|fresh ground pepper|parmesan cheese
2115,Veggie Pasta Shells Oamc,Italian,main-dish,vegetarian|pescatarian,advanced,low,moderate,jumbo pasta shells|vegetable broth|carrot|potato|onion|ricotta cheese|mozzarella cheese|egg|parmesan cheese|dried italian seasoning|spaghetti sauce
2116,Weeknight Tortellini With Arugula Crispy Prosciutto,Italian,main-dish,dairy-free,advanced,medium,moderate,extra virgin olive oil|prosciutto|onion|sun-dried tomato packed in oil|garlic cloves|fresh sage|red pepper flakes|arugula|tortellini
2117,Yummy And Comforting Chicken Tetrazzini,Italian,main-dish,,intermediate,medium,moderate,spaghetti|onions|green pepper|butter|chicken|garlic salt|colby|cream of mushroom soup|milk|pepper
2118,Baked Manicotti,Italian,main-dish,,advanced,high,moderate,olive oil|onion|garlic cloves|ground beef|ground sausage|frozen chopped spinach|manicotti|ricotta cheese|eggs|spaghetti sauce|butter|all-purpose flour|chicken bouillon granule|half-and-half|fresh parsley|fresh basil|parmesan cheese
2119,Beef Orzo Mediterranean Style,Italian,main-dish,,intermediate,medium,moderate,salt|lean ground beef|onion|garlic cloves|tomatoes|beef broth|fresh oregano|pepper|orzo pasta|frozen chopped spinach|parmesan cheese
2120,Chicken Scampi Risotto,Italian,main-dish,,advanced,high,moderate,boneless chicken breasts|egg|breadcrumbs|romano cheese|onion|olive oil|garlic|arborio rice|white wine|chicken broth|butter|parsley
2121,Creamy Chicken And Penne,Italian,main-dish,,intermediate,medium,moderate,penne|broccoli florets|onion|olive oil|boneless skinless chicken breast|sun-dried tomato|chicken broth|heavy cream|balsamic vinegar|salt|pepper|parmesan cheese
2122,Fast And Easy Stromboli,Italian,main-dish,,intermediate,low,moderate,pizza dough|part-skim mozzarella cheese|prosciutto ham|turkey pepperoni|roasted red peppers
2123,Fresh Fig Caramelized Onion And Goat Cheese Gourmet Pizza,Italian,main-dish,,advanced,medium,moderate,pizza dough|olive oil|sweet onion|fresh figs|goat cheese|fresh rosemary|mozzarella cheese|cornmeal
2124,Garlic Basil Bow Ties,Italian,main-dish,vegetarian|pescatarian,beginner,medium,moderate,bow tie pasta|olive oil|garlic|plain yogurt|parmesan cheese|fresh basil|salt|pepper|crushed red pepper flakes
2125,Impossibly Easy Italian Chicken Pie,Italian,main-dish,,advanced,low,moderate,parmesan cheese|cooked chicken|mozzarella cheese|dried oregano leaves|basil leaves|garlic powder|tomato paste|bisquick baking mix|milk|pepper|eggs
2126,Italian Gnocchi 1992 Italian,Italian,main-dish,vegetarian|pescatarian|dairy-free,advanced,low,moderate,boiling water|instant potato flakes|salt|olive oil|egg yolks|all-purpose flour|nutmeg
2127,Italian Pasta And Beans Pasta Faggioli,Italian,main-dish,vegetarian|pescatarian,intermediate,low,moderate,ditalini|olive oil|onion|carrot|celery|garlic|cannellini beans|diced tomatoes|salt|black pepper|water|parmesan cheese|fresh parsley
2128,Kittencal S Chicken Cacciatore,Italian,main-dish,dairy-free,advanced,high,moderate,chicken thighs|all-purpose flour|garlic powder|olive oil|fresh mushrooms|onion|green bell pepper|garlic|crushed red pepper flakes|dried oregano|dried basil|tomato paste|diced tomatoes|chicken broth|dry white wine|green olives|seasoning salt|fresh ground black pepper|bay leaf
2129,Lasagna Surprise,Italian,main-dish,,intermediate,medium,moderate,onion|garlic cloves|vegetable oil|spaghetti sauce|ground beef|ricotta cheese|frozen chopped spinach|mozzarella cheese|parmesan cheese|eggs|lasagna noodle
2130,Lasagne,Italian,main-dish,,advanced,high,moderate,lasagna noodles|parmesan cheese|oil|ground beef|whole tomatoes|onion|mushrooms|garlic clove|oregano|basil|rosemary|salt|sugar|butter|flour|milk|pepper|nutmeg|processed cheese
2131,Layered Zucchini Lasagna No Noodles,Italian,main-dish,vegetarian|pescatarian,advanced,low,moderate,water|zucchini|ground round|garlic cloves|reduced-fat spaghetti sauce|salt|dried basil|dried oregano|fat-free cottage cheese|dried parsley|eggs|cooking spray|dry breadcrumbs|part-skim mozzarella cheese
2132,Mama S Spaghetti With Meat Sauce,Italian,main-dish,,advanced,medium,moderate,95% lean ground beef|garlic clove|onion|celery|sliced mushrooms|diced tomatoes with juice|tomato sauce|tomato paste|mixed italian herbs|dried bay leaves|salt|fresh ground black pepper|brown sugar|dry pasta|parmesan cheese
2133,Mom S Italian Meatloaf,Italian,main-dish,,advanced,medium,moderate,soft breadcrumbs|milk|salt|pepper|thyme|basil|tomato sauce|onion|butter|lean ground beef|mozzarella cheese
2134,Our Favorite Lasagna,Italian,main-dish,,advanced,high,moderate,ground beef|onion|tomatoes|tomato paste|sugar|salt|oregano leaves|thyme leaves|red pepper flakes|garlic salt|bay leaf|lasagna noodles|eggs|ricotta cheese|mozzarella cheese
2135,Portabella Mushrooms,Italian,main-dish,vegetarian|pescatarian,intermediate,low,moderate,portabella mushrooms|olive oil|balsamic vinegar|fresh thyme|salt|pepper|parmesan cheese
2136,Portabella Parmesan,Italian,main-dish,vegetarian|pescatarian,intermediate,low,moderate,extra virgin olive oil|portabella mushrooms|salt|fresh ground black pepper|marinara sauce|mozzarella cheese|parmesan cheese|butter
2137,Ragu Bolognese,Italian,main-dish,,intermediate,high,moderate,olive oil|butter|onions|celery|carrot|garlic|ground veal|ground pork|ground beef|pancetta|milk|chopped tomatoes|dried oregano|fresh basil|bay leaves|white wine|beef stock|salt and pepper
2138,Really Deep Dish Pizza,Italian,main-dish,,intermediate,high,moderate,warm water|active dry yeast|sugar|flour|parmesan cheese|salt|olive oil|lean ground beef|onion|garlic clove|chili powder|pizza sauce|mushrooms|pepperoni|mozzarella cheese|black olives
2139,Salmon With Lemon Capers And Rosemary,Italian,main-dish,pescatarian|dairy-free,intermediate,medium,moderate,salmon fillets|extra virgin olive oil|salt|fresh ground black pepper|fresh rosemary leaf|lemon slices|lemon juice|marsala wine|capers|aluminum foil
2140,The Queen Of Pizzas Gourmet Shrimp Pizza,Italian,main-dish,pescatarian,intermediate,medium,moderate,12-inch pizza crust|olive oil|prepared pizza|dried basil|dried oregano|dried red pepper flakes|pepper|garlic cloves|cooked shrimp|sliced mushrooms|kalamata olive|green onion|mozzarella cheese|feta cheese|parmesan cheese|fresh basil leaf|arugula leaf|chili oil
2141,Vegetable Lasagna,Italian,main-dish,vegetarian|pescatarian,advanced,high,moderate,zucchini|yellow squash|fresh mushrooms|garlic|fleischmann's margarine|italian seasoning|salt|carrot|broccoli floret|flour|white pepper|1% low-fat milk|parmesan cheese|lasagna noodles|lowfat mozzarella cheese|low-fat ricotta cheese|frozen spinach|fresh parsley
2142,Baked Butternut Squash And Parmesan Cheese Gratin,Italian,main-dish,vegetarian|pescatarian,intermediate,high,moderate,butternut squash|parmesan cheese|fresh breadcrumbs|pecans|fresh thyme leaves|butter|salt|black pepper
2143,Basil Chicken Marsala With Mushrooms,Italian,main-dish,dairy-free,advanced,medium,moderate,boneless skinless chicken breasts|flour|salt|garlic powder|ground black pepper|olive oil|sliced mushrooms|marsala wine|chicken broth|fresh basil leaf|onion powder
2144,Carrabba S Pappardelle Campagnolo,Italian,main-dish,,advanced,high,moderate,extra virgin olive oil|italian sausage|yellow onion|garlic|red bell pepper|dry white wine|whole canned tomatoes|salt & freshly ground black pepper|crushed red pepper flakes|basil leaves|pecorino romano cheese|goat cheese|pappardelle pasta
2145,Chicken Breasts In Sun Dried Tomato Cream,Italian,main-dish,,advanced,medium,moderate,butter|garlic cloves|all-purpose flour|chicken broth|heavy cream|sun-dried tomatoes packed in oil|oil|dried thyme|salt|crushed red pepper flakes|sliced mushrooms|boneless skinless chicken breast halves
2146,Frank Sinatra S Sausage And Green Peppers,Italian,main-dish,dairy-free,intermediate,medium,moderate,green bell peppers|olive oil|salt and pepper|hot italian sausage|red wine
2147,Fried Calamari,Italian,main-dish,vegetarian|pescatarian|dairy-free,intermediate,low,moderate,calamari|cornmeal|eggs|garlic|breadcrumbs|salt|oil
2148,Frittata With Ham And Roasted Pepper,Italian,main-dish,,intermediate,low,moderate,eggs|milk|dijon mustard|crouton|ham|fontina|roasted red pepper|green onion
2149,Garlic Sun Dried Tomato Pasta,Italian,main-dish,vegetarian|pescatarian,intermediate,medium,moderate,extra virgin olive oil|garlic|onion|sun-dried tomato|dried basil|dried oregano|pepper|salt|coriander|small shell pasta|parmesan cheese
2150,Gluten Free Thin Pizza Crust,Italian,main-dish,vegetarian|vegan|pescatarian|dairy-free,intermediate,high,moderate,yeast|sugar|water|rice flour|potato starch|potato flour|shortening|cornmeal|garlic powder|italian seasoning
2151,Italian Pesto Potato Pasta 5Fix,Italian,main-dish,,advanced,high,moderate,simply potatoes shredded hash browns|basil pesto|pre-shredded mozzarella cheese|hot italian sausage|pasta sauce with mushrooms
2152,Italian Rolled Peppers With Mushrooms And Ricotta,Italian,main-dish,vegetarian|pescatarian,advanced,low,moderate,bell peppers|white button mushrooms|olive oil|kosher salt|black pepper|mixed italian herbs|ricotta cheese|dijon mustard|pecorino romano cheese|toothpick
2153,Le Lasagne Autentiche Siciliane Supreme,Italian,main-dish,,advanced,high,moderate,lasagna noodle|ground beef|italian sausage|onion|garlic cloves|sugar|salt|basil|fennel seed|pepper|fresh mushrooms|black olives|tomatoes|tomato paste|eggs|ricotta cheese|dried parsley|mozzarella cheese|asiago cheese|parmesan cheese
2154,Quick Manicotti,Italian,main-dish,,advanced,low,moderate,manicotti|ground beef|garlic clove|cottage cheese|mozzarella cheese|salt|mayonnaise|spaghetti sauce|oregano|parmesan cheese
2155,Quick Tomato Basil Garlic Pasta Dinner,Italian,main-dish,vegetarian|pescatarian,beginner,medium,moderate,penne rigate|extra virgin olive oil|garlic|cherry tomatoes|fresh basil|dried red pepper flakes|salt and black pepper|parmesan cheese
2156,Ricotta Spinach Cannelloni,Italian,main-dish,vegetarian|pescatarian,beginner,medium,moderate,fresh spinach leaves|ricotta cheese|parmesan cheese|salt and pepper|fresh basil|tomato sauce|fresh parmesan cheese|lasagna sheets
2157,Sicilian Lentil Pasta Sauce,Italian,main-dish,vegetarian|vegan|pescatarian|dairy-free,intermediate,low,moderate,olive oil|onion|mushrooms|zucchini|garlic|dry lentils|water|tomato sauce|tomato paste|sugar
2158,Sicilian Steak Bistecca Alla Siciliana,Italian,main-dish,vegetarian|pescatarian,intermediate,medium,moderate,steak|garlic cloves|olive oil|parmesan cheese|oregano|breadcrumbs|salt|pepper
2159,Spaghetti Aglio Olio With Spicy Shrimp,Italian,main-dish,pescatarian|dairy-free,intermediate,high,moderate,"large shrimp|lemon, juice of|parsley|crushed red pepper flakes|garlic cloves|salt|olive oil|spaghetti|anchovy fillets"
2160,Spinach Stuffed Shells With A Mushroom Sauce,Italian,main-dish,vegetarian|pescatarian,advanced,high,moderate,jumbo pasta shells|dried shiitake mushrooms|hot water|oil|onion|garlic cloves|baby spinach|white wine|fresh basil|dried thyme|dried oregano|crushed tomatoes|ricotta cheese|pecorino romano cheese|mozzarella cheese|egg|nutmeg
2161,Tortellini Bolognese,Italian,main-dish,,advanced,high,moderate,olive oil|bacon|onion|carrots|celery|garlic|ground sirloin|ground pork|dry red wine|beef broth|tomato paste|salt|fresh ground black pepper|dried parsley|dried basil|heavy cream|frozen cheese tortellini|parmesan cheese
2162,Turkey Pesto Calzone,Italian,main-dish,,intermediate,low,moderate,pizza dough|turkey breast|provolone cheese|pesto sauce
2163,Veal Osso Buco,Italian,main-dish,dairy-free,advanced,medium,moderate,"pancetta|olive oil|veal shanks|carrot|celery|onion|garlic cloves|anchovy fillets|fresh thyme|capers|olive|dry white wine|chicken stock|flour|salt and pepper|flat leaf parsley|lemon, zest of"
2164,Baked Lasagna,Italian,main-dish,,advanced,medium,moderate,lean ground beef|garlic|parsley|dried basil|salt|tomatoes|tomato paste|dry lasagna noodles|cottage cheese|eggs|pepper|parmesan cheese|mozzarella cheese
2165,Braised Lamb Shanks With Fresh Rosemary,Italian,main-dish,dairy-free,advanced,high,moderate,lamb shanks|olive oil|onions|carrots|garlic cloves|dry red wine|diced tomatoes with juice|low sodium chicken broth|beef broth|fresh rosemary|fresh thyme|lemon zest
2166,Chef Rocco Dispirito S Mama S Meatballs,Italian,main-dish,,intermediate,high,moderate,chicken stock|yellow onion|garlic|flat-leaf italian parsley|ground beef|ground pork|ground veal|plain breadcrumbs|eggs|parmigiano-reggiano cheese|red pepper flakes|salt|extra virgin olive oil|marinara sauce
2167,Chicken With Artichokes And Lemon,Italian,main-dish,dairy-free,intermediate,low,moderate,boneless skinless chicken breasts|tomatoes|artichoke hearts|onion|white wine|red pepper flakes|oregano|parsley flakes|lemon juice|seasoning salt|fresh ground black pepper|lemon
2168,Dinner For Two Please James,Italian,main-dish,pescatarian,advanced,high,moderate,"garlic cloves|onion|roma tomatoes|lemon, juice of|black pepper|dry tarragon|oregano|parmesan cheese|red wine|large shrimp|pasta|olive oil"
2169,East Side Mario S Hell S Kitchen Chicken Pollo Italian,Italian,main-dish,,intermediate,low,moderate,tomatoes|dried basil|dried tarragon|salt|fresh ground pepper|crushed red pepper flakes|margarine|garlic clove|boneless skinless chicken breasts|fresh parsley|mozzarella cheese
2170,Food Network S Chicken Tetrazzini,Italian,main-dish,,advanced,high,moderate,butter|olive oil|boneless skinless chicken breasts|salt|fresh ground black pepper|white mushroom|onion|garlic cloves|fresh thyme leave|dry white wine|all-purpose flour|whole milk|heavy whipping cream|chicken broth|ground nutmeg|linguine|frozen peas|fresh italian parsley|parmesan cheese|italian seasoned breadcrumbs
2171,Fresh Fettuccine With Pulled Rotisserie Chicken Pesto And Roas,Italian,main-dish,,intermediate,low,moderate,basil pesto|fettuccine pasta|olive oil|garlic cloves|chicken meat|roasted sweet peppers|olive|salt and pepper|parmesan cheese
2172,Italian Subs Hoagies Or Submarine Sandwiches,Italian,main-dish,,beginner,high,moderate,hoagie rolls|ham|turkey|hard salami|pepperoni|provolone cheese|italian dressing
2173,Olive Garden Gnocchi With Spicy Tomato And Wine Sauce,Italian,main-dish,,advanced,low,moderate,gnocchi|extra virgin olive oil|fresh garlic cloves|chili flakes|dry white wine|chicken broth|tomatoes|sweet creamy butter|parmesan cheese|fresh basil|salt|black pepper
2174,Pasta With Prosciutto In A Lemon Cream Sauce,Italian,main-dish,,advanced,high,moderate,butter|shallots|low sodium chicken broth|whipping cream|fresh lemon rind|orange zest|cayenne pepper|frozen green pea|fresh mint leaves|fresh lemon juice|penne pasta|prosciutto
2175,Penne Gorgonzola With Chicken And Roma Tomatoes,Italian,main-dish,,intermediate,high,moderate,boneless skinless chicken breasts|penne pasta|butter|heavy cream|gorgonzola|parmesan cheese|nutmeg|roma tomatoes
2176,Pioneer Woman Chicken Parmigiana,Italian,main-dish,,advanced,high,moderate,skinless chicken breast|all-purpose flour|salt & pepper|olive oil|butter|onion|garlic cloves|white wine|crushed tomatoes|sugar|fresh parsley|parmesan cheese
2177,Roast Vegetable Lasagne With Spinach And Ricotta,Italian,main-dish,vegetarian|pescatarian,advanced,high,moderate,carrot|zucchini|mushroom|purple onion|green capsicum|aubergine|garlic cloves|olive oil|brown sugar|fresh basil|salt and pepper|frozen chopped spinach|ricotta cheese|feta cheese|fresh parmesan cheese|lasagna sheets|pasta sauce|cheddar cheese
2178,Sauteed Gnocchi,Italian,main-dish,vegetarian|pescatarian,intermediate,low,moderate,gnocchi|butter|garlic cloves|salt|pepper|romano cheese|fresh parsley
2179,Shrimp And Pasta In A Basil Cream Sauce,Italian,main-dish,pescatarian,advanced,high,moderate,olive oil|butter|shallot|garlic|shrimp|grape tomatoes|pine nuts|dry vermouth|heavy cream|basil|pasta|chives|salt and pepper
2180,Spinach Mushroom Lasagna Roll Ups With Gorgonzola Cream Sauce,Italian,main-dish,vegetarian|pescatarian,advanced,high,moderate,cremini mushrooms|yellow onion|garlic cloves|extra virgin olive oil|frozen chopped spinach|part-skim ricotta cheese|lasagna noodles|vegetable stock|gorgonzola|heavy cream|mozzarella cheese
2181,Stuffed Pasta Shells For Meat Lovers,Italian,main-dish,,advanced,high,moderate,ground beef|jumbo pasta shells|prego spaghetti sauce|frozen spinach|ricotta cheese|mozzarella cheese|parmesan cheese|garlic cloves|yellow onion|italian seasoning|garlic pepper seasoning|eggs|milk
2182,Tilapia In Crazy Water,Italian,main-dish,vegetarian|vegan|pescatarian|dairy-free,intermediate,low,moderate,lemon|capers|olive oil|garlic|chili powder|water|chopped tomato|white wine|thyme|salt|tilapia fillets
2183,Uncle Bill S Asparagus Pasta Primavera,Italian,main-dish,,advanced,medium,moderate,butter|olive oil|garlic|fresh asparagus|fresh mushrooms|cooked ham|fresh basil|fresh oregano|fresh rosemary|plum tomatoes|salt|black pepper|linguine|parmesan cheese
2184,Veronica S Pasta Bianc Pasta And Pork Chops,Italian,main-dish,dairy-free,advanced,high,moderate,boneless pork chops|onions|garlic|linguine|white wine|water|salt|pepper|olive oil
2185,Virginia S Easy Lasagne,Italian,main-dish,,advanced,medium,moderate,ground beef|spaghetti sauce|water|ricotta cheese|mozzarella cheese|parmesan cheese|eggs|parsley|salt|pepper|lasagna noodles
2186,Zippity Do Dah Baked Ziti,Italian,main-dish,,intermediate,medium,moderate,ziti pasta|spaghetti sauce|italian sausage|onion|garlic|italian seasoning|thyme|basil|oregano|sugar|cottage cheese|sour cream|provolone cheese|mozzarella cheese|parmesan cheese
2187,Asparagus With Hollandaise,Italian,main-dish,vegetarian|pescatarian,advanced,low,moderate,fresh asparagus|egg yolks|lemon juice|butter|salt|lemon wedges
2188,Baked Ziti With Hot Italian Sausage Fresh Mozzarella,Italian,main-dish,,advanced,medium,moderate,ziti pasta|hot italian sausage links|white wine|san marzano tomatoes|crushed red pepper flakes|salt|fresh mozzarella cheese|wine
2189,Baked Rigatoni Sausage Tuscan Style,Italian,main-dish,,advanced,high,moderate,ground sausage|italian-style tomato sauce|cannellini beans|rigatoni pasta|garlic|italian seasoning|mozzarella cheese|romano cheese|parsley
2190,Belinda S Version Of Carino S Chicken Scaloppini,Italian,main-dish,,advanced,high,moderate,lemon juice|white wine|heavy cream|butter|chicken tenders|olive oil|flour|cooked bacon|roma tomatoes|onion|thin spaghetti
2191,Clam Linguine,Italian,main-dish,pescatarian,intermediate,low,moderate,extra virgin olive oil|garlic|canned baby clams|cayenne pepper|dried oregano|lemon juice|fresh parsley|linguine|parmigiano-reggiano cheese
2192,Easy Pizza Dough,Italian,main-dish,vegetarian|vegan|pescatarian|dairy-free,advanced,medium,moderate,dry active yeast|water|all-purpose flour|kosher salt|olive oil
2193,Emeril S Shrimp And Pasta In A Spicy Tomato Chili Cream Sauce,Italian,main-dish,pescatarian,advanced,high,moderate,kosher salt|linguine|unsalted butter|olive oil|large shrimp|creole seasoning|salt|onion|jalapeno|garlic|heavy cream|fresh ground black pepper|diced tomato|water|monterey jack pepper cheese|parmesan cheese|basil leaves
2194,Gnocchi Bake With Pancetta And Red Onion,Italian,main-dish,,advanced,low,moderate,olive oil|pancetta|red onion|garlic cloves|chopped tomato|sun-dried tomato paste|mascarpone cheese|gnocchi|fresh basil leaves|mozzarella cheese|white breadcrumb
2195,Italian Antipasto Squares,Italian,main-dish,,advanced,medium,moderate,pillsbury refrigerated crescent dinner rolls|salami|swiss cheese|pepperoni|american cheese|capicola|provolone cheese|eggs|garlic powder|fresh ground pepper|roasted sweet peppers|sliced ripe olives|egg yolk
2196,Jim S Spaghetti House Sauce,Italian,main-dish,vegetarian|vegan|pescatarian|dairy-free,intermediate,medium,moderate,ground chuck|water|onions|tomato sauce|tomato paste|pepper|bay leaves|sugar|red wine vinegar|salt|chili powder|garlic powder|oregano
2197,Kumquat S Panzanella Bread And Tomato Salad,Italian,main-dish,vegetarian|vegan|pescatarian|dairy-free,intermediate,low,moderate,red onion|sourdough bread|tomatoes|low fat mozzarella|kalamata olives|fresh basil|red wine vinegar|balsamic vinegar|extra virgin olive oil|garlic clove|salt|pepper
2198,Lazy Ravioli Lasagna,Italian,main-dish,,intermediate,medium,moderate,spaghetti sauce|ground beef|mozzarella cheese|frozen cheese ravioli
2199,Linguine With White Clam Sauce,Italian,main-dish,pescatarian|dairy-free,intermediate,medium,moderate,linguine|olive oil|garlic|leeks|dry white wine|white pepper|oregano|clams
2200,Mushrooms Stuffed With Spinach And Cheese,Italian,main-dish,vegetarian|pescatarian,intermediate,low,moderate,mushrooms|olive oil|garlic cloves|onion|baby spinach|salt and pepper|red pepper flakes|rosemary|ricotta cheese|mozzarella cheese
2201,Old Fashioned Sausage And Peppers,Italian,main-dish,dairy-free,intermediate,high,moderate,extra virgin olive oil|garlic|red onion|red bell peppers|green bell peppers|hot italian sausages|italian sweet sausage|italian plum tomato|chianti wine|dried oregano|salt and black pepper
2202,Penne Russo A La Vodka With Basil Cream Sauce,Italian,main-dish,,intermediate,high,moderate,dry penne pasta|olive oil|garlic|prosciutto|red pepper flakes|tomatoes|tomato paste|vodka|heavy cream|parmesan cheese|fresh basil leaf|salt
2203,Pizza Skillet,Italian,main-dish,,intermediate,medium,moderate,noodles|ground beef|onion|tomato sauce|spaghetti sauce mix|water|mozzarella cheese
2204,Pork Cutlet Parmigiana,Italian,main-dish,,intermediate,medium,moderate,pork tenderloin|egg|breadcrumbs|italian seasoning|spaghetti sauce|mozzarella cheese|parmesan cheese|oil
2205,Roasted Asparagus Pasta With Garlic Butter,Italian,main-dish,vegetarian|pescatarian,intermediate,medium,moderate,green asparagus|oil|whole wheat penne|sesame seeds|garlic butter|parmesan cheese|fresh chives|salt and black pepper
2206,Sara S Veggie Stromboli From Scratch Using Your Bread Machine,Italian,main-dish,vegetarian|pescatarian,advanced,medium,moderate,water|margarine|salt|ground black pepper|sugar|flour|yeast|pizza sauce|mozzarella cheese|parmesan cheese|onion|bell pepper|zucchini|black olives|tomatoes|garlic|dried basil|oregano
2207,Scarface Chicken Mushroom Alfredo,Italian,main-dish,,advanced,high,moderate,chicken breast|mushrooms|garlic|butter|chicken broth|cream|cornstarch|water|parmesan cheese|penne pasta
2208,Spaghetti Tuna And Capers,Italian,main-dish,pescatarian,advanced,high,moderate,spaghetti|tuna in olive oil|roma tomatoes|white onion|sea salt|black peppercorns|capers|parmesan cheese
2209,Veronica S Shrimp Alfredo Sauce W Fettuccini,Italian,main-dish,pescatarian,advanced,high,moderate,butter|cream cheese|heavy cream|parmesan cheese|garlic cloves|yellow onion|parsley|oregano|basil|salt and pepper|small shrimp|popcorn shrimp|fettuccine
2210,Angel Hair Pasta With Basil Tomatoes,Italian,main-dish,vegetarian|pescatarian,intermediate,low,moderate,angel hair pasta|fresh garlic|roma tomatoes|fresh basil leaf|light butter|parmesan cheese
2211,Another Chicken Parmesan The One I Like,Italian,main-dish,,advanced,medium,moderate,italian seasoned breadcrumbs|parmesan cheese|egg|boneless skinless chicken breast halves|olive oil|mozzarella cheese|onion|garlic|fresh tomatoes|tomato paste|bay leaf|sugar|dry oregano
2212,Baked Pasta With Sausage And Tomato Pesto,Italian,main-dish,,advanced,high,moderate,hot italian sausage|onion|garlic cloves|marinara sauce|pesto sauce|salt & freshly ground black pepper|penne|smoked gouda cheese|parmesan cheese|baby spinach leaves
2213,Braciola Braciole Italian Stuffed Beef Rolls,Italian,main-dish,vegetarian|pescatarian,beginner,medium,moderate,top round steak|mozzarella cheese|parmesan cheese|garlic powder|salt and pepper|olive oil|pasta sauce
2214,Cannelloni Fiorentina,Italian,main-dish,vegetarian|pescatarian,beginner,medium,moderate,ricotta cheese|frozen chopped spinach|egg|parmesan cheese|dried basil|salt|pepper|cannelloni tubes|pasta sauce
2215,Chicken Piccata With Mushrooms,Italian,main-dish,,advanced,medium,moderate,boneless skinless chicken breasts|flour|salt|pepper|butter|olive oil|mushroom|chicken broth|lemon juice|capers|parmesan cheese|parsley|linguine
2216,Chicken Piccata A Delicious Italian Chicken Dish,Italian,main-dish,,advanced,high,moderate,"boneless skinless chicken breasts|egg|flour|parmesan cheese|paprika|kosher salt|ground black pepper|unsalted butter|extra virgin olive oil|white onion|shallot|garlic cloves|sweet vermouth|bouillon|lemon, juice of|lemon peel|capers|fresh mushrooms|flat-leaf italian parsley|lemon"
2217,Chickpea Pesto Red Onion Salad,Italian,main-dish,vegetarian|vegan|pescatarian|dairy-free,beginner,low,moderate,chickpeas|pesto sauce|olive oil|lemon juice|red onion
2218,Creamy Chicken Or Turkey Tetrazzini,Italian,main-dish,,intermediate,medium,moderate,onion|celery|butter|chicken broth|cream cheese|parmesan cheese|mushrooms|spaghetti|cooked chicken
2219,Dante S Rice,Italian,main-dish,dairy-free,intermediate,medium,moderate,peas|bacon|scallions|extra virgin olive oil|oil|salt|sugar|cooked rice|cooked shrimp
2220,Dom S Sausages With Peppers And Onions,Italian,main-dish,vegetarian|vegan|pescatarian|dairy-free,beginner,high,moderate,italian sausages|olive oil|garlic cloves|onions|sweet red peppers|green bell peppers|oregano
2221,Easy Cheese Lasagna Ww,Italian,main-dish,vegetarian|pescatarian,intermediate,low,moderate,spaghetti sauce|lasagna noodles|fat-free ricotta cheese|vegetables|lowfat mozzarella cheese
2222,Halibut With Balsamic Glaze,Italian,main-dish,pescatarian|dairy-free,advanced,medium,moderate,balsamic vinegar|honey|olive oil|garlic cloves|fish fillets|nonstick cooking spray
2223,Italian Breaded Pork Chops,Italian,main-dish,,intermediate,high,moderate,eggs|milk|italian seasoned breadcrumbs|parmesan cheese|dried parsley|olive oil|garlic cloves|pork chops
2224,Lasagna Style Bow Tie Pasta,Italian,main-dish,,advanced,high,moderate,bow tie pasta|oil|onion|lean ground beef|spaghetti sauce|ricotta cheese|egg|parmesan cheese|mozzarella cheese
2225,Magic Fresh Tomato Spaghetti Pasta Or Pizza Sauce,Italian,main-dish,dairy-free,advanced,low,moderate,olive oil|onion|fresh garlic cloves|condensed beef broth|red wine|fresh tomatoes|tomato paste|herbs|salt and pepper|meat|vegetables
2226,Mama S Manicotti,Italian,main-dish,vegetarian|pescatarian,intermediate,medium,moderate,spaghetti sauce|ricotta cheese|mozzarella cheese|manicotti|pesto sauce|garlic|parmesan cheese
2227,Meatball Sub Sandwich Casserole,Italian,main-dish,,advanced,high,moderate,onion|breadcrumbs|parmesan cheese|ground beef|italian bread|cream cheese|mayonnaise|mixed italian herbs|salt & pepper|mozzarella cheese|spaghetti sauce|water|garlic cloves
2228,Mussels Fra Diavola,Italian,main-dish,pescatarian|dairy-free,intermediate,high,moderate,garlic cloves|hot red pepper flakes|olive oil|whole tomatoes|tomato paste|dried oregano|dried basil|capers|kalamata olive|red wine|mussels|linguine
2229,Penne With Shrimp And Spicy Tomato Sauce,Italian,main-dish,pescatarian|dairy-free,advanced,medium,moderate,olive oil|lemon juice|paprika|ground cumin|ground ginger|dried oregano|salt|fresh ground black pepper|crushed tomatoes in puree|cilantro|penne rigate|medium shrimp
2230,Quick And Creamy Boscaiola Pasta Bacon And Mushroom,Italian,main-dish,,intermediate,high,moderate,pasta|olive oil|bacon|button mushrooms|cream|scallions|parsley
2231,Quick Fix Italian Chicken Dumplings,Italian,main-dish,,advanced,high,moderate,chicken broth|cooked chicken|cream of celery soup|heavy cream|red onion|bell pepper|red pepper|cherry tomatoes|cooking spray|italian seasoning|poultry seasoning|buttermilk biscuits|cracked pepper
2232,Rib Eye Steaks With Dijon Gremolata,Italian,main-dish,vegetarian|pescatarian,advanced,low,moderate,rib eye steaks|seasoning salt|fresh ground pepper|butter|dry white wine|dijon-style mustard|fresh italian parsley|lemon peel|fresh garlic
2233,Rigatoni Ala Vodka,Italian,main-dish,,intermediate,high,moderate,rigatoni pasta|canned tomato sauce|olive oil|fresh garlic cloves|red pepper flakes|salt|black pepper|dried basil|heavy cream|vodka|romano cheese|bacon bits|italian parsley
2234,Scoozi S Pollo Al Limone,Italian,main-dish,,intermediate,medium,moderate,"boneless skinless chicken breasts|salt|pepper|flour|olive oil|garlic|shallots|white wine|chicken broth|lemon, juice of|lemon, zest of|butter|parsley|salt and pepper"
2235,Spaghetti Bake,Italian,main-dish,,advanced,medium,moderate,mild italian sausage|onions|garlic cloves|dried basil|sliced mushrooms|chopped tomatoes|tomato paste|pepper|fresh spinach|spaghetti|butter|all-purpose flour|milk|mozzarella cheese|salt|fresh ground black pepper|parmesan cheese
2236,Spicy Chicken Rigatoni,Italian,main-dish,dairy-free,intermediate,low,moderate,crushed red pepper flakes|salt|ground black pepper|garlic|chicken|marinara sauce|alfredo sauce|peas|rigatoni pasta
2237,Spinach Lasagna Rolls,Italian,main-dish,vegetarian|pescatarian,advanced,medium,moderate,lasagna noodles|frozen chopped spinach|parmesan cheese|part-skim ricotta cheese|ground nutmeg|salt|pepper|spaghetti sauce|mozzarella cheese
2238,The Best Braciole,Italian,main-dish,vegetarian|pescatarian,advanced,high,moderate,parmesan cheese|provolone cheese|italian seasoned breadcrumbs|parsley|garlic clove|olive oil|salt|pepper|flank steaks|dry white wine|marinara sauce
2239,The Ospidillo Cafe Chicken Cacciatore,Italian,main-dish,dairy-free,intermediate,low,moderate,chicken pieces|kosher salt|ground red pepper|olive oil|white onion|bell pepper|fresh garlic cloves|dry red wine|italian-style tomatoes|fresh parsley|fresh mushrooms|dried oregano|dried sweet basil leaves
2240,Tilapia Piccata,Italian,main-dish,vegetarian|pescatarian,intermediate,medium,moderate,orzo pasta|grape tomatoes|salt|fresh parsley|black pepper|all-purpose flour|tilapia fillets|butter|white wine|fresh lemon juice|capers
2241,Tilapia W Citrus Bagna Cauda,Italian,main-dish,pescatarian,advanced,low,moderate,unsalted butter|extra virgin olive oil|anchovy fillets|garlic|orange juice|fresh basil leaves|lemon zest|orange zest|tilapia fillets|salt & freshly ground black pepper
2242,Zucchini Stuffing,Italian,main-dish,vegetarian|pescatarian,intermediate,low,moderate,zucchini|onion|breadcrumbs|parmesan cheese|garlic|oregano|pepper|oil
2243,Anthony S Favorite Stuffed Shells,Italian,main-dish,vegetarian|pescatarian,intermediate,medium,moderate,jumbo pasta shells|ricotta cheese|mozzarella cheese|parsley|salt|black pepper|eggs|spaghetti sauce|parmesan cheese
2244,Baked Pasta E Fagioli,Italian,main-dish,vegetarian|pescatarian,advanced,medium,moderate,penne|tomatoes in puree|olive oil|onion|celery|garlic cloves|navy beans|vegetable broth|black pepper|frozen spinach|romano cheese
2245,Baked Rigatoni With Ham And Feta,Italian,main-dish,,intermediate,high,moderate,rigatoni pasta|cooked ham|plum tomatoes|garlic|feta cheese|mozzarella cheese|dried thyme|half-and-half|parmesan cheese
2246,Beef Bolognese Delish,Italian,main-dish,dairy-free,advanced,medium,moderate,yellow onions|garlic cloves|celery|carrot|olive oil|salt & fresh ground pepper|ground beef|beef broth|dry red wine|dry white wine|tomato sauce|ketchup|bay leaves|fresh thyme|dried oregano
2247,Bellissimo Panini,Italian,main-dish,,beginner,low,moderate,red bell pepper|red onion|extra virgin olive oil|ciabatta rolls|garlic-infused olive oil|salt and pepper|prosciutto|provolone cheese|arugula
2248,Butternut Squash Ravioli,Italian,main-dish,vegetarian|pescatarian,advanced,medium,moderate,butternut squash|ground nutmeg|ginger|gruyere cheese|salt and pepper|fresh cilantro|unbleached flour|salt|eggs|water
2249,Caramelized Onion Pizzas,Italian,main-dish,vegetarian|pescatarian,intermediate,medium,moderate,individual size prepared prebaked pizza crusts|pesto sauce|onion|brown sugar|butter|mozzarella cheese|olive oil
2250,Chicago Style Stuffed Spinach Pizza,Italian,main-dish,vegetarian|pescatarian,advanced,high,moderate,active dry yeast|sugar|warm water|vegetable oil|flour|olive oil|garlic|crushed tomatoes in puree|dried oregano|dried basil|salt|fresh ground black pepper|frozen chopped spinach|mozzarella cheese|fresh mushrooms|parmesan cheese|romano cheese
2251,Chicken Noodle Tetrazzini A Little Healthier,Italian,main-dish,,advanced,medium,moderate,whole wheat noodles|light margarine|all-purpose flour|skim milk|fat-free chicken broth|black pepper|ground thyme|frozen peas|nonfat plain yogurt|parmesan cheese|fresh mushrooms|cooked chicken breasts|salt|seasoned bread crumbs
2252,Chicken Tetrazzini Ww Core,Italian,main-dish,,intermediate,medium,moderate,whole wheat spaghetti|cooked chicken|fat-free cream of mushroom soup|garlic|fat-free parmesan cheese|mushrooms|nonfat sour cream|nonstick cooking spray
2253,Creamy Tomato Pasta Sauce,Italian,main-dish,vegetarian|pescatarian,beginner,low,moderate,olive oil|onion|plum tomatoes|black pepper|ground oregano|ground basil|ground thyme|cream cheese
2254,Delicious Chicken Parmesan,Italian,main-dish,,advanced,medium,moderate,boneless skinless chicken breasts|olive oil|eggs|italian style breadcrumbs|parmesan cheese|meatless sauce|mozzarella cheese|spaghetti
2255,Easy 5 Ingredient Vegetable Lasagna,Italian,main-dish,vegetarian|pescatarian,intermediate,medium,moderate,pasta sauce|no-boil lasagna noodles|part-skim ricotta cheese|vegetables|part-skim mozzarella cheese
2256,Easy Eggplant Aubergine Parmigiana,Italian,main-dish,vegetarian|pescatarian,advanced,low,moderate,eggplants|salt|olive oil|marinara sauce|mozzarella cheese|parmesan cheese
2257,Egg Cakes,Italian,main-dish,vegetarian|pescatarian,beginner,medium,moderate,eggs|plain breadcrumbs|parmesan cheese|fresh parsley|garlic|salt and pepper|olive oil
2258,Four Cheese White Broccoli Pizza Easy,Italian,main-dish,vegetarian|pescatarian,intermediate,low,moderate,extra virgin olive oil|pizza dough|parmesan cheese|provolone cheese|broccoli florets|ricotta cheese|mozzarella cheese|garlic powder|salt|oregano
2259,Frittata Di Spaghetti Spaghetti Omelet,Italian,main-dish,vegetarian|pescatarian,intermediate,high,moderate,spaghetti|eggs|parmesan cheese|butter|salt & freshly ground black pepper
2260,Garlic Shrimp Spaghetti,Italian,main-dish,pescatarian|dairy-free,advanced,high,moderate,extra virgin olive oil|garlic cloves|salt|hot pepper flakes|large shrimp|spaghetti|flat leaf parsley
2261,Hamburger Minestrone Soup South Beach Diet,Italian,main-dish,,intermediate,low,moderate,extra lean ground beef|onion|reduced-sodium fat-free beef broth|water|diced tomatoes with juice|cabbage|celery|kidney beans|italian seasoning|garlic clove|salt & pepper|parmesan cheese
2262,Italian Stuffed Bell Peppers,Italian,main-dish,dairy-free,intermediate,medium,moderate,ground beef|cooked white rice|egg|salt and pepper|garlic powder|green bell peppers|pasta sauce
2263,Kitchenexpeditions Special Teammmm Pizza,Italian,main-dish,,advanced,medium,moderate,warm water|dry yeast|honey|olive oil|sea salt|flour|cornmeal|part-skim ricotta cheese|mozzarella cheese|alfredo sauce|garlic cloves|salt|white pepper|frozen chopped spinach|grilled chicken|artichoke hearts|sun-dried tomatoes|parmesan cheese
2264,Kittencal S Easy Gnocchi,Italian,main-dish,vegetarian|pescatarian|dairy-free,intermediate,low,moderate,instant potato flakes|garlic powder|salt|hot water|eggs|all-purpose flour|oil
2265,Layered Hamburger Bake,Italian,main-dish,vegetarian|pescatarian,intermediate,medium,moderate,noodles|hamburger|onion|tomato sauce|salt|garlic powder|pepper|cream cheese|sour cream|milk|frozen chopped spinach|cheddar cheese
2266,Linda S Fettuccine Crabmeat And Veggies In Creamy Cheese Sauce,Italian,main-dish,vegetarian|pescatarian,advanced,high,moderate,fresh crabmeat|all-purpose flour|vegetable oil|butter|garlic cloves|whipping cream|pecorino romano cheese|fettuccine pasta|fresh tomatoes|fresh asparagus|carrots|salt & fresh ground pepper
2267,Linguine With Marinara Sauce And Meatballs,Italian,main-dish,,intermediate,medium,moderate,lean ground beef|onion|green pepper|garlic cloves|salt|pepper|dried basil|dried oregano|dried parsley|tomato paste|tomato sauce|water|carrot|salt and pepper|red wine|fresh basil|fresh oregano|parmesan cheese
2268,Mama Leone S Italian Tomato Sauce Good For Many Uses,Italian,main-dish,vegetarian|vegan|pescatarian|dairy-free,advanced,low,moderate,tomato sauce|tomato paste|water|salt|white sugar|cinnamon|dried hot red chiles|bay leaves|lean hamburger|onions
2269,Margherita Pizza Topping,Italian,main-dish,vegetarian|pescatarian,intermediate,low,moderate,pizza dough|olive oil|garlic cloves|onion|tomatoes|fresh basil|red pepper flakes|fresh mozzarella cheese|parmesan cheese
2270,Parmesan Crusted Tilapia Olive Garden Copycat,Italian,main-dish,vegetarian|pescatarian,advanced,high,moderate,tilapia fillets|alfredo sauce|angel hair pasta|lemon|italian seasoned breadcrumbs|parmesan cheese|vegetable oil|zucchini|yellow squash|red bell peppers|red onions|italian seasoning|kosher salt|garlic|extra virgin olive oil
2271,Pasta Dough 3 Whole Wheat Pasta,Italian,main-dish,vegetarian|pescatarian|dairy-free,beginner,low,moderate,whole wheat flour|eggs|water|salt|white flour
2272,Pasta In Sausage Cremini And Tomato Cream Sauce,Italian,main-dish,,advanced,high,moderate,pasta|hot italian sausage|onion|garlic cloves|cremini mushrooms|tomatoes|heavy cream|butter|rosemary|thyme|parmesan cheese
2273,Pasta Pesto Rosso,Italian,main-dish,vegetarian|vegan|pescatarian|dairy-free,intermediate,medium,moderate,sun-dried tomatoes|bell pepper|zucchini|pasta shells|frozen broccoli florets|garlic cloves|olive oil|tomato paste|water|cherry tomatoes|fresh rosemary|salt and pepper
2274,Pasta With Asparagus And Balsamic Reduction,Italian,main-dish,vegetarian|pescatarian,intermediate,medium,moderate,asparagus spears|red onion|balsamic vinegar|parmesan cheese|olive oil|rotini pasta
2275,Pasta With Roasted Garlic Cherry Tomatoes And Basil,Italian,main-dish,vegetarian|pescatarian,intermediate,high,moderate,cherry tomatoes|garlic cloves|breadcrumbs|parmesan cheese|olive oil|penne|fresh basil|balsamic vinegar
2276,Pasta With Tomatoes Peas And Cream,Italian,main-dish,vegetarian|pescatarian,intermediate,medium,moderate,pasta|onion|olive oil|diced tomatoes|frozen peas|fresh basil leaf|heavy cream|salt|crushed red pepper flakes
2277,Penne Pasta With Tomatoes And Cheese,Italian,main-dish,,intermediate,medium,moderate,olive oil|onion|garlic|plum tomatoes|dried basil|ground red pepper|chicken broth|penne pasta|havarti cheese|parmesan cheese
2278,Quick And Easy Spaghetti With Meat Sauce,Italian,main-dish,dairy-free,intermediate,high,moderate,tomato sauce|chopped tomatoes|onion|garlic|red pepper|green pepper|ground beef|parsley|dried basil|oregano|thyme|beef double bouillon cubes|salt and pepper|sugar|olive oil|red wine|spaghetti noodles
2279,Romano S Macaroni Grill Nachos Napoli,Italian,main-dish,,advanced,high,moderate,wonton wrappers|canola oil|italian sausage|mozzarella cheese|fresh tomato|kalamata olives|scallion|banana peppers|cornstarch|water|heavy whipping cream|chicken bouillon granule|asiago cheese
2280,Seafood Dinner,Italian,main-dish,,intermediate,medium,moderate,scallops|shrimp|cod|salsa|dry white wine|chicken broth|lemon|butter|olive oil|kosher salt|ground black pepper
2281,Smaller Lasagna For Two,Italian,main-dish,,intermediate,high,moderate,lasagna noodles|lean ground beef|onion|garlic cloves|dried oregano|dried basil|salt|black pepper|olive oil|marinara sauce|ricotta cheese|egg|parmesan cheese|mozzarella cheese
2282,Spaghetti Sauce Italiano,Italian,main-dish,vegetarian|vegan|pescatarian|dairy-free,intermediate,low,moderate,olive oil|red pepper flakes|onion|green pepper|garlic|chopped tomatoes|tomato paste|mushrooms|sugar|red wine|dried basil|dried oregano|salt and black pepper
2283,Spaghetti With Clam Sauce,Italian,main-dish,pescatarian|dairy-free,advanced,high,moderate,"spaghetti|extra virgin olive oil|garlic cloves|mixed mushrooms|minced clams|red pepper flakes|italian seasoning|fresh oregano|white wine|lemon, juice of|fresh ground black pepper|fresh italian parsley"
2284,Spaghettini With Checca Sauce,Italian,main-dish,vegetarian|pescatarian,intermediate,medium,moderate,spaghettini|scallions|garlic cloves|cherry tomatoes|parmesan cheese|fresh basil leaves|salt & freshly ground black pepper|olive oil|fresh mozzarella cheese
2285,Japanese Mum S Chicken,Japanese,main-dish,dairy-free,beginner,medium,moderate,chicken drumsticks|water|balsamic vinegar|soy sauce|sugar|garlic clove|hot chili pepper
2286,Minado S Perfect Sushi Rice,Japanese,main-dish,vegetarian|vegan|pescatarian|dairy-free,advanced,medium,moderate,sushi rice|water|rice vinegar|sugar|salt|mirin|kelp
2287,Teriyaki Chicken Drumsticks Teriyaki,Japanese,main-dish,dairy-free,intermediate,medium,moderate,chicken drumsticks|soy sauce|brown sugar|water|olive oil|ginger
2288,Crisp Panko Chicken Cutlets W Tonkatsu Sauce,Japanese,main-dish,dairy-free,advanced,medium,moderate,boneless skinless chicken breast halves|kosher salt|black pepper|flour|eggs|water|panko breadcrumbs|cabbage|worcestershire sauce|granulated sugar|soy sauce|tomato ketchup|dijon mustard|ground allspice
2289,Yakitori,Japanese,main-dish,dairy-free,beginner,low,moderate,mirin|soy sauce|sugar|garlic clove|boneless chicken thighs|green onion|bamboo skewers
2290,Wasabi Grilled Tuna,Japanese,main-dish,pescatarian|dairy-free,intermediate,low,moderate,wasabi powder|water|rice vinegar|mayonnaise|garlic clove|soy sauce|vegetable oil|tuna steaks
2291,Javanese Roasted Salmon And Wilted Spinach,Japanese,main-dish,pescatarian,advanced,medium,moderate,unsalted butter|dry crushed red pepper|garlic clove|golden brown sugar|fresh lime juice|soy sauce|cornstarch|water|salmon fillets|baby spinach
2292,Japanese Curry Wafuu,Japanese,main-dish,,intermediate,medium,moderate,chicken stock|canola oil|boneless skinless chicken|salt and pepper|butter|fresh ginger|onion|garlic clove|flour|curry powder|crushed tomatoes|bay leaf|carrot|potato|fuji apple|honey|soy sauce
2293,Grilled Japanese Swordfish,Japanese,main-dish,vegetarian|vegan|pescatarian|dairy-free,beginner,medium,moderate,swordfish steaks|tamari|water|sherry wine|ginger|scallion|garlic|sesame oil|cider vinegar|sugar
2294,Ground Beef Sukiyaki,Japanese,main-dish,dairy-free,intermediate,medium,moderate,lean ground beef|sugar|soy sauce|a.1. original sauce|salt|sliced mushrooms|onions|green pepper|scallions|celery|water chestnuts|bamboo shoots|cornstarch|rice
2295,Sushi Rice,Japanese,main-dish,vegetarian|vegan|pescatarian|dairy-free,advanced,high,moderate,rice wine vinegar|superfine sugar|sea salt|rice|water|vinegar
2296,Japanese Hambagu Hamburg Steak,Japanese,main-dish,,advanced,medium,moderate,ground beef|onion|egg|milk|panko breadcrumbs|pepper|vegetable oil|ketchup|worcestershire sauce
2297,Chicken And Egg On Rice Oyako Donburi,Japanese,main-dish,dairy-free,intermediate,medium,moderate,boneless skinless chicken breasts|eggs|shiitake mushrooms|onion|water|soy sauce|mirin|sugar|cooked rice|cilantro
2298,Glo S Sausage Fried Rice,Japanese,main-dish,dairy-free,advanced,medium,moderate,pork sausage|eggs|vegetable oil|cabbage|carrots|cooked white rice|soy sauce|bean sprouts|frozen green pea|ground black pepper|green onions
2299,Katsudon,Japanese,main-dish,dairy-free,intermediate,high,moderate,pork cutlets|basmati rice|onions|chicken broth|mirin|soy sauce|sugar|ginger|eggs|flour|kosher salt|pepper|panko breadcrumbs|oil|scallion
2300,Yakitori Japanese Grilled Chicken Skewers,Japanese,main-dish,dairy-free,beginner,medium,moderate,chicken breast|green onions|soy sauce|chicken stock|sake|sugar|mirin
2301,Ground Beef Teriyaki,Japanese,main-dish,dairy-free,intermediate,medium,moderate,vegetable oil|green onions|celery|carrot|green bell peppers|ground beef|mushroom beef gravy|soy sauce|ground ginger|red chile|cooked rice
2302,How To Make And Roll Sushi,Japanese,main-dish,pescatarian|dairy-free,advanced,high,moderate,nori|rice|vegetables|fish|mayonnaise|smelt|toasted sesame seeds|soy sauce|wasabi|pickled ginger|eel
2303,Tonkatsu Japanese Pork Cutlet,Japanese,main-dish,dairy-free,beginner,medium,moderate,boneless pork chops|flour|egg|panko breadcrumbs|vegetable oil
2304,Broccoli And Soba Noodles,Japanese,main-dish,vegetarian|vegan|pescatarian|dairy-free,intermediate,medium,moderate,low sodium soy sauce|sugar|dark sesame oil|cornstarch|rice wine vinegar|soba noodles|vegetable oil|garlic|broccoli|water|carrot
2305,Hibachi Chicken And Fried Rice,Japanese,main-dish,,advanced,high,moderate,chicken|chicken breast|vegetable oil|sesame seed oil|butter|soy sauce|fresh lemon juice|salt|pepper|vegetables|white onion|zucchini|fried rice|cooked rice|bean sprouts|eggs
2306,Karaage Japanese Fried Chicken,Japanese,main-dish,dairy-free,beginner,low,moderate,boneless skinless chicken thighs|soy sauce|sake|ginger juice|cornstarch|vegetable oil
2307,Stuffed Avocado California Style Pseudo Sushi,Japanese,main-dish,vegetarian|vegan|pescatarian|dairy-free,beginner,low,moderate,hass avocadoes|cooked white rice|cucumber|crabmeat|pickled ginger|mayonnaise|wasabi paste|light soy sauce|sesame seeds
2308,Japanese Crispy Chicken,Japanese,main-dish,dairy-free,advanced,high,moderate,sake|balsamic vinegar|sugar|soy sauce|garlic|vegetable oil|chicken thighs|salt and pepper|cornstarch|oil
2309,Japanese Ginger Pork Shogayaki,Japanese,main-dish,dairy-free,beginner,medium,moderate,pork|soy sauce|fresh ginger|mirin|canola oil
2310,Mouth Watering Teriyaki Burgers,Japanese,main-dish,dairy-free,beginner,medium,moderate,soy sauce|red wine vinegar|sugar|vegetable oil|minced garlic clove|ground ginger|lean ground beef
2311,Sukiyaki Big Bowls,Japanese,main-dish,,advanced,medium,moderate,butter|beef sirloin steaks|water|low sodium soy sauce|sliced mushrooms|bamboo shoots|sliced water chestnuts|fresh bean sprouts|green onion|sugar|garlic|cornstarch|cooked white rice
2312,Tori No Kara Age Deep Fried Chicken Nuggets,Japanese,main-dish,dairy-free,beginner,low,moderate,boneless skinless chicken breasts|soy sauce|gingerroot|garlic cloves|salt & freshly ground black pepper|cornflour|plain flour|vegetable oil|lemons
2313,Japanese Beef And Rice Bowl Gyudon,Japanese,main-dish,dairy-free,advanced,medium,moderate,boneless beef sirloin|green onions|short-grain rice|water|salt|mirin|soy sauce
2314,Bbq Chicken Yakitori Kebabs,Japanese,main-dish,dairy-free,intermediate,low,moderate,skinless chicken breasts|green capsicum|spring onions|shoyu|sake|sesame oil|garlic clove|fresh ginger|clear honey
2315,Citrus Teriyaki Salmon,Japanese,main-dish,pescatarian|dairy-free,beginner,low,moderate,orange juice|ginger|green onion|teriyaki sauce|lime juice|garlic|salmon steaks
2316,Kara Age Japanese Style Fried Chicken,Japanese,main-dish,dairy-free,intermediate,medium,moderate,boneless chicken thighs|oil|cornflour|fresh gingerroot|sake|soy sauce|salad leaves
2317,Grilled Teriyaki Sirloin,Japanese,main-dish,vegetarian|vegan|pescatarian|dairy-free,beginner,medium,moderate,soy sauce|vegetable oil|brown sugar|ginger|dry mustard|garlic powder|boneless sirloin steaks
2318,Katsu Don Pork Cutlet Donburi,Japanese,main-dish,dairy-free,advanced,high,moderate,rice|vegetable oil|boneless pork chops|salt & pepper|flour|egg|breadcrumbs|broth|soy sauce|sugar|mirin|eggs|green peas
2319,Pork Shirataki,Japanese,main-dish,dairy-free,intermediate,medium,moderate,pork chops|fresh ginger|garlic cloves|soy sauce|hoisin sauce|dark sesame oil|honey|red pepper flakes|salt and pepper|cornstarch|yellow bell pepper|onion|shirataki noodles
2320,35 Minute Teriyaki Meatballs,Japanese,main-dish,dairy-free,intermediate,medium,moderate,shallots|garlic|ginger|soy sauce|sugar|lean beef|rice|oil|carrots|snow peas|water|cornflour
2321,Japanese Curry Rice,Japanese,main-dish,,advanced,high,moderate,cooked japanese-style rice|potatoes|carrots|onion|pork|cooking oil|water|curry powder|onions|flour|chicken bouillon|beef bouillon|fresh ginger|garlic|garam masala|butter|salt
2322,Katsudon Japanese Dish,Japanese,main-dish,dairy-free,advanced,high,moderate,eggs|pork chop|kumquats|soy sauce|pepper|onion|flour|panko breadcrumbs|cooking oil|dashi stock|leek|rice wine|sugar|green onions|steamed rice
2323,Seared Tuna With Japanese Salsa,Japanese,main-dish,pescatarian|dairy-free,intermediate,medium,moderate,soy sauce|rice vinegar|sesame oil|sugar|tomatoes|fresh cilantro stems|red onion|tuna fillets|kosher salt|fresh ground pepper|vegetable oil|avocados
2324,Tofu With Garlic Mirin Sauce,Japanese,main-dish,vegetarian|vegan|pescatarian|dairy-free,intermediate,medium,moderate,extra firm tofu|cooking oil|mirin|soy sauce|water|sesame oil|sugar|cornstarch|garlic clove
2325,Tsukimi Udon Full Moon Udon,Japanese,main-dish,dairy-free,intermediate,medium,moderate,noodles|boiling water|cold water|leeks|soy sauce|mirin|sugar|salt|chicken broth|eggs|pepper
2326,Ginger Squid Japanese Style Ika Shoga Yaki,Japanese,main-dish,pescatarian|dairy-free,intermediate,medium,moderate,squid|ginger|soy sauce|mirin|vegetable oil
2327,Honey Ginger Teriyaki Salmon,Japanese,main-dish,pescatarian,intermediate,low,moderate,soy sauce|mirin|cider vinegar|honey|fresh gingerroot|salmon steaks|butter|salt and pepper
2328,Onigiri Rice Balls,Japanese,main-dish,pescatarian|dairy-free,intermediate,medium,moderate,japanese-style rice|sesame seeds|nori|salmon|salt
2329,Beef Teriyaki With Cucumber Salsa,Japanese,main-dish,vegetarian|vegan|pescatarian|dairy-free,advanced,low,moderate,"steak fillets|soy sauce|sherry wine|garlic|fresh ginger|sugar|lebanese cucumber|red capsicum|spring onions|rice wine vinegar|lemon, juice of|roasted sesame seeds"
2330,Benihana Hibachi Meat,Japanese,main-dish,dairy-free,beginner,low,moderate,boneless beef top loin steaks|apple|soy sauce|garlic|sesame oil|sesame seeds
2331,Canned Tuna Donburi,Japanese,main-dish,pescatarian|dairy-free,beginner,medium,moderate,light chunk tuna in water|eggs|sugar|shoyu|vegetable oil|onions|kamaboko|nori goma furikake|salt and pepper|cooked white rice
2332,Japanese Crispy Fried Chicken Kara Age,Japanese,main-dish,dairy-free,intermediate,medium,moderate,boneless chicken thighs|ginger|clove|soy sauce|sake|ground black pepper|potato starch|vegetable oil
2333,Japanese Eggplant Aubergine Saute,Japanese,main-dish,vegetarian|vegan|pescatarian|dairy-free,intermediate,low,moderate,japanese eggplants|garlic clove|fresh ginger|soy sauce|mirin
2334,Japanese Fried Chicken Karaage With Onion Ginger Relish,Japanese,main-dish,dairy-free,advanced,medium,moderate,chicken legs|salt|egg|black pepper|sesame oil|flour|cornstarch|oil|rice vinegar|black vinegar|sugar|soy sauce|water|green onions|minced ginger|parsley
2335,Seared Tuna In Wasabi Sauce,Japanese,main-dish,pescatarian,advanced,medium,moderate,white wine|limes|onion|fresh ginger|garlic clove|wasabi paste|soy sauce|unsalted butter|fresh cilantro leaves|tuna steaks|olive oil|salt and pepper
2336,Simple Quick Japanese Curry,Japanese,main-dish,dairy-free,advanced,medium,moderate,cooked short-grain rice|chicken tenderloins|baking potatoes|carrots|vidalia onion|garlic cloves|vegetable oil|curry sauce|water
2337,Teriyaki Baby Chicken,Japanese,main-dish,dairy-free,beginner,medium,moderate,garlic|ginger|soy sauce|mirin|oil|sugar|chicken
2338,Teriyaki Chicken With Ginger Chive Rice,Japanese,main-dish,dairy-free,advanced,high,moderate,chicken breasts|soy sauce|sake|mirin|soft brown sugar|fresh ginger|long-grain rice|fresh chives|oil
2339,Wasabi Seared Tuna Salad,Japanese,main-dish,pescatarian|dairy-free,intermediate,medium,moderate,tuna steaks|wasabi powder|vegetable oil|soy sauce|avocado|daikon radish|salad greens|rice wine vinegar|pickled ginger
2340,Bang Bang Shrimp,Japanese,main-dish,pescatarian|dairy-free,intermediate,medium,moderate,mayonnaise|thai sweet chili sauce|hot chili sauce|shrimp|cornstarch|oil|lettuce|scallion
2341,Herby Tuna Burgers With Wasabi Low Fat And Healthy,Japanese,main-dish,pescatarian|dairy-free,advanced,low,moderate,onion|garlic|fresh parsley|fresh cilantro|low sodium soy sauce|tuna steak|wasabi paste
2342,Iron Chef Winner S Japanese Pan Fried Chicken,Japanese,main-dish,dairy-free,advanced,low,moderate,boneless chicken thighs|fresh shiitake mushrooms|shishito green peppers|mirin|soy sauce|sansho pepper|togarashi pepper
2343,Iron Chef Winner S Japanese Style Hamburgers,Japanese,main-dish,,advanced,medium,moderate,ground beef|salt|ground black pepper|onion|vegetable oil|egg|milk|breadcrumbs|water|ketchup|sake|worcestershire sauce|soy sauce|butter
2344,Japanese Cutlets And Curry,Japanese,main-dish,,advanced,high,moderate,chicken breasts|egg|flour|panko breadcrumbs|oil|salt and pepper|roux|garlic cloves|mozzarella cheese|rice
2345,Japanese Grilled Tuna,Japanese,main-dish,pescatarian|dairy-free,intermediate,medium,moderate,sesame oil|vegetable oil|gingerroot|cracked black pepper|tuna steaks|kosher salt|granulated sugar|water|rice vinegar|light soy sauce|ginger|wasabi powder
2346,Japanese Pork Katsu,Japanese,main-dish,dairy-free,advanced,low,moderate,low sodium soy sauce|mirin|worcestershire sauce|ketchup|hot mustard|pork cutlets|egg|flour|panko breadcrumbs|kosher salt & freshly ground black pepper|corn|steamed rice
2347,Japanese Stir Fry,Japanese,main-dish,dairy-free,advanced,low,moderate,boneless skinless chicken breasts|green bell pepper|white onion|carrots|red bell pepper|broccoli|sesame oil|shoyu|rice vinegar|mirin|sugar|ginger|garlic cloves
2348,Japanese Style Fish,Japanese,main-dish,pescatarian|dairy-free,intermediate,low,moderate,white fish fillets|oil|cornstarch|onion|carrot|dashi|sugar|sake|soy sauce|water|green onions
2349,Nikujyaga Beef And Vegetable Stew,Japanese,main-dish,dairy-free,beginner,high,moderate,beef|potatoes|onion|shiitake mushrooms|soy sauce|mirin|sugar|beef stock
2350,Panko Fried Shrimp,Japanese,main-dish,pescatarian|dairy-free,advanced,high,moderate,shrimp|eggs|water|panko breadcrumbs|flour|salt and pepper|seasoning salt|oil
2351,Roasted Salmon With Wasabi Cream,Japanese,main-dish,pescatarian,intermediate,medium,moderate,olive oil|salmon fillets|sea salt|wasabi powder|sour cream
2352,Sauteed Pork With Ginger Garlic,Japanese,main-dish,dairy-free,intermediate,medium,moderate,pork shoulder|soy sauce|sake|fresh ginger|garlic cloves|vegetable oil
2353,Smoked Salmon Sushi,Japanese,main-dish,pescatarian,intermediate,medium,moderate,cooked sushi rice|nori|smoked salmon|cream cheese|red onion
2354,Timely Teriyaki Chicken,Japanese,main-dish,dairy-free,intermediate,high,moderate,chicken thighs|sesame oil|scallions|soy sauce|brown sugar|gingerroot
2355,Wasabi Crusted Chicken,Japanese,main-dish,dairy-free,intermediate,medium,moderate,panko breadcrumbs|wasabi powder|salt|pepper|eggs|boneless skinless chicken breast halves|peanut oil|teriyaki sauce|sake|low sodium chicken broth|green onions
2356,Yoshinoya Beef Bowl,Japanese,main-dish,dairy-free,intermediate,high,moderate,steamed rice|beef|onion|soup|soy sauce|mirin|sugar|sake|ginger
2357,Amber S Japan Style Tofu Meal,Japanese,main-dish,vegetarian|vegan|pescatarian|dairy-free,advanced,medium,moderate,firm tofu|tamari|rice vinegar|fresh ginger|water|tomato juice|vegetable oil|quinoa|green beans|miso|cornstarch|scallion|alfalfa sprouts
2358,Fresh Greens And Spicy Tofu Bento Bowl,Japanese,main-dish,vegetarian|pescatarian,advanced,medium,moderate,soy sauce|chili-garlic sauce|dark sesame oil|tofu|green onion|nonfat yogurt|lemon juice|cooked rice|mixed baby greens|carrots|cucumber|avocado|toasted sesame seeds
2359,Golden Sesame Tofu,Japanese,main-dish,vegetarian|vegan|pescatarian|dairy-free,advanced,low,moderate,sesame seeds|extra firm tofu|cornstarch|canola oil|agave nectar|soy sauce|fresh gingerroot|toasted sesame oil|mirin|garlic cloves|scallion|crushed red pepper flakes
2360,Oyako Don Chicken And Egg Rice Bowl,Japanese,main-dish,dairy-free,intermediate,medium,moderate,cooked rice|chicken thigh fillets|onion|dashi stock|soy sauce|mirin|sugar|eggs
2361,Rice Stew With Daikon Daikon Zosui,Japanese,main-dish,pescatarian|dairy-free,intermediate,low,moderate,cooked short-grain rice|shiitake mushroom|daikon radishes|carrot|wakame seaweed|fish stock|salt|soy sauce
2362,Sea Scallops With Miso Mustard Sauce,Japanese,main-dish,pescatarian,intermediate,low,moderate,sea scallops|salt and pepper|garlic clove|all-purpose flour|white miso|mirin|soy sauce|superfine sugar|watercress|vegetable oil|dry white wine|whole grain mustard|heavy cream|parmesan cheese
2363,Snow Peas And Soba Noodles,Japanese,main-dish,vegetarian|pescatarian,advanced,medium,moderate,peanut butter|soy sauce|white wine vinegar|fire oil|cayenne|salt & freshly ground black pepper|garlic cloves|fresh ginger|sesame oil|vegetable broth|canola oil|snow peas|scallion|firm tofu|soba noodles|radishes|cilantro
2364,Soy And Ginger Glazed Tofu,Japanese,main-dish,vegetarian|vegan|pescatarian|dairy-free,advanced,low,moderate,cornstarch|water|rice wine vinegar|reduced sodium soy sauce|sesame oil|fresh gingerroot|garlic clove|firm tofu|green onion
2365,Vegetarian Yakisoba,Japanese,main-dish,vegetarian|vegan|pescatarian|dairy-free,intermediate,medium,moderate,soba noodles|soy sauce|worcestershire sauce|sambal oelek|sugar|sesame oil|vegetable oil|onion|garlic cloves|carrots|cabbage|scallion tops|toasted sesame seeds
2366,Korean Roast Chicken Thighs,Korean,main-dish,dairy-free,beginner,low,moderate,chicken thighs|soy sauce|green onion|sesame oil|honey|garlic|ground ginger|black pepper
2367,Korean Hamburgers,Korean,main-dish,dairy-free,beginner,medium,moderate,ground beef|soy sauce|sugar|sesame seeds|vegetable oil|green onions|garlic|black pepper
2368,Korean Pork Strips,Korean,main-dish,dairy-free,beginner,low,moderate,garlic|sesame seeds|reduced sodium soy sauce|sugar|onion flakes|ginger|pork tenderloin
2369,Spicy Pork Bulgogi,Korean,main-dish,dairy-free,beginner,medium,moderate,pork loin|soy sauce|garlic cloves|green onions|yellow onion|toasted sesame seeds|black pepper|sugar|red pepper paste|red pepper flakes
2370,Korean Grilled Meat On Skewers Bulgogi,Korean,main-dish,dairy-free,beginner,low,moderate,sirloin beef|toasted sesame seeds|garlic|fresh ginger|green onions|soy sauce|dry sherry|sesame oil|sugar|crushed red pepper flakes
2371,Korean Beef Noodles Seoul Food,Korean,main-dish,dairy-free,advanced,medium,moderate,beef flank steak|peanut oil|shiitake mushrooms|soy sauce|sesame oil|sugar|chinese wheat noodles|garlic|scallions|dried hot red chili pepper|carrots
2372,Korean Beef Bbq,Korean,main-dish,vegetarian|vegan|pescatarian|dairy-free,intermediate,medium,moderate,jasmine rice|top sirloin steak|brown sugar|soy sauce|mirin|ginger|dark sesame oil|garlic cloves|cooking spray
2373,Kimchi Jjigae Korean Kimchi Soup,Korean,main-dish,dairy-free,advanced,low,moderate,pork loin|rice wine|black pepper|sour kimchee|white onion|green onion|mushroom|green chili peppers|tofu|water|vegetable oil|chili flakes|chili paste|soy sauce|garlic
2374,Olympic Seoul Chicken,Korean,main-dish,dairy-free,intermediate,low,moderate,white vinegar|soy sauce|honey|ginger|canola oil|boneless skinless chicken thighs|garlic cloves|red pepper flakes
2375,Bulgogi Marinated Grilled Beef,Korean,main-dish,dairy-free,intermediate,high,moderate,beef|onion|soy sauce|sugar|green onions|garlic|sesame seeds|sesame oil|black pepper|kiwi fruit
2376,Korean Spicy Chicken And Potato Tak Toritang,Korean,main-dish,dairy-free,beginner,high,moderate,chicken drummettes|potatoes|carrots|onion|green bell peppers|garlic cloves|water|soy sauce|white sugar|fresh ginger|hot pepper paste
2377,The Kim Family Korean Beef Recipe,Korean,main-dish,vegetarian|vegan|pescatarian|dairy-free,beginner,medium,moderate,round roast|soy sauce|toasted sesame seeds|sesame oil|ground ginger|green onion|garlic salt|pepper
2378,Korean Chicken Teriyaki Yangnyom Tak,Korean,main-dish,dairy-free,intermediate,low,moderate,boneless skinless chicken thighs|soy sauce|red pepper paste|sugar|tomato ketchup|vinegar|hot sauce|onion|garlic|ginger|pepper|oil
2379,Daikon Radish With Chicken Korean Style,Korean,main-dish,dairy-free,intermediate,medium,moderate,daikon radish|chicken legs with thigh|chili flakes|vegetable oil|garlic clove|sesame oil|chicken stock|soy sauce|sake|sugar|mirin|pepper
2380,Korean Sesame Grilled Beef,Korean,main-dish,dairy-free,intermediate,medium,moderate,beef tenderloin steaks|soy sauce|sugar|sake|dark sesame oil|garlic cloves|scallions|sesame seeds|ground black pepper
2381,Korean Beef Bulgogi In Lettuce Wraps,Korean,main-dish,vegetarian|vegan|pescatarian|dairy-free,intermediate,medium,moderate,soy sauce|water|sugar|onion|garlic cloves|corn syrup|white wine|sesame oil|black pepper|flank steaks|iceberg lettuce|toasted sesame seeds|garlic clove|red pepper paste
2382,Korean Beef On Fiery Cabbage,Korean,main-dish,dairy-free,intermediate,medium,moderate,sirloin steaks|sesame seeds|sesame oil|soy sauce|green onions|fresh ginger|crushed red pepper flakes|napa cabbage|rice vinegar|garlic cloves|chicken broth|salt|pepper|carrot
2383,Korean Style Noodles With Vegetables Chap Chae,Korean,main-dish,vegetarian|vegan|pescatarian|dairy-free,intermediate,medium,moderate,bean thread noodles|reduced-sodium tamari soy sauce|toasted sesame oil|sugar|garlic|safflower oil|onion|carrots|mushroom|baby spinach|sesame seeds|cayenne
2384,Korean Beef Using Ground Beef,Korean,main-dish,dairy-free,beginner,medium,moderate,lean ground beef|sesame oil|garlic cloves|brown sugar|soy sauce|fresh ginger|red pepper|ground pepper|green onions
2385,Easy Sweet Savory Korean Bbq Grilled Beef Short Ribs Kal,Korean,main-dish,dairy-free,advanced,high,moderate,beef short ribs|sugar|water|soy sauce|sesame oil|yellow onion|garlic cloves|toasted sesame seeds|scallions|red leaf lettuce|red pepper flakes|hot bean paste
2386,Bulgogi Korean Beef,Korean,main-dish,dairy-free,intermediate,high,moderate,beef|low sodium soy sauce|garlic clove|black pepper|sugar|brown sugar|onion|assorted fresh vegetable
2387,Spicy Korean Chicken,Korean,main-dish,dairy-free,beginner,medium,moderate,chicken wings|onion|green bell pepper|carrots|soy sauce|black pepper|sugar|water|red pepper paste|dry red pepper
2388,Darn Good Bulgogi,Korean,main-dish,dairy-free,beginner,high,moderate,beef|sesame oil|soy sauce|green onion|honey|brown sugar|garlic|fresh ginger|sake|black pepper|red pepper flakes|sesame seeds
2389,Grilled Korean Pork Chops Omac,Korean,main-dish,dairy-free,intermediate,medium,moderate,pork chops|soy sauce|sesame oil|sugar|black pepper|ground ginger|green onions|garlic
2390,Korean Style Seared Tuna,Korean,main-dish,dairy-free,intermediate,low,moderate,soy sauce|sugar|dried red pepper flakes|canned chicken broth|tuna steaks|salt|fresh ground pepper|cooking oil|sesame oil|green onion|garlic
2391,Chicken And Scallion Skewers,Korean,main-dish,dairy-free,intermediate,low,moderate,bamboo skewers|boneless skinless chicken breasts|scallions|reduced sodium soy sauce|garlic cloves|ginger|toasted sesame seeds|honey|sesame oil|red pepper flakes|fresh ground black pepper
2392,Galbi Kalbi Grilled Korean Short Ribs Flanken Cut,Korean,main-dish,dairy-free,intermediate,high,moderate,beef short ribs|light soy sauce|brown sugar|sesame oil|garlic|rice wine|ground black pepper|green onions|coca-cola
2393,Korean Fire Pork Toeji Kogi Kui,Korean,main-dish,dairy-free,intermediate,low,moderate,pork roast|soy sauce|red pepper paste|wine|sugar|sesame oil|roasted sesame seeds|green onions|garlic|minced ginger|black pepper
2394,Korean Spicy Chicken Wings Restaurant Recipe,Korean,main-dish,,intermediate,low,moderate,chicken wings|potatoes|milk|salt|ground black pepper|vegetable oil|ground red chili pepper|soy sauce|sugar|rice vinegar|garlic|fresh gingerroot|korean red pepper paste|water|spring onion|sesame seeds
2395,Bangja Gui Korean Bbq Beef In A Lettuce Wrap,Korean,main-dish,vegetarian|vegan|pescatarian|dairy-free,advanced,low,moderate,sirloin|salt|sesame oil|black pepper|scallions|soy sauce|chili powder|sugar|toasted sesame seeds|lettuce leaves|garlic cloves
2396,Butterflied Korean Pork Tenderloin,Korean,main-dish,dairy-free,advanced,low,moderate,pork tenderloin|soy sauce|green onions|fresh ginger|dark brown sugar|garlic|lime juice|dark sesame oil|molasses|sesame seeds|green onion|lime wedge
2397,Chapchae Noodles With Beef And Mixed Vegetables,Korean,main-dish,dairy-free,advanced,low,moderate,cornstarch|beef eye round|low sodium soy sauce|fresh ginger|sambal oelek|dark sesame oil|garlic cloves|cooking spray|bean threads|vegetable oil|crushed red pepper flakes|shiitake mushroom caps|green onion|carrot|fresh spinach|brown sugar|rice vinegar|sesame seeds
2398,Korean Style Broiled Tofu,Korean,main-dish,vegetarian|vegan|pescatarian|dairy-free,intermediate,low,moderate,firm tofu|vegetable oil|soy sauce|sesame oil|splenda sugar substitute|garlic clove|toasted sesame seeds|red bean paste|green onions
2399,My Ungrilled Bulgogi,Korean,main-dish,vegetarian|vegan|pescatarian|dairy-free,advanced,high,moderate,low sodium soy sauce|ginger powder|granulated sugar|sesame oil|water|black pepper|seasoning salt|sesame seeds|green onion|carrots|flank steak|jasmine rice
2400,Japchae Korean Noodle With Vegetable,Korean,main-dish,vegetarian|vegan|pescatarian|dairy-free,advanced,medium,moderate,bean thread vermicelli|carrot|onions|green onions|mushrooms|spinach|sugar|corn syrup|black pepper|garlic|soy sauce|sesame oil|olive oil|sesame seeds
2401,Korean Inspired Popcorn Chicken,Korean,main-dish,dairy-free,advanced,high,moderate,chicken|rice wine vinegar|cornstarch|kosher salt|black pepper|canola oil|sesame seeds|scallions|garlic clove|minced ginger|gochujang|soy sauce|light brown sugar|honey|toasted sesame oil
2402,Mika S Bulgogi,Korean,main-dish,dairy-free,beginner,high,moderate,beef|soy sauce|sugar|honey|rice wine|sesame oil|toasted sesame seeds|black pepper|onion|garlic cloves
2403,Rib Soup Kalbi Tang,Korean,main-dish,dairy-free,intermediate,low,moderate,beef ribs|soy sauce|sugar|green onions|garlic|sesame seeds|black pepper|salt|egg
2404,Chinese Roasted Chicken,Malaysian,main-dish,dairy-free,beginner,medium,moderate,chicken pieces|dark soy sauce|honey|five-spice powder|garlic|gingerroot|sesame oil
2405,Mango Chicken,Malaysian,main-dish,dairy-free,advanced,medium,moderate,boneless skinless chicken breast|red pepper|yellow pepper|green pepper|green onions|mangoes|chicken stock|sugar|soy sauce|rice vinegar|curry paste|cornstarch|vegetable oil|gingerroot|cashews
2406,Shrimp In Spicy Coconut Milk,Malaysian,main-dish,pescatarian,intermediate,medium,moderate,dried red chilies|fresh ginger|garlic|macadamia nuts|ground cumin|turmeric|large shrimp|red onions|corn oil|canned unsweetened coconut milk|light brown sugar|salt|fresh lime juice|steamed rice
2407,Beef Kurmah Curried Beef,Malaysian,main-dish,,beginner,high,moderate,vegetable oil|stewing beef|spring onions|garlic cloves|fresh ginger|ground coriander|ground cumin|star anise|cinnamon stick|cloves|cardamom pods|fresh lemongrass|coconut milk|red chile|ground almonds
2408,Malaysian Chicken Curry,Malaysian,main-dish,,advanced,medium,moderate,desiccated coconut|turmeric|ground ginger|garlic powder|chili flakes|salt and pepper|olive oil|ginger|garlic cloves|onion|red chilies|lemongrass|curry powder|chili paste|curry leaves|coconut milk|skinless chicken thighs|evaporated low-fat milk|frozen mixed vegetables
2409,Spicy Roast Chicken,Malaysian,main-dish,dairy-free,intermediate,high,moderate,oyster sauce|soy sauce|ketchup|light brown sugar|garlic|fresh ginger|shallots|hot chili paste|chicken|steamed rice
2410,Coconut Curried Tilapia,Malaysian,main-dish,vegetarian|pescatarian,intermediate,medium,moderate,tilapia fillets|oil|curry powder|water|salt|black pepper|chili powder|garlic cloves|onion|coconut milk|red pepper flakes
2411,Creamy Chicken Or Prawn Curry,Malaysian,main-dish,,intermediate,low,moderate,boneless skinless chicken breasts|garlic|mild curry powder|onion|carrots|red capsicum|evaporated low-fat milk|chicken stock powder|cornflour|water
2412,Hokkien Mee,Malaysian,main-dish,dairy-free,advanced,low,moderate,hokkien noodles|eggs|water|vegetable oil|fresh ginger|garlic|red chilies|sugar|red capsicums|green capsicum|green onions|chinese cabbage|chinese barbecue pork|ketjap manis|oyster sauce
2413,Indonesian Beef Noodle Curry,Malaysian,main-dish,vegetarian|pescatarian,beginner,high,moderate,steak|onion|garlic cloves|oil|curry powder|ground coriander|salt|coconut milk|green beans|noodles|cabbage
2414,Mee Goreng,Malaysian,main-dish,vegetarian|pescatarian|dairy-free,intermediate,high,moderate,hokkien noodles|oil|fried tofu|curry powder|onion|tomatoes|hot chili sauce|ketchup|light soy sauce|eggs|spring onion|green chili|cucumbers
2415,Creamy Burrito Casserole,Mexican,main-dish,,intermediate,medium,moderate,ground beef|yellow onion|taco seasoning|flour tortillas|refried beans|taco cheese|cream of mushroom soup|sour cream|hot sauce
2416,Simply Sour Cream Chicken Enchiladas,Mexican,main-dish,,intermediate,medium,moderate,chicken breast|onion|vegetable oil|flour tortillas|monterey jack cheese|butter|flour|chicken broth|sour cream|green chilies
2417,Steak Or Chicken Fajitas,Mexican,main-dish,vegetarian|pescatarian,intermediate,low,moderate,top sirloin steak|olive oil|lime juice|garlic clove|chili powder|cumin|hot pepper flakes|black pepper|salt|flour tortillas|onion|sweet peppers|salsa|sour cream|cheese|chopped tomato
2418,Fantastic Taco Casserole,Mexican,main-dish,,advanced,medium,moderate,ground beef|taco seasoning|refried beans|monterey jack cheese|salsa|green onions|black olives|tomatoes|corn chips
2419,Easy Enchiladas Beef Or Chicken,Mexican,main-dish,,advanced,high,moderate,ground beef|onion|garlic powder|worcestershire sauce|tomato sauce|paprika|oregano|chili powder|cumin|black pepper|cheese|enchilada sauce|olive|corn tortillas|oil
2420,Baja Black Beans Corn And Rice,Mexican,main-dish,vegetarian|vegan|pescatarian|dairy-free,beginner,medium,moderate,cooked brown rice|black beans|corn|fresh tomatoes|red onion|cilantro|jalapeno pepper|fresh lime juice|olive oil|salt|fresh ground pepper|hot sauce
2421,Taco Bell Quesadillas,Mexican,main-dish,,intermediate,medium,moderate,mayonnaise|jalapenos|jalapeno juice|sugar|cumin|paprika|cayenne pepper|garlic powder|salt|flour tortillas|chicken tenderloins|cheddar cheese|monterey jack cheese|process american cheese
2422,Black Bean And Tortilla Bake,Mexican,main-dish,vegetarian|pescatarian,intermediate,low,moderate,garlic clove|onion|chopped tomato|green onion|chili powder|cumin powder|tomato sauce|black beans|cilantro|salt and pepper|corn tortillas|low-fat cheddar cheese
2423,Wet Burritos,Mexican,main-dish,,advanced,high,moderate,lean ground beef|garlic|onion|worcestershire sauce|paprika|mexican oregano|chili powder|cumin|black pepper|tomatoes|cheddar cheese|flour tortillas|refried beans|enchilada sauce|beef gravy|sour cream|salsa|jalapeno|lettuce|chopped tomato
2424,Streamlined Chimichangas,Mexican,main-dish,,intermediate,medium,moderate,ground beef|onion|garlic clove|pace picante sauce|ground cumin|dried oregano leaves|salt|flour tortillas|butter
2425,Veronica S Easy Spanish Rice,Mexican,main-dish,vegetarian|vegan|pescatarian|dairy-free,beginner,low,moderate,uncooked rice|onion|vegetable oil|water|tomato sauce|green bell pepper|salt|chili powder|garlic powder
2426,Mexican Stuffed Shells Oamc,Mexican,main-dish,,intermediate,low,moderate,pasta shells|ground beef|taco seasoning|water|onion|salsa|cheese|tomato sauce|chili powder|green onion
2427,Easiest Beef Enchiladas Ever,Mexican,main-dish,,intermediate,high,moderate,ground beef|onion|cheddar cheese|enchilada sauce|flour tortillas
2428,Mini Tacos,Mexican,main-dish,vegetarian|pescatarian,intermediate,low,moderate,wonton wrappers|hamburger|taco seasoning|salsa|cheese|sour cream|olive|guacamole
2429,Mexican Casserole 6 5 Weight Watcher Points,Mexican,main-dish,,advanced,medium,moderate,extra lean ground beef|onion|canned jalapeno slices|fresh tomatoes|kernel corn|black beans|taco seasoning mix|corn tortillas|nonfat sour cream|reduced-fat mexican cheese blend|fresh cilantro
2430,New Mexico Style Chili Chicken Casserole,Mexican,main-dish,,advanced,medium,moderate,chicken broth|green chilies|onion|light sour cream|salt|cumin|fresh ground black pepper|condensed cream of chicken soup|garlic clove|corn tortillas|cooked chicken breasts|low-fat cheddar cheese
2431,Shredded Chicken For Enchiladas Tostadas Tacos,Mexican,main-dish,,advanced,low,moderate,boneless chicken breast halves|onion|garlic cloves|salt|water|butter|garlic clove|tomatoes|green bell pepper|fresh coarse ground black pepper|marjoram|cilantro|ground cumin|tomato sauce|chicken broth
2432,Southwestern Stuffed Bell Peppers,Mexican,main-dish,,advanced,medium,moderate,lean ground beef|onion|taco seasoning mix|egg|cooked rice|bell peppers|diced tomatoes|salsa|cheddar cheese|sour cream
2433,Addictive Mexican Stew,Mexican,main-dish,dairy-free,intermediate,medium,moderate,onion|garlic clove|olive oil|cooked chicken|taco seasoning mix|diced tomatoes|black beans|whole kernel corn|diced green chilies|chicken broth|cornstarch
2434,Frijoles Negros Cuban Black Beans,Mexican,main-dish,vegetarian|vegan|pescatarian|dairy-free,intermediate,low,moderate,black beans|onion|green pepper|garlic cloves|cumin powder|oregano|salt|red wine vinegar
2435,Pineapple Black Bean Enchiladas,Mexican,main-dish,vegetarian|pescatarian,advanced,medium,moderate,vegetable oil|yellow onion|red bell pepper|pineapple tidbits|pineapple juice|black beans|green chilies|salt|fresh cilantro|low-fat cheddar cheese|old el paso mild enchilada sauce|wheat flour tortillas|reduced-fat sour cream
2436,Garlic Beef Enchiladas,Mexican,main-dish,,advanced,high,moderate,ground beef|onion|flour|chili powder|salt|garlic powder|ground cumin|ground sage|stewed tomatoes|garlic|margarine|beef broth|tomato sauce|cumin|sage|flour tortillas|cheddar cheese
2437,Easy Taco Stew,Mexican,main-dish,,beginner,medium,moderate,lean ground beef|onion|whole kernel corn|diced tomatoes with mild green chilies|pinto beans in chili sauce|taco seasoning|tomato soup|water|baked corn tortilla chips|cheddar cheese
2438,Fish Tacos And Cilantro Coleslaw 20 Minutes Max,Mexican,main-dish,pescatarian|dairy-free,beginner,low,moderate,frozen battered fish fillets|8-inch flour tortillas|green cabbage|fresh cilantro|green onion|jalapenos|mayonnaise|fresh lime juice|cumin seeds|salt and pepper
2439,Taco Bell Mexican Pizza Copycat Recipe By Todd Wilbur,Mexican,main-dish,,advanced,high,moderate,ground beef|salt|onion|paprika|chili powder|water|flour tortillas|cooking oil|refried beans|diced tomato|picante sauce|shredded cheddar cheese|monterey jack cheese|green onion|black olives
2440,Chi Chi S Seafood Enchiladas,Mexican,main-dish,pescatarian,advanced,high,moderate,butter|flour|white pepper|lobster base|2% low-fat milk|white wine|monterey jack cheese|baby shrimp|imitation crabmeat|flour tortillas|paprika
2441,Chili S Fajitas By Todd Wilbur,Mexican,main-dish,vegetarian|vegan|pescatarian|dairy-free,intermediate,low,moderate,lime juice|water|olive oil|garlic cloves|soy sauce|salt|liquid smoke|cayenne pepper|black pepper|top sirloin steaks|spanish onion|green pepper|red pepper|yellow pepper
2442,Chicken Enchilada Casserole,Mexican,main-dish,,advanced,high,moderate,onion|green pepper|butter|cooked chicken|green chili peppers|flour|ground coriander|salt|chicken broth|sour cream|monterey jack cheese|flour tortillas
2443,Carne Guisada Mexican Beef Stew,Mexican,main-dish,dairy-free,beginner,medium,moderate,chuck roast|flour|olive oil|onion|garlic|jalapeno peppers|beef stock|tomato paste|cumin|chili powder
2444,Mexican Eggplant Aubergine Casserole,Mexican,main-dish,vegetarian|pescatarian,intermediate,low,moderate,eggplants|tomato sauce|mild green chilies|green onion|ground cumin|garlic powder|black olives|fat-free cheddar cheese|cooking spray
2445,Mexican Style Pasta With Chicken And Peppers,Mexican,main-dish,dairy-free,intermediate,medium,moderate,low sodium chicken broth|minced garlic clove|cumin|chili powder|plum tomatoes|scallions|green bell pepper|vermicelli|boneless skinless chicken breast|vegetable oil|mild green chilies|salt|fresh cilantro stem
2446,Chicken Taco Casserole Oamc,Mexican,main-dish,,intermediate,medium,moderate,cooked rice|cooked chicken|tomato sauce|taco seasoning|refried beans|cheese|tomatoes|guacamole|sour cream|tortilla chips
2447,Mexican Penne,Mexican,main-dish,,beginner,high,moderate,ground beef|penne pasta|salsa|black beans|mexican blend cheese
2448,Mexican Vegetarian Casserole,Mexican,main-dish,vegetarian|pescatarian,beginner,medium,moderate,whole kernel corn|black beans|sour cream|pace picante sauce|colby-monterey jack cheese|tomatoes and green chilies|cooked rice|black pepper|green onion|black olives|monterey jack cheese
2449,Cottage Cheese Enchiladas,Mexican,main-dish,,intermediate,medium,moderate,vegetable oil|boneless skinless chicken breast halves|onion|taco seasoning mix|sour cream|cottage cheese|salt|ground black pepper|flour tortillas|cheddar cheese|red enchilada sauce
2450,Taco Ritos,Mexican,main-dish,,advanced,high,moderate,ground beef|refried beans|cream of mushroom soup|green enchilada sauce|flour tortilla|monterey jack cheese|cheddar cheese|onion|diced tomato|lettuce|sour cream|guacamole
2451,Ww Skinny Chimichangas,Mexican,main-dish,,advanced,low,moderate,ground turkey breast|onion|garlic clove|chili powder|dried oregano|ground cumin|tomato sauce|mild green chilies|reduced-fat cheddar cheese|fat free tortillas
2452,Mexican Squash And Ground Beef Casserole,Mexican,main-dish,,intermediate,low,moderate,ground beef|oil|yellow squash|onion|garlic clove|diced tomatoes|chili powder|cumin|smoked paprika|salt and pepper|cheddar cheese
2453,Quick And Easy Chicken Enchiladas,Mexican,main-dish,,intermediate,medium,moderate,chicken breasts|white corn tortillas|green enchilada sauce|monterey jack pepper cheese
2454,Authentic Chili Verde Pork And Green Tomatillo Stew,Mexican,main-dish,dairy-free,intermediate,medium,moderate,pork stew meat|vegetable oil|yellow onions|garlic|sea salt|fresh ground pepper|ground cumin|chicken broth|poblano chiles|fresh jalapeno peppers|yellow bell peppers|tomatillos|cilantro leaf
2455,Southwest Vegetarian Bake,Mexican,main-dish,vegetarian|pescatarian,intermediate,medium,moderate,brown rice|water|black beans|mexicorn|diced tomatoes with green chilies|salsa|sour cream|cheddar cheese|pepper|red onion|black olives|mexican blend cheese
2456,Sweet And Spicy Shrimp Kabobs,Mexican,main-dish,pescatarian|dairy-free,intermediate,low,moderate,honey|chipotle chile in adobo|garlic cloves|kosher salt|large shrimp|fresh cilantro
2457,Wet Burrito Casserole,Mexican,main-dish,,intermediate,high,moderate,sour cream|cream of mushroom soup|lean ground beef|onion|red bell pepper|taco seasoning mix|mushroom|refried beans|flour tortillas|cheddar cheese|black olives|jalapeno
2458,Easy Cheesy Ground Beef Enchiladas,Mexican,main-dish,,intermediate,high,moderate,ground beef|red enchilada sauce|mexican blend cheese|cheddar cheese|flour tortillas
2459,Mexican Rice Casserole,Mexican,main-dish,,advanced,medium,moderate,ground beef|long grain rice|water|salsa|mexicorn|chili powder|salt|cheddar cheese
2460,Beef Taquitos Oamc,Mexican,main-dish,vegetarian|pescatarian,advanced,low,moderate,roast|onion soup mix|cheddar cheese|garlic powder|onion powder|picante sauce|onion|corn tortillas|cheese sauce|salsa|sour cream|guacamole
2461,Black Bean And Chocolate Chili,Mexican,main-dish,vegetarian|pescatarian,advanced,low,moderate,olive oil|onions|garlic cloves|celery|jalapeno chile|cumin|oregano|cinnamon|ground cloves|ground coriander|chili powder|ground black pepper|salt|bell peppers|black beans|diced tomatoes|fresh lime juice|soy sauce|semisweet chocolate|vegan cheddar cheese
2462,Spinach And Mushroom Enchiladas With Cilantro Cream Sauce,Mexican,main-dish,,intermediate,medium,moderate,corn tortillas|monterey jack cheese|butter|onion|garlic cloves|mushroom|white wine|fresh spinach|lime juice|water|season salt|chicken bouillon granule|garlic powder|cilantro|sour cream
2463,Easier Than Making Tacos Taco Salad,Mexican,main-dish,vegetarian|pescatarian,intermediate,high,moderate,tortilla chips|hamburger|taco seasoning mix|water|lettuce|tomatoes|onion|cheddar cheese|black olives|salsa|sour cream
2464,Pumpkin Chili Mexicana,Mexican,main-dish,dairy-free,intermediate,medium,moderate,vegetable oil|onion|red bell pepper|garlic clove|ground turkey|no-salt-added diced tomatoes|libby's canned pumpkin|tomato sauce|kidney beans|diced green chilies|frozen whole kernel corn|chili powder|ground cumin|ground black pepper
2465,Mexican Fish,Mexican,main-dish,vegetarian|pescatarian,intermediate,medium,moderate,red snapper fillets|flour|butter|green chili sauce|diced green chilies|monterey jack and cheddar cheese blend|cilantro leaves|salt|pepper
2466,Green Chile Chicken Noodle Casserole,Mexican,main-dish,,beginner,high,moderate,egg noodles|cooked chicken|sour cream|monterey jack cheese|green enchilada sauce|green chilies
2467,Grilled Mexican Lime Chicken,Mexican,main-dish,dairy-free,beginner,medium,moderate,salt|chili powder|garlic powder|oil|fresh lime juice|chicken breasts
2468,Light And Yummy Fish Tacos,Mexican,main-dish,pescatarian|dairy-free,intermediate,low,moderate,"halibut fillets|olive oil|green cabbage|white onion|english cucumber|cilantro|lime, juice of|salt and pepper|guacamole|salsa|corn tortillas"
2469,Mexican Style Green Chile Chicken Casserole,Mexican,main-dish,,intermediate,medium,moderate,butter|onion|garlic|jalapeno pepper|chicken broth|green chilies|cumin|cream of chicken soup|salt and pepper|corn tortillas|cooked chicken|cheddar cheese
2470,Grand Prize Chili,Mexican,main-dish,dairy-free,intermediate,medium,moderate,chuck roast|onion|garlic cloves|paprika|cayenne pepper|beef bouillon cubes|chicken bouillon cube|tomato sauce|oregano|black pepper|chili powder|cumin|garlic powder|salt
2471,Nogales Steak Tacos,Mexican,main-dish,vegetarian|pescatarian,advanced,high,moderate,steak|garlic cloves|kosher salt|sour orange juice|tequila|ground red chili pepper|fresh cilantro|fresh oregano|salt|fresh coarse ground black pepper|olive oil|corn tortillas|asadero cheese|poblano chiles|guacamole|salsa|red onion|fresh lime juice
2472,Ranch Dusted Shrimp On Crisped Cheese Shells Rsc,Mexican,main-dish,pescatarian,advanced,high,moderate,"hidden valley original ranch dips mix|greek yogurt|chives|minced garlic clove|lemon, juice and zest of|shrimp|kosher salt|breadcrumbs|egg|provolone cheese|vegetable oil|avocados|shallot|taco sauce"
2473,Ceviche Style Shrimp And Avocado Tacos,Mexican,main-dish,pescatarian|dairy-free,intermediate,high,moderate,limes|tomatoes|avocado|cilantro|salt|black pepper|cooked shrimp|jalapeno|garlic clove|corn tortillas
2474,Southwestern Chicken Pot Pie,Mexican,main-dish,,intermediate,medium,moderate,vegetable oil|boneless skinless chicken breasts|black beans|whole kernel corn|tomato sauce|chili powder|ground cumin|garlic powder|dried chipotle powder|monterey jack and cheddar cheese blend|corn muffin mix
2475,Mexican Lasagna With Black Beans And Corn,Mexican,main-dish,vegetarian|pescatarian,advanced,high,moderate,cooking spray|flour tortillas|corn kernels|black beans|diced tomatoes with mild green chilies|tomato sauce|chili powder|ground cumin|garlic powder|sugar|egg|sour cream|mexican blend cheese|green onion|black olives
2476,Mexican Lime Chicken,Mexican,main-dish,dairy-free,beginner,medium,moderate,chicken breasts|brown sugar|lime|olive oil|coriander|paprika|garlic|red chilies
2477,Stuffed Pork Tenderloin With Cilantro Lime Pesto,Mexican,main-dish,,advanced,low,moderate,pork tenderloin|garlic cloves|onion|fresh cilantro|fresh lime juice|jalapeno|corn oil|monterey jack cheese|green chile picante sauce
2478,Grilled Chipotle Lime Chicken Breasts Or Thighs,Mexican,main-dish,dairy-free,advanced,medium,moderate,boneless skinless chicken breasts|chipotle chile in adobo|adobo sauce|lime juice|garlic clove|olive oil|honey
2479,Perfectly Seasoned Taco Meat,Mexican,main-dish,dairy-free,advanced,low,moderate,ground beef|dried onion flakes|chili powder|basil|oregano|garlic powder|salt|pepper|water
2480,Steak Tampiquena Mexican Steak,Mexican,main-dish,vegetarian|pescatarian,intermediate,medium,moderate,steak|seasoning salt|onion|roma tomatoes|garlic|green chili peppers|olive oil|monterey jack pepper cheese
2481,Sweet Italian Chili,Mexican,main-dish,dairy-free,beginner,low,moderate,95% lean ground beef|bell pepper|fresh parsley|onion|celery|kidney beans|stewed tomatoes|tomato paste|water|sugar|dried sweet basil leaves|dried oregano|salt|ground cumin|chili powder|garlic powder|ground cloves|baking soda
2482,Vegetarian Tacos,Mexican,main-dish,vegetarian|pescatarian,intermediate,medium,moderate,olive oil|yellow onion|celery|red peppers|jalapeno pepper|garlic clove|garbanzo beans|chunky salsa|cumin|chili powder|ground coriander|taco shells|cheddar cheese|iceberg lettuce|salsa|hot sauce|fresh cilantro|tomatoes|black olives|sour cream
2483,Cheese And Chicken Enchiladas Oamc,Mexican,main-dish,,intermediate,high,moderate,cooking spray|onion|cooked chicken breasts|reduced-fat sharp cheddar cheese|picante sauce|neufchatel cheese|cumin|green taco sauce|6-inch flour tortillas
2484,Cheesy Beef Taco Skillet,Mexican,main-dish,,beginner,medium,moderate,ground beef|cheddar cheese|corn tortillas|water|tomato soup|chunky salsa
2485,Chicken Enchiladas With Sour Cream Sauce,Mexican,main-dish,,advanced,medium,moderate,butter|all-purpose flour|chicken broth|water|sour cream|canned jalapeno peppers|corn tortillas|vegetable oil|cooked chicken|monterey jack cheese|onions|tomatoes|tomato juice|salt
2486,Chipotle Chicken Salad Tacos,Mexican,main-dish,dairy-free,intermediate,medium,moderate,balsamic vinegar|olive oil|chipotle chiles in adobo|salt|napa cabbage|carrot|red onion|fresh cilantro|cooked chicken|avocado|queso anejo|corn tortillas
2487,Crock Pot Steak Fajitas,Mexican,main-dish,vegetarian|pescatarian,intermediate,low,moderate,boneless sirloin|vegetable oil|lemon juice|garlic clove|ground cumin|seasoning salt|chili powder|green bell pepper|onion|flour tortillas|cheddar cheese|salsa|guacamole|sour cream|lettuce|chopped tomato
2488,Ground Beef Burritos,Mexican,main-dish,,advanced,low,moderate,90% lean ground beef|dry burrito mix|water|burrito-size flour tortillas|sour cream|four-cheese mexican blend cheese|roma tomatoes|green onions|salsa
2489,Tilapia Fish Tacos,Mexican,main-dish,vegetarian|pescatarian,beginner,low,moderate,"tilapia fillets|olive oil|lime, juice of|cumin|southwest seasoning|salt|corn tortillas|cooking spray|sour cream|guacamole|onion|cheese|salsa|lime slice"
2490,Tortilla Dip Supreme,Mexican,main-dish,vegetarian|pescatarian,beginner,high,moderate,cream cheese|hormel hot chili with beans|monterey jack and cheddar cheese blend|tortilla chips
2491,V S Mexican Lasagna,Mexican,main-dish,,advanced,medium,moderate,cooked chicken|oil|onion|garlic cloves|red enchilada sauce|ricotta cheese|eggs|cilantro|cheddar cheese|monterey jack cheese|no-boil lasagna noodles
2492,Mexican Chicken Pasta Salad,Mexican,main-dish,,intermediate,medium,moderate,penne pasta|cooked chicken breasts|whole kernel corn|zucchini|celery|sweet red pepper|green pepper|green onions|green chilies|cheddar cheese|lettuce|cilantro|mayonnaise|sour cream|realime juice|sugar|salt|cumin|chili powder
2493,Sweet Potato Black Bean Enchiladas,Mexican,main-dish,vegetarian|vegan|pescatarian|dairy-free,beginner,low,moderate,sweet potato|canned black beans|onion|corn|green chilies|coriander|cumin|chili powder|garlic cloves|green enchilada sauce|flour tortillas
2494,Beef Enchiladas,Mexican,main-dish,,intermediate,high,moderate,ground beef|cottage cheese|ripe olives|parsley|garlic powder|salt|pepper|flour tortillas|onion|green pepper|oil|tomato sauce|green chilies|chili powder|cheddar cheese
2495,Chicken Suiza Cornbread Bake,Mexican,main-dish,,advanced,medium,moderate,margarine|onion|garlic clove|whole kernel corn|cream-style corn|eggs|salt|cornbread mix|chicken|mild green chilies|mushroom stems and pieces|sour cream|pepper|monterey jack cheese
2496,Chipotle Ground Beef Tacos,Mexican,main-dish,,beginner,medium,moderate,lean ground beef|chipotle chiles in adobo|tomato sauce|garlic cloves|onion|chili powder|salt|flour tortillas|salsa|sour cream|avocado|tomatoes|lettuce|cheddar cheese
2497,Cilantro Chicken,Mexican,main-dish,,beginner,medium,moderate,boneless chicken breasts|butter|onion|fresh garlic|fresh cilantro|salsa verde|chicken broth|fresh tomato|green onion
2498,Skillet Taco Macaroni,Mexican,main-dish,vegetarian|pescatarian,intermediate,medium,moderate,lean ground sirloin|onion|tomato sauce|water|tomatoes and green chilies|elbow macaroni|salt|pepper|cumin|cayenne pepper|garlic powder|dried cilantro|milk|cheddar cheese
2499,Baja Chipotle Fish Tacos,Mexican,main-dish,pescatarian,intermediate,low,moderate,lawry baja chipotle marinade|cod|mayonnaise|sour cream|taco-size corn tortillas|green cabbage
2500,Baked Ham Glazed With Pineapple And Chipotle Peppers,Mexican,main-dish,dairy-free,intermediate,high,moderate,smoked ham|brown sugar|crushed pineapple|chipotle chile in adobo|adobo sauce|nutmeg|fresh ginger|cornstarch|salt
2501,Broiled Chipotle Chicken With Creamy Spinach,Mexican,main-dish,dairy-free,intermediate,low,moderate,chipotle chiles in adobo|crema|boneless skinless chicken breast halves|chicken stock|spinach|salt
2502,Pumpkin Posole,Mexican,main-dish,,intermediate,low,moderate,vegetable oil|boneless skinless chicken breast|onion|carrot|celery|red bell pepper|solid pack pumpkin|chicken broth|hominy|sour cream|fresh cilantro|salt|ground black pepper|dried oregano|ground cumin|ground nutmeg
2503,Pampered Chef Bbq Quesadillas,Mexican,main-dish,,intermediate,low,moderate,flour tortillas|boneless skinless chicken breast halves|barbecue sauce|green bell pepper|onion|monterey jack and cheddar cheese blend|vegetable oil
2504,Pressure Cooker Carnitas,Mexican,main-dish,dairy-free,advanced,low,moderate,pork butt|onion|low sodium chicken broth|cumin|dried chipotle powder
2505,Santa Anna S Black Bean Casserole Authentic Mexican,Mexican,main-dish,vegetarian|pescatarian,intermediate,high,moderate,onions|green bell peppers|plum tomatoes|salsa|garlic|cumin|black beans|corn tortillas|cheddar cheese|avocados
2506,Sweet Potato Burritos,Mexican,main-dish,vegetarian|pescatarian,intermediate,medium,moderate,vegetable oil|onion|garlic|canned kidney beans|water|chili powder|ground cumin|prepared mustard|cayenne pepper|soy sauce|mashed sweet potatoes|10-inch flour tortillas|cheddar cheese|sour cream|green onion|salsa
2507,Chile Con Queso Cheeseburger,Mexican,main-dish,,advanced,high,moderate,anaheim chilies|jalapenos|extra virgin olive oil|garlic clove|tomatoes|cumin|chili powder|monterey jack cheese|cheddar cheese|salt & freshly ground black pepper|ground beef|kaiser rolls|lettuce leaf|onion|mayonnaise|ketchup
2508,The Other Shrimp Cocktail,Mexican,main-dish,pescatarian|dairy-free,advanced,medium,moderate,shrimp|clamato juice|cucumbers|tomatoes|avocados|celery|white onion|cilantro|ketchup|lemons|limes|hot sauce|saltine crackers|salt|white pepper
2509,Vegetarian Taco Salad Low Fat,Mexican,main-dish,vegetarian|pescatarian,beginner,medium,moderate,kidney beans|corn|green chilies|roma tomatoes|green onions|taco seasoning|light sour cream|mixed greens|baked corn tortilla chips
2510,Amazing Salmon Tacos,Mexican,main-dish,pescatarian|dairy-free,advanced,low,moderate,salmon|cumin|chili powder|olive oil|yellow onion|limes|diced tomatoes with green chilies|fresh cilantro|green onion
2511,Arroz Con Pollo 1 Dish Meal,Mexican,main-dish,,intermediate,medium,moderate,boneless skinless chicken|cooking oil|button mushroom|onion|garlic cloves|salsa|monterey jack cheese|chicken stock|cooked rice|salt and pepper|parsley|cumin|ground cayenne pepper
2512,Beef Soft Tacos,Mexican,main-dish,,beginner,low,moderate,ground beef|flour|salt|dried onion flakes|paprika|chili powder|garlic powder|onion powder|water|tortillas|lettuce|cheese|sour cream|tomatoes
2513,Chicken Lime Taquitos,Mexican,main-dish,,advanced,low,moderate,salt|chili powder|garlic powder|oil|fresh lime juice|chicken breasts|garlic|roasted red pepper|pasilla chile|yellow onion|monterey jack cheese|corn tortillas
2514,Fiesta Chicken With Jalapeno Cilantro Creme,Mexican,main-dish,,advanced,medium,moderate,boneless skinless chicken breasts|egg|sour cream|water|fresh breadcrumb|yellow cornmeal|chili powder|salt|garlic powder|black pepper|fresh ginger|olive oil|cilantro|fresh jalapeno|green onion|lemon juice|sugar
2515,Linda S Mexican Meatloaf,Mexican,main-dish,,intermediate,high,moderate,lean ground beef|instant minced onion|italian seasoned breadcrumbs|egg|italian seasoning|ketchup|tomato sauce|ro-tel tomatoes|salt & freshly ground black pepper|four-cheese mexican blend cheese
2516,Mexican Dish,Mexican,main-dish,,intermediate,high,moderate,ground beef|onion|garlic salt|black pepper|rotel tomatoes|ranch style bean|cream of mushroom soup|cheddar cheese|corn tortilla
2517,Miller S Mexican Rice,Mexican,main-dish,vegetarian|pescatarian,beginner,low,moderate,carrots|peas|sweet onion|red bell peppers|green bell peppers|garlic|unsalted butter|salsa|cumin|turmeric|water|long grain rice
2518,Chicken And Black Bean Enchiladas,Mexican,main-dish,,intermediate,high,moderate,boneless skinless chicken breast half|bacon|garlic cloves|picante sauce|red bell pepper|cumin|salt|green onion|monterey jack cheese|black beans|flour tortillas
2519,Chicken Chimi Chimies Chimichangas,Mexican,main-dish,,intermediate,high,moderate,chicken breasts|flour tortillas|onion|garlic clove|oil|green chilies|sour cream|tomato sauce|cumin|butter|cheddar cheese
2520,Chile Rellenos Burgers,Mexican,main-dish,,intermediate,medium,moderate,ground beef|chili powder|ground cumin|salt|pepper|onion|whole green chilies|colby-monterey jack cheese|salsa|ketchup|sandwich buns|sour cream
2521,Chiles Rellenos In Tomato Broth,Mexican,main-dish,,advanced,medium,moderate,white onions|lard|tomatoes with juice|cinnamon|black pepper|chicken stock|poblano peppers|monterey jack cheese|vegetable oil|skewers|eggs|salt|flour|cilantro
2522,Mexican Ground Beef Tortilla Layer Casserole,Mexican,main-dish,,advanced,high,moderate,ground beef|onion|green bell pepper|garlic|jalapeno pepper|cumin|salt and black pepper|red enchilada sauce|black beans|frozen corn|corn tortillas|mexican blend cheese|plum tomatoes|sour cream|green onion|tortilla chips
2523,Quesadillas For One Or Two,Mexican,main-dish,,intermediate,medium,moderate,oil|flour tortillas|cheddar cheese|chopped tomato|green chili|guacamole|green onion|green bell pepper|black olives|sour cream|salsa|refried beans|chicken|turkey|ham|beef|crabmeat|shrimp
2524,Swiss Enchiladas Enchiladas Suizas,Mexican,main-dish,,intermediate,high,moderate,cooked chicken|anaheim chilies|green chili salsa|salt|heavy cream|corn tortillas|oil|monterey jack cheese
2525,Awesome Easy Tamale Pie,Mexican,main-dish,,intermediate,medium,moderate,ground beef|yellow onion|garlic salt|salsa|refried beans|jiffy cornbread mix|egg|milk
2526,Barbecue Chicken Quesadillas,Mexican,main-dish,,intermediate,high,moderate,red onion|bell pepper|butter|cooked chicken|barbecue sauce|monterey jack cheese|cilantro|flour tortillas
2527,Easy Veggie Enchiladas With Quick Sauce,Mexican,main-dish,vegetarian|pescatarian,advanced,medium,moderate,olive oil|flour|cumin|paprika|garlic powder|chili powder|vegetable broth|tomato sauce|salsa|flour tortillas|mushroom|green pepper|red pepper|onion|cheese
2528,Gourmet Shrimp Enchiladas,Mexican,main-dish,pescatarian,advanced,medium,moderate,"soft taco-size flour tortillas|soft cream cheese|sour cream|baby shrimp|fontina cheese|sharp cheddar cheese|white onions|red peppers|fresh ground pepper|chili powder|dill weed|lemon, juice of|half-and-half|cream cheese|roma tomatoes|white onion|fresh parsley|salt"
2529,Grilled Chipotle Chicken Quesadillas,Mexican,main-dish,,advanced,medium,moderate,boneless skinless chicken breast halves|olive oil|salt & freshly ground black pepper|chipotle chile in adobo|sour cream|mayonnaise|lime juice|fresh cilantro|corn tortillas|monterey jack cheese|pico de gallo
2530,Lower Fat Chiles Chiles Rellenos Casserole,Mexican,main-dish,vegetarian|pescatarian,beginner,low,moderate,reduced-fat mexican cheese blend|evaporated skim milk|fat free egg substitute|corn tortillas|mild green chilies|chunky salsa|salt|cilantro|fat free sour cream
2531,Taquito Enchilada Bake,Mexican,main-dish,,advanced,medium,moderate,red enchilada sauce|beef taquitos|mexican blend cheese|refried beans|green onion|red onion|black olives|sour cream
2532,California Style Shrimp Potato Tacos With Cilantro Crema,Mexican,main-dish,,intermediate,medium,moderate,corn tortillas|vegetable oil|simply potatoes diced potatoes with onion|sour cream|taco seasoning|lime juice|fresh cilantro|salt|medium shrimp|ground cumin|green onions|baby spinach|tomatoes|hass avocado|goat cheese
2533,Chile Rellenos,Mexican,main-dish,,advanced,low,moderate,tomatoes|onion|garlic|olive oil|chicken broth|salt|fresh jalapenos|ground cinnamon|anaheim chilies|monterey jack cheese|peanut oil|all-purpose flour|eggs
2534,Fast Hamburger Casserole With A Mexican Twist,Mexican,main-dish,vegetarian|pescatarian,advanced,high,moderate,pasta|hamburger|onion|bell pepper|garlic cloves|taco seasoning|water|taco sauce|sour cream|cheddar cheese|corn kernel|jalapeno pepper|black olives
2535,Larry S Black Bean Tacos,Mexican,main-dish,dairy-free,beginner,high,moderate,black beans|stewed tomatoes|taco seasoning|ground beef|tortilla
2536,Mexicali Casserole,Mexican,main-dish,,intermediate,medium,moderate,ground turkey|fat free cheese|onion|green pepper|whole kernel corn|taco seasoning mix|picante sauce|fat free sour cream|mexican cornbread mix|skim milk
2537,Mexican Chorizo,Mexican,main-dish,dairy-free,intermediate,medium,moderate,boneless pork loin|cider vinegar|chili powder|crushed red pepper flakes|paprika|oil|sugar|dried oregano|cumin|salt|fresh ground black pepper|garlic
2538,Mexican Grilled Chicken,Mexican,main-dish,dairy-free,intermediate,medium,moderate,"chicken thighs|onion|garlic clove|olive oil|mexican oregano|cumin|salt|black pepper|dried chipotle powder|paprika|limes, juice of|cilantro leaf"
2539,Mexican Layered Beef And Bean Casserole,Mexican,main-dish,,advanced,high,moderate,ground beef|fresh garlic|onion|green bell pepper|jalapeno pepper|taco seasoning mix|salt and black pepper|black beans|whole kernel corn|sour cream|salsa|tortilla chips|mexican blend cheese|plum tomatoes|green onions
2540,Mexican Tamales,Mexican,main-dish,dairy-free,advanced,medium,moderate,pork roast|dried ancho chiles|jalapenos|bulb of garlic|cumin|water|tomato paste|masa harina flour|baking powder|salt|vegetable shortening|chicken broth|corn husks|ripe olives
2541,Pesto Zucchini Quesadillas,Mexican,main-dish,vegetarian|pescatarian,intermediate,low,moderate,tortilla|pesto sauce|zucchini|avocado|monterey jack pepper cheese|sour cream|salsa
2542,Baked Chicken Fajitas,Mexican,main-dish,dairy-free,beginner,medium,moderate,boneless skinless chicken breast|diced tomatoes with green chilies|onion|green pepper|red pepper|canola oil|chili powder|ground cumin|salt|flour tortillas
2543,Easy Enchilada Casserole With Doritos,Mexican,main-dish,vegetarian|pescatarian,intermediate,high,moderate,chili with beans|sharp cheddar cheese|plain doritos|enchilada sauce|tomato sauce|diced onions|sour cream
2544,Easy La Victoria Chile Verde,Mexican,main-dish,,intermediate,medium,moderate,pork|salt|pepper|vegetable oil|butter|fresh onions|garlic|salsa verde|water
2545,Mexican Pork And Sweet Potato Stew,Mexican,main-dish,dairy-free,advanced,medium,moderate,olive oil|pork tenderloin|sweet potatoes|poblano peppers|onion|garlic|cumin|cinnamon|fat free chicken broth|water|frozen corn|salsa|cilantro
2546,Veggie Quesadillas,Mexican,main-dish,vegetarian|pescatarian,intermediate,low,moderate,summer squash|zucchini|onion|bell pepper|garlic|carrots|cheese|green onions|flour tortilla|jalapeno|salt|pepper|cooking spray
2547,Bean Burrito Casserole,Mexican,main-dish,vegetarian|pescatarian,intermediate,medium,moderate,onion|garlic|olive oil|black beans|tomato sauce|ground cumin|jalapeno chiles|fresh coriander|flour tortillas|monterey jack cheese|guacamole|salsa
2548,Chicken Breasts Cilantro,Mexican,main-dish,,intermediate,low,moderate,lime juice|vegetable oil|honey|boneless skinless chicken breast halves|tortilla chips|salsa|fresh cilantro|monterey jack cheese
2549,Creamy Taco Casserole,Mexican,main-dish,,intermediate,high,moderate,lean ground beef|taco seasoning mix|water|onion|garlic|taco sauce|cream cheese|corn kernels|olives|fritos corn chips|mexican blend cheese|tomatoes|green onion|sour cream|lettuce
2550,Kittencal S Beef Burritos,Mexican,main-dish,,advanced,high,moderate,pinto beans|lean ground beef|cayenne pepper|taco seasoning mix|onion|green bell pepper|fresh garlic|jalapeno pepper|seasoning salt|coarse black pepper|salsa|chile|monterey jack cheese|cheddar cheese|flour tortillas
2551,Layered Tamale Pie,Mexican,main-dish,,advanced,medium,moderate,olive oil|onion|ground beef|taco seasoning|water|crushed tomatoes|corn kernels|yellow cornmeal|corn tortillas|cheddar cheese
2552,Spicy Mexican Bean Burger,Mexican,main-dish,vegetarian|vegan|pescatarian|dairy-free,advanced,low,moderate,fat-free refried beans|oil|small onion|green pepper|frozen corn|carrot|picante sauce|breadcrumbs|flour|black pepper|salt|chili powder|cumin|black olives|hot sauce
2553,Fast Fiesta Mexican Ravioli,Mexican,main-dish,,intermediate,low,moderate,beef ravioli|enchilada sauce|salsa|monterey jack cheese|olives
2554,Foil Pack Taco Chicken Dinner,Mexican,main-dish,,intermediate,medium,moderate,boneless skinless chicken breast halves|taco seasoning mix|potatoes|cheese|salsa|sour cream
2555,Gourmet Huevos Rancheros,Mexican,main-dish,vegetarian|pescatarian,advanced,medium,moderate,corn tortillas|refried beans|unsalted butter|eggs|salt and black pepper|monterey jack cheese|avocado|lime juice|salsa|sour cream|fresh cilantro|green onion
2556,Jalisco Pork,Mexican,main-dish,dairy-free,intermediate,low,moderate,pork tenderloin|paprika|chili powder|red wine vinegar|garlic|ground cumin|dried oregano|salt|olive oil|lime wedges|tortilla|salsa|guacamole|fresh jalapeno
2557,Mexican Yellow Rice And Black Beans,Mexican,main-dish,vegetarian|pescatarian,intermediate,medium,moderate,brown rice|ground turmeric|vegetable stock|onion|jalapeno pepper|bell pepper|red bell pepper|crushed red pepper flakes|black beans|ground cumin|salt|olive oil|sharp cheddar cheese|fresh cilantro|limes
2558,Mole Poblano Chicken,Mexican,main-dish,dairy-free,beginner,medium,moderate,chicken breasts|unsweetened cocoa powder|salt|chili powder|coriander|lemon juice|diced tomatoes|onion|honey
2559,Mushroom And Chicken Grilled Quesadillas,Mexican,main-dish,,advanced,medium,moderate,butter|chili powder|garlic|dried oregano|white button mushrooms|cooked chicken|onion|fresh cilantro|cheddar cheese|corn tortillas|olive oil|salt and black pepper|salsa
2560,Paula S Mexican Rice,Mexican,main-dish,vegetarian|pescatarian,beginner,low,moderate,butter|onion|celery|water|salt|chili powder|cumin|rice|rotel tomatoes|sugar|worcestershire sauce|cheese
2561,Amazon Fried Chicken Breasts With Cilantro Sauce,Mexican,main-dish,dairy-free,intermediate,high,moderate,cilantro leaves|garlic cloves|jalapeno|distilled white vinegar|water|mayonnaise|eggs|all-purpose flour|salt|fresh ground pepper|potato chips|boneless skinless chicken breast halves|vegetable oil
2562,Baja Fish Tacos,Mexican,main-dish,vegetarian|pescatarian,intermediate,medium,moderate,catfish nuggets|dark beer|flour|taco seasoning mix|cilantro|sour cream|lime juice|vegetable oil|corn tortillas|cabbage|chopped tomato|lime wedge|onions
2563,Fajitas De Res Al Tequila Beef Fajitas With Tequila,Mexican,main-dish,vegetarian|vegan|pescatarian|dairy-free,intermediate,medium,moderate,skirt steaks|garlic cloves|vegetable oil|tequila|salt|fresh lime juice|white onion|green bell peppers|ground cumin
2564,Healthy Vegan Chili,Mexican,main-dish,vegetarian|vegan|pescatarian|dairy-free,beginner,low,moderate,boiling water|textured vegetable protein|onion|green pepper|red pepper|yellow pepper|orange bell pepper|garlic|water|beans|kidney beans|whole tomatoes|fresh corn|jalapeno pepper|chili powder|dried oregano|ground cumin|salt|pepper|cayenne
2565,Puerco Perdigado Con Chile Rojo Braised Pork With Red Chile Sau,Mexican,main-dish,,advanced,high,moderate,boneless pork butt|salad oil|onions|garlic cloves|chili powder|ground cumin|oregano leaves|water|sugar|salt|tomato paste|whipping cream|pumpkin seeds|avocado|tomatoes|sour cream|lime
2566,Todd S Chicken And Corn Enchiladas,Mexican,main-dish,,beginner,medium,moderate,cooked chicken|creamed corn|sour cream|pickled jalapeno peppers|green onion|tortillas|cheese
2567,Awesome And Easy Chicken Enchiladas Reduced Fat,Mexican,main-dish,,intermediate,high,moderate,flour tortillas|cooked chicken breast halves|onion|monterey jack cheese|reduced-fat cream of chicken soup|fat free sour cream|green chilies
2568,Awesome Beef Enchiladas,Mexican,main-dish,,intermediate,high,moderate,ground beef|onion|bell pepper|garlic cloves|serrano peppers|taco seasoning mix|cream cheese|enchilada sauce|monterey jack cheese|flour tortillas
2569,Black Bean And Chicken Quesadillas,Mexican,main-dish,,intermediate,medium,moderate,boneless skinless chicken breast|onion|black beans|salsa|taco seasoning|cheese|flour tortillas|sour cream|guacamole|chili powder|vegetable oil|cooking spray
2570,Chipotle Burger Topped With Grilled Onions And Cheese,Mexican,main-dish,,advanced,medium,moderate,chipotle chile in adobo|ground beef|salsa|olive oil|sweet onion|monterey jack cheese|kaiser rolls
2571,Fajita Quesadillas,Mexican,main-dish,vegetarian|pescatarian,advanced,medium,moderate,flank steaks|garlic|cooking oil|lime|worcestershire sauce|liquid smoke|white onion|green bell peppers|cheddar cheese|flour tortilla|guacamole|salsa|salt and pepper
2572,Green Salsa Chicken,Mexican,main-dish,,intermediate,medium,moderate,boneless skinless chicken breasts|oil|salt and pepper|chicken broth|sour cream|green chili salsa|monterey jack cheese
2573,Huevos Rancheros Potato Waffles 5Fix,Mexican,main-dish,vegetarian|pescatarian,advanced,medium,moderate,simply potatoes shredded hash browns|thick & chunky salsa|eggs|mexican blend cheese|cilantro
2574,Huevos Rancheros Tostados,Mexican,main-dish,vegetarian|pescatarian,advanced,low,moderate,corn tortillas|cooking spray|picante sauce|ketchup|pinto beans|eggs|salt|fresh cilantro|hot sauce|cheddar cheese
2575,Linda Mccartney S Magical Mystery Tacos,Mexican,main-dish,vegetarian|vegan|pescatarian|dairy-free,intermediate,low,moderate,onion|garlic|bell pepper|vegetable oil|firm tofu|chili powder|ground cumin|dried oregano|soy sauce|corn tortillas|tomato sauce
2576,Mexican Beef,Mexican,main-dish,,intermediate,medium,moderate,ground beef|onion|chili powder|ground cumin|ground coriander|salt|dried oregano|garlic powder|paprika|cornstarch|water|taco shells|cheddar cheese
2577,My Very Best Steak Or Chicken Fajitas,Mexican,main-dish,vegetarian|pescatarian,intermediate,medium,moderate,flank steaks|fajita seasoning mix|oregano|olive oil|vinegar|habanero pepper|lime juice|mccormick's montreal brand steak seasoning|red bell pepper|green bell pepper|yellow sweet onion|cheese|sour cream|guacamole|salsa|tomatoes
2578,Nif S Healthy Baked Beef Burritos,Mexican,main-dish,,intermediate,high,moderate,extra lean ground beef|taco seasoning|water|fat free sour cream|salsa|tomatoes|tortillas|low-fat cheddar cheese|head iceberg lettuce
2579,Pampered Chef Taco Lasagna,Mexican,main-dish,,advanced,medium,moderate,ground beef|taco seasoning|garlic|cayenne pepper|water|cornmeal|corn tortillas|salsa|green onion|sour cream|chili powder|monterey jack cheese|cheddar cheese
2580,Pollo Con Salsa Verde Chicken With Green Sauce,Mexican,main-dish,,advanced,medium,moderate,chicken breast fillets|flour|butter|salsa verde|chicken broth|garlic cloves|cilantro|fresh jalapeno|ground cumin|sour cream|green onions
2581,Speedy Cheese And Chicken Enchiladas,Mexican,main-dish,,intermediate,medium,moderate,onion|olive oil|cooked chicken|green enchilada sauce|cream cheese|cumin|mexican blend cheese|flour tortillas
2582,Taco Filled Pasta Shells,Mexican,main-dish,,advanced,low,moderate,ground beef|taco seasoning mix|fat free cream cheese|jumbo pasta shells|salsa|taco sauce|fat-free cheddar cheese|baked corn tortilla chips
2583,Tamales De Pollo Con Chile Verde Green Chile Chicken Tamales,Mexican,main-dish,dairy-free,advanced,low,moderate,corn husks|tomatillo|hot green chili pepper|garlic cloves|vegetable oil|chicken broth|salt|cooked chicken|fresh cilantro|pork fat|baking powder|masa harina flour
2584,15 Minute No Fry Chicken Enchiladas Honest,Mexican,main-dish,,intermediate,high,moderate,green enchilada sauce|cream of chicken soup|sour cream|cooked chicken|tortilla chips|monterey jack cheese|lettuce|tomatoes|black olives|green onion|salsa
2585,Amazing Taco Seasoning,Mexican,main-dish,vegetarian|vegan|pescatarian|dairy-free,intermediate,low,moderate,flour|chili powder|paprika|salt|dried onion flakes|cumin|cayenne|garlic powder|sugar|ground oregano
2586,Baked Baja Beef Chimichangas,Mexican,main-dish,,intermediate,high,moderate,flour tortillas|butter|lean ground beef|distilled white vinegar|diced green chilies|garlic cloves|dried oregano|ground cumin|crushed red pepper flakes|salt|lettuce|chopped tomato|cheese|sour cream|salsa
2587,Breast Of Chicken Oaxaca Fried Chicken In Chipotle Sauce,Mexican,main-dish,,advanced,high,moderate,hot water|chicken bouillon granule|chipotle chiles in adobo|low-fat sour cream|lime juice|avocado|boneless skinless chicken breasts|asadero cheese|salt|pepper|flour|egg whites|seasoned bread crumbs|vegetable oil|linguine|sliced ripe olives|fresh parsley
2588,Chicken Chile Verde Enchiladas,Mexican,main-dish,,intermediate,medium,moderate,boneless skinless chicken breasts|cheddar cheese|monterey jack cheese|sour cream|onion|mild green chilies|flour tortillas|green enchilada sauce|black olives
2589,Chicken Fajita Casserole,Mexican,main-dish,,intermediate,high,moderate,boneless chicken breasts|white onions|garlic|red bell pepper|green bell pepper|yellow bell pepper|oil|tomatoes and green chilies|cream of chicken soup|flour tortilla|monterey jack cheese
2590,Cooking Class Refried Beans,Mexican,main-dish,vegetarian|vegan|pescatarian|dairy-free,advanced,low,moderate,dried red beans|cold water|vegetable shortening|white onion|salt|garlic clove
2591,Grilled Strip Steaks With Horseradish Guacamole,Mexican,main-dish,vegetarian|pescatarian,intermediate,high,moderate,new york strip steaks|steak sauce|fresh coarse ground black pepper|avocados|lemon juice|sour cream|prepared horseradish|garlic clove|fresh dill|worcestershire sauce
2592,Grilled Tequila Salmon,Mexican,main-dish,pescatarian,advanced,medium,moderate,limes|tequila|olive oil|jalapeno peppers|sugar|chili powder|salt|salmon steaks|butter
2593,Leftover Turkey Or Chicken Enchiladas,Mexican,main-dish,,intermediate,medium,moderate,cooked turkey|vegetables|cheddar cheese|mexican blend cheese|salsa|cumin|chili powder|hot sauce|tortillas
2594,Roasted Poblano And Chicken Enchiladas With Sour Cream Sauce,Mexican,main-dish,,advanced,high,moderate,rotisserie-cooked chicken|poblano peppers|red onion|garlic cloves|ground cumin|ground coriander|chili powder|monterey jack cheese|soft taco-size flour tortillas|green onion|shallot|serrano peppers|butter|cumin|coriander|garlic powder|white pepper|flour|sour cream|chicken broth
2595,Seared Steak Pepper Onion Fajitas From Fine Cooking,Mexican,main-dish,vegetarian|pescatarian,advanced,high,moderate,coarse salt|black pepper|ground cumin|cayenne|canola oil|strip steaks|yellow bell pepper|yellow onion|fresh jalapenos|garlic|fresh lime juice|fresh cilantro leaves|flour tortillas|avocado|sour cream|fresh tomatoes|cilantro
2596,Spicy Healthy Taco Bean Soup,Mexican,main-dish,dairy-free,intermediate,low,moderate,onion|taco seasoning|whole kernel corn|reduced-sodium chicken broth|black beans|great northern beans|fat-free refried beans|diced tomatoes
2597,Veggie Tex Mex Tortilla Wraps,Mexican,main-dish,vegetarian|vegan|pescatarian|dairy-free,beginner,low,moderate,black beans|lime juice|orange juice|garlic|salt|cayenne pepper|scallions|red bell peppers|flour tortillas|salsa
2598,Chicken Enchiladas With Ancho Chile Cream Sauce,Mexican,main-dish,,advanced,high,moderate,light sour cream|diced green chilies|green onions|cilantro|cumin|cooked chicken|extra-sharp cheddar cheese|tomatoes|button mushroom|dried ancho chiles|garlic cloves|whipping cream|fresh lime juice|flour tortillas
2599,Chicken Kiev Ole,Mexican,main-dish,,intermediate,medium,moderate,boneless skinless chicken breasts|green chilies|monterey jack cheese|breadcrumbs|parmesan cheese|chili powder|cumin|salt|pepper|butter|salsa
2600,Chili S Margarita Grilled Chicken And Belinda S Mexican Rice,Mexican,main-dish,dairy-free,intermediate,medium,moderate,boneless skinless chicken breasts|margarita mix|tequila|garlic|garlic salt|pepper|white rice|chicken broth|salsa|cumin|vegetable oil
2601,Chorizo And Egg Burritos,Mexican,main-dish,,beginner,high,moderate,chorizo sausage|eggs|onion|flour tortillas|monterey jack cheese|sour cream|hot sauce|avocado
2602,Chow Down Chimichangas,Mexican,main-dish,,advanced,medium,moderate,beef stew meat|water|garlic cloves|green chilies|chili powder|vinegar|dried oregano|salt|pepper|cumin|flour tortillas|green chili sauce|lettuce|sour cream|guacamole
2603,Costillitas En Naranja Mexican Ribs In Orange Chili Sauce,Mexican,main-dish,dairy-free,advanced,high,moderate,bacon fat|country-style pork ribs|onions|tomatoes|garlic|ancho chilies|cinnamon|clove|fresh orange juice|dry white wine|unrefined sugar|orange rind|salt|cider vinegar|orange slice|fresh cilantro stem
2604,Make Ahead Mexican Chicken And Potatoes,Mexican,main-dish,,intermediate,medium,moderate,boneless skinless chicken breast halves|taco seasoning mix|potatoes|cheese|salsa|sour cream
2605,Meatless Mission Chili,Mexican,main-dish,vegetarian|vegan|pescatarian|dairy-free,intermediate,low,moderate,safflower oil|garlic clove|green bell pepper|celery|onion|carrot|zucchini|tomatoes with juice|kidney beans|tomato sauce|water|chili powder|hot pepper sauce|basil|oregano|black pepper
2606,Mexican Cornbread Salad,Mexican,main-dish,,intermediate,medium,moderate,mexican cornbread mix|green chilies|sage|ranch dressing mix|sour cream|mayonnaise|pinto beans|bell pepper|whole kernel corn|tomatoes|bacon|cheddar cheese|green onion
2607,Mexican Polenta Pie,Mexican,main-dish,,advanced,medium,moderate,onion|green sweet pepper|garlic cloves|olive oil|ground turkey|chili powder|ground cumin|cayenne pepper|black beans|diced tomatoes|salsa|polenta|monterey jack cheese|fresh tomato|fresh cilantro
2608,Mexican Pork Chops With Veggies 5 Ww Points,Mexican,main-dish,dairy-free,intermediate,low,moderate,boneless pork cutlets|green bell pepper|onion|tomatoes and green chilies|corn|salsa|oregano|ground cumin
2609,Pollo A La Crema,Mexican,main-dish,,intermediate,medium,moderate,olive oil|boneless chicken breasts|sweet onion|fresh mushrooms|paprika|chicken base|heavy cream|sour cream
2610,Quick Easy Bean Burrito Casserole,Mexican,main-dish,vegetarian|pescatarian,intermediate,medium,moderate,olive oil|onion|garlic|black beans|tomato sauce|ground cumin|chili powder|green chilies|7-inch flour tortillas|reduced-fat cheddar cheese|low-fat sour cream|green onion|salsa
2611,Rockin Enchiladas W Sour Cream Sauce,Mexican,main-dish,,intermediate,high,moderate,ground beef|onion|green chilies|sour cream|cream of chicken soup|taco seasoning|chili powder|garlic powder|cayenne|salt|pepper|oil|flour tortillas|cheddar cheese
2612,Seafood Enchiladas,Mexican,main-dish,pescatarian,advanced,high,moderate,white onions|diced green chilies|butter|crabmeat|baby shrimp|walnut halves|olives|monterey jack cheese|cheddar cheese|vegetable oil|corn tortillas|half-and-half|sour cream|dried oregano|salt|garlic powder
2613,Shrimp With Sweet Toasty Garlic Camarones Al Mojo De Ajo,Mexican,main-dish,pescatarian|dairy-free,advanced,medium,moderate,"garlic clove|extra virgin olive oil|salt|lime, juice of|chipotle chiles in adobo|limes|medium shrimp|fresh cilantro"
2614,Southwest Black Bean And Corn Enchiladas,Mexican,main-dish,vegetarian|pescatarian,advanced,high,moderate,oil|yellow onion|red bell pepper|garlic clove|black beans|salsa|corn kernel|sour cream|cumin|mexican oregano|salt|tortillas|enchilada sauce|cheddar cheese
2615,Spiced Black Bean Soup,Mexican,main-dish,vegetarian|pescatarian,intermediate,low,moderate,onion|red bell pepper|roma tomatoes|celery|garlic clove|fresh ginger|olive oil|black beans|vegetable broth|oregano|cumin|celery salt|dried cilantro|thyme|allspice|nutmeg|ground cloves|nonfat sour cream|fresh cilantro
2616,Spinach Enchiladas Low Fat,Mexican,main-dish,vegetarian|pescatarian,advanced,medium,moderate,frozen chopped spinach|sliced mushrooms|onion|pinto beans|chili powder|red pepper flakes|cumin|low-sodium tomato sauce|water|hot pepper sauce|corn tortillas|reduced-fat monterey jack cheese|low-fat cheddar cheese|salt
2617,Sweet Red Pepper Mushroom Quesadillas,Mexican,main-dish,vegetarian|pescatarian,intermediate,high,moderate,red onion|fresh mushrooms|garlic|oregano|olive oil|tomatoes|red peppers|tortillas|cheddar cheese
2618,Tacos From Scratch Way Better Than A Packet And Just As Easy,Mexican,main-dish,dairy-free,intermediate,low,moderate,ground beef|tomato sauce|ground cumin|ground coriander|chili powder|garlic cloves|hot sauce|salt
2619,Tsr Version Of Taco Bell Enchiritos By Todd Wilbur,Mexican,main-dish,,advanced,low,moderate,ground beef|all-purpose flour|chili powder|salt|dried onion flakes|paprika|onion powder|garlic powder|water|refried beans|flour tortillas|diced onion|red chili sauce|shredded cheddar cheese
2620,Beef For Tacos,Mexican,main-dish,vegetarian|vegan|pescatarian|dairy-free,intermediate,low,moderate,sirloin|onion|garlic cloves|salt|water
2621,Chicken Enchilada Pasta,Mexican,main-dish,,advanced,high,moderate,pasta|cooked chicken breasts|scallion|diced tomatoes|frozen corn|tomato sauce|enchilada sauce|cumin|chili powder|garlic powder|salt|monterey jack cheese|cilantro|light sour cream
2622,Chicken Flautas With Chunky Guacamole,Mexican,main-dish,,advanced,low,moderate,cooked chicken|lemon juice|cumin|jalapeno|cilantro|garlic cloves|monterey jack cheese|salt and pepper|flour tortillas|oil|avocados|red onion|cherry tomatoes
2623,Easy Chile Rellenos Casserole,Mexican,main-dish,vegetarian|pescatarian,intermediate,medium,moderate,whole green chilies|green onions|cheddar cheese|monterey jack cheese|eggs|milk|flour|salt and pepper|salsa
2624,Easy Mexican Layered Dip,Mexican,main-dish,,intermediate,high,moderate,refried beans|ground beef|velveeta cheese|salsa|colby-monterey jack cheese|taco seasoning mix|ripe olives|jalapeno|sour cream
2625,Family Favorite Taco Salad,Mexican,main-dish,,intermediate,high,moderate,lean ground beef|mixed salad greens|tomatoes|green onions|kidney beans|catalina dressing|cheddar cheese|cool ranch doritos
2626,Flavorful Chicken Enchilada Soup,Mexican,main-dish,,intermediate,medium,moderate,onion|garlic cloves|bell pepper|oil|chicken breasts|condensed cream of chicken soup|tomato sauce|water|chicken bouillon|worcestershire sauce|dried oregano|ground cumin|chili powder|frozen corn|tortilla chips|cheese
2627,Ground Beef And Texas Bean Enchiladas,Mexican,main-dish,,advanced,medium,moderate,ground beef|pinto beans|diced tomatoes|poblano peppers|white onions|garlic|mexican blend cheese|salt and pepper|8-inch flour tortillas|hot water|tomato paste|margarine|flour|red chili powder|cumin|garlic powder
2628,Healthier Mexican Chicken Casserole,Mexican,main-dish,,intermediate,medium,moderate,boneless skinless chicken breast|garlic cloves|extra virgin olive oil|red onion|red bell pepper|diced tomato|cumin|chili powder|diced green chilies|low sodium chicken broth|whole wheat tortillas|shredded cheddar cheese
2629,Kittencal S Mexi Ground Beef And Rice,Mexican,main-dish,dairy-free,intermediate,medium,moderate,oil|ground beef|onion|green bell pepper|garlic cloves|crushed red pepper flakes|taco seasoning mix|chicken broth|diced tomatoes|long grain white rice|seasoning salt|fresh ground black pepper|green olives
2630,Mexican Hamburgers,Mexican,main-dish,dairy-free,beginner,high,moderate,beef|taco seasoning mix|green chilies|onion
2631,Pete S Olga S Chili Verde,Mexican,main-dish,dairy-free,intermediate,high,moderate,boneless pork shoulder|olive oil|yellow onion|green bell pepper|green onions|garlic cloves|serrano peppers|cumin|oregano|green enchilada sauce|cilantro
2632,Taco Mac Cheese,Mexican,main-dish,,intermediate,medium,moderate,kraft macaroni and cheese|butter|skim milk|extra lean ground beef|taco seasoning|louisiana hot sauce|water|reduced-fat cheddar cheese
2633,The Best Sour Cream Shredded Chicken Enchiladas,Mexican,main-dish,,advanced,medium,moderate,chicken breasts|sour cream|cream of mushroom soup|diced green chilies|onion|salt|cheddar cheese|corn tortillas|vegetable oil
2634,Baja Vegetable Stew,Mexican,main-dish,vegetarian|vegan|pescatarian|dairy-free,advanced,low,moderate,red chili peppers|olive oil|onion|garlic|cumin|tomatoes|broth|red bell pepper|yellow bell pepper|zucchini|corn|salt and pepper|black beans|kidney bean|cider vinegar|cilantro|lime wedge|avocado
2635,Baked Swordfish Manzanillo,Mexican,main-dish,vegetarian|vegan|pescatarian|dairy-free,beginner,medium,moderate,swordfish steaks|salt|pepper|olive oil|green onion|parsley|chopped tomato|lime wedge
2636,Beef Nacho Casserole,Mexican,main-dish,,beginner,medium,moderate,ground beef|chunky salsa|whole kernel corn|miracle whip|chili powder|tortilla chips|cheddar cheese
2637,Beef Pork Empanadas Adopted 2006,Mexican,main-dish,,advanced,low,moderate,"all-purpose flour|lard|unsalted butter|salt|ice water|ground beef|onion|garlic cloves|almonds|raisins|plum tomatoes|serrano peppers|limes, juice of|black pepper|cumin|clove|cinnamon|egg wash"
2638,Carne Asada Marinade,Mexican,main-dish,vegetarian|vegan|pescatarian|dairy-free,beginner,medium,moderate,"lime, juice of|lemon, juice of|oranges, juice of|chili powder|dried oregano leaves|ground cumin|coriander seeds|garlic cloves|soy sauce|jalapeno peppers|onion|skirt steaks"
2639,Cheesy Chicken Quesadillas,Mexican,main-dish,,intermediate,low,moderate,boneless skinless chicken breast|salt and pepper|condensed cheddar cheese soup|chunky salsa|8-inch flour tortillas
2640,Chicken And Spinach Enchiladas,Mexican,main-dish,,advanced,high,moderate,boneless skinless chicken breast|frozen chopped spinach|green onion|light sour cream|plain fat-free yogurt|all-purpose flour|ground cumin|salt|1% low-fat milk|green chili peppers|7-inch flour tortillas|monterey jack and cheddar cheese blend|black beans|salsa
2641,Chicken Souiza Cornbread Bake,Mexican,main-dish,,advanced,medium,moderate,margarine|onion|garlic clove|whole kernel corn|cream-style corn|salt|egg substitute|cornbread mix|cooked chicken breasts|green chili peppers|nonfat sour cream|ground black pepper|monterey jack cheese
2642,Chipotle Chicken Taco Salad,Mexican,main-dish,,beginner,medium,moderate,fresh cilantro|light sour cream|chipotle chile|ground cumin|chili powder|fresh lime juice|salt|romaine lettuce|cooked boneless skinless chicken breasts|cherry tomatoes|avocado|red onion|black beans|no-salt-added corn
2643,Cran Turkey Enchiladas,Mexican,main-dish,,advanced,medium,moderate,nonstick cooking spray|cooked turkey|whole berry cranberry sauce|black beans|salsa|colby-monterey jack cheese|sour cream|green onions|fresh cilantro|ground cumin|salt|ground black pepper|wheat flour tortillas|bottled hot pepper sauce
2644,Easy Beef Or Chicken Fajitas,Mexican,main-dish,dairy-free,intermediate,high,moderate,red bell peppers|onion|garlic|beef sirloin|ground cumin|chili powder|fresh lime juice|cooking spray|6-inch flour tortillas
2645,Eggs And Chiles Ole,Mexican,main-dish,vegetarian|pescatarian,intermediate,high,moderate,green chilies|monterey jack cheese|eggs|sour cream|salt and pepper
2646,Ellie S Chorizo Beans,Mexican,main-dish,dairy-free,beginner,medium,moderate,chorizo sausage|onion|fresh jalapeno|garlic|pinto beans
2647,Enchiritos Micro Mexican Meal,Mexican,main-dish,,intermediate,low,moderate,flour tortillas|refried beans|lean ground beef|taco seasoning mix|water|cheddar cheese|taco sauce|onion|sour cream
2648,Frozen Beef And Bean Burritos Oamc,Mexican,main-dish,,advanced,medium,moderate,dried pinto bean|sweet onion|lard|garlic|adobo seasoning|black pepper|ground cumin|ground beef|tomato paste|green chilies|10-inch flour tortillas|cheddar cheese
2649,Green Chili,Mexican,main-dish,dairy-free,intermediate,medium,moderate,boneless pork|onions|green chilies|jalapenos|garlic|cumin seed|ground cumin|oregano|thyme|cilantro|white beans|chili powder|red wine vinegar|salt and pepper|beef double bouillon cubes|water|olive oil
2650,Kittencal S Enchilada Stack,Mexican,main-dish,,advanced,high,moderate,ground beef|onion|green bell pepper|garlic|salt and black pepper|jalapeno pepper|taco seasoning mix|salsa|flour tortillas|sour cream|shredded cheddar cheese|diced green chilies
2651,Low Carb Mexican Beef And Spinach Casserole,Mexican,main-dish,,beginner,medium,moderate,ground beef|onion|frozen chopped spinach|cream cheese|sour cream|taco seasoning|rotel tomatoes|pickled jalapeno pepper|salt and pepper
2652,Made Em Myself Tortillas,Mexican,main-dish,vegetarian|vegan|pescatarian|dairy-free,advanced,low,moderate,all-purpose flour|salt|vegetable shortening|warm water
2653,Mexican Egg Casserole,Mexican,main-dish,vegetarian|pescatarian,intermediate,medium,moderate,all-purpose flour|baking powder|eggs|monterey jack cheese|small curd cottage cheese|plum tomatoes|green chilies|green onions|hot pepper sauce|dried oregano|fresh cilantro|salt|pepper|salsa
2654,Mexican Tortas De Milanesa,Mexican,main-dish,,advanced,high,moderate,sandwich steaks|breadcrumbs|eggs|vegetable oil|hot dog buns|sour cream|refried beans|chorizo sausage|queso fresco|lettuce|tomatoes|avocados|onion
2655,Music Parents Famous Frito Pie,Mexican,main-dish,,intermediate,medium,moderate,ground beef|onion|garlic cloves|tomatoes with juice|chili powder|salt|sugar|worcestershire sauce|red kidney beans|fritos corn chips|cheddar cheese
2656,Refried Bean Burritos,Mexican,main-dish,vegetarian|pescatarian,advanced,medium,moderate,refried beans|chili powder|ground cumin|dried oregano|garlic powder|hot sauce|cooked rice|cheddar cheese|salsa|flour tortilla|chopped tomato|lettuce|black olives|scallion|jalapeno|sour cream|guacamole
2657,San Jose Quiche,Mexican,main-dish,,advanced,medium,moderate,ground beef|onion|green bell pepper|garlic clove|dried cilantro|dried oregano|ground cumin|chili powder|green chili salsa|corn tortillas|whole green chilies|cheddar cheese|eggs|milk
2658,Spaceship Aka New Taco Bell Crunchwrap,Mexican,main-dish,,advanced,medium,moderate,burrito-size flour tortillas|corn tortillas|low-fat cheddar cheese|ground turkey|taco seasoning|olive oil|lettuce|tomatoes|sour cream
2659,Taco Bell Style Mexican Pizzas,Mexican,main-dish,,advanced,high,moderate,8-inch flour tortillas|enchilada sauce|diced tomatoes with mild green chilies|ground beef|taco seasoning|refried beans|mexican blend cheese|green onions
2660,Taco Bell Taco Meat For Soft Or Hard Shells,Mexican,main-dish,,intermediate,medium,moderate,lean ground beef|all-purpose flour|salt|dried onion flakes|paprika|chili powder|garlic powder|onion powder|water|flour tortillas|iceberg lettuce|cheddar cheese
2661,Tex Mex Chicken Fajitas,Mexican,main-dish,,advanced,low,moderate,beer|soy sauce|worcestershire sauce|lemon juice|olive oil|hot sauce|garlic|sweet onion|green bell pepper|boneless skinless chicken breast halves|flour tortilla|salsa|sour cream|cheese|avocado
2662,Tex Mex Spaghetti Crock Pot Served,Mexican,main-dish,,intermediate,medium,moderate,spaghetti|ground beef|onion|pace picante sauce|mexicorn|tomatoes|black olives|monterey jack cheese|cheddar cheese
2663,The Shut Up Sandi Quesadilla Quesadillas,Mexican,main-dish,vegetarian|pescatarian,intermediate,low,moderate,flour tortilla|butter|gouda cheese|scallions|roma tomato|cilantro
2664,Thom S Chicken Enchiladas,Mexican,main-dish,,advanced,high,moderate,flour tortillas|yellow onion|garlic cloves|ground coriander|pepper|butter|all-purpose flour|sour cream|chicken broth|green chili peppers|monterey jack cheese|cooked chicken|ripe olives|chopped tomato|green onion
2665,Chipotle Style Chicken Burrito Bowls,Mexican,main-dish,,advanced,high,moderate,black beans|sour cream|diced tomatoes with chiles and cilantro|sweet corn|chicken breasts|mexican rice|fresh cilantro|cumin|adobo seasoning|paprika|taco seasoning|salt|pepper|guacamole seasoning mix|avocado|lettuce|cheddar cheese|extra virgin olive oil
2666,Avocado Cashew Enchiladas,Mexican,main-dish,vegetarian|pescatarian,intermediate,high,moderate,"hass avocadoes|lime, juice of|green onions|parsley|cilantro|jalapeno|cashews|sour cream|garlic clove|corn tortillas|enchilada sauce|monterey jack cheese"
2667,Awesome White Cheese And Chocolate Enchiladas,Mexican,main-dish,vegetarian|pescatarian,intermediate,high,moderate,corn tortillas|mexican blend cheese|green onions|olive oil|onion|garlic|dried oregano|ground cumin|cinnamon|flour|chili powder|vegetable stock|semisweet chocolate
2668,Baked Chicken Taquitos,Mexican,main-dish,,advanced,medium,moderate,olive oil|onion|garlic cloves|ground cumin|paprika|sea salt|cilantro|chicken meat|gluten-free chicken stock|corn tortillas|monterey jack cheese
2669,Baked Vegetarian Enchiladas,Mexican,main-dish,vegetarian|pescatarian,intermediate,low,moderate,corn|black beans|salsa|firm tofu|salt|corn tortillas|enchilada sauce|cheese|sour cream
2670,Barbecued Salmon,Mexican,main-dish,pescatarian|dairy-free,intermediate,low,moderate,"fresh orange juice|fresh lemon juice|salmon fillets|brown sugar|chili powder|lemons, zest of|ground cumin|salt|cinnamon|lemon"
2671,Beef Tortilla Cake,Mexican,main-dish,,advanced,high,moderate,green onions|garlic cloves|olive oil|lean ground beef|dry oregano|chili powder|cream cheese|chicken stock|fresh chives|salt and pepper|tortillas|sharp cheddar cheese|sour cream
2672,Breakfast Burritos Filling,Mexican,main-dish,,intermediate,medium,moderate,potatoes|onion|green pepper|garlic clove|bacon|eggs|milk|butter|flour tortillas
2673,Cheese Enchiladas With Chili Gravy,Mexican,main-dish,,advanced,high,moderate,dried ancho chile powder|unsalted beef stock|ground beef|onion|garlic|bacon drippings|cumin seeds|oregano|salt|masa harina|mild cheddar cheese|oil|corn tortillas|cheddar cheese|green onion|fresh jalapeno
2674,Chicken Enchilada Bake With Salsa Cream Sauce,Mexican,main-dish,,advanced,medium,moderate,butter|flour|chicken stock|salt|ground pepper|light sour cream|salsa|corn tortillas|cooked chicken|green onions|black olives|monterey jack cheese|lime wedge|papaya
2675,Chicken Ol Low Fat,Mexican,main-dish,,beginner,low,moderate,frozen hash browns with cheddar cheese|cooked chicken breasts|healthy request cream of mushroom soup|tomatoes with jalapeno peppers
2676,Chicken Or Turkey Enchiladas With Sour Cream,Mexican,main-dish,,intermediate,medium,moderate,chicken|sour cream|sharp cheddar cheese|salt|canola oil|corn tortillas|medium hot salsa
2677,Crab Quesadillas,Mexican,main-dish,vegetarian|pescatarian,advanced,low,moderate,lump crabmeat|sour cream|lime juice|green onions|salt|fresh ground pepper|queso fresco|fresh cilantro|8-inch fat-free flour tortillas
2678,Creamy Cheese Enchiladas,Mexican,main-dish,,intermediate,medium,moderate,flour tortillas|monterey jack cheese|green onions|butter|flour|chicken broth|sour cream|green chilies
2679,Dan S Favorite Tex Mex Skillet Dinner,Mexican,main-dish,,intermediate,medium,moderate,ground beef|onion|green bell pepper|tomatoes and green chilies|water|long grain rice|taco seasoning mix|salt|lettuce|green onions|tomatoes|avocado|black olives|mexican blend cheese|tortilla chips|salsa
2680,Easy Beef Enchilada,Mexican,main-dish,,intermediate,high,moderate,hamburger|onion|taco seasoning|diced tomatoes|tomato sauce|chilies|cream of chicken soup|milk|cheese|corn tortillas|cooking spray
2681,Enchiladas De Calabacitas Con Salsa Crema De Chile Zucchini Enc,Mexican,main-dish,,advanced,high,moderate,butter|milk|salt|chicken broth|all-purpose flour|diced green chilis|flour tortillas|zucchini|monterey jack cheese|onion|mexican crema|fresh cilantro
2682,Fiesta Vegetable Stuffed Bell Peppers,Mexican,main-dish,vegetarian|pescatarian,intermediate,low,moderate,red bell peppers|onion|frozen corn|black beans|olive oil|cumin|cayenne pepper|garlic clove|cilantro|cheddar cheese|monterey jack pepper cheese
2683,Green Chile Chicken Enchilada Casserole,Mexican,main-dish,,intermediate,high,moderate,chicken breasts|sour cream|condensed cream of chicken soup|diced green chilies|white onion|monterey jack and cheddar cheese blend|flour tortillas
2684,Green Lime Shrimp Mexico,Mexican,main-dish,pescatarian,beginner,low,moderate,jumbo shrimp|lime|fresh chili pepper|butter|onions|sour cream|salt|pepper
2685,Ground Pork Tacos,Mexican,main-dish,dairy-free,beginner,medium,moderate,ground pork|diced tomatoes|onion|chili powder|garlic powder|flour tortillas|lettuce
2686,Layered Mexican Chicken,Mexican,main-dish,,advanced,low,moderate,olive oil flavored cooking spray|boneless skinless chicken breasts|canned black beans|nonfat sour cream|reduced-fat monterey jack cheese|green chilies|ground cumin|black pepper|corn tortillas|salsa
2687,Mexican Chicken Stuffing,Mexican,main-dish,,intermediate,low,moderate,hot water|margarine|chicken flavor stuffing mix|mild salsa|boneless skinless chicken breast halves|monterey jack cheese
2688,Mexican Doughboys,Mexican,main-dish,,advanced,high,moderate,ground beef|taco seasoning|corn kernel|salsa|pillsbury refrigerated crescent dinner rolls|colby-monterey jack cheese|sour cream
2689,Mexican Pork Cubes,Mexican,main-dish,,beginner,medium,moderate,boneless pork chops|butter|diced onion|salsa|cumin|red wine vinegar|chili powder|onion salt|cheddar cheese
2690,Mexican Prawn Shrimp Kebabs,Mexican,main-dish,pescatarian|dairy-free,intermediate,low,moderate,king prawns|zucchini|taco seasoning mix|lemon juice|vegetable oil|fresh chives
2691,Mexican Taco Casserole,Mexican,main-dish,vegetarian|pescatarian,intermediate,medium,moderate,taco chips|tomato sauce|sweet corn|red kidney beans|carrots|onion|green chilies|cheese
2692,Over The Top Enchiladas,Mexican,main-dish,vegetarian|pescatarian,advanced,medium,moderate,hamburger|water|taco seasoning|cooked rice|kidney beans|flour tortillas|cheddar cheese|monterey jack cheese|chilies|low-fat cream of mushroom soup|light sour cream|salsa|green onion
2693,Pork Fajitas,Mexican,main-dish,,intermediate,medium,moderate,"olive oil|pork tenderloin|salt|pepper|red bell pepper|green bell pepper|onion|garlic|ground cumin|fajita seasoning mix|lime, juice of|6-inch flour tortillas|lettuce|chopped tomato|avocado|cheese"
2694,Quick Vegan Quesadillas,Mexican,main-dish,vegetarian|vegan|pescatarian|dairy-free,intermediate,low,moderate,garbanzo beans|roasted red pepper|lemon juice|tahini|garlic cloves|cumin|whole wheat tortillas|onion|salsa
2695,Salsa Chicken Burrito Filling,Mexican,main-dish,dairy-free,beginner,low,moderate,boneless skinless chicken breast halves|tomato sauce|salsa|taco seasoning mix|ground cumin|garlic cloves|chili powder|hot sauce
2696,Spiced Lentil Tacos Vegetarian,Mexican,main-dish,vegetarian|pescatarian,intermediate,medium,moderate,olive oil|onion|garlic clove|salt|dried brown lentils|taco seasoning|vegetable broth|nonfat sour cream|chipotle chile in adobo|adobo sauce|taco shells|lettuce|chopped tomato|reduced-fat cheddar cheese
2697,Spinach Burritos,Mexican,main-dish,vegetarian|pescatarian,beginner,medium,moderate,onion|garlic cloves|margarine|frozen spinach|pepper|flour tortillas|picante sauce|cheddar cheese|cooking spray
2698,Taco Biscuit Bake,Mexican,main-dish,,intermediate,medium,moderate,ground beef|taco seasoning|water|milk|eggs|biscuit mix|salt|black pepper|sour cream|lettuce|tomatoes|onion|sharp cheddar cheese|taco sauce
2699,Tacos In A Pan,Mexican,main-dish,,intermediate,medium,moderate,refrigerated crescent dinner rolls|cream cheese|sour cream|ground beef|taco seasoning|cheese|lettuce|tomatoes|black olives|green onion|salsa|guacamole
2700,Tiger Prawns In Garlic Butter,Mexican,main-dish,pescatarian,intermediate,low,moderate,"tiger shrimp|butter|vegetable oil|garlic cloves|limes, juice and zest of|fresh coriander|tortilla|lemon slice"
2701,Tostada Compuestas,Mexican,main-dish,,intermediate,medium,moderate,ground beef|onion|garlic clove|chili powder|salt|kidney beans|flour tortillas|vegetable oil|tomatoes|head iceberg lettuce|avocado|sharp cheddar cheese|taco sauce|sour cream
2702,Bean And Sweet Potato Nachos,Mexican,main-dish,vegetarian|pescatarian,intermediate,high,moderate,sweet potato|olive oil|cumin seeds|coriander seeds|onion|garlic cloves|chili|paprika|chopped tomatoes|red pepper|green pepper|red kidney beans|tortilla chips|cheddar cheese|coriander|avocado|sour cream|fresh tomato|hot pepper sauce|lemon juice
2703,Beefy Layered Burrito Casserole,Mexican,main-dish,,advanced,high,moderate,lean ground beef|white onion|cooked rice|condensed cheddar cheese soup|taco seasoning|burrito-size flour tortillas|salsa|black beans|corn|cheddar cheese|enchilada sauce|cilantro
2704,Black And White Bean Chicken Chili,Mexican,main-dish,,advanced,medium,moderate,oil|onion|garlic clove|flour|chili powder|cumin|salt|milk|chicken broth|white shoepeg corn|white beans|black beans|cooked chicken|green chilies|fresh cilantro
2705,Black Bean And Brown Rice Burritos,Mexican,main-dish,vegetarian|vegan|pescatarian|dairy-free,intermediate,low,moderate,black beans|onion|green chilies|fresh cilantro|red chili powder|whole wheat tortillas|cooked brown rice|salsa
2706,Cabo Wabo Fish Tacos,Mexican,main-dish,pescatarian|dairy-free,advanced,medium,moderate,fresh lime juice|tequila|mexican oregano|fresh garlic|onion powder|ground cumin|fresh cilantro|yellowfin tuna fillet|corn tortillas|cabbage|lime|chipotle chiles|feta
2707,Caldillo New Mexican Green Chile Stew,Mexican,main-dish,dairy-free,beginner,high,moderate,lean beef round|oil|potatoes|onion|garlic clove|salt|green chili peppers
2708,Cancun Casserole,Mexican,main-dish,vegetarian|pescatarian,intermediate,high,moderate,corn tortillas|green chili peppers|crabmeat|cheddar cheese|red onion|fresh cilantro|heavy cream|eggs|salt and pepper
2709,Carnitas A La Whole Foods,Mexican,main-dish,dairy-free,beginner,medium,moderate,boneless pork loin|garlic cloves|jalapeno|cumin|sea salt|pepper|olive oil|orange juice|lime juice|chicken stock
2710,Cheesy Taco Bake,Mexican,main-dish,,advanced,medium,moderate,crescent rolls|corn chips|ground beef|tomato paste|water|taco seasoning|sour cream|monterey jack and cheddar cheese blend
2711,Chicken And Cheese Flautas,Mexican,main-dish,,intermediate,low,moderate,flour tortillas|monterey jack pepper cheese|cooked chicken|ground cumin|chunky salsa|vegetable oil|guacamole|sour cream
2712,Chicken Enchiladas With Tomatillo Sauce Enchiladas Verdes,Mexican,main-dish,,advanced,medium,moderate,boneless skinless chicken breasts|adobo seasoning|white onion|garlic cloves|sour cream|serrano chilies|tomatillos|cilantro|vegetable oil|corn tortillas|queso fresco
2713,Chicken Fajitas With Grilled Peppers And Onions,Mexican,main-dish,,intermediate,high,moderate,"fresh cilantro|olive oil|limes, juice of|ground cumin|chili powder|boneless chicken breast halves|poblano chiles|yellow bell pepper|red bell peppers|red onions|flour tortillas|salsa|sour cream|cilantro|avocado|black olives|red chili pepper"
2714,Chicken Mole Lasagna Easy And Good,Mexican,main-dish,,intermediate,medium,moderate,mole|chicken broth|cooked chicken|nonstick cooking spray|corn tortillas|mexican blend cheese
2715,Chile Con Carne Canning,Mexican,main-dish,dairy-free,advanced,medium,moderate,dried pinto beans|water|salt|ground beef|onions|bell pepper|black pepper|chili powder|crushed tomatoes
2716,Chorizo Sausage,Mexican,main-dish,dairy-free,intermediate,high,moderate,ground pork|dried new mexico chiles|dried chile de arbol|boiling water|garlic|dry oregano leaves|ground cumin|fresh ground black pepper|dark brown sugar|cider vinegar|tequila|salt
2717,Copycat Taco Bell Chicken Enchilada Bowl,Mexican,main-dish,,intermediate,high,moderate,cooked chicken breast|refried beans|cooked rice|enchilada sauce|taco seasoning|cheese|green onion|sour cream
2718,Creamy Mexican Chicken,Mexican,main-dish,,intermediate,low,moderate,chicken|onion|oil|flour|green chilies|taco seasoning|sour cream|black beans|whole kernel corn|tortilla chips|mexican blend cheese
2719,Crunchy Gooey Chicken Quesadillas,Mexican,main-dish,,intermediate,medium,moderate,chicken breasts|salsa|flour tortillas|monterey jack cheese|cheese|pam cooking spray
2720,Donna S Creamy Chicken Enchiladas,Mexican,main-dish,,intermediate,high,moderate,rotisserie-cooked chicken|picante sauce|cream of chicken soup|sour cream|chili powder|monterey jack cheese|flour tortillas|tomatoes|green onion
2721,Easy Avocado Burrito,Mexican,main-dish,vegetarian|pescatarian,intermediate,medium,moderate,wheat flour tortillas|tomatoes|avocados|salsa|monterey jack cheese
2722,Easy Taco Pizza,Mexican,main-dish,,intermediate,low,moderate,ground beef|onion|sliced ripe olives|tomato sauce|taco seasoning mix|prepared pizza crust|cheddar cheese|lettuce|sour cream|tomatoes
2723,Empanadas,Mexican,main-dish,dairy-free,advanced,high,moderate,flour|lard|salt|water|tomatoes|vegetable oil|onion|garlic|ground lean pork|black pepper|ground cinnamon|ground cloves|dark raisin|cider vinegar|slivered almonds
2724,Filet Mignon With Chipotle Adobo Sauce,Mexican,main-dish,vegetarian|vegan|pescatarian|dairy-free,intermediate,low,moderate,filet mignon steak|garlic cloves|onion|honey|chipotle chile in adobo|ketchup|oil
2725,Healthy Chicken Enchiladas,Mexican,main-dish,,advanced,low,moderate,tomatoes|garlic cloves|onion|chili powder|ground cumin|salt|black pepper|paprika|olive oil|boneless skinless chicken breast halves|whole wheat tortillas|fat-free cheddar cheese|diced green chilis
2726,Lentil Burritos,Mexican,main-dish,vegetarian|pescatarian,advanced,high,moderate,water|dried lentils|cooked white rice|tomato paste|taco seasoning mix|tortillas|cheddar cheese|sour cream
2727,Mexican Chicken Casserole,Mexican,main-dish,,beginner,medium,moderate,chicken breasts|nacho cheese flavor doritos|onion|margarine|ro-tel tomatoes|cream of chicken soup|cheddar cheese
2728,Mexican Baked Fish,Mexican,main-dish,vegetarian|pescatarian,intermediate,low,moderate,extra virgin olive oil|onion|garlic|rotel tomatoes & chilies|chili powder|red pepper|egg white|skim milk|yellow cornmeal|flounder fillets|part-skim mozzarella cheese
2729,Mexican Fiesta Pie,Mexican,main-dish,,intermediate,medium,moderate,onion|ground beef|taco seasoning mix|flour tortilla|refried beans|taco sauce|green chilies|taco cheese|tortilla chips|tomatoes
2730,Mexican Layered Ground Beef Enchiladas,Mexican,main-dish,,advanced,high,moderate,vegetable oil|all-purpose flour|chicken broth|chili powder|cumin|garlic powder|flour tortillas|lean ground beef|taco seasoning|tomato sauce|colby-monterey jack cheese|sweet onion
2731,Mexican Spaghetti,Mexican,main-dish,dairy-free,beginner,high,moderate,ground beef|onion|green bell pepper|garlic cloves|tomato puree|kidney beans|water|chili powder|cumin|oregano|salt|cayenne pepper|spaghetti
2732,Mexican Tortilla Casserole,Mexican,main-dish,,intermediate,medium,moderate,ground beef|onion|red bell pepper|diced green chilies|taco seasoning mix|salsa|soft taco-size flour tortillas|cheddar cheese
2733,Nacho Pie,Mexican,main-dish,,advanced,medium,moderate,ground beef|onion|tomato sauce|refrigerated crescent dinner rolls|tortilla chips|sour cream|mexican blend cheese|taco seasoning
2734,Santa Fe Beef And Green Chile Stew,Mexican,main-dish,,advanced,medium,moderate,canola oil|beef stew meat|onions|garlic cloves|green pepper|ground cumin|dried oregano|bay leaf|sugar|salt and pepper|condensed beef broth|diced tomatoes with green chilies|mild green chilies|beer|pinto beans|potatoes|fresh cilantro|monterey jack and cheddar cheese blend|sour cream|flour tortilla
2735,Sloppy Jose Wraps,Mexican,main-dish,dairy-free,beginner,medium,moderate,vegetable oil|celery|onion|garlic|chili powder|brown sugar|salt|lean ground beef|canned tomatoes|10-inch flour tortillas|iceberg lettuce
2736,Southwest Turkey Tacos,Mexican,main-dish,dairy-free,beginner,medium,moderate,lean ground turkey|taco seasoning mix|black beans|mexicorn|water|flour tortillas
2737,Speedy Mexican Chicken,Mexican,main-dish,,beginner,medium,moderate,boneless skinless chicken breast|salsa|plain yogurt|cheddar cheese
2738,Taco Stroganoff,Mexican,main-dish,,intermediate,high,moderate,onion|ground beef|taco seasoning mix|water|corn|cream cheese|cheddar cheese|egg noodles
2739,Tinga,Mexican,main-dish,,intermediate,low,moderate,chicken breast halves|onions|garlic clove|vegetable oil|tomatoes|chipotle chiles in adobo|chicken bouillon granule|tostadas|sour cream|lettuce
2740,Vegetarian Burritos,Mexican,main-dish,vegetarian|pescatarian,advanced,medium,moderate,pinto beans|vegetable oil|garlic cloves|onions|green peppers|ground cumin|cayenne|ground coriander|corn|black olives|sharp cheddar cheese|salt|wheat flour tortillas|cheddar cheese|sour cream
2741,Vegetarian Enchilada Casserole Recipe,Mexican,main-dish,vegetarian|pescatarian,advanced,medium,moderate,oil|garlic cloves|onion|jalapeno pepper|zucchini|fresh spinach|frozen whole kernel corn|green chili peppers|black olives|enchilada sauce|corn tortillas|monterey jack cheese|cheddar cheese|sour cream|salsa
2742,Vegetarian Tortilla Bake,Mexican,main-dish,vegetarian|pescatarian,advanced,medium,moderate,onion|red pepper|green pepper|cumin|chili powder|chopped tomatoes|black beans|canned pinto beans|mild green chilies|salsa|wheat flour tortillas|mexican blend cheese|reduced-fat cheddar cheese|nonstick cooking spray|light sour cream|fresh cilantro
2743,Zesty Skillet Supper,Mexican,main-dish,,intermediate,high,moderate,ground beef|chili beans|rice|salsa|vinegar|chili powder|cumin|garlic powder|pepper|cheddar cheese
2744,Amy S Chicken And Black Bean Enchilada Casserole,Mexican,main-dish,,advanced,high,moderate,onion|garlic cloves|boneless skinless chicken breasts|ground cumin|ground coriander|salt|pepper|fresh cilantro|black beans|brown rice|red enchilada sauce|low-fat cream cheese|low-fat sour cream|green chili peppers|corn tortillas|low-fat monterey jack cheese
2745,Baja Fried Fish Tacos A San Diego Surfers Delight,Mexican,main-dish,pescatarian|dairy-free,intermediate,low,moderate,dark beer|flour|salt|white fish fillet|vegetable oil|corn tortillas|cabbage|mayonnaise|garlic clove|salsa|lime wedge
2746,Baked Chicken Legs Mexican Style,Mexican,main-dish,,intermediate,high,moderate,eggs|green chili salsa|salt|fine dry breadcrumbs|chili powder|ground cumin|garlic salt|dry oregano|chicken legs-thighs|butter
2747,Black Bean Corn Tacos With Radish Salsa Feta,Mexican,main-dish,vegetarian|pescatarian,intermediate,medium,moderate,olive oil|garlic cloves|black beans|corn|cilantro|salt|pepper|radishes|green onions|serrano pepper|limes|corn tortillas|feta cheese
2748,Campbell S Monterey Chicken Fajitas,Mexican,main-dish,,advanced,high,moderate,vegetable oil|boneless chicken breast|green pepper|campbell's cream of mushroom soup|chunky salsa|onion|8-inch flour tortillas|monterey jack cheese
2749,Carne Guisado Colombian Stewed Beef,Mexican,main-dish,dairy-free,intermediate,medium,moderate,flank steak|vegetable oil|garlic cloves|ground cumin|roma tomatoes|onions|beef bouillon cubes|water|salt|pepper
2750,Cheese And Bean Burritos,Mexican,main-dish,vegetarian|pescatarian,beginner,medium,moderate,flour tortillas|vegetarian refried beans|green chilies|cumin|garlic powder|cheddar cheese
2751,Chicharrones En Salsa Verde,Mexican,main-dish,dairy-free,intermediate,high,moderate,pork rinds|tomatillo|jalapenos|onion|fresh cilantro|garlic salt|chicken bouillon granule
2752,Chicken And Refried Bean Enchiladas,Mexican,main-dish,,intermediate,high,moderate,cheddar cheese|monterey jack cheese|chicken|refried beans|salsa|oil|corn tortillas|enchilada sauce
2753,Chicken Enchiladas Supreme,Mexican,main-dish,,intermediate,medium,moderate,cooked chicken|mild green chilies|chile salsa|salt|heavy cream|corn tortillas|monterey jack cheese
2754,Chicken With Tomatillos And Cilantro,Mexican,main-dish,dairy-free,intermediate,medium,moderate,tomatillo|skinless chicken|kosher salt|fresh ground black pepper|olive oil|onion|scallions|jalapeno|fresh lime juice|sugar|fresh cilantro
2755,Chipotle Tamale Pie,Mexican,main-dish,,intermediate,medium,moderate,unsalted butter|olive oil|lean ground turkey|yellow onion|green bell pepper|garlic cloves|ground cumin|pinto beans|diced tomatoes|chipotle chiles|adobo sauce|cheddar cheese|fresh cilantro leaves|cornbread mix|egg|milk
2756,Churros De Pescado Fried Fish Fingers,Mexican,main-dish,pescatarian|dairy-free,beginner,medium,moderate,fish fillets|garlic|parsley|beer|flour|baking powder|saffron|salt|oil
2757,Crabmeat Enchiladas,Mexican,main-dish,vegetarian|pescatarian,intermediate,medium,moderate,onion|vegetable oil|flour|reduced-fat milk|green chili peppers|monterey jack cheese|cheddar cheese|canola oil|corn tortilla|crabmeat|salt and pepper
2758,Creamy Chicken And Chile Casserole,Mexican,main-dish,,intermediate,high,moderate,boneless skinless chicken breasts|cream cheese|green chilies|flour tortillas|green enchilada sauce|cheese|pepper|seasoning salt|garlic powder|chili powder
2759,Creamy Dreamy Easy Mexican Chicken Casserole,Mexican,main-dish,,intermediate,high,moderate,roasting chicken|yellow onion|refried beans|rotel tomatoes & chilies|campbell southwest-style pepper jack soup|sour cream|taco blend cheese|flour tortillas|taco seasoning
2760,Danny S Chicken Tortilla Soup,Mexican,main-dish,,beginner,low,moderate,real butter|onion|cooked chicken|taco seasoning|hidden valley ranch dressing mix|green chilies|crushed tomatoes|great northern beans|diced tomatoes with green chilies|poultry seasoning|cumin|salt and pepper
2761,Easy Mexican Casserole,Mexican,main-dish,,intermediate,high,moderate,lean ground beef|salsa|chili beans|corn|tortilla chips|light sour cream|black olives|green onion|diced tomato|shredded cheddar cheese
2762,Enchilada Eggs,Mexican,main-dish,vegetarian|pescatarian,intermediate,low,moderate,egg beaters egg substitute|corn|green chilies|oil|green onions|garlic|red enchilada sauce|baked corn tortilla chips|2% mexican cheese blend
2763,Enchiladas Santa Fe,Mexican,main-dish,,beginner,medium,moderate,boneless chicken breast|garlic salt|vegetable oil|flour tortillas|cream cheese|fresh spinach leaves|red onion|tomatoes|red enchilada sauce|mexican blend cheese
2764,Family Favorite Chicken Sour Cream Enchiladas Casserole,Mexican,main-dish,,advanced,high,moderate,cream of chicken soup|cooked chicken|green chilies|cheddar cheese|corn tortilla|sour cream|salt|green onion|vegetable oil
2765,Joann S Ww Enchilada Casserole,Mexican,main-dish,,intermediate,medium,moderate,lean ground turkey|enchilada sauce|fat-free refried beans|onion|corn tortillas|cheddar cheese
2766,Mexican Tomato Lime Soup,Mexican,main-dish,vegetarian|pescatarian,intermediate,low,moderate,"garlic|ground cumin|vegetable oil|tomato juice|fresh tomatoes|lime, juice of|fresh cilantro|hot pepper sauce|tortilla chips|monterey jack cheese"
2767,Oaxacan Red Mole Sauce Mole Coloradito,Mexican,main-dish,dairy-free,advanced,medium,moderate,skinless chicken breast|white onion|garlic cloves|salt|guajillo chilies|ancho chilies|sesame seeds|rolls|cinnamon stick|thyme|marjoram|oregano|chocolate|vegetable shortening|almonds|raisins|tomatoes|chicken broth|sugar|cooked rice
2768,Ole Authentic Chiles Rellenos,Mexican,main-dish,vegetarian|pescatarian,advanced,high,moderate,corn oil|onion|garlic cloves|flour|roma tomatoes|fresh jalapeno pepper|water|salt|mexican oregano|black pepper|laurel leaf|ground cinnamon|ground cloves|anaheim chilies|white vinegar|mild cheddar cheese|eggs|canola oil|sour cream|fresh cilantro
2769,Quesadillas With Guacamole,Mexican,main-dish,,advanced,high,moderate,olive oil|beef mince|taco seasoning mix|water|corn kernels|green onions|tortillas|cheddar cheese|avocado|lemon juice|tomatoes|salt
2770,Shredded Chicken Tacos,Mexican,main-dish,dairy-free,advanced,high,moderate,tomato sauce|white distilled vinegar|garlic|dried ancho chile powder|ground cumin|leaf oregano|sugar|extra virgin olive oil|chicken breasts|pepper|corn tortillas|white onion|lime|fresh cilantro|hot sauce
2771,Smothered Burritos,Mexican,main-dish,,advanced,medium,moderate,ground beef|refried beans|green pepper|onion|rotel tomatoes & chilies|taco seasoning mix|velveeta cheese|flour tortillas
2772,Southwest Chicken Bean And Rice Casserole,Mexican,main-dish,,advanced,medium,moderate,cooked rice|butter|salt|diced tomatoes with green pepper and onion|cheddar cheese|oil|sweet onion|cooked chicken|enchilada sauce|black beans|pepper|adobo seasoning|ground cumin|cilantro|black olives
2773,Spicy Beef Tacos,Mexican,main-dish,,intermediate,high,moderate,cheddar cheese|onion|garlic cloves|beef|plain flour|ground cumin|chili powder|tomatoes|beef stock|salt|fresh ground black pepper|lettuce leaf|stuffed green olives|taco shells|sour cream|paprika
2774,Spicy Macaroni And Cheese Casserole,Mexican,main-dish,,beginner,medium,moderate,macaroni and cheese mix|ground beef|onion|tomatoes and green chilies|milk|red pepper powder|cheddar cheese
2775,Spicy Mexican Cheesy Rice Casserole,Mexican,main-dish,vegetarian|pescatarian,intermediate,medium,moderate,cooked rice|reduced-fat cheddar cheese|green chilies|green onions|red peppers|sour cream|recaito|cumin|chili powder|salt|pepper|red pepper flakes
2776,Super Easy Cheesy Enchiladas,Mexican,main-dish,vegetarian|pescatarian,intermediate,medium,moderate,cheese|cream cheese|garlic powder|instant minced onion|corn tortillas|enchilada sauce
2777,Taco Bell Meat Seasoning,Mexican,main-dish,dairy-free,intermediate,low,moderate,lean ground chuck|masa corn flour|chili powder|onion powder|garlic powder|seasoning salt|paprika|cumin|garlic salt|sugar|instant minced onion|beef bouillon
2778,Taco Casserole,Mexican,main-dish,vegetarian|vegan|pescatarian|dairy-free,intermediate,high,moderate,ground round|onion|garlic|tomato sauce|tomato juice|chili powder|dried oregano|kidney beans|corn chips|lettuce|tomatoes
2779,Tex Mex Cheeseburgers,Mexican,main-dish,,beginner,medium,moderate,egg|chunky salsa|mexican seasoning|lean ground beef|monterey jack cheese|fine breadcrumbs
2780,Tomato Taco Soup For The Crock Pot,Mexican,main-dish,vegetarian|pescatarian,beginner,medium,moderate,"tomato juice|tomato sauce|lime, juice of|garlic|taco seasoning|diced tomatoes|kidney beans|black beans|corn|instant rice|fresh cilantro|avocados|sour cream|tortilla chips"
2781,Tortilla Pie,Mexican,main-dish,,advanced,high,moderate,tortillas|black beans|salsa|cooked rice|salt|frozen chopped spinach|jalapeno|corn kernel|goat cheese|cream cheese|enchilada sauce|cheddar cheese
2782,Traditional Chiles Rellenos,Mexican,main-dish,vegetarian|pescatarian,advanced,high,moderate,poblano peppers|cheese|flour|eggs|salsa verde|salsa|corn oil
2783,V S Mexican Quiche,Mexican,main-dish,,intermediate,medium,moderate,bulk italian sausage|condensed cream of potato soup|eggs|cilantro|diced green chilies|onion|milk|pepper|cheddar cheese
2784,Ww Healthy Beef And Bean Tacos,Mexican,main-dish,,intermediate,low,moderate,olive oil|lean ground beef|onion|garlic cloves|taco seasoning mix|water|fat-free refried beans|taco shells|lettuce|tomatoes|pitted ripe olives|red onion|nonfat sour cream
2785,30 Minute Chili,Mexican,main-dish,dairy-free,beginner,medium,moderate,hamburger|yellow onion|garlic cloves|chili powder|black pepper|salt|cumin|cayenne pepper|pinto beans|crushed tomatoes|beef broth
2786,Bacon Cheeseburger Tacos,Mexican,main-dish,,intermediate,low,moderate,ground beef|bacon|green onions|chili powder|salt|pepper|liquid smoke|ketchup|mustard|taco shells|sharp cheddar cheese|lettuce|tomatoes|onion
2787,Bean Cheese Taquitos W Guacamole,Mexican,main-dish,vegetarian|pescatarian,advanced,high,moderate,"refried beans|tabasco brand chipotle pepper sauce|ground cumin|ground coriander|salt|mexican blend cheese|corn tortillas|peanut oil|avocados|fresh cilantro|lime, juice of|garlic|jalapeno pepper|onions|white pepper|sour cream"
2788,Best Pork Carnitas Ever,Mexican,main-dish,dairy-free,intermediate,low,moderate,pork roast|orange juice|cumin|garlic powder|salt and pepper|water
2789,Chicken Acapulco,Mexican,main-dish,,intermediate,high,moderate,onion|butter|cooked chicken|cream of chicken soup|sour cream|sliced mushrooms|green chilies|oregano|salt|pepper|flour tortillas|sharp cheddar cheese|milk
2790,Chicken And Cheese Enchiladas,Mexican,main-dish,,advanced,high,moderate,taco seasoning|olive oil|water|boneless skinless chicken breast|monterey jack cheese|fresh cilantro|salt|ricotta cheese|green chilies|egg|chunky salsa|6-inch flour tortillas
2791,Chicken Breasts In Poblano Sauce,Mexican,main-dish,,advanced,medium,moderate,boneless skinless chicken breasts|salt & freshly ground black pepper|poblano chile|olive oil|milk|butter|flour|heavy cream|cheddar cheese
2792,Chicken Chalupa Casserole,Mexican,main-dish,,intermediate,high,moderate,flour tortillas|roasted chicken meat|cheddar cheese|salsa|green chili salsa|black olives|cilantro
2793,Chicken Chimichanga,Mexican,main-dish,,advanced,medium,moderate,olive oil|spanish onions|garlic|ground cumin|ground allspice|chili powder|ground chicken|crushed tomatoes|coriander|flour tortillas|tasty cheese|oil|avocado|salsa|sour cream
2794,Chicken Fiesta,Mexican,main-dish,,intermediate,medium,moderate,boneless skinless chicken breast halves|taco seasoning mix|breadcrumbs|monterey jack cheese|green chilies|sour cream|scallions|cajun-style rice
2795,Chicken In Creamy Chipotle Sauce,Mexican,main-dish,,advanced,low,moderate,chicken pieces|butter|salt and black pepper|chili powder|onion powder|chipotle chiles in adobo|adobo sauce|evaporated milk|flour|salt
2796,Chicken Tortilla Soup Quick,Mexican,main-dish,dairy-free,beginner,low,moderate,cooked chicken breasts|creamed corn|chicken broth|black beans|diced tomatoes with mild green chilies
2797,Chile Colorado Meatballs,Mexican,main-dish,dairy-free,beginner,low,moderate,boiling water|beef bouillon granules|tomato sauce|dried onion flakes|garlic powder|dried ancho chile powder|cumin|cocoa powder|cider vinegar|tabasco sauce|salt and pepper|meatballs
2798,Chili Con Carne,Mexican,main-dish,dairy-free,beginner,medium,moderate,ground beef|onion|green pepper|diced tomatoes|tomato sauce|pinto beans|chili powder|cumin|beef bouillon|garlic powder|oregano|salt and pepper
2799,Chili Lasagna,Mexican,main-dish,vegetarian|pescatarian,advanced,medium,moderate,lasagna noodles|lean ground chuck|onion|green pepper|ground cumin|chili powder|salt|pepper|enchilada sauce|egg|ricotta cheese|monterey jack and cheddar cheese blend
2800,Chili Stuffed Enchiladas,Mexican,main-dish,vegetarian|pescatarian,intermediate,medium,moderate,flour tortillas|enchilada sauce|chili|queso sauce|four-cheese mexican blend cheese|sour cream
2801,Chipotle Carne Guisada Beef Stew Meat Braised W Chipotle,Mexican,main-dish,dairy-free,advanced,high,moderate,tomatoes|onions|green bell pepper|fresh cilantro|cooking oil|beef|cumin|black pepper|salt|bouillon|chipotle chiles in adobo|chipotle pepper|achiote|water
2802,Chipotle Chicken Quesadillas,Mexican,main-dish,,advanced,high,moderate,vegetable oil|onion|serrano peppers|garlic cloves|kosher salt|fresh ground black pepper|chipotle chile in adobo|cooked chicken|flour tortillas|monterey jack cheese
2803,Creamy Spinach Enchiladas,Mexican,main-dish,vegetarian|pescatarian,intermediate,medium,moderate,spring onion|garlic cloves|butter|frozen chopped spinach|cottage cheese|sour cream|monterey jack cheese|corn|mild enchilada sauce
2804,Delicious Chicken Barley Chili,Mexican,main-dish,,intermediate,low,moderate,diced tomatoes|salsa|fat free chicken broth|quick-cooking barley|water|chili powder|cumin|garlic|black beans|garbanzo beans|canned corn|chicken breasts|cheddar cheese|sour cream
2805,Impossible Taco Pie,Mexican,main-dish,,advanced,low,moderate,ground beef|onion|taco seasoning|bisquick|milk|eggs|cheddar cheese|lettuce|tomatoes|ripe olives
2806,Impossibly Easy Taco Pie,Mexican,main-dish,,advanced,medium,moderate,ground beef|onion|taco seasoning mix|green chilies|milk|eggs|bisquick baking mix|monterey jack cheese|salsa|sour cream
2807,Layered Mexicasserole,Mexican,main-dish,,intermediate,medium,moderate,ground beef|onion|green pepper|frozen corn|salsa|ground cumin|chili powder|low fat cottage cheese|low-fat sour cream|tortilla chips|cheddar cheese
2808,Lobster Baja Style,Mexican,main-dish,pescatarian,intermediate,low,moderate,lobster tails|butter|garlic|white wine|aluminum foil
2809,Low Fat Mexican Macaroni And Cheese,Mexican,main-dish,vegetarian|pescatarian,intermediate,low,moderate,elbow macaroni|light processed cheese|taco seasoning|salsa
2810,Meatballs In Spicy Tomatillo Sauce Albondigas En Salsa Verde,Mexican,main-dish,,advanced,medium,moderate,tomatillos|onion|garlic cloves|chipotle chiles in adobo|beef bouillon|hot water|adobo seasoning|lean ground beef|ground turkey|dry breadcrumbs|milk|eggs|white onion|of fresh mint|fresh cilantro|oregano|cilantro
2811,Merm S Potato Cheese Soup With Green Chilies,Mexican,main-dish,,advanced,low,moderate,butter|onion|garlic clove|potatoes|flour|chicken broth|milk|whole green chilies|salt|monterey jack cheese|shredded cheddar cheese|pepper
2812,Mexican Fiesta Fish,Mexican,main-dish,pescatarian,beginner,low,moderate,cod|salsa|sharp cheddar cheese|corn chips|avocado|sour cream|green chili|ripe olives
2813,Mild Mexican Ground Beef,Mexican,main-dish,dairy-free,intermediate,low,moderate,ground beef|onion|garlic clove|olive oil|flour|water|tomato sauce|chili powder|paprika|cumin|turmeric|onion powder|garlic powder|salt
2814,Mole Posole,Mexican,main-dish,vegetarian|vegan|pescatarian|dairy-free,beginner,low,moderate,onion|green bell pepper|serrano pepper|vegetable oil|chopped tomatoes|kidney beans|white hominy|mole|water|corn tortilla strips|cilantro
2815,Armenian Herb Marinade Grilled Chicken Breasts,Middle Eastern,main-dish,dairy-free,beginner,low,moderate,olive oil|lemon juice|salt|thyme|marjoram|pepper|garlic clove|shallot|parsley|chicken breasts
2816,Lebanese Lentil Rice Pilaf With Blackened Onions,Middle Eastern,main-dish,vegetarian|pescatarian,advanced,medium,moderate,olive oil|onion|garlic cloves|ground cumin|ground cinnamon|ground allspice|vegetable broth|dried lentils|long-grain white rice|onions|tomatoes|cucumber|plain yogurt|of fresh mint
2817,Onion Lentils And Rice,Middle Eastern,main-dish,vegetarian|vegan|pescatarian|dairy-free,intermediate,medium,moderate,olive oil|onions|water|lentils|rice|salt|cumin
2818,Persian Eggs Poached In Tomato Sauce,Middle Eastern,main-dish,vegetarian|pescatarian|dairy-free,advanced,low,moderate,olive oil|onion|garlic clove|tomatoes|salt|pepper|eggs|chives
2819,Curried Red Lentils,Middle Eastern,main-dish,vegetarian|vegan|pescatarian|dairy-free,intermediate,low,moderate,red lentil|onion|vegetable oil|curry paste|ground turmeric|ground cumin|chili powder|salt|sugar|garlic|fresh ginger|tomato puree
2820,Luleh Kebabs Persian Ground Lamb Kebabs,Middle Eastern,main-dish,dairy-free,intermediate,medium,moderate,ground lamb|onion|egg|salt|pepper|cinnamon|wooden skewer
2821,Shish Taouk Lebanese Chicken Skewers,Middle Eastern,main-dish,,beginner,low,moderate,"boneless skinless chicken breasts|garlic cloves|olive oil|lemon, juice of|paprika|tomato paste|yogurt|sumaq|salt|black pepper"
2822,Eggplant Aubergine Fit For A Sheik Sheik Al Mihshee,Middle Eastern,main-dish,,intermediate,medium,moderate,eggplant|ground lamb|chopped tomatoes|cinnamon|salt|pepper|clove|garlic cloves|onions|butter
2823,Rooz Ma Lahem Rice With Meat,Middle Eastern,main-dish,dairy-free,beginner,medium,moderate,cooked rice|ground beef|diced onion|garlic cloves|chickpeas|seasoning|allspice|cinnamon|seasoning salt|garlic powder|black pepper|red pepper
2824,Lebanese Lentil Soup,Middle Eastern,main-dish,vegetarian|vegan|pescatarian|dairy-free,intermediate,low,moderate,fresh cilantro|garlic|olive oil|salt|onions|lentils|cinnamon|water|frozen spinach|potatoes|lemon juice
2825,Oven Baked Chicken Thighs,Middle Eastern,main-dish,dairy-free,intermediate,medium,moderate,chicken thighs|ground cumin|paprika|ground turmeric|garlic powder|cayenne pepper|salt|ground cinnamon|olive oil
2826,Mujadrah Lentils And Rice,Middle Eastern,main-dish,vegetarian|vegan|pescatarian|dairy-free,intermediate,low,moderate,lentils|brown rice|onions|olive oil|water|lemon juice|garlic|cumin|pepper|cayenne|salt
2827,Eggplant Aubergine And Feta Casserole,Middle Eastern,main-dish,vegetarian|pescatarian,intermediate,low,moderate,eggplant|cooking spray|stewed tomatoes|feta cheese|fresh parsley|fresh cilantro|eggs|onion|salt|black pepper|ground allspice|dry oregano|ground sage|cayenne
2828,Garlic Chickpea Spinach Soup,Middle Eastern,main-dish,vegetarian|pescatarian,intermediate,medium,moderate,olive oil|garlic cloves|onion|ground cumin|ground coriander|vegetable stock|potatoes|chickpeas|cornstarch|double cream|tahini|spinach|cayenne pepper|salt and pepper
2829,Shishlik Israeli Skewers,Middle Eastern,main-dish,dairy-free,beginner,high,moderate,olive oil|lemon juice|garlic cloves|onion|parsley|salt|pepper|dried thyme|beef steaks|skewer
2830,Rice Seasoning Mix,Middle Eastern,main-dish,dairy-free,beginner,medium,moderate,chicken bouillon granule|dried parsley|basil|dill weed|dried onion flakes|seasoning salt|garlic powder|lemon pepper seasoning|almonds
2831,Vegetable And Lentil Hotpot,Middle Eastern,main-dish,vegetarian|vegan|pescatarian|dairy-free,beginner,low,moderate,vegetables|onion|tomatoes|red lentil|water|vegetable bouillon cubes|vegetable oil|cumin|coriander powder|brown mustard seeds|turmeric|garlic|chili powder|ginger
2832,Chicken Jalfrezi,Middle Eastern,main-dish,dairy-free,intermediate,medium,moderate,boneless skinless chicken thighs|green bell pepper|onion|tomatoes|tomato paste|garlic cloves|minced ginger|red chili powder|ground coriander|ground cumin|turmeric|garam masala|salt|cilantro|vegetable oil
2833,Persian Chicken Or Duck In Pomegranate Walnut Sauce Fesenjan,Middle Eastern,main-dish,,advanced,high,moderate,lime juice|butter|chicken|onions|walnuts|chicken stock|pomegranate syrup|sugar|kosher salt|fresh ground pepper
2834,Saffron Couscous With Herbs,Middle Eastern,main-dish,,advanced,medium,moderate,sesame seeds|pine nuts|butter|onion|chicken stock|saffron|couscous|olive oil|lemon|red pepper flakes|sultana raisin|mixed herbs|ground pepper|fresh ground pepper
2835,Fesenjan Iranian Special Occasion Dish,Middle Eastern,main-dish,vegetarian|vegan|pescatarian|dairy-free,advanced,medium,moderate,"olive oil|onions|garlic cloves|cinnamon|nutmeg|walnuts|pomegranate syrup|stock|sugar|salt|pepper|saffron|limes, juice of|poultry"
2836,Israeli Rice And Lentil Stew With Cumin And Garlic,Middle Eastern,main-dish,vegetarian|vegan|pescatarian|dairy-free,advanced,low,moderate,lentils|water|vegetable oil|onions|garlic|ground cumin|long-grain rice|salt|black pepper|parsley
2837,Middle Eastern Green Beans And Tomatoes,Middle Eastern,main-dish,vegetarian|vegan|pescatarian|dairy-free,intermediate,medium,moderate,long grain rice|olive oil|onion|green beans|garlic cloves|tomatoes|salt|pepper|ground allspice|sugar|parsley
2838,Arabic Chicken With Lemon Thyme,Middle Eastern,main-dish,vegetarian|vegan|pescatarian|dairy-free,beginner,high,moderate,broiler-fryer chickens|salad oil|lemon juice|thyme|garlic powder
2839,Fooll Mudammes Fava Bean Egyptian Breakfast,Middle Eastern,main-dish,vegetarian|vegan|pescatarian|dairy-free,intermediate,low,moderate,oil|onion|tomato sauce|ground cumin|ground coriander|cayenne pepper|salt|fava beans
2840,Kabab Kubideh Persian Grilled Ground Meat,Middle Eastern,main-dish,dairy-free,intermediate,low,moderate,ground beef|onion|breadcrumbs|egg|turmeric|salt|pepper|lemon juice
2841,Mom S Shawerma,Middle Eastern,main-dish,dairy-free,intermediate,low,moderate,boneless skinless chicken breast halves|onion|garlic|white vinegar|lemon juice|salt|cumin|ground coriander|ground ginger|ground cloves|black pepper|oil|ground sumac
2842,Chickpea Cassoulet With Tomatoes And Chard,Middle Eastern,main-dish,vegetarian|pescatarian,advanced,medium,moderate,onion|garlic|red peppers|thyme|paprika|chickpeas|chopped tomatoes|chard leaves|spaghetti|soy cheese|fresh ground pepper|saffron thread
2843,Iranian Chelo Kabob,Middle Eastern,main-dish,dairy-free,beginner,medium,moderate,ground lamb|eggs|onion|ground cinnamon|garlic|marjoram|salt & pepper
2844,Kibbee Sineea Baked Spiced Kibbee,Middle Eastern,main-dish,,advanced,medium,moderate,bulgar wheat|lean ground lamb|pine nuts|onions|butter|pepper|salt|allspice|clove
2845,Mom S Ramadan Sandwiches,Middle Eastern,main-dish,dairy-free,intermediate,low,moderate,bread|egg|breadcrumbs|boneless skinless chicken breast half|tomatoes|lettuce|light mayonnaise
2846,Roasted Sephardic Yemenite Chicken With Potatoes,Middle Eastern,main-dish,dairy-free,intermediate,medium,moderate,roasting chicken|potatoes|onion|red bell pepper|tomatoes|olive oil|paprika|cumin|turmeric|hawaij|ground allspice|kosher salt|ground black pepper|garlic|olive
2847,Armenian Rice Pilaf,Middle Eastern,main-dish,,beginner,low,moderate,butter|vermicelli|rice|chicken broth
2848,Egyptian Style Stuffed Cabbage Leaves Mashy Crump,Middle Eastern,main-dish,dairy-free,advanced,low,moderate,"green cabbage|short-grain white rice|onion|fresh parsley|fresh cilantro|fresh dill weed|fresh tomatoes|tomatoes|tomato paste|canola oil|garlic clove|chicken bouillon cubes|cumin|arabic spices|salt|black pepper|dried mint|lemon, juice of"
2849,Greek Tempeh Pitas,Middle Eastern,main-dish,vegetarian|vegan|pescatarian|dairy-free,intermediate,low,moderate,"tempeh|olive oil|soy sauce|garlic cloves|dried oregano|lemon, juice of|pocketless pita|tzatziki|tomatoes|cucumber|onion|balsamic vinegar"
2850,Middle Eastern Chicken,Middle Eastern,main-dish,dairy-free,beginner,medium,moderate,boneless chicken breasts|lemon juice|cumin|dried coriander|cinnamon|garlic cloves|chickpeas|tomatoes|fresh cilantro
2851,Broiled Chicken With Oil Lemon And Garlic Sauce,Middle Eastern,main-dish,dairy-free,intermediate,high,moderate,chicken|salt|black pepper|garlic|lemon juice|olive oil|parsley
2852,Grilled Falafel,Middle Eastern,main-dish,vegetarian|vegan|pescatarian|dairy-free,advanced,medium,moderate,extra virgin olive oil|onion|garlic clove|chickpeas|cilantro leaf|flat leaf parsley|cooked brown rice|curry powder|cayenne pepper|fresh lemon juice|breadcrumbs|pita bread|lettuce|tomatoes
2853,Iranian Chicken With Rice Morgh Polou,Middle Eastern,main-dish,vegetarian|pescatarian,intermediate,high,moderate,broiler-fryer chickens|salt & pepper|butter|onion|dried apricot|raisins|cinnamon|water|saffron thread|cooked rice
2854,Israeli Chickpea Salad,Middle Eastern,main-dish,vegetarian|vegan|pescatarian|dairy-free,beginner,low,moderate,cucumber|green bell pepper|plum tomatoes|bermuda onion|chickpeas|olive oil|lemon juice|pepper|salt|white vinegar
2855,Kofte Kebabs With Cucumber Mint Sauce,Middle Eastern,main-dish,,beginner,high,moderate,ground lamb|ground chuck|onion|flat leaf parsley|garlic|ground cumin|chili powder|salt|pepper|plain yogurt|cucumber|fresh mint leaves|pita bread
2856,Lentil And Bulgur Pilaf With Green And Yellow Squash,Middle Eastern,main-dish,dairy-free,intermediate,low,moderate,fat-free chicken broth|bulgur|brown lentils|onion|bay leaf|salt|allspice|black pepper|lemon juice|olive oil|zucchini|yellow squash|garlic clove|lemon zest|parsley|cilantro|lemon wedge
2857,Roast Chicken With Cumin Paprika And Allspice,Middle Eastern,main-dish,vegetarian|vegan|pescatarian|dairy-free,intermediate,high,moderate,roasting chickens|olive oil|ground cumin|garlic powder|onion powder|ground allspice|paprika|salt|ground black pepper|lemon
2858,Shawarma Spiced Shepherds Cottage Pie,Middle Eastern,main-dish,,intermediate,medium,moderate,sweet potatoes|ground turkey|onion|ground cinnamon|salt|pepper|ground cloves|ground nutmeg|ground cardamom|ground ginger|beef broth|worcestershire sauce|frozen mixed vegetables|sharp cheddar cheese
2859,Arabic Style Rice With Lamb Meat,Middle Eastern,main-dish,,intermediate,medium,moderate,lean lamb|long grain rice|butter|chicken broth|salt|black pepper|allspice|nutmeg|cinnamon|saffron|pine nuts
2860,Chicken Shawarma Recipe,Middle Eastern,main-dish,,advanced,high,moderate,"boneless skinless chicken|plain yogurt|vinegar|garlic cloves|pepper|salt|cardamom pods|allspice|lemon, juice of|tahini|lemon juice|yogurt|pita bread|cucumber|onion|sumac|tomatoes|fresh parsley|pickle"
2861,Chicken Skewers With Zathar Thyme And Sesame Marinade,Middle Eastern,main-dish,dairy-free,intermediate,medium,moderate,extra virgin olive oil|chicken breast fillets|wooden skewers|sesame seeds|fresh thyme leaves|salt|chili oil|lemon|mixed salad green|pita bread
2862,Garlic Herb Marinade For Shrimp Gluten Free,Middle Eastern,main-dish,pescatarian|dairy-free,beginner,low,moderate,large shrimp|fresh garlic|fresh lemon juice|olive oil|fresh ground black pepper|sea salt|dry crushed red pepper|fresh parsley leaves|fresh mint leaves|creamed honey|parsley sprig|lemon wedge
2863,Kuwaiti Curried Chicken Quwarmah Ala Dajaj,Middle Eastern,main-dish,dairy-free,intermediate,high,moderate,chicken|salt|mixed spice|turmeric|olive oil|onions|garlic cloves|fresh ginger|cinnamon bark|tomato sauce|water|dried limes|frozen okra
2864,Lebanese Lentils Mujadara,Middle Eastern,main-dish,vegetarian|vegan|pescatarian|dairy-free,advanced,low,moderate,onion|olive oil|brown rice|brown lentils|water|salt
2865,Machbous Rubyan Rice With Shrimps,Middle Eastern,main-dish,pescatarian,advanced,high,moderate,basmati rice|ghee|onions|garlic cloves|shrimp|curry powder|cinnamon sticks|bay leaves|baharat|ground cardamom|tomatoes|fresh coriander|salt|ground black pepper|turmeric|water|almonds
2866,Mom S To Die For Bbq Chicken,Middle Eastern,main-dish,dairy-free,beginner,medium,moderate,boneless skinless chicken breast halves|buttermilk|garlic|salt|ground cardamom|ground cinnamon|ground cloves|ground cumin|ground coriander|hot pepper flakes|oil
2867,Passover Hot Dog Rollups,Middle Eastern,main-dish,vegetarian|pescatarian|dairy-free,intermediate,medium,moderate,oil|water|matzo meal|salt|sugar|eggs|hot dogs
2868,Persian Split Pea And Barley Stew,Middle Eastern,main-dish,vegetarian|vegan|pescatarian|dairy-free,intermediate,medium,moderate,"barley|bay leaf|garlic clove|water|dried split yellow peas|cinnamon|ground cardamom|onion|carrot|potatoes|salt|cayenne|vegetable broth|tomatoes|fresh parsley|lemon, juice of|salt and pepper"
2869,Shish Taouk Toum Grilled Bbq Chicken With Garlic Sauce,Middle Eastern,main-dish,dairy-free,intermediate,high,moderate,"chicken breast|skewer|olive oil|tomato puree|garlic|garlic sauce|salt|pepper|lemons, juice of|garlic clove|egg white|vegetable oil|lemon, juice of"
2870,Sundried Tomato And Sweet Basil Shakshuka Ragu,Middle Eastern,main-dish,vegetarian|pescatarian,intermediate,medium,moderate,rag pasta sauce|chickpeas|eggs|extra virgin olive oil|pine nuts|feta cheese|crusty bread
2871,Feta Cheese Tahini Pizza,Middle Eastern,main-dish,vegetarian|pescatarian,intermediate,high,moderate,pita bread|olive oil|tahini|feta cheese|green olives|tomatoes|za'atar spice mix|garlic powder
2872,Lebanese Olive Pizza,Middle Eastern,main-dish,vegetarian|pescatarian,beginner,medium,moderate,lebanese bread|tomato paste|mozzarella cheese|kalamata olives|dried oregano|dried basil|ground black pepper
2873,Lemon Oregano Shrimp Over Peppered Couscous,Middle Eastern,main-dish,,advanced,high,moderate,garlic clove|dried oregano|fresh lemon juice|salt|black pepper|shrimp|red bell pepper|chicken broth|red pepper flakes|olive oil|couscous|extra virgin olive oil|dry white wine|unsalted butter
2874,Machboos Or Fooga Traditional United Arab Emirates Dish,Middle Eastern,main-dish,dairy-free,intermediate,medium,moderate,water|chicken bouillon cubes|olive oil|chicken pieces|dried limes|saffron|onion|tomatoes|garlic clove|ground cinnamon|ground turmeric|ground cumin|curry powder|cayenne pepper|salt|basmati rice
2875,Middle Eastern Chicken Burgers,Middle Eastern,main-dish,,intermediate,medium,moderate,extra virgin olive oil|onion|ground cinnamon|ground coriander|red pepper flakes|kosher salt|fresh ground black pepper|garlic cloves|flat leaf parsley|lean ground chicken|plain yogurt|molasses|wheat hamburger buns|mayonnaise|tomatoes|english cucumber|red onion|lettuce|cilantro
2876,Nif S Chicken And Spaghetti With A Middle Eastern Twist,Middle Eastern,main-dish,dairy-free,advanced,high,moderate,whole chicken|olive oil|cumin|allspice|cayenne pepper|salt & freshly ground black pepper|chicken broth|raisins|pine nuts|spaghetti|slivered almonds|fresh parsley leaves
2877,Penne With Rustic Lentil Sauce,Middle Eastern,main-dish,dairy-free,intermediate,high,moderate,chicken stock|penne pasta|virgin olive oil|extra virgin olive oil|onion|carrots|celery|garlic|fresh thyme|lentils
2878,Persian Polo Chicken,Middle Eastern,main-dish,dairy-free,intermediate,high,moderate,basmati rice|onion|margarine|roasting chicken|salt and black pepper|raisins|apricots|cinnamon
2879,Turkish Okra Casserole,Middle Eastern,main-dish,vegetarian|vegan|pescatarian|dairy-free,advanced,low,moderate,okra|eggplant|zucchini|green bell peppers|onion|tomatoes|olive oil|garlic|hot red pepper flakes|parsley|bay leaf|dried thyme|salt
2880,Easma Kufta,Middle Eastern,main-dish,dairy-free,beginner,medium,moderate,ground beef|onion|dried parsley|ground cumin|egg|dried breadcrumbs|tomato sauce|garlic powder|fresh cilantro
2881,Egyptian Grilled Chicken,Middle Eastern,main-dish,dairy-free,intermediate,high,moderate,chicken breast fillets|garlic cloves|olive oil|fresh lemon juice|lemon zest|dried oregano|salt and black pepper
2882,Greek Style Rotisserie Boneless Leg Of Lamb,Middle Eastern,main-dish,,advanced,high,moderate,boneless leg of lamb|extra virgin olive oil|all purpose greek seasoning|fresh rosemary|feta cheese|garlic cloves|lemon juice
2883,Iranian Rice With Beans And Dill Weed Baqala Polo,Middle Eastern,main-dish,vegetarian|pescatarian,advanced,medium,moderate,long-grain rice|water|salt|margarine|saffron|lima beans|dried dill weed|spinach|onions|salt and pepper|soy yogurt
2884,Israeli Simmered Vegetables Over Spiced Couscous,Middle Eastern,main-dish,vegetarian|vegan|pescatarian|dairy-free,advanced,medium,moderate,cabbage|carrots|zucchini|onions|potatoes|chickpeas|vegetable broth|garlic powder|salt and pepper|water|couscous|cinnamon|cumin
2885,Israeli Spinach Fritters,Middle Eastern,main-dish,vegetarian|pescatarian|dairy-free,intermediate,low,moderate,fresh spinach|zucchini|potato|onion|eggs|flour|ground cumin|ground coriander|white pepper|salt|canola oil
2886,Jordanian Mansaf,Middle Eastern,main-dish,,advanced,high,moderate,lean lamb|clarified butter|salt|pepper|onion|greek yogurt|egg white|coriander|cumin|paprika|cardamom|blanched almond|pine nuts|pita bread|rice|parsley
2887,Kibbeh,Middle Eastern,main-dish,,intermediate,medium,moderate,bulgar wheat|onion|garlic clove|oil|ground lamb|pine nuts|ground allspice|salt|butter
2888,Lebanese Navy Beans With Tomatoes And Onion,Middle Eastern,main-dish,vegetarian|vegan|pescatarian|dairy-free,advanced,low,moderate,dried navy beans|water|extra virgin olive oil|onions|garlic cloves|diced tomatoes|tomato paste|cumin|salt & freshly ground black pepper
2889,Lis An El Qa Thi Judges Tongue Iraqi Stuffed Eggplant,Middle Eastern,main-dish,dairy-free,advanced,medium,moderate,eggplants|ground meat|onions|garlic cloves|egg|tomatoes|tomato paste|beef|lemon juice|salt|pepper|turmeric|spices|oil
2890,Roasted Chicken Al Kabsa Saudi Gluten Free,Middle Eastern,main-dish,dairy-free,beginner,medium,moderate,baby chicken|olive oil|turmeric|baharat|kabsa spice mix|salt|cilantro
2891,Saudi Tahini Tomato Chicken,Middle Eastern,main-dish,dairy-free,intermediate,medium,moderate,chicken breasts|olive oil|cooking onion|onion|garlic cloves|ginger|tomatoes|tomato paste|tahini|mixed spice|curry powder|salt|fresh ground black pepper|rose water|water|fresh parsley
2892,Sumac Chicken Breasts,Middle Eastern,main-dish,dairy-free,beginner,low,moderate,chicken breasts|ground sumac|balsamic vinegar|salt & pepper|lemon wedge
2893,Chicken Kabsah,Middle Eastern,main-dish,dairy-free,advanced,high,moderate,basmati rice|water|tomatoes|onion|baharat|cardamom powder|tomato paste|oil|raisins|roasting chicken|salt|cinnamon stick|low-sodium chicken bouillon cubes|garlic powder
2894,Easy One Pot Lentils And Rice,Middle Eastern,main-dish,vegetarian|vegan|pescatarian|dairy-free,intermediate,medium,moderate,dry green lentils|water|garlic cloves|bay leaf|cumin seed|cinnamon|basmati rice|kosher salt|olive oil
2895,Easy Saudi Kabsa Zainab S Gluten Free,Middle Eastern,main-dish,dairy-free,intermediate,high,moderate,boneless skinless chicken breasts|sea salt|fresh ground pepper|olive oil|basmati rice|chicken stock|mixed spice|spices|turmeric|salt|tomato puree|tomato paste|ground cumin|tahini|garlic cloves
2896,Food Safari S Tandoori Chicken,Middle Eastern,main-dish,,beginner,medium,moderate,chicken thigh|natural yoghurt|fresh ginger|garlic|tandoori paste|tandoori color powder|cumin seeds|ground coriander|garam masala|salt|chili powder|turmeric powder
2897,Kafta Meatball Shish Kabobs,Middle Eastern,main-dish,dairy-free,beginner,low,moderate,ground beef|onion|fresh parsley|cayenne pepper|ground allspice|salt|black pepper
2898,Kebab Chicken,Middle Eastern,main-dish,dairy-free,beginner,low,moderate,chicken breast|olive oil|garlic cloves|ground cumin|ground coriander|turmeric|hot paprika|salt & pepper
2899,Kebab Iroog,Middle Eastern,main-dish,dairy-free,beginner,low,moderate,ground lamb|red peppers|tomatoes|onion|garlic cloves|all-purpose flour|egg|cilantro leaves|salt|pepper|ground cumin|turmeric
2900,Kukye Sabzi,Middle Eastern,main-dish,vegetarian|pescatarian|dairy-free,beginner,medium,moderate,eggs|flour|onion|scallions|bibb lettuce|spinach|chives|parsley|cilantro|fresh dill|saffron|salt|pepper|olive oil
2901,Lebanese Lamb Meatballs,Middle Eastern,main-dish,dairy-free,intermediate,medium,moderate,onions|parsley|fresh mint leaves|ground lamb|bread|ground cinnamon|ground allspice|ground black pepper|salt
2902,Middle Eastern Kebabs,Middle Eastern,main-dish,dairy-free,beginner,low,moderate,"ground beef|egg|onion|cumin|dried mint|cinnamon|garam masala|lemon, juice of|salt and pepper|olive oil"
2903,Middle Eastern Style Lamb Shanks,Middle Eastern,main-dish,,intermediate,high,moderate,olive oil|lamb shanks|onion|garlic cloves|cumin|ground coriander|ground cinnamon|turmeric|chicken stock|diced tomatoes|fresh coriander leaves|greek yogurt
2904,Persian Chicken Stuffed With Rice,Middle Eastern,main-dish,dairy-free,advanced,low,moderate,cornish hens|salt|onions|garlic cloves|olive oil|long-grain rice|cumin|cardamom|cinnamon|rose water|chicken broth|dried barberries|slivered almonds|raisins|fresh lime juice|saffron|apple juice|lime slice
2905,Persian Lamb And Chickpea Stew Qormeh Sabzi,Middle Eastern,main-dish,dairy-free,intermediate,high,moderate,vegetable oil|lamb shoulder|onion|salt|fresh ground black pepper|turmeric|lemon juice|water|green onions|celery leaves|fresh spinach|fresh parsley|garbanzo beans
2906,Shabbat Chicken,Middle Eastern,main-dish,dairy-free,intermediate,medium,moderate,vegetable oil|onion|whole cloves|cinnamon sticks|salt|turmeric|fresh ginger|garlic|chicken
2907,Spicy Lamb Marinade,Middle Eastern,main-dish,dairy-free,beginner,low,moderate,lamb leg chops|oil|lemon juice|of fresh mint|ground coriander|cumin|garam masala|chili powder
2908,Timman Z Affaran Iraqi Saffron Rice With Meat,Middle Eastern,main-dish,dairy-free,advanced,high,moderate,basmati rice|saffron thread|rose water|oil|blanched slivered almond|onion|ground lamb|mixed spice|sea salt|tomato paste|raisins|chicken stock
2909,Traditional Bahraini Chicken Machboos Machbous,Middle Eastern,main-dish,,advanced,high,moderate,water|basmati rice|tomatoes|chicken|onions|coriander leaves|hot pepper|dried limes|baharat spice mix|turmeric powder|cumin powder|cinnamon|cardamom powder|garlic cloves|gingerroot|butter|lemon juice|rose water|oil|salt
2910,Zucchini Ankara,Middle Eastern,main-dish,vegetarian|pescatarian,intermediate,medium,moderate,olive oil|onions|garlic cloves|zucchini|dried marjoram|garbanzo beans|kalamata olive|ground cumin|fresh lemon juice|salt and pepper|cayenne|feta cheese
2911,Apricot Lamb,Middle Eastern,main-dish,dairy-free,intermediate,medium,moderate,onions|olive oil|boneless lamb shoulder|cumin|cinnamon|coriander|salt|pepper|dried apricot|orange juice|ground almonds|orange zest|chicken broth|toasted sesame seeds
2912,Armenian Shish Kebab,Middle Eastern,main-dish,dairy-free,advanced,high,moderate,boneless leg of lamb|olive oil|fresh lemon juice|garlic|dry white wine|bay leaf|salt|dried oregano|dried rosemary leaves|ground black pepper|onions|green bell peppers|mushrooms|tomatoes
2913,Boulanee Afghani Potato Turnovers,Middle Eastern,main-dish,vegetarian|pescatarian,advanced,low,moderate,russet potatoes|olive oil|cilantro|green onions|salt|black pepper|cayenne pepper|coriander seed|turmeric|egg roll wrap|canola oil|jalapeno|garlic clove|vinegar|yogurt|lemon juice|water
2914,Chicken With Bulgur,Middle Eastern,main-dish,,advanced,high,moderate,frying chickens|salt|ground cinnamon|ground allspice|pepper|vegetable oil|butter|yellow onion|bulgur|dried currant|chicken broth|water|parsley|of fresh mint
2915,Curried Chickpeas And Veggies,Middle Eastern,main-dish,vegetarian|pescatarian,intermediate,high,moderate,olive oil|garlic cloves|curry powder|dried basil|paprika|soy sauce|ground pepper|salt|lime juice|chickpeas|frozen mixed vegetables|yogurt
2916,Dopiazeh,Middle Eastern,main-dish,dairy-free,intermediate,medium,moderate,ground beef|onions|turmeric|garlic cloves|potatoes|tomato paste|vegetable oil|salt and pepper|water
2917,Egyptian Lentils Rice And Macaroni,Middle Eastern,main-dish,vegetarian|vegan|pescatarian|dairy-free,advanced,medium,moderate,olive oil|onion|minced garlic cloves|brown lentils|water|diced tomatoes|ground cumin|ground coriander|ground allspice|salt|pepper|dry pasta|cumin seed|cooked brown rice|garbanzo beans
2918,Green Beans With Lamb Lubea Fe Lahem,Middle Eastern,main-dish,dairy-free,beginner,low,moderate,lamb|cut green beans|onion|chopped tomatoes|tomato paste|salt|cinnamon|clove|allspice|hot water
2919,Grilled Chicken With Saffron,Middle Eastern,main-dish,,advanced,medium,moderate,saffron thread|warm water|plain yogurt|onion|fresh lemon juice|salt|fresh ground black pepper|chicken pieces|unsalted butter
2920,Iran Chicken Pilaf,Middle Eastern,main-dish,,beginner,high,moderate,rice|cooked chicken|butter|onion|pine nuts|salt|pepper|cinnamon|curry|chicken broth|dried apricots|sultanas
2921,Iranian Rice With Potato Crust And Saffron,Middle Eastern,main-dish,vegetarian|pescatarian,advanced,medium,moderate,rice|water|saffron|warm water|potatoes|butter
2922,Khoresht E Hulu Persian Peach Stew,Middle Eastern,main-dish,dairy-free,advanced,medium,moderate,chicken legs|onion|olive oil|turmeric|paprika|rose water|ground cardamom|cumin|cinnamon|lime juice|brown sugar|peaches|saffron
2923,Lamb With Apricots,Middle Eastern,main-dish,dairy-free,intermediate,low,moderate,onion|olive oil|boneless lamb shoulder|ground cumin|cinnamon|coriander|salt and pepper|dried apricot|orange juice|ground almonds|orange zest|chicken broth|sesame seeds
2924,Lebanese Adas Bis Silq Lentil Swisschard Soup,Middle Eastern,main-dish,vegetarian|vegan|pescatarian|dairy-free,intermediate,medium,moderate,brown lentils|cold water|olive oil|swiss chard|onion|garlic cloves|cilantro|salt & pepper|lemon juice|lemon wedge
2925,Lebanese Chicken Stew,Middle Eastern,main-dish,dairy-free,intermediate,low,moderate,boneless skinless chicken thighs|salt and pepper|plain flour|olive oil|leek|garlic cloves|fresh ginger|red onions|saffron thread|ground cinnamon|ground ginger|chicken stock|tomatoes|dates|lemon juice
2926,Lebanese Falafel,Middle Eastern,main-dish,vegetarian|vegan|pescatarian|dairy-free,intermediate,high,moderate,dried fava beans|fresh parsley|fresh coriander|garlic|onions|ground cinnamon|ground cumin|salt|ground paprika|ground red chili pepper|ground black pepper|plain flour|dried coriander|bicarbonate of soda|baking powder|vegetable oil
2927,Lebanese Lamb And Rice,Middle Eastern,main-dish,,beginner,medium,moderate,yellow onion|butter|rice|water|pine nuts|cinnamon|allspice|salt|ground lamb
2928,Lebanese Style Spiced Meatballs,Middle Eastern,main-dish,,intermediate,low,moderate,ground beef|garlic cloves|salt|fresh ground black pepper|fresh parsley|dried apricot|raisins|pine nuts|plain yogurt
2929,Middle Eastern Macaroni N Garbanzos,Middle Eastern,main-dish,vegetarian|vegan|pescatarian|dairy-free,advanced,medium,moderate,corkscrew macaroni|olive oil|margarine|onion|garlic|salt|ground cumin|ground coriander|ground allspice|black pepper|tomatoes|garbanzo beans|green pepper|fresh parsley leaves|parsley sprig
2930,Mujadarah,Middle Eastern,main-dish,vegetarian|pescatarian,advanced,medium,moderate,white onions|butter|vegetable oil|vegetable broth|brown lentils|brown rice|ground cinnamon|ground cumin|saffron|salt and pepper|flat leaf parsley
2931,Omani Fish Curry,Middle Eastern,main-dish,pescatarian,intermediate,low,moderate,red onions|red chilies|fresh ginger|garlic cloves|vegetable oil|cardamom pods|cloves|cinnamon sticks|black peppercorns|ground cumin|ground coriander|turmeric|coconut milk|brown sugar|fish|sea salt|lime juice
2932,Persian Chicken Skewers,Middle Eastern,main-dish,,intermediate,low,moderate,ground cardamom|ground turmeric|ground allspice|garlic cloves|lemon juice|olive oil|boneless skinless chicken thighs|lemon wedge|plain yogurt
2933,Roasted Garlic And Olive Oil Couscous,Middle Eastern,main-dish,vegetarian|pescatarian,intermediate,low,moderate,water|couscous|butter|salt|garlic|olive oil|dried thyme leaves|paprika|black pepper
2934,Spicy Chicken Breasts With Tahini Yogurt Sauce,Middle Eastern,main-dish,,advanced,medium,moderate,olive oil|hot paprika|sweet paprika|chili powder|ground cumin|chicken breast halves|salt & freshly ground black pepper|tahini|plain yogurt|fresh lemon juice|cilantro|garlic|honey|cayenne
2935,Spinach Garlic Scapes Pasta,Middle Eastern,main-dish,vegetarian|pescatarian,intermediate,high,moderate,baby spinach|garlic scape|parmesan cheese|olive oil|butter|salt|fresh ground pepper|pasta
2936,Turnips Rutabaga Simmered In Date Syrup Maye Al Shalgham,Middle Eastern,main-dish,vegetarian|vegan|pescatarian|dairy-free,intermediate,low,moderate,turnip|molasses|sea salt|water
2937,Fragrant Moroccan Beef Date Honey And Prune Tagine Crock Pot,Moroccan,main-dish,dairy-free,advanced,high,moderate,beef|olive oil|onion|garlic cloves|carrot|canned tomatoes|dates|prunes|honey|beef stock|cinnamon stick|ras el hanout spice mix|salt & pepper|toasted sliced almonds|fresh coriander
2938,Moroccan Chicken Thighs With Chickpeas And Raisins,Moroccan,main-dish,dairy-free,advanced,high,moderate,oil|chicken thighs|salt and pepper|onion|garlic|cumin|turmeric|paprika|cinnamon|lemon zest|flour|chicken broth|honey|chickpeas|dark raisin|cooked rice
2939,Moroccan Meatballs Tagine Kefta,Moroccan,main-dish,dairy-free,intermediate,high,moderate,tomatoes|paprika|cumin|cayenne pepper|fresh flat-leaf parsley|garlic cloves|salt & freshly ground black pepper|vegetable oil|ground beef
2940,Moroccan Chickpeas And Sweet Potatoes,Moroccan,main-dish,vegetarian|vegan|pescatarian|dairy-free,intermediate,medium,moderate,onion|garlic cloves|fresh ginger|red wine|cumin|cinnamon|paprika|crushed red pepper flakes|water|salt|sweet potatoes|dried apricot|chickpeas|raisins|lemon juice|sliced almonds
2941,Hasa Al Hummus Moroccan Chickpea Soup,Moroccan,main-dish,vegetarian|vegan|pescatarian|dairy-free,intermediate,low,moderate,dried garbanzo beans|water|vegetable oil|onions|tomatoes|garlic cloves|hot pepper|fresh coriander|flat leaf parsley|salt|fresh black pepper|lemon|sweet paprika|ground turmeric
2942,Grilled Moroccan Chicken,Moroccan,main-dish,dairy-free,intermediate,high,moderate,garlic cloves|ground cumin|ground allspice|paprika|salt|turmeric|vegetable oil|chicken
2943,One Pot Moroccan Lamb,Moroccan,main-dish,dairy-free,beginner,high,moderate,oil|lamb|beef stock|onions|prunes|dried apricots|tomato paste|ground ginger|ground cinnamon|slivered almonds
2944,Chickpea Salad With Cumin Vinaigrette,Moroccan,main-dish,vegetarian|pescatarian,beginner,medium,moderate,"red wine vinegar|lemon, juice of|garlic cloves|red pepper flakes|capers|ground cumin|paprika|olive oil|chickpeas|tomatoes|roasted red pepper|fresh thyme|fresh parsley|sea salt|pepper|feta cheese"
2945,Chicken Or Turkey Meatballs Moroccan Style,Moroccan,main-dish,dairy-free,intermediate,low,moderate,ground chicken|fresh parsley|onion|paprika|cumin|ground black pepper|salt|oil|flour
2946,Moroccan Chicken With Preserved Lemons And Couscous,Moroccan,main-dish,dairy-free,advanced,medium,moderate,fresh lemon juice|honey|garlic cloves|ground turmeric|ground cumin|ground cinnamon|cayenne pepper|skinless chicken breasts|preserved lemons|chicken stock|slivered almonds|olive oil|yellow onion|red chile|couscous|currants|fresh coriander leaves
2947,Moroccan Vegetable Stew With Couscous,Moroccan,main-dish,vegetarian|vegan|pescatarian|dairy-free,intermediate,medium,moderate,olive oil|carrots|butternut squash|onion|garbanzo beans|stewed tomatoes|pitted prunes|cinnamon|salt|crushed red pepper flakes|couscous|vegetable broth|cilantro
2948,Taste Of Morocco,Moroccan,main-dish,vegetarian|vegan|pescatarian|dairy-free,intermediate,high,moderate,zucchini|sweet potato|garlic|oil|water|chickpeas|ground cumin|allspice|ground ginger|turmeric|paprika|salt|cayenne|cinnamon|red bell pepper|yellow bell pepper|couscous|raisins
2949,Moroccan Vegetable Stew,Moroccan,main-dish,vegetarian|vegan|pescatarian|dairy-free,beginner,low,moderate,olive oil|onion|garlic|carrot|red pepper|celery|ground ginger|ground cinnamon|ground cumin|dried oregano|ground cayenne pepper|ground turmeric|vegetable stock|chopped tomato|chickpeas|zucchini|black olives|lemon juice|salt|sliced almonds
2950,Moroccan Chicken And Veggie Skillet,Moroccan,main-dish,dairy-free,intermediate,low,moderate,fennel seed|ground cumin|ground cinnamon|cayenne pepper|vegetable oil|boneless skinless chicken breasts|onion|garlic cloves|reduced-sodium chicken broth|zucchini|carrots|raisins|salt|cornstarch|fresh coriander
2951,Moroccan Ground Beef Kebab Skewers,Moroccan,main-dish,dairy-free,beginner,medium,moderate,ground beef|onion|garlic cloves|fresh parsley|fresh cilantro|paprika|cumin|salt|black pepper|cayenne pepper|ras el hanout spice mix
2952,Chicken Tagine,Moroccan,main-dish,dairy-free,intermediate,high,moderate,chicken breasts|garlic|onion|turmeric|oil|salt and pepper|carrots|potato|tomatoes|olive
2953,Harira Moroccan Lamb Stew,Moroccan,main-dish,dairy-free,intermediate,medium,moderate,lamb|ground turmeric|ground black pepper|ground cinnamon|ground ginger|ground cayenne pepper|margarine|celery|onion|red onion|fresh cilantro|diced tomatoes|water|green lentil|garbanzo beans|vermicelli|eggs|lemon
2954,Moroccan Kefta Kebabs,Moroccan,main-dish,dairy-free,intermediate,medium,moderate,ground beef|onion|fresh parsley|mint|marjoram|salt|pepper|ground cumin|bamboo skewers
2955,Moroccan Lemon Chicken With Olives,Moroccan,main-dish,dairy-free,intermediate,medium,moderate,"onion|garlic clove|chicken breasts|all-purpose flour|olive oil|water|saffron|ground ginger|ground cumin|paprika|salt|lemon juice|lemon, zest of|green olives|cilantro|couscous|black pepper"
2956,Moroccan Spiced Chicken And Fennel,Moroccan,main-dish,dairy-free,advanced,medium,moderate,paprika|ground cumin|ground coriander|ground ginger|sea salt|black pepper|boneless skinless chicken breast|olive oil|fennel|fennel leaves|red onion|orange juice|fat-free chicken broth|cornstarch|water|couscous
2957,Moroccan Chicken Tagine,Moroccan,main-dish,dairy-free,advanced,medium,moderate,olive oil|almonds|garlic cloves|onion|boneless skinless chicken thighs|harissa|water|chickpeas|fresh tomatoes|dried currants|honey|ground cumin|cinnamon|kalamata olive|cooked couscous
2958,Moroccan Chickpea And Vegetable Stew With Couscous,Moroccan,main-dish,dairy-free,intermediate,medium,moderate,olive oil|zucchini|onion|carrot|garlic|chicken broth|raisins|ground ginger|ground cumin|ground coriander|salt|cinnamon|black pepper|chickpeas|no-salt-added diced tomatoes|water|couscous
2959,Moroccan Rack Of Lamb,Moroccan,main-dish,dairy-free,advanced,low,moderate,racks of lamb|olive oil|ground cumin|ground coriander|paprika|cinnamon|fresh coarse ground black pepper|salt|cayenne pepper|minced garlic cloves
2960,Moroccan Vegetarian Sweet Potato Stew,Moroccan,main-dish,vegetarian|vegan|pescatarian|dairy-free,beginner,low,moderate,spanish onion|garlic cloves|turmeric|curry powder|cumin|red pepper flakes|salt|pepper|cinnamon|ground nutmeg|sweet potatoes|acorn squash|carrots|vegetable broth|chickpeas|whole tomatoes|raisins
2961,Tagine Of Chicken Preserved Lemon Olives,Moroccan,main-dish,dairy-free,advanced,low,moderate,garlic|olive oil|chicken|black pepper|ground ginger|saffron|cumin|turmeric|cinnamon sticks|coriander|onions|chicken broth|green olives|preserved lemons|salt
2962,Barley Morocco,Moroccan,main-dish,vegetarian|vegan|pescatarian|dairy-free,advanced,high,moderate,pearl barley|olive oil|onion|celery|garlic|carrots|zucchini|green pepper|broccoli floret|garbanzo beans|vegetable broth|soy sauce|lemon juice|ground coriander|ground ginger|cayenne pepper|cornstarch|cilantro
2963,Meatball Tagine With Herbs And Lemon,Moroccan,main-dish,,advanced,medium,moderate,onion|italian parsley|white bread|egg|ground lamb|ground cumin|paprika|fresh ground black pepper|butter|ground turmeric|red chili peppers|chicken stock|fresh cilantro|lemon juice|preserved lemon
2964,Moroccan Chicken Made On Stove Top Crock Pot Or Tagine,Moroccan,main-dish,dairy-free,advanced,low,moderate,boneless skinless chicken breasts|ground coriander|smoked paprika|ground cumin|seasoning|ground turmeric|ground cinnamon|olive oil|onion|chicken stock|raisins|prune|couscous
2965,Moroccan Spiced Lamb Chops,Moroccan,main-dish,dairy-free,beginner,low,moderate,nutmeg|clove|ground black pepper|white pepper|cinnamon|ground cardamom|cayenne|cumin|turmeric|sea salt|lamb rib chops|olive oil
2966,Roasted Chicken With Spices,Moroccan,main-dish,dairy-free,advanced,high,moderate,whole chicken|cinnamon stick|whole cloves|cayenne|cumin seeds|fennel seed|coriander seed|sweet paprika|sea salt|brown sugar|salt & freshly ground black pepper|lemon|fresh cilantro|garlic cloves|olive oil
2967,Spanish Moroccan Fish,Moroccan,main-dish,dairy-free,intermediate,medium,moderate,vegetable oil|onion|garlic clove|red bell peppers|carrot|tomatoes|olives|garbanzo beans|fresh parsley|paprika|ground cumin|cayenne pepper|chicken bouillon granules|salt|tilapia fillets
2968,Moroccan Chicken Kebabs Skewers,Moroccan,main-dish,dairy-free,intermediate,low,moderate,boneless skinless chicken breast|white vinegar|salt|pepper|paprika|cumin
2969,Moroccan Mushroom Couscous,Moroccan,main-dish,vegetarian|vegan|pescatarian|dairy-free,beginner,medium,moderate,"olive oil|fresh mushrooms|onion|garlic|cumin|coriander seed|cinnamon|nutmeg|turmeric|saffron thread|orange juice|lemons, zest of|couscous|raisins|salt & pepper"
2970,Chicken Tagine With Green Olives Preserved Lemon,Moroccan,main-dish,dairy-free,intermediate,low,moderate,"skinless chicken thighs|onion|fresh cilantro|italian parsley|garlic cloves|ground cumin|ground ginger|sweet paprika|black pepper|saffron|green olives|preserved lemon|lemon, juice of|salt"
2971,Chilled Moroccan Tomato Soup,Moroccan,main-dish,vegetarian|vegan|pescatarian|dairy-free,intermediate,low,moderate,tomatoes|celery|scallion|tomato juice|orange juice|olive oil|garlic|ground cumin|paprika|ground cinnamon|fresh lemon juice|hot pepper sauce|salt
2972,Moroccan Red Snapper With Cumin Seeds,Moroccan,main-dish,vegetarian|vegan|pescatarian|dairy-free,intermediate,high,moderate,cumin seeds|garlic cloves|fresh parsley|salt|lemons|red snapper|carrots|new potatoes|tomatoes|green bell pepper|lemon|mild green chilies|water|extra virgin olive oil
2973,My Lubia Chala With Kefta,Moroccan,main-dish,dairy-free,intermediate,low,moderate,lean ground beef|sweet paprika|turmeric|ground ginger|salt|fresh ground pepper|garlic cloves|diced tomatoes|green beans|carrot|fresh lemon juice
2974,Tajine Msir Zeetoon Moroccan Chicken With Lemons,Moroccan,main-dish,dairy-free,beginner,medium,moderate,"chicken|cumin|paprika|ginger|turmeric|garlic cloves|fresh coriander|lemons, juice of|black pepper|cayenne pepper|flour|tomatoes|green olives|lemon|extra virgin olive oil|chicken stock|lemon, juice of"
2975,Cheat S Easy Spiced Couscous With Fruit And Nuts In A Jar,Moroccan,main-dish,vegetarian|pescatarian,intermediate,medium,moderate,couscous|olive oil|ras el hanout spice mix|ground coriander|ground paprika|ground turmeric|pine nuts|dried apricots|golden sultana raisins|dried onion flakes|garlic granules|vegetable stock|butter|fresh coriander
2976,Moroccan Beef Cauliflower,Moroccan,main-dish,dairy-free,advanced,high,moderate,cauliflower|beef stew meat|olive oil|onion|garlic cloves|fresh parsley|tomato paste|beef bouillon cube|cumin|ginger|black pepper|salt|turmeric
2977,Moroccan Beef Kebab Skewers,Moroccan,main-dish,dairy-free,intermediate,high,moderate,beef stew meat|parsley|olive oil|onion|tomato paste|vinegar|salt|cumin|paprika|black pepper|garlic powder|onion powder
2978,Moroccan Spiced Lamb Stuffed Bell Peppers,Moroccan,main-dish,dairy-free,intermediate,medium,moderate,red bell peppers|brown rice|ground lamb|salt|garlic cloves|lemon juice|of fresh mint|ground cinnamon|ground cumin|cayenne pepper|chicken broth
2979,Moroccan Tuna Patties,Moroccan,main-dish,pescatarian,beginner,low,moderate,potatoes|tuna in water|fresh breadcrumb|egg|fresh coriander leaves|ground cumin|ground coriander|ground cinnamon|olive oil|natural yoghurt|lemon rind
2980,Nif S Grilled Moroccan Chicken Skewers,Moroccan,main-dish,,beginner,low,moderate,boneless skinless chicken breasts|olive oil|ground coriander|cumin|salt|cinnamon|cayenne|garlic cloves|plain yogurt|honey|curry powder
2981,North African Sweet Potato Pancakes,Moroccan,main-dish,vegetarian|pescatarian|dairy-free,intermediate,low,moderate,sweet potatoes|salt|white pepper|eggs|canola oil
2982,B Stilla,Moroccan,main-dish,,advanced,high,moderate,butter|chicken|parsley|onion|saffron thread|whole almond|icing sugar|eggs|pepper|cinnamon|phyllo pastry
2983,Chicken Tagine With Apricots And Almonds,Moroccan,main-dish,,advanced,high,moderate,ground cinnamon|ground ginger|turmeric|black pepper|salt|olive oil|chicken|unsalted butter|red onion|garlic cloves|fresh cilantro|fresh flat-leaf parsley|water|honey|cinnamon stick|dried apricot|blanched almond|string
2984,Chicken Tagine With Apricots And Honey,Moroccan,main-dish,dairy-free,advanced,high,moderate,couscous|all-purpose flour|paprika|ground coriander|cumin|salt|cinnamon|boneless skinless chicken breast|fat-free chicken broth|olive oil|butternut squash|turnip|dried apricot|white wine vinegar|granny smith apple|dried currants|chickpeas|honey
2985,Colorful Weeknight Couscous,Moroccan,main-dish,vegetarian|pescatarian,intermediate,medium,moderate,olive oil|red bell pepper|orange bell peppers|red onion|garlic cloves|turmeric|cumin seed|ground cumin|salt|chili powder|cayenne pepper|ground coriander|vegetable stock|couscous|butter
2986,Lentil Chicken Tagine,Moroccan,main-dish,dairy-free,beginner,high,moderate,boneless skinless chicken breasts|water|tomato sauce|fresh parsley|onion|chicken bouillon cubes|olive oil|ras el hanout spice mix|ginger|turmeric|salt|ground black pepper|dry lentils
2987,Mohammed S Tagine Kefta,Moroccan,main-dish,dairy-free,advanced,high,moderate,oil|onion|garlic cloves|fresh parsley|ground black pepper|salt|paprika|cumin|tomatoes|ground beef|eggs|jalapeno pepper
2988,Moroccan Fish With Lemon And Tomatoes,Moroccan,main-dish,pescatarian|dairy-free,advanced,medium,moderate,cooking spray|lemons|water|olive oil|sugar|saffron thread|flat leaf parsley|cilantro|salt|sweet paprika|cumin|black pepper|green olives|garlic cloves|halibut|onions|extra virgin olive oil|tomatoes|cilantro leaf
2989,Chicken Baked With Orange Spiced Harissa Sauce,Moroccan,main-dish,dairy-free,intermediate,medium,moderate,harissa|orange juice|orange peel|cider vinegar|vegetable oil|sugar|ground cinnamon|chicken
2990,Chicken Tagine With Plums And Spices,Moroccan,main-dish,dairy-free,advanced,high,moderate,extra virgin olive oil|chicken|fine sea salt|fresh ground white pepper|ground coriander|turmeric|ground cumin|madras curry powder|onion|garlic|fresh ginger|preserved lemons|tomatoes|prunes|chicken stock|almonds|couscous
2991,Couscous With Chicken And Chickpeas,Moroccan,main-dish,dairy-free,advanced,high,moderate,olive oil|chicken drumsticks|salt|fresh ground black pepper|onion|turnip|tomato paste|paprika|ground cumin|cayenne|water|carrots|chickpeas|flat leaf parsley|couscous
2992,Kefta Tajine Moroccan Spiced Meatballs W Eggs In Tomato Sauce,Moroccan,main-dish,dairy-free,intermediate,medium,moderate,ground lamb|onion|salt|pepper|sweet hungarian paprika|fresh coriander|flat leaf parsley|olive oil|ground ginger|turmeric|cayenne pepper|tomato paste|lamb stock|squash|peas|eggs
2993,Meatballs Casserole With Green Beans,Moroccan,main-dish,dairy-free,beginner,medium,moderate,ground beef|sweet paprika|turmeric|ground ginger|salt|fresh ground pepper|garlic cloves|breadcrumbs|white wine|egg|onion|diced tomatoes|green beans|carrots|fresh lemon juice
2994,Moroccan Beef With Honey Spice Couscous,Moroccan,main-dish,dairy-free,advanced,high,moderate,beef flank steak|red wine vinegar|garlic salt|ground cumin|ground coriander|ground cinnamon|ground ginger|black pepper|honey|olive oil|water|marinade|garbanzo beans|fresh tomato|fresh flat-leaf parsley|couscous
2995,Moroccan Spiced Chicken With Lemon And Carrots,Moroccan,main-dish,dairy-free,advanced,medium,moderate,olive oil|chicken legs|onion|carrot|paprika|ground ginger|turmeric|cinnamon|lemon|chicken stock|couscous
2996,Preserved Lemon Chicken Tagine For The Tagine,Moroccan,main-dish,dairy-free,advanced,medium,moderate,skinless chicken thighs|garlic cloves|onions|chopped tomatoes|chickpeas|fresh gingerroot|dried apricots|tomato puree|honey|boiling water|chicken stock cube|saffron strand|ras el hanout spice mix|salt|preserved lemon|olive oil|fresh ground black pepper|fresh coriander
2997,Spicy Moroccan Chicken With Apricots And Prunes Low Fat,Moroccan,main-dish,dairy-free,intermediate,low,moderate,white wine|honey|olive oil|ground cumin|ground coriander|chili powder|ground cinnamon|onion|garlic cloves|prune|dried apricot|salt|pepper|boneless skinless chicken thighs
2998,Beef And Prune Tagine,Moroccan,main-dish,,intermediate,high,moderate,butter|olive oil|ground cumin|black pepper|ground cinnamon|onion|fresh coriander|stewing beef|saffron|boiling water|prunes|clear honey|sesame seeds|almonds
2999,Bisteeya Or Moroccan Chicken Pie,Moroccan,main-dish,,advanced,high,moderate,butter|whole chickens|onion|salt and pepper|cinnamon|ginger|cumin|cayenne|saffron thread|turmeric|chicken stock|eggs|fresh cilantro|fresh parsley|blanched almond|powdered sugar|phyllo dough
3000,Chicken Tagine With Potatoes And Peas Morocco North Africa,Moroccan,main-dish,dairy-free,beginner,medium,moderate,chicken breasts|onions|garlic cloves|extra virgin olive oil|saffron threads|ground cumin|ground ginger|ground black pepper|paprika|salt|flat leaf parsley|cilantro|potatoes|green peas
3001,Ginger Chicken With Chickpeas Moroccan Tagine,Moroccan,main-dish,,advanced,high,moderate,dried garbanzo beans|skinless chicken|black pepper|ginger|salt|garlic cloves|olive oil|lemon juice|turmeric|onion|parsley|cinnamon stick|sweet butter|cornstarch
3002,Low Fat Zucchini Frittata,Moroccan,main-dish,vegetarian|pescatarian,intermediate,medium,moderate,zucchini|onion|fresh garlic|cooked white rice|egg substitute|parmesan cheese|mozzarella cheese|extra virgin olive oil|salt|ground pepper
3003,Moroccan Lamb Chops With Cumin Paprika Salt,Moroccan,main-dish,,beginner,high,moderate,ground cumin|kosher salt|paprika|cayenne|lamb chops|unsalted butter
3004,Moroccan Lamb Kabobs,Moroccan,main-dish,,advanced,low,moderate,ground cinnamon|ground coriander|salt|fresh ground black pepper|ground cumin|ground nutmeg|boneless leg of lamb|plain yogurt|mayonnaise|fresh lemon juice|garlic cloves|salt & freshly ground black pepper|fresh mint leaves|fresh flat-leaf parsley
3005,Moroccan Meatballs In Tomato Sauce,Moroccan,main-dish,dairy-free,advanced,medium,moderate,ground lamb|paprika|cumin|fresh parsley|salt|garlic clove|diced tomatoes with juice|olive oil|tomato paste|onion
3006,Moroccan Salmon,Moroccan,main-dish,pescatarian|dairy-free,advanced,low,moderate,fresh parsley|olive oil|lemon juice|salt|ground ginger|garlic powder|ground red pepper|ground cumin|black pepper|garlic cloves|salmon fillets|cooking spray|lemon|red bell peppers|green bell peppers|water|plum tomato
3007,Moroccan Tagine,Moroccan,main-dish,dairy-free,advanced,medium,moderate,vegetable oil|onions|garlic cloves|boneless skinless chicken breasts|carrot|red capsicums|ground cumin|ground allspice|ground ginger|turmeric|cinnamon|salt|cayenne|water|eggplant|raisins|chickpeas|dried apricot
3008,Moroccan Style Chicken,Moroccan,main-dish,,intermediate,high,moderate,lemons|garlic cloves|onion|olive oil|parsley|mint|coriander|turmeric|paprika|ground cumin|chicken legs|unsalted butter|stuffed green olives|tahini
3009,Moroccan Style Chicken With Lentils,Moroccan,main-dish,dairy-free,advanced,medium,moderate,olive oil|boneless skinless chicken thighs|garlic cloves|ground cumin|ground coriander|smoked paprika|salt and pepper|onion|split red lentils|chopped tomatoes|tomato ketchup|chicken stock|cinnamon stick|dried apricots|mint leaf
3010,Red Lentil And Vegetable Stew,Moroccan,main-dish,vegetarian|vegan|pescatarian|dairy-free,intermediate,medium,moderate,red lentil|carrot|celery|onion|garlic cloves|vegetable stock|ground cumin|tabasco brand chipotle pepper sauce|extra virgin olive oil|diced tomatoes
3011,Roasted Moroccan Spiced Chicken,Moroccan,main-dish,vegetarian|vegan|pescatarian|dairy-free,advanced,high,moderate,roasting chickens|pepper|garlic cloves|cinnamon|lemon|cayenne pepper|cumin|salt|coriander|olive oil|paprika
3012,Vegetable Lovers Tagine,Moroccan,main-dish,vegetarian|vegan|pescatarian|dairy-free,intermediate,low,moderate,"olive oil|onion|garlic cloves|ground coriander|ground cumin|paprika|salt|ground black pepper|turmeric|vegetable broth|tomato paste|fresh parsley|fresh cilantro|chickpeas|carrots|green pepper|zucchini|tomatoes|lemon, juice of|green onions"
3013,A Very Good Tagine Tajine Vegetarian,Moroccan,main-dish,vegetarian|vegan|pescatarian|dairy-free,beginner,low,moderate,onion|mushrooms|sweet potatoes|canned tomatoes|cherry tomatoes|dried apricots|chickpeas|tomato puree|coriander|cinnamon|cumin|garlic powder|hot chili powder|vegetable stock|cooking spray
3014,African Style Shish Kebab,Moroccan,main-dish,,advanced,medium,moderate,plain yogurt|lemon juice|olive oil|onion|mint leaf|fresh cilantro|salt and pepper|cayenne pepper|boneless leg of lamb|cherry tomatoes|green peppers|white onions|mushrooms
3015,Chicken With Dates And Moroccan Spices,Moroccan,main-dish,dairy-free,advanced,high,moderate,chicken breast halves|all-purpose flour|olive oil|shallots|cinnamon sticks|ground ginger|ground cumin|turmeric|cayenne pepper|low sodium chicken broth|fresh lemon juice|dates|almonds|fresh cilantro
3016,Falafel Burgers,Moroccan,main-dish,vegetarian|vegan|pescatarian|dairy-free,beginner,medium,moderate,"canned chick-peas|onion|fresh parsley leaves|lemon, juice and zest of|ground cumin|ground coriander|olive oil|flour"
3017,Grilled Fish On Skewers,Moroccan,main-dish,pescatarian|dairy-free,beginner,low,moderate,white fish fillets|onion|garlic cloves|fresh coriander|flat leaf parsley|paprika|cayenne pepper|saffron|salt|olive oil|lemon juice
3018,Jewish French Moroccan Chicken,Moroccan,main-dish,dairy-free,intermediate,medium,moderate,"boneless skinless chicken thighs|onions|olive oil|dried apricots|pitted prunes|raisins|salt|turmeric|ground black pepper|honey|cinnamon|lemon, juice of|chicken stock|flour"
3019,Lamb Chops With Chermoula,Moroccan,main-dish,dairy-free,beginner,medium,moderate,"lamb chops|lemon, juice and zest of|ground cumin|sweet paprika|olive oil|parsley|salt and pepper"
3020,Lamb Stew With Tomatoes Chickpeas And Spices,Moroccan,main-dish,dairy-free,advanced,high,moderate,lamb shoulder|salt|ground black pepper|vegetable oil|onions|garlic cloves|flour|low sodium chicken broth|tomatoes with juice|bay leaves|ground coriander|ground cumin|ground cinnamon|ground ginger|chickpeas|fresh parsley
3021,Marrakesh Lentil Stew,Moroccan,main-dish,dairy-free,beginner,medium,moderate,chicken stock|dried red lentils|cooked sausage|dry red wine|diced tomatoes with juice|corn|cinnamon|nutmeg|cumin|garlic|ginger|dried thyme
3022,Minted Couscous With Roasted Vegetables,Moroccan,main-dish,vegetarian|vegan|pescatarian|dairy-free,advanced,high,moderate,"aubergine|courgette|red onion|garlic cloves|basil leaves|fresh parsley|olive oil|red pepper|yellow pepper|field mushrooms|black olives|couscous|water|lemons, juice and zest of|spring onions|of fresh mint|sea salt|black pepper"
3023,Moroccan Beef Stew,Moroccan,main-dish,dairy-free,advanced,medium,moderate,olive oil|beef tenderloin|onion|carrot|garlic cloves|paprika|ground cumin|ground cinnamon|beef broth|kalamata olive|golden raisin|garbanzo beans|cilantro|lemon peel
3024,Moroccan Braised Chicken With Zucchini,Moroccan,main-dish,dairy-free,intermediate,medium,moderate,canned chicken broth|ground cumin|paprika|cinnamon|chili flakes|garlic clove|onion|carrots|chicken breasts|zucchini|brown sugar|golden raisin|dried apricot
3025,Moroccan Chicken And Raisins For 2,Moroccan,main-dish,dairy-free,intermediate,medium,moderate,oil|onion|garlic clove|salt and pepper|ground ginger|coriander|cumin|cinnamon|nutmeg|cayenne|vanilla extract|tomatoes|raisins|almonds|chickpeas|boneless skinless chicken breast
3026,Moroccan Greens,Moroccan,main-dish,vegetarian|vegan|pescatarian|dairy-free,intermediate,medium,moderate,olive oil|onion|garlic cloves|fresh ginger|paprika|ground coriander|turmeric|cayenne|ground cumin|sweet potato|vegetable stock|chickpeas|baby spinach leaves|sugar snap peas|green beans|chinese cabbage|couscous|raisins
3027,Moroccan Turkey Tenderloin,Moroccan,main-dish,dairy-free,intermediate,low,moderate,turkey breast tenderloin|lemon juice|black pepper|turmeric|ginger|nutmeg|cumin|salt|onion|saffron|chicken broth|garlic clove|cornstarch
3028,Moroccan Rubbed Grilled Steak And Sweet Potatoes,Moroccan,main-dish,vegetarian|vegan|pescatarian|dairy-free,advanced,medium,moderate,ground allspice|ground cumin|ground ginger|kosher salt|ground cinnamon|ground coriander|cayenne pepper|steak|sweet potatoes|red onion|canola oil|orange zest
3029,Moroccan Spiced Pork Chops And Fruity Couscous,Moroccan,main-dish,dairy-free,intermediate,medium,moderate,ground cinnamon|ground cumin|ground coriander|harissa|lean pork loin|olive oil|couscous|fat-free chicken broth|cinnamon|turmeric|apricot halves|cilantro
3030,Moroccan Style Roast Chicken,Moroccan,main-dish,,intermediate,high,moderate,unsalted butter|honey|ground cinnamon|turmeric|whole chicken
3031,Simple Moroccan Chicken,Moroccan,main-dish,dairy-free,intermediate,medium,moderate,"chicken fillets|flour|salt and pepper|olive oil|onions|ground cinnamon|ground cloves|sumaq|sultana|chicken stock|pine nuts|fresh coriander|lemon, juice of"
3032,Spicy Lamb With Garlic Couscous,Moroccan,main-dish,,advanced,high,moderate,loin lamb|chili|ground cumin|garlic clove|fresh coriander|peas|couscous|chicken stock|garlic cloves|olive oil|low-fat yogurt
3033,Tunisian Chicken,Moroccan,main-dish,dairy-free,intermediate,low,moderate,red onion|boneless skinless chicken breasts|garlic cloves|coriander seed|ground cumin|ground cinnamon|cayenne pepper|cardamom pods|chicken broth|all-purpose flour|dried oregano|chopped tomatoes|orange peel|orange juice|salt & freshly ground black pepper
3034,Rosemary And Lemon Pork Stew,Portuguese,main-dish,dairy-free,intermediate,medium,moderate,boneless pork chops|flour|salt|black pepper|paprika|olive oil|portabella mushrooms|onions|dry white wine|dried basil|ground coriander|dried rosemary|fresh lemon juice|parsley
3035,Portuguese Pork Tenderloin,Portuguese,main-dish,,intermediate,low,moderate,pork tenderloin|flour|salt|pepper|paprika|butter|onion|mushroom|dry white wine|rosemary|lemon juice|fresh parsley
3036,Portuguese Fried Potatoes Batas A Portuguesa,Portuguese,main-dish,vegetarian|pescatarian,beginner,medium,moderate,butter|oil|potatoes|salt|black pepper|parsley
3037,Tilapia A La Portuguesa,Portuguese,main-dish,vegetarian|vegan|pescatarian|dairy-free,intermediate,low,moderate,tilapia fillets|tomatoes|onion|garlic|sweet pepper|olive oil|salt and pepper|chardonnay wine|fresh parsley
3038,Oh My Cod,Portuguese,main-dish,pescatarian|dairy-free,intermediate,low,moderate,cod fish fillets|olive oil|thyme leaves|dried parsley|smoked paprika|lemon|salt|pepper|brown sugar|roasted garlic|panko breadcrumbs
3039,Portuguese Kale Soup With Veggie Version,Portuguese,main-dish,vegetarian|vegan|pescatarian|dairy-free,advanced,high,moderate,potatoes|white onions|dry sherry|fresh kale|apple|fresh garlic clove|portuguese chourico|diced tomatoes with juice|great northern beans|lemon|bay leaves|kosher salt|black pepper|hot sauce|turmeric|thyme
3040,Chorizo Bake,Portuguese,main-dish,,intermediate,high,moderate,chorizo sausage|cream cheese|cornmeal|sugar|eggs|corn kernels|cheddar cheese|green onions|jalapeno pepper|dried oregano|salt|pepper
3041,Portuguese Style Baked Fish,Portuguese,main-dish,pescatarian|dairy-free,advanced,medium,moderate,fish fillets|olive oil|onion|leek|garlic cloves|canned plum tomatoes|tomato paste|white wine|cumin|oregano|rosemary|salt and pepper|green pepper|lemon|fresh parsley
3042,Mood Beef Portuguese Beef Stew,Portuguese,main-dish,dairy-free,advanced,low,moderate,olive oil|beef round steak|salt|ground black pepper|onion|green peppers|garlic cloves|tomato paste|italian plum tomatoes|water|bay leaf|crushed red pepper flakes|ditalini|fresh parsley leaves
3043,Portuguese Cod Casserole,Portuguese,main-dish,dairy-free,advanced,low,moderate,onions|olive oil|garlic cloves|potatoes|plum tomatoes|oil-cured black olive|cod fish fillets|chicken broth|salt and pepper
3044,Portuguese Pork Ragout With Sweet Peppers,Portuguese,main-dish,dairy-free,advanced,medium,moderate,pork tenderloin|olive oil|shallot|garlic cloves|red bell peppers|paprika|ground cumin|cumin seed|salt|chicken broth|dry white wine|lemons|lemon juice|fresh ground black pepper|fresh cilantro|toasted sliced almonds
3045,Cabbage And Potato Soup Caldo Verde,Portuguese,main-dish,vegetarian|vegan|pescatarian|dairy-free,beginner,low,moderate,potatoes|water|garlic|olive oil|cabbage|salt|black pepper
3046,Portuguese African Chicken In Coconut Sauce,Portuguese,main-dish,,advanced,high,moderate,chicken|salt|pepper|vegetable oil|onion|garlic cloves|hot red pepper|tomato paste|paprika|ground ginger|coconut milk|peanut butter|fresh coriander
3047,Fried Portuguese Style Bay Scallops,Portuguese,main-dish,pescatarian,intermediate,medium,moderate,"bay scallop|butter|flour|garlic clove|parsley|salt|fresh ground black pepper|lemon, juice of"
3048,Herbed Rissoles With Mushroom Sauce,Portuguese,main-dish,,intermediate,medium,moderate,extra lean ground beef|onion|carrot|hot pepper|fresh thyme leaves|garlic cloves|eggs|all-purpose flour|butter|vegetable oil|red wine|beef stock|green onions|white mushrooms
3049,Linguica And Green Beans,Portuguese,main-dish,dairy-free,beginner,low,moderate,fresh green beans|onion|garlic cloves|green bell pepper|potatoes|linguica sausage|allspice|crushed red pepper flakes|tomato sauce
3050,Nanas Portuguese Potatoes,Portuguese,main-dish,dairy-free,intermediate,medium,moderate,water|red wine vinegar|paprika|salt|pepper|onion|tomatoes|fresh parsley|russet potatoes|polish sausage|chicken
3051,Camarao Mozambique Portuguese Style Shrimp,Portuguese,main-dish,pescatarian,intermediate,low,moderate,butter|onion|water|garlic|fresh flat-leaf parsley|turmeric|saffron thread|red wine|fresh lemon juice|coarse sea salt|black pepper|crushed red pepper flakes|shrimp
3052,My Special Pork Roast,Portuguese,main-dish,dairy-free,intermediate,low,moderate,pork loin roast|extra virgin olive oil|garlic|salt|cracked black pepper|parsley flakes|chili flakes
3053,Birthday Peanut Butter Chicken,Portuguese,main-dish,,intermediate,medium,moderate,skinless chicken breasts|onion|green pepper|garlic clove|coriander|ginger|cayenne pepper|brown sugar|chicken broth|tomato paste|creamy peanut butter|olive oil|butter
3054,Kid Tested Mother Approved Portuguese Pork Chop,Portuguese,main-dish,vegetarian|vegan|pescatarian|dairy-free,advanced,low,moderate,rib chops|olive oil|garlic|bay leaves|lemon|white wine|salt and pepper
3055,Pork Stew With Cumin Portugal,Portuguese,main-dish,dairy-free,intermediate,medium,moderate,boneless pork|cumin|garlic cloves|bay leaf|salt and pepper|dry white wine|lemon juice|olive oil|onion|pitted black olives|lemon wedge
3056,Portuguese Beef And Onions Bifes De Cebolada,Portuguese,main-dish,dairy-free,beginner,low,moderate,olive oil|beef steak|onions|garlic cloves|tomatoes|parsley|bay leaf|salt and black pepper|coriander|red pepper flakes
3057,Portuguese Black Bean Chicken Stew,Portuguese,main-dish,dairy-free,intermediate,medium,moderate,dried black beans|water|boneless skinless chicken breasts|red peppers|red onion|okra|garlic|tomatoes|scallion|basil|cilantro|ground cumin|cracked black pepper
3058,Portuguese Chicken Casserole,Portuguese,main-dish,,intermediate,high,moderate,chicken|tomatoes|smoked ham|boiling onions|dijon mustard|garlic clove|dry white wine|tawny port|salt and pepper|butter|brandy
3059,Portuguese Chicken Madeira,Portuguese,main-dish,dairy-free,intermediate,high,moderate,roasting chicken|garlic cloves|whole black peppercorns|madeira wine|olive oil|salt
3060,Portuguese Filet Mignon With Mushroom Sauce,Portuguese,main-dish,vegetarian|pescatarian,intermediate,low,moderate,lemon|filet mignon steaks|coarse salt|dried chili|garlic cloves|butter|milk|dry red wine|worcestershire sauce|mushrooms|bread
3061,Tilapia Al Ajillo Garlic Tilapia,Spanish,main-dish,vegetarian|vegan|pescatarian|dairy-free,intermediate,low,moderate,tilapia fillets|garlic cloves|olive oil|salt and pepper|lemon|parsley
3062,Gambas Al Ajillo Shrimp W Garlic Catalonia,Spanish,main-dish,pescatarian,beginner,medium,moderate,olive oil|butter|shrimp|garlic cloves|fresh lemon juice|paprika|red pepper flakes|flat leaf parsley|salt|fresh ground pepper
3063,Portuguese Paella,Spanish,main-dish,dairy-free,advanced,medium,moderate,skinless chicken thighs|fresh rosemary|salt|fresh ground black pepper|canola oil|portuguese chourico|onion|red bell pepper|arborio rice|plum tomato|sweet paprika|saffron thread|garlic clove|chicken broth|large shrimp|asparagus|frozen peas
3064,Authentic Spanish Paella,Spanish,main-dish,dairy-free,advanced,high,moderate,rice|chicken stock|onion|garlic cloves|bell pepper|green beans|plum tomatoes|tomato paste|shrimp|rabbit|chorizo sausages|fresh parsley|fresh thyme|paprika|saffron|lemons
3065,Quinoa Beef Picadillo,Spanish,main-dish,dairy-free,advanced,medium,moderate,olive oil|onion|green bell pepper|garlic|cumin seed|lean ground beef|salt|dried oregano|chili powder|ground cinnamon|tomatoes and green chilies|pimento stuffed olive|raisins|capers|cooked quinoa|fresh ground pepper|lime wedge
3066,Chorizo Shrimp And Rice,Spanish,main-dish,dairy-free,intermediate,medium,moderate,olive oil|onion|red bell pepper|green bell pepper|garlic cloves|tomatoes|spanish rice|salt and pepper|chorizo sausage|vegetable stock|large shrimp|fresh parsley
3067,Lime Soaked Cumin Crusted Skirt Steak,Spanish,main-dish,vegetarian|vegan|pescatarian|dairy-free,advanced,medium,moderate,skirt steaks|fresh lime juice|cumin seeds|garlic|fresh cilantro|cracked black pepper|green olives|dried red chili pepper|olive oil
3068,Pollo Al Ajillo,Spanish,main-dish,dairy-free,intermediate,high,moderate,"olive oil|chicken|salt|garlic|water|lemon, juice of|saffron"
3069,Guisado De Chorizo Y Papas,Spanish,main-dish,dairy-free,intermediate,high,moderate,olive oil|red onions|button mushrooms|garlic|potatoes|chorizo sausage|paprika|chicken broth|fresh ground black pepper|bay leaves|fresh basil
3070,Mediterranean Chicken Paella,Spanish,main-dish,dairy-free,advanced,medium,moderate,olive oil|onion|garlic|dried chili pepper flakes|red bell pepper|frozen artichoke heart|olive|chicken broth|water|long-grain white rice|salt|paprika|saffron thread|black pepper|cooked chicken|frozen green pea
3071,Steak With Blue Cheese Sauce,Spanish,main-dish,vegetarian|pescatarian,intermediate,low,moderate,blue cheese|garlic clove|dry white wine|ground red pepper|unsalted butter|new york strip steaks|fresh ground pepper|water|parsley
3072,Salmon With Tomatoes,Spanish,main-dish,pescatarian|dairy-free,beginner,medium,moderate,salmon steaks|oil|onions|garlic|hot pepper|tomatoes|parsley|dry white wine|salt|oregano|pepper|cumin
3073,Spanish Garlic Shrimp Taverna,Spanish,main-dish,pescatarian|dairy-free,beginner,low,moderate,olive oil|garlic cloves|red pepper flakes|medium shrimp|fresh lemon juice|dry sherry|paprika|fresh flat-leaf parsley
3074,Fish Piccata Easy And Economical,Spanish,main-dish,pescatarian,intermediate,low,moderate,olive oil|white fish fillets|kosher salt|fresh ground black pepper|flour|white wine|lemons|capers|butter|fresh parsley
3075,Spanish Grilled Chicken Breasts,Spanish,main-dish,dairy-free,intermediate,medium,moderate,olive oil|fresh tarragon|sherry wine vinegar|orange|lemon|kosher salt|garlic|fresh ginger|hot paprika|black pepper|boneless chicken breast halves
3076,Spanish Pork,Spanish,main-dish,dairy-free,beginner,medium,moderate,"mustard|garlic clove|capers|pimento stuffed olives|flat leaf parsley|lemon, juice and zest of|olive oil|pepper|warm water|pork fillets"
3077,Spanish Shrimp,Spanish,main-dish,pescatarian|dairy-free,intermediate,low,moderate,extra virgin olive oil|garlic|shallots|cumin|hot paprika|medium shrimp|salt & freshly ground black pepper|fresh cilantro|fresh italian parsley|fresh lemon juice
3078,Arroz Con Pollo Baked Chicken And Rice,Spanish,main-dish,dairy-free,advanced,high,moderate,chicken|salt|pepper|olive oil|onion|green pepper|tomatoes|garlic|chicken broth|bay leaf|fresh oregano|red cayenne pepper|saffron|long grain rice|frozen green peas|pimientos
3079,Tapas Spicy Pork Skewers Pinchos Morunos,Spanish,main-dish,dairy-free,intermediate,medium,moderate,pork tenderloin|sweet paprika|ground cumin|cayenne|salt and pepper|olive oil
3080,Torta A Spanish Influenced Breakfast,Spanish,main-dish,vegetarian|pescatarian,advanced,low,moderate,potatoes|onion|garlic cloves|eggs|olive oil|milk|salt|fresh ground pepper
3081,Deep Fried Calamari Simple,Spanish,main-dish,vegetarian|vegan|pescatarian|dairy-free,beginner,low,moderate,calamari|cornstarch|salt|lemon wedge|oil
3082,Spanish Chicken With Rice Chicken For Almodovar,Spanish,main-dish,,advanced,high,moderate,chicken stock|butter|saffron threads|white rice|extra virgin olive oil|chicken breasts|salt & pepper|garlic cloves|onion|bay leaf|pimientos|spanish olives|golden raisin|white wine|parsley|sliced almonds
3083,Spanish Paella With Chicken And Seafood,Spanish,main-dish,dairy-free,advanced,high,moderate,olive oil|chicken breasts|salt|pepper|spanish onion|green pepper|garlic|paprika|fresh thyme|shrimp|arborio rice|tomatoes|chicken broth|saffron thread|lima beans|roasted red pepper|parsley|clams in shell|lemon wedge|green onion
3084,Sunny Chicken Paella,Spanish,main-dish,dairy-free,advanced,medium,moderate,chicken legs|salt|pepper|olive oil|onions|garlic|paprika|turmeric|cayenne pepper|tomatoes|chicken stock|long-grain rice|sweet red pepper|peas
3085,Barcelona Style Pork Tenderloin With Sherry Peppers,Spanish,main-dish,dairy-free,advanced,medium,moderate,pork tenderloin|fresh rosemary|hungarian paprika|salt|black pepper|olive oil|red bell pepper|fresh garlic cloves|dry sherry
3086,Chorizo Burger,Spanish,main-dish,,advanced,high,moderate,ground sirloin|chorizo sausage|vegetable oil|onion|roasted red pepper|ranch dressing|powdered saffron|paprika|onions|brown sugar|salt and pepper|kaiser rolls|butter|manchego cheese
3087,Pasta With Spicy Shrimp And Sun Dried Tomatoes,Spanish,main-dish,pescatarian,advanced,high,moderate,"olive oil|large shrimp|shallots|sun-dried tomato packed in oil|kalamata olives|garlic|lemon, rind of|dry crushed red pepper|diced tomatoes|fresh basil|linguine|feta cheese"
3088,Pollo En Mojo Well Sort Of,Spanish,main-dish,vegetarian|vegan|pescatarian|dairy-free,intermediate,medium,moderate,fryer chickens|garlic|sea salt|dried cayenne peppers|cumin seed|paprika|olive oil|red wine vinegar|oil
3089,Spanish Lentil Soup With Chorizo,Spanish,main-dish,dairy-free,intermediate,medium,moderate,dry green lentils|olive oil|onion|garlic clove|water|potato|chorizo sausages|salt & pepper
3090,Spanish Paprika Chicken,Spanish,main-dish,dairy-free,advanced,medium,moderate,skinless chicken breasts|lemon zest|fresh lemon juice|sweet paprika|dried thyme|salt|pepper|extra virgin olive oil|serrano ham|spanish onion|garlic cloves|dry white wine|chicken stock|fresh italian parsley
3091,Tortilla Espanola Traditional Spanish Potato Omelete,Spanish,main-dish,vegetarian|pescatarian|dairy-free,intermediate,low,moderate,extra virgin olive oil|red bliss potatoes|onion|kosher salt & freshly ground black pepper|eggs
3092,Canary Island Style Pollo En Adobo,Spanish,main-dish,dairy-free,intermediate,high,moderate,broiler-fryer chicken|garlic cloves|paprika|oregano|thyme|sea salt|olive oil|white wine|pepper|oil
3093,Huevos A La Flamenca,Spanish,main-dish,dairy-free,advanced,medium,moderate,chorizo sausage|ham|onion|garlic clove|tomatoes|red bell peppers|tomato puree|pimiento|dried thyme|dried oregano|red pepper|eggs|asparagus|frozen peas
3094,Paella For Those Who Don T Like Seafood,Spanish,main-dish,dairy-free,advanced,high,moderate,chicken|onions|garlic clove|turmeric|chorizo sausage|rice|stock|tomatoes|red pepper|peas|salt and pepper
3095,Pepper And Potato Tortilla,Spanish,main-dish,vegetarian|pescatarian,advanced,medium,moderate,potatoes|olive oil|onion|garlic cloves|red peppers|eggs|sharp cheddar cheese|salt and pepper
3096,Roast Potato Tortilla,Spanish,main-dish,vegetarian|pescatarian,intermediate,low,moderate,olive oil|onion|garlic cloves|red pepper|paprika|dried herbs|potatoes|corn kernels|sea salt|fresh ground black pepper|eggs|tasty cheese|mixed salad green|roll|fresh parsley
3097,Spanish Chicken And Rice,Spanish,main-dish,dairy-free,intermediate,high,moderate,olive oil|chicken thighs|chicken drumsticks|red onion|green capsicum|sweet paprika|chopped tomatoes|ground turmeric|arborio rice|boiling water
3098,Spanish Chicken With Chorizo And Chickpeas,Spanish,main-dish,dairy-free,advanced,high,moderate,diced tomatoes|sherry wine vinegar|saffron thread|boneless skinless chicken breast halves|salt & freshly ground black pepper|all-purpose flour|extra virgin olive oil|chorizo sausage|garlic cloves|chickpeas|dried thyme
3099,Spanish Tortilla Potato Omelette,Spanish,main-dish,vegetarian|pescatarian|dairy-free,intermediate,low,moderate,potato|onion|olive oil|eggs|salt
3100,Vegetable Paella,Spanish,main-dish,vegetarian|vegan|pescatarian|dairy-free,intermediate,medium,moderate,olive oil|onions|garlic cloves|green sweet pepper|sweet red pepper|peas|tomatoes|paprika|saffron thread|vegetable stock|ground black pepper|long grain rice|fresh parsley
3101,A Whole Chicken On The Grill,Spanish,main-dish,dairy-free,beginner,high,moderate,orange juice|red wine vinegar|tomato paste|cayenne pepper|ground black pepper|whole chicken
3102,Basquadillas,Spanish,main-dish,,advanced,low,moderate,bell peppers|olive oil|balsamic vinegar|fresh thyme|garlic powder|basil|soft fresh goat cheese|whole wheat tortillas|basil sprig
3103,Core Spanish Omelette,Spanish,main-dish,vegetarian|pescatarian|dairy-free,advanced,low,moderate,baking potatoes|eggs|egg whites|garlic cloves|salt|pepper|canola oil|onion
3104,Corn And Cheese Griddle Cakes Arepas,Spanish,main-dish,vegetarian|pescatarian,advanced,low,moderate,yellow cornmeal|salt|fat free mozzarella cheese|butter|low-fat milk|fresh corn kernels|pico de gallo
3105,Gypsy Soup,Spanish,main-dish,vegetarian|vegan|pescatarian|dairy-free,beginner,low,moderate,olive oil|onions|garlic cloves|celery|sweet potatoes|vegetable broth|bay leaf|paprika|turmeric|dried basil|cinnamon|cayenne pepper|chopped tomato|green pepper|chickpeas|soy sauce
3106,Mussels With Chorizo Tomato And Wine,Spanish,main-dish,,advanced,high,moderate,chorizo sausage|unsalted butter|yellow onion|shallot|fennel seed|fresh ground black pepper|garlic cloves|roma tomatoes|white wine|heavy cream|fresh parsley leaves|fresh mussels|french bread
3107,Pata De Cerdo Canary Island Style Pork Roast,Spanish,main-dish,dairy-free,intermediate,high,moderate,garlic cloves|sea salt|paprika|thyme|oregano|olive oil|pork sirloin roast|french baguettes|salt
3108,Simple Arroz Con Pollo,Spanish,main-dish,dairy-free,intermediate,medium,moderate,olive oil|chicken breasts|flour|salt and pepper|chicken stock|instant rice|garlic cloves|onion|diced tomatoes|oregano|hot paprika|saffron thread
3109,Simple Chicken And Sausage Paella,Spanish,main-dish,dairy-free,advanced,medium,moderate,hot italian sausage|onion|green bell pepper|garlic cloves|long-grain rice|canned tomatoes|chicken stock|ground turmeric|cayenne pepper|boneless skinless chicken breast|salt and pepper|green onion
3110,Spicy Spanish Chicken,Spanish,main-dish,dairy-free,beginner,low,moderate,chicken breast tenders|smoked paprika|pepper|olive oil|prosciutto|garlic cloves|olive|green chili|diced tomato|fresh parsley
3111,Almond Crusted Catalan Chicken,Spanish,main-dish,dairy-free,intermediate,medium,moderate,broiler-fryer chicken|mayonnaise|garlic cloves|fresh orange juice|orange rind|honey|cinnamon|salt|pepper|plain breadcrumbs|sliced almonds|olive oil
3112,Baked Fish With Potatoes Onions Saffron And Paprika,Spanish,main-dish,pescatarian|dairy-free,advanced,medium,moderate,fish fillets|kosher salt|fresh lemon juice|extra virgin olive oil|baking potato|vidalia onions|saffron thread|sweet paprika|fresh parsley
3113,Baked Spanish Risotto,Spanish,main-dish,dairy-free,beginner,medium,moderate,cherry tomatoes|red onion|garlic cloves|olive oil|risotto rice|chicken thigh fillets|chorizo sausage|fresh rosemary|hot chicken broth|saffron strand|raw shrimp|salt and black pepper
3114,Beef And Cheese Tamale Pie,Spanish,main-dish,,advanced,medium,moderate,onion|lean ground beef|garlic cloves|dried oregano|ground cumin|salt|chili powder|canned stewed tomatoes|fresh corn kernels|fresh cilantro|monterey jack pepper cheese|sharp cheddar cheese|reduced-sodium chicken broth|yellow cornmeal|cold water|low-fat plain yogurt|heavy cream|diced tomato|sour cream|pitted black olives
3115,Beefed Up Spanish Orzo,Spanish,main-dish,dairy-free,intermediate,high,moderate,orzo pasta|olive oil|ground beef|mushroom|onion|garlic powder|black pepper|spaghetti sauce|salsa|pimento stuffed olive
3116,Burgers With A Spanish Flair,Spanish,main-dish,,advanced,high,moderate,onion|extra virgin olive oil|garlic cloves|mayonnaise|smoked paprika|ground pork|ground round|kosher salt & freshly ground black pepper|piquillo pepper|green olives|monterey jack cheese|hamburger buns
3117,Chicken With Spinach Garlic And Tomato Sauce,Spanish,main-dish,dairy-free,intermediate,low,moderate,boneless skinless chicken breast halves|garlic cloves|olive oil|spinach|tomato sauce|tamari|white wine
3118,Corn Flan With Spicy Shrimp,Spanish,main-dish,,advanced,medium,moderate,corn kernels|half-and-half|feta cheese|eggs|egg yolks|kosher salt|white pepper|large shrimp|all-purpose flour|paprika|brown sugar|ground cumin|cayenne pepper|olive oil|unsalted butter|dry white wine|chicken broth|fresh chives
3119,Paella With Chicken Zucchini And Rosemary,Spanish,main-dish,dairy-free,advanced,high,moderate,olive oil|chicken|onion|garlic cloves|green pepper|dry sherry|rice|chicken broth|saffron|turmeric|fresh rosemary|zucchini|salt and pepper
3120,Quick N Easy Paella,Spanish,main-dish,dairy-free,advanced,high,moderate,italian sausages|rice|chicken broth|water|stewed tomatoes|large shrimp|frozen peas
3121,Sauted Shrimp With Polenta And Manchego Sauce,Spanish,main-dish,pescatarian,advanced,medium,moderate,vegetable stock|skim milk|yellow cornmeal|manchego cheese|unsalted butter|sea salt|ground pepper|large shrimp|smoked paprika|olive oil|garlic cloves|shallot|celery|fresh ground pepper|all-purpose flour|vegetable broth|heavy cream|fresh lemon juice
3122,Spanish Chicken With Rice And Olives,Spanish,main-dish,dairy-free,advanced,medium,moderate,chicken pieces|seasoning salt|pepper|olive oil|onion|garlic|red bell pepper|paprika|dried red pepper flakes|converted white rice|dry white wine|diced tomatoes with juice|chicken broth|saffron thread|bay leaf|frozen peas|pimento-stuffed green olives
3123,Spanish Meatballs Albondigas,Spanish,main-dish,dairy-free,intermediate,medium,moderate,ground beef|egg|onion|tomatoes|bouillon cubes|olive oil|red wine|fresh ground black pepper
3124,Spanish Potato Tortilla Tortilla Espaola,Spanish,main-dish,vegetarian|pescatarian|dairy-free,advanced,high,moderate,vegetable oil|potatoes|coarse salt|onions|garlic cloves|eggs|fresh ground black pepper
3125,Spanish Tapas Avocado Puree And Shrimp Cocktail,Spanish,main-dish,pescatarian,beginner,high,moderate,avocados|shrimp|extra virgin olive oil|green onion|garlic clove|salt|whipping cream|lettuce
3126,Spicy Herbed Summer Gazpacho,Spanish,main-dish,dairy-free,advanced,low,moderate,extra virgin olive oil|red onion|red bell pepper|green bell pepper|garlic cloves|tomato juice|spicy vegetable juice|clamato juice|chicken broth|fresh parsley|fresh basil|fresh chives|salt & freshly ground black pepper|fresh tomatoes|english cucumber
3127,Tortilla Espaola Spanish Potato Omelette,Spanish,main-dish,vegetarian|pescatarian|dairy-free,advanced,low,moderate,potatoes|eggs|onion|garlic cloves|extra virgin olive oil|salt|pepper
3128,Tropical Shrimp Paella,Spanish,main-dish,dairy-free,advanced,medium,moderate,yellow onions|linguica sausage|olive oil|red pepper|fresh thyme leave|fresh pineapple|turmeric|mango|kosher salt|papaya|arborio rice|star fruit|chicken stock|rum|garlic|prawns
3129,Valencia Chicken Breasts,Spanish,main-dish,dairy-free,intermediate,medium,moderate,"boneless skinless chicken breasts|salt and pepper|olive oil|carrots|onion|sugar|oranges, juice of|lime, juice of|white wine|orange|grand marnier"
3130,Vegetable Brown Rice,Spanish,main-dish,vegetarian|vegan|pescatarian|dairy-free,intermediate,low,moderate,water|brown rice|dried basil|carrots|onion|green onions|raisins|olive oil|frozen peas|salt|pecan halves
3131,Chickpea And Spinach Stew,Spanish,main-dish,vegetarian|vegan|pescatarian|dairy-free,advanced,medium,moderate,water|baby spinach|garlic cloves|seasoning salt|saffron thread|sweet paprika|ground cumin|ground cloves|fresh ground pepper|chickpeas|extra virgin olive oil|onion|tomatoes|golden raisin
3132,Empanadas With Ham Cheese And Olives,Spanish,main-dish,,intermediate,high,moderate,stuffed green olives|ham|cheddar cheese|puff pastry|egg yolk
3133,Enchiladas With Barbecued Greens,Spanish,main-dish,vegetarian|pescatarian,advanced,low,moderate,olive oil|onions|garlic cloves|unsweetened apple juice concentrate|tomato paste|raisins|liquid smoke|ground cumin|dried oregano|salt|black pepper|tabasco sauce|swiss chard|corn tortillas|low-fat mexican cheese blend
3134,Mediterranean Stuffed Chicken Breasts,Spanish,main-dish,,advanced,low,moderate,red bell pepper|garlic cloves|feta cheese|kalamata olives|fresh basil|salt|black pepper|boneless skinless chicken breasts|salt and pepper|dried basil
3135,Oven Baked Spanish Chicken With Rice,Spanish,main-dish,,advanced,high,moderate,whole chicken|seasoning salt|black pepper|oil|onions|green bell pepper|jalapeno pepper|garlic|dried chili pepper flakes|diced tomatoes|chicken broth|chicken bouillon powder|converted white rice|chili powder|cinnamon|cumin|green olives|pace picante sauce|cheddar cheese
3136,Paella Marinara,Spanish,main-dish,pescatarian|dairy-free,intermediate,high,moderate,fresh shrimp|squid|mussels|short-grain rice|onion|tomato paste|green pepper|red pepper|garlic cloves|olive oil|saffron thread|salt|pepper|water
3137,Piernas De Pollo Spanish Style Chicken Legs,Spanish,main-dish,dairy-free,advanced,high,moderate,chicken legs|flour|olive oil|onion|garlic|plum tomatoes|chicken stock|salt & freshly ground black pepper
3138,Roast Chicken With Cilantro Pesto And Vegetables,Spanish,main-dish,dairy-free,intermediate,high,moderate,cilantro|walnuts|lemon juice|olive oil|garlic cloves|paprika|curry powder|cumin|salt|skinless chicken|baking potatoes|red bell peppers|nonstick cooking spray|pepper
3139,Shrimp Pil Pil Rachael Ray,Spanish,main-dish,pescatarian|dairy-free,beginner,high,moderate,extra virgin olive oil|garlic cloves|crushed red pepper flakes|smoked paprika|large shrimp|salt|flat leaf parsley|crusty bread
3140,Spanish Burgers With Romesco And Manchego Cheese,Spanish,main-dish,,advanced,low,moderate,garlic clove|natural almonds|red bell peppers|sherry wine|sweet paprika|dried oregano|extra virgin olive oil|salt|ground beef round|fresh ground pepper|sourdough rolls|manchego cheese
3141,Spanish Crusted Roast Pork,Spanish,main-dish,dairy-free,intermediate,medium,moderate,olive oil|garlic cloves|panko breadcrumbs|sliced almonds|rosemary|smoked paprika|madeira wine|pork tenderloin
3142,Spanish Garlic Lemon Chicken Pollo Con Ajo Y Limon,Spanish,main-dish,dairy-free,advanced,low,moderate,garlic cloves|chicken stock|olive oil|chicken pieces|lemon|flour|white wine|salt and pepper|flat leaf parsley
3143,Spanish Lamb Shanks Jerez,Spanish,main-dish,dairy-free,beginner,high,moderate,lamb shanks|onions|garlic cloves|carrots|sherry wine|stock|bay leaves|ground cloves|parsley
3144,Spanish Tortilla Lighter Version,Spanish,main-dish,vegetarian|pescatarian|dairy-free,advanced,medium,moderate,olive oil|garlic cloves|yellow onion|russet potatoes|eggs|black pepper|kosher salt
3145,Spanish Style Fish,Spanish,main-dish,pescatarian|dairy-free,beginner,low,moderate,cod fish fillets|olive oil|onion|shallots|garlic clove|tomatoes|cayenne pepper|saffron thread|salt|fresh ground pepper|fresh tarragon
3146,Broiled Tilapia With Thai Coconut Curry Sauce,Thai,main-dish,vegetarian|pescatarian,advanced,medium,moderate,dark sesame oil|fresh ginger|garlic cloves|red bell pepper|green onion|curry powder|red curry paste|ground cumin|low sodium soy sauce|brown sugar|salt|light coconut milk|fresh cilantro|tilapia fillets|cooked basmati rice|lime
3147,Pad Thai With Chicken And Shrimp,Thai,main-dish,dairy-free,advanced,medium,moderate,rice noodles|fish sauce|ketchup|worcestershire sauce|chili-garlic sauce|sugar|peanut oil|garlic cloves|boneless skinless chicken breast|fresh shrimp|red pepper flakes|eggs|bean sprouts|green onions|cilantro|limes|roasted peanuts
3148,Thai Chicken Fried Rice With Basil Kao Pad Krapao,Thai,main-dish,dairy-free,beginner,medium,moderate,vegetable oil|garlic|thai red chili pepper|boneless skinless chicken breasts|cooked rice|sugar|fish sauce|soy sauce|shallots|thai holy basil|fresh cilantro
3149,Weeknight Thai Beef 1 Pan 3 Carbs,Thai,main-dish,,beginner,low,moderate,beef broth|chunky peanut butter|soy sauce|lemon pepper|onion powder|garlic powder|beef sirloin steaks|green bell pepper|green onions|salt and pepper
3150,Chicken In Peanut Curry,Thai,main-dish,,beginner,medium,moderate,coconut milk|red curry paste|creamy peanut butter|sugar|fish sauce|chicken breasts|garlic|onion|cornstarch|salt
3151,Chicken And Broccoli Thai Curry,Thai,main-dish,,beginner,medium,moderate,green curry paste|coconut milk|fresh basil|bamboo shoot|fish sauce|brown sugar|chicken broth|chicken breast|fresh broccoli florets
3152,Chicken And Mango Curry,Thai,main-dish,,intermediate,high,moderate,peanut oil|red curry paste|garlic|coconut milk|chicken broth|boneless skinless chicken breasts|ginger|onion|red bell pepper|green bell pepper|mango|straw mushrooms|fish sauce|brown sugar|cilantro|white rice
3153,Tofu And Broccoli With Peanut Sauce,Thai,main-dish,vegetarian|pescatarian,advanced,medium,moderate,peanut butter|hot water|cider vinegar|tamari|blackstrap molasses|cayenne pepper|fresh broccoli|oil|garlic|tofu|salt|onions|peanuts
3154,Thai Rice Noodles With Chicken And Asparagus,Thai,main-dish,dairy-free,intermediate,medium,moderate,rice noodles|oil|garlic cloves|boneless skinless chicken|chili-garlic sauce|fish sauce|soy sauce|brown sugar|asparagus spear
3155,Scrumptious Thai Coconut Red Curry,Thai,main-dish,,intermediate,high,moderate,red curry paste|coconut milk|fresh basil|bamboo shoot|fish sauce|brown sugar|chicken stock|mushroom|red bell pepper|green pepper|yellow pepper|onion|chicken breasts|brown rice
3156,Awesome Thai Chicken Coconut Curry,Thai,main-dish,,beginner,medium,moderate,garlic clove|vegetable oil|fresh ginger|red curry paste|coconut milk|water|salt|lemongrass|fish sauce|brown sugar|boneless skinless chicken breasts|pineapple chunks|green onion
3157,My O My Best Thai Beef Salad Ever,Thai,main-dish,pescatarian|dairy-free,intermediate,medium,moderate,sirloin steaks|salad greens|red onions|kaffir lime leaves|red chilies|cilantro leaf|mint leaf|basil leaves|soya sauce|fish sauce|lime juice|brown sugar
3158,Pad Thai Thai Stir Fried Noodles,Thai,main-dish,dairy-free,intermediate,high,moderate,rice noodles|boneless skinless chicken breasts|garlic|shallot|eggs|black pepper|vegetable oil|brown sugar|oyster sauce|fish sauce|white vinegar|soy sauce|green onion|bean sprouts|roasted peanuts|fresh cilantro|fresh lime juice|paad thai sauce
3159,Sticky Coconut Chicken With Chili Glaze And Coconut Rice,Thai,main-dish,,advanced,medium,moderate,boneless skinless chicken breasts|coconut milk|fresh ginger|fresh ground black pepper|hot chili flakes|green onions|rice vinegar|sugar|soy sauce|crushed red pepper flakes|light coconut milk|water|garlic cloves|salt|basmati rice|pineapple|basil chiffonade
3160,Thai Beef Pitas,Thai,main-dish,,intermediate,medium,moderate,"lean ground beef|red bell peppers|fresh ginger|garlic cloves|red pepper flakes|cilantro|peanut butter|soy sauce|sesame oil|lime, juice of|green onions|pita pockets|romaine lettuce leaf"
3161,Thai Basil Chicken,Thai,main-dish,dairy-free,intermediate,low,moderate,bok choy|onion|red bell pepper|boneless skinless chicken breast halves|garlic|red pepper flakes|basil|peanut oil|fish sauce|sugar|soy sauce|oyster sauce|water|chili paste|cornstarch
3162,Mom S Thai Fried Rice,Thai,main-dish,dairy-free,advanced,high,moderate,jasmine rice|peanut oil|garlic|boneless skinless chicken breasts|eggs|green onions|palm sugar|thai fish sauce|oyster sauce|frozen peas|cucumber|limes
3163,Chicken Rama In Thai Peanut Sauce,Thai,main-dish,,advanced,medium,moderate,coconut milk|ground ginger|boneless skinless chicken|creamy peanut butter|red curry paste|fish sauce|brown sugar|roasted peanuts|spinach leaves
3164,Thai Tofu And Squash Curry,Thai,main-dish,pescatarian,advanced,low,moderate,firm tofu|butternut squash|vegetable oil|onion|garlic cloves|thai red curry paste|light coconut milk|vegetable stock|soy sauce|brown sugar|fish sauce|salt|sweet red pepper|fresh cilantro|lime juice|salted peanuts
3165,Thai Red Curry Chicken And Eggplant Aubergine,Thai,main-dish,,intermediate,medium,moderate,"coconut milk|red curry paste|boneless skinless chicken thighs|japanese eggplants|fish sauce|kaffir lime leaves|lime, juice of|red chilies|thai basil"
3166,Thai Red Curry With Vegetables,Thai,main-dish,pescatarian,beginner,low,moderate,coconut milk|red curry paste|fish sauce|brown sugar|assorted fresh vegetables|bamboo shoots
3167,Grilled Thai Thighs,Thai,main-dish,dairy-free,intermediate,medium,moderate,skinless chicken thighs|onion powder|honey|dijon mustard|soy sauce|sriracha sauce
3168,Chicken Wings With Thai Sweet Hot Chili Glaze,Thai,main-dish,dairy-free,beginner,medium,moderate,sweet chili sauce|soy sauce|chili-garlic sauce|dark sesame oil|fresh ginger|chicken wings|vegetable oil|kosher salt|fresh ground black pepper
3169,Chicken Satay,Thai,main-dish,dairy-free,intermediate,low,moderate,boneless skinless chicken breast|black pepper|ground cumin|ground coriander|turmeric|garlic|brown sugar|vegetable oil|soy sauce|lemon juice|fish sauce|bamboo skewers|oil|peanut sauce|fresh cilantro leaves|romaine lettuce leaf
3170,Thai Shrimp Spinach Curry,Thai,main-dish,pescatarian,intermediate,medium,moderate,unsweetened coconut milk|green curry paste|medium shrimp|nam pla|carrots|red bell pepper|spinach|fresh coriander|cooked rice
3171,Ground Chicken Stir Fried With Basil Kai Pad Bai Kaprow,Thai,main-dish,dairy-free,beginner,medium,moderate,vegetable oil|white onion|fresh basil|garlic|green onions|thai red chili peppers|ginger|ground chicken|fish sauce|dark brown sugar
3172,Spicy Thai Peanut Chicken Curry,Thai,main-dish,,intermediate,high,moderate,peanut oil|red curry paste|sambal oelek|chicken breasts|coconut milk|fish sauce|brown sugar|creamy peanut butter|cooked jasmine rice|peanuts|lime
3173,Kao Pad Thai Style Fried Rice,Thai,main-dish,vegetarian|pescatarian|dairy-free,advanced,medium,moderate,"carrots|vegetable oil|fresh gingerroot|garlic cloves|cooked rice|eggs|fresh tomato|chili sauce|light soy sauce|lime, juice of|lime|scallion"
3174,Quick Thai Green Curry,Thai,main-dish,,advanced,medium,moderate,vegetable oil|shallots|gingerroot|green curry paste|chicken broth|cooked chicken|coconut milk|bamboo shoots|salt|basil leaves|lime wedge
3175,A Simple Chicken Satay,Thai,main-dish,,beginner,medium,moderate,onion|garlic clove|soya sauce|oil|peanut butter|brown sugar|lemon juice|cayenne|coriander|chicken
3176,Ginger Ground Pork,Thai,main-dish,dairy-free,intermediate,medium,moderate,vegetable oil|garlic cloves|thai chiles|fresh ginger|ground pork|fish sauce|green onion|cilantro|yellow onion
3177,Thai Salmon Curry,Thai,main-dish,pescatarian,intermediate,high,moderate,salmon fillets|unsweetened coconut milk|ginger|palm sugar|fish sauce|red curry paste|lime|fresh basil|fresh cilantro|thai chile|jasmine rice
3178,Thai Style Tilapia,Thai,main-dish,vegetarian|pescatarian,intermediate,low,moderate,coconut milk|almonds|white onion|ground ginger|ground turmeric|fresh lemongrass|salt|tilapia fillets|salt and pepper|red pepper flakes
3179,Bangkok Style Chicken Pad Thai,Thai,main-dish,dairy-free,advanced,high,moderate,rice noodles|salted peanuts|lime peel|fish sauce|fresh lime juice|brown sugar|rice vinegar|chili sauce|cooking oil|chicken breast|garlic|egg|fresh bean sprout|green onion|fresh cilantro
3180,Sesame Ginger Pasta With Shrimp And Scallops,Thai,main-dish,pescatarian|dairy-free,beginner,low,moderate,honey|rice vinegar|fresh ginger|soy sauce|chili paste|oriental sesame oil|orange zest|fresh cilantro|of fresh mint|asian noodles|shrimp|scallops
3181,Sweet Potato Thai Curry,Thai,main-dish,pescatarian,advanced,medium,moderate,sweet potatoes|onion|garlic cloves|fresh ginger|olive oil|red curry paste|panang curry paste|coconut milk|chili|fresh spinach|fish sauce|cilantro
3182,Thai Chicken Satay With Peanut Sauce,Thai,main-dish,,intermediate,high,moderate,bamboo skewer|boneless skinless chicken thighs|soy sauce|honey|oil|dried onion flakes|crunchy peanut butter|coconut milk|sweet chili sauce|water|salt
3183,Thai Chicken With Ginger And Mushrooms Gai King,Thai,main-dish,dairy-free,beginner,medium,moderate,peanut oil|onion|garlic|boneless skinless chicken breasts|soy sauce|gingerroot|fresh mint leaves|shiitake mushrooms|green onions|thai red chili pepper|rice vinegar|brown sugar|fish sauce|jasmine rice
3184,Thai Shrimp And Noodles,Thai,main-dish,pescatarian,intermediate,medium,moderate,spaghetti noodles|broccoli florets|fresh shrimp|creamy peanut butter|soy sauce|rice vinegar|sesame oil|chili oil|gingerroot|garlic cloves|green onions|cashews
3185,Tomato And Coconut Chicken Curry,Thai,main-dish,,intermediate,low,moderate,oil|onions|garlic cloves|gingerroot|red curry paste|tomato paste|boneless skinless chicken thighs|reduced-fat coconut milk|tomatoes|thai fish sauce|coriander|palm sugar
3186,Grilled Chicken With Coriander Cilantro Sauce,Thai,main-dish,dairy-free,intermediate,medium,moderate,boneless chicken breasts|sesame oil|fish sauce|sugar|garlic|red chilies|cilantro|rice vinegar|salt
3187,Thai Curry Mussels,Thai,main-dish,pescatarian,intermediate,high,moderate,butter|plum tomatoes|garlic|fresh ginger|unsweetened coconut milk|thai red curry paste|fresh cilantro|salt|mussels
3188,Thai Style Curry,Thai,main-dish,vegetarian|pescatarian,beginner,low,moderate,carrot|onion|green bell pepper|red bell pepper|garlic cloves|zucchini|tomato sauce|peanut butter|braggs liquid aminos|curry powder|garbanzo beans|frozen peas|salt|cooked rice|fresh cilantro
3189,Tilapia In Thai Sauce,Thai,main-dish,vegetarian|vegan|pescatarian|dairy-free,beginner,medium,moderate,tilapia fillets|cornstarch|sunflower oil|scallions|garlic cloves|fresh ginger|soy sauce|brown sugar|lime|red chili pepper|cilantro leaves
3190,Thai Steamed Mussels,Thai,main-dish,pescatarian,beginner,medium,moderate,fresh mussels|fresh lime juice|unsweetened coconut milk|dry white wine|thai red curry paste|garlic|fish sauce|white sugar|fresh cilantro
3191,Thai Chicken Pizza,Thai,main-dish,,intermediate,medium,moderate,pizza dough|peanut butter|rice vinegar|soy sauce|chili oil|ginger|honey|sesame oil|sesame seeds|green onion|chicken breast|salt|cayenne pepper|olive oil|mozzarella cheese|monterey jack cheese|carrot|cilantro
3192,Thai Spicy Basil Fried Rice,Thai,main-dish,pescatarian|dairy-free,advanced,low,moderate,oyster sauce|fish sauce|soy sauce|white sugar|olive oil flavored cooking spray|cooked jasmine rice|garlic cloves|thai chiles|red bell pepper|onion|egg substitute|shrimp|thai basil|cilantro
3193,Thai Tom Kha Soup,Thai,main-dish,,intermediate,low,moderate,"low-sodium low-fat chicken broth|coconut milk|lemongrass|fish sauce|shrimp paste|low sodium soy sauce|white vinegar|limes, zest of|limes, juice of|serrano chili peppers|ginger|garlic|brown sugar|boneless skinless chicken breasts|white mushrooms|bok choy|tomatoes|bean thread noodles|fresh cilantro|lime juice"
3194,Tiger Cries Salad A Spicy Thai Beef Salad,Thai,main-dish,dairy-free,advanced,medium,moderate,beef flank steak|white pepper|fish sauce|fresh lime juice|palm sugar|garlic|sugar|shallots|serrano peppers|lemongrass|rice powder|salad greens|red onion|scallions|cucumber|cherry tomatoes|lemon|mint leaf|sticky rice
3195,Easy Thai Chicken Noodle Soup,Thai,main-dish,dairy-free,intermediate,medium,moderate,water|chicken stock|rice noodles|chicken|mushroom|spinach|fish sauce|fresh cilantro
3196,Edamame Lo Mein,Thai,main-dish,vegetarian|pescatarian,beginner,medium,moderate,"rice noodles|frozen edamame|sesame oil|green onions|mung bean sprouts|red bell pepper|zucchini|carrots|portabella mushroom|peanuts|braggs liquid aminos|rice wine vinegar|honey|garlic clove|lime, juice of|ginger|peanut butter|cilantro"
3197,Thai Pineapple Fried Rice Pad Kao Saparod,Thai,main-dish,vegetarian|vegan|pescatarian|dairy-free,beginner,medium,moderate,vegetable oil|onion|garlic|carrot|green beans|fresh pineapple chunks|cooked rice|ketchup|salt|cucumber|green onions|fresh cilantro
3198,Thai Prawn And Pineapple Curry Kaeng Khua Saparot,Thai,main-dish,pescatarian,intermediate,low,moderate,garlic|red curry paste|chopped tomatoes|coconut milk|pineapple|fish sauce|palm sugar|lime juice|prawns|kaffir lime leaves|thai red chili pepper|fresh basil leaves
3199,Thai Style Pork In Black Pepper Moo Pat Prik Thai Dam,Thai,main-dish,dairy-free,beginner,low,moderate,lean pork|garlic cloves|onion|bell pepper|chili peppers|ginger|fresh pepper|black pepper|fish sauce|oyster sauce|sugar|vegetable oil|water
3200,Cold Thai Pasta Salad,Thai,main-dish,pescatarian|dairy-free,intermediate,medium,moderate,linguine|cooked shrimp|bean sprouts|red pepper|english cucumber|green onions|of fresh mint|fresh coriander|fish sauce|seasoned rice vinegar|granulated sugar|garlic cloves|lime juice|chili paste
3201,Paad Thai Shrimp Stir Fried Thai Noodles,Thai,main-dish,pescatarian|dairy-free,advanced,high,moderate,rice noodles|vegetable oil|fresh shrimp|eggs|garlic cloves|onion|fried tofu|white radish|bean sprouts|green onions|unsalted peanuts|chili flakes|lemon wedges|tamarind juice|fish sauce|brown sugar|paprika
3202,Spicy Chicken Soup With Hints Of Lemongrass And Coconut Milk,Thai,main-dish,,beginner,medium,moderate,chicken breasts|fish sauce|sesame oil|cornflour|button mushrooms|chicken stock|lemongrass|kaffir lime leaves|onion|coconut milk|birds eye chiles|lime juice|sugar|salt|coriander leaves
3203,Thai Shrimp Kabobs With Hot Ginger Sauce,Thai,main-dish,pescatarian|dairy-free,intermediate,medium,moderate,large shrimp|canola oil|soy sauce|lemon juice|fresh ginger|garlic|apricot preserves|cornstarch|orange juice
3204,Chiang Mai Curry Noodles Kao Soi,Thai,main-dish,,intermediate,high,moderate,vegetable oil|garlic|red curry paste|boneless chicken|unsweetened coconut milk|chicken broth|ground turmeric|dark soy sauce|sugar|salt|lime juice|fresh chinese noodles|shallot|fresh cilantro|green onion
3205,Golden Dragon Pad Thai,Thai,main-dish,dairy-free,advanced,high,moderate,thai rice noodles|tamarind paste|water|boneless skinless chicken breasts|fried tofu|roasted unsalted peanuts|fish sauce|sugar|lime juice|vegetable oil|garlic|shrimp|eggs|bean sprouts|green onions|chile|red pepper|fresh coriander leaves|lime
3206,Larb Chicken,Thai,main-dish,dairy-free,intermediate,medium,moderate,vegetable oil|ground chicken|lemongrass|green onion|red onion|ground galangal|fish sauce|fresh lime juice|dried red chilies|rice|iceberg lettuce|mint leaves|fresh cilantro
3207,Minced Pork With Thai Basil Bangkok Style Pat Krapao Moo Sap,Thai,main-dish,dairy-free,intermediate,medium,moderate,ground pork|oil|red thai chile|garlic cloves|oyster sauce|fish sauce|sugar|water|thai basil
3208,Spicy Thai Chicken Stir Fry,Thai,main-dish,dairy-free,intermediate,medium,moderate,boneless skinless chicken breasts|garlic|onion|basil|green onions|cilantro|fish sauce|brown sugar|soy sauce|sesame oil|hoisin sauce|chili-garlic sauce|salt and pepper|peanut oil
3209,Thai Beef Stir Fry,Thai,main-dish,dairy-free,advanced,high,moderate,boneless beef top sirloin steaks|ketchup|fish sauce|brown sugar|lime juice|carrots|green onions|sweet red pepper|cucumbers|beef broth|fresh ginger|cornstarch|crushed red pepper flakes|oil|garlic cloves|peanuts
3210,Thai It You Ll Like It,Thai,main-dish,,intermediate,medium,moderate,fettuccine|red bell peppers|snow peas|green onion|low-sodium low-fat chicken broth|sesame oil|reduced-fat peanut butter|reduced sodium soy sauce|white vinegar|gingerroot|garlic|crushed red pepper flakes|shrimp
3211,Thai Peanut Burgers,Thai,main-dish,,beginner,low,moderate,ground beef|peanut butter|lime juice|soy sauce|fresh ginger|cilantro|cayenne pepper
3212,Thai Satay Noodles,Thai,main-dish,vegetarian|pescatarian,beginner,medium,moderate,crunchy peanut butter|sweet chili sauce|coconut milk|vegetable stock|soy sauce|cooked noodles|sesame oil|fresh ginger|broccoli florets|red pepper|baby corn|mange-touts peas|garlic cloves|fresh basil|roasted peanuts
3213,Thai Tofu And Green Bean Red Curry,Thai,main-dish,pescatarian,intermediate,medium,moderate,unsweetened coconut milk|thai red curry paste|fish sauce|palm sugar|button mushrooms|green beans|firm tofu|kaffir lime leaves|red chilies|fresh cilantro leaves
3214,Ww Thai Red Chicken Curry,Thai,main-dish,,intermediate,medium,moderate,oil|onions|garlic clove|chicken breasts|thai red curry paste|creamed coconut|boiling water|tomato puree|potatoes|low-fat plain yogurt|fresh coriander|bananas|lime
3215,Green Beans Tofu With Crunchy Thai Peanut Sauce,Thai,main-dish,vegetarian|pescatarian,advanced,high,moderate,unsalted peanuts|peanut oil|fresh ginger|garlic|lemon zest|firm tofu|salt|fresh lemon juice|fresh green beans|red pepper flakes|peanut butter|hot water|soy sauce|sugar|vinegar|cilantro
3216,Grilled Pork Burgers Indochine,Thai,main-dish,,advanced,medium,moderate,mayonnaise|thai basil|fresh cilantro leaves|green onions|fresh lime juice|fish sauce|jaggery|hot chili sauce|ground pork|chunky peanut butter|fresh ginger|garlic|ground star anise|vegetable oil|french rolls|butter lettuce leaves
3217,Larb,Thai,main-dish,dairy-free,beginner,medium,moderate,ground chicken|fish sauce|lime juice|green onion|red onion|rice powder|lettuce|chili pepper|mint leaf
3218,Peanut Baked Chicken,Thai,main-dish,,advanced,high,moderate,chicken legs|chicken thighs|creamy peanut butter|light soy sauce|honey|lemon zest|fresh lemon juice|honey-roasted peanuts|panko breadcrumbs|garlic cloves|salt|ground red pepper
3219,Rice Noodles With Coconut Cashew Sauce,Thai,main-dish,vegetarian|pescatarian,advanced,high,moderate,coconut milk|water|fresh ginger|lime juice|serrano chilies|garlic|ground coriander|fresh cilantro leaves|fresh mint leaves|salt|sugar|cashews|rice noodles|green onions|lime wedge|cilantro leaf|green onion|coconut|cucumber
3220,Thai Galangal Chicken Soup Tom Ka Gai,Thai,main-dish,,advanced,medium,moderate,chicken stock|galangal|fresh lemongrass|kaffir lime leaves|coriander roots|chicken thigh fillets|straw mushrooms|coconut milk|lime juice|fish sauce|palm sugar|fresh coriander leaves|red chilies
3221,Thai Pasta With Chicken,Thai,main-dish,,advanced,high,moderate,linguine|boneless skinless chicken breasts|oil|carrot|zucchini|broccoli floret|fresh ginger|orange juice|soy sauce|sesame oil|brown sugar|rice wine vinegar|peanut butter|jalapeno|white wine|cilantro|peanuts
3222,Thai Red Curry Coconut Sauce For Salmon,Thai,main-dish,vegetarian|pescatarian,intermediate,low,moderate,unsweetened coconut milk|thai red curry paste|light brown sugar|fresh lime juice|salt|cornstarch|fresh basil leaves
3223,Thai Seared Tofu,Thai,main-dish,vegetarian|vegan|pescatarian|dairy-free,advanced,medium,moderate,fresh basil|fresh cilantro|low sodium soy sauce|fresh lime juice|of fresh mint|molasses|fresh ginger|olive oil|curry powder|crushed red pepper flakes|garlic|firm tofu|cooking spray|cooked vermicelli
3224,Thai Spiced Sausages,Thai,main-dish,dairy-free,beginner,medium,moderate,ground lean pork|cooked rice|garlic clove|thai red curry paste|black pepper|coriander|salt|lime juice|cilantro|peanut oil|soy sauce
3225,Yam Nuea Thai Beef Salad,Thai,main-dish,dairy-free,intermediate,high,moderate,beef tenderloin|fresh ground black pepper|fresh lime juice|fish sauce|sugar|thai red chili peppers|shallot|scallions|fresh coriander leaves|fresh mint leaves|seedless cucumber
3226,Bangkok Meatballs On Skewers,Thai,main-dish,dairy-free,advanced,low,moderate,char siu sauce|water|chili-garlic sauce|lean ground beef|cilantro|garlic|ginger|thai chile|oyster sauce|soy sauce|fish sauce|sesame oil|brown sugar|cornstarch|fresh ground black pepper|bamboo skewers
3227,Evil Jungle Prince With Chicken,Thai,main-dish,,intermediate,low,moderate,boneless chicken breast|red chili peppers|fresh lemongrass|kaffir lime leaves|vegetable oil|coconut milk|salt|fish sauce|sweet basil|cabbage|sriracha sauce|brown sugar
3228,Minced Beef With Chilli Garlic Holy Basil,Thai,main-dish,dairy-free,intermediate,medium,moderate,vegetable oil|red chilies|garlic cloves|palm sugar|fish sauce|sweet soy sauce|oyster sauce|lean ground beef|kaffir lime leaves|chicken stock|basil leaves|green onions|steamed rice
3229,Pad Si Iew,Thai,main-dish,dairy-free,beginner,high,moderate,garlic cloves|cornflour|rice wine|fish sauce|ketjap manis|oyster sauce|sugar|sesame oil|fresh ground black pepper|ginger|spring onion|shallot|birds eye chile|beef|wide rice noodles|broccoli floret
3230,Peanut Chicken Over Rice,Thai,main-dish,,intermediate,high,moderate,vegetable oil|sweet onion|scallions|garlic|creamy peanut butter|brown sugar|fish sauce|paprika|ground cayenne pepper|coconut milk|limes|chicken breasts|spinach|red bell pepper|green bell pepper
3231,Shrimp On The Barbie,Thai,main-dish,pescatarian,intermediate,medium,moderate,coconut milk|green curry paste|garlic|lime juice|fish sauce|jumbo shrimp|lemongrass|salt & freshly ground black pepper|vegetable oil|marinade|sugar|mint
3232,Spicy Thai Chicken And Vegetables,Thai,main-dish,,intermediate,high,moderate,curry|coconut milk|chicken broth|kaffir lime leaves|fresh basil|fresh cilantro|lemongrass|fish sauce|brown sugar|peanut oil|gingerroot|onion|garlic|red pepper|zucchini|chicken breasts|chili pepper|pine nuts
3233,Thai Chicken And Eggplant Aubergine Curry,Thai,main-dish,,beginner,medium,moderate,unsweetened coconut milk|green curry paste|boneless skinless chicken breast|japanese eggplant|kaffir lime leaves|fish sauce|brown sugar|sweet basil|hot chili pepper|jasmine rice
3234,Thai Chicken Soup With Coconut Tom Ka,Thai,main-dish,,beginner,medium,moderate,chicken stock|kaffir lime leaves|lemongrass|galangal|fish sauce|lime juice|chicken breasts|coconut milk|thai red chili pepper|coriander leaves
3235,Thai Coconut Peanut Chicken,Thai,main-dish,,intermediate,medium,moderate,creamy peanut butter|light coconut milk|low sodium soy sauce|brown sugar|garlic|salt|cayenne pepper|low sodium chicken broth|ground cumin|curry powder|boneless skinless chicken breasts|green onions|carrot|limes|angel hair pasta|sesame oil|peanuts
3236,Thai Coconut Rice Noodles With Chicken,Thai,main-dish,,advanced,medium,moderate,rice vermicelli|peanut oil|boneless skinless chicken breasts|light coconut milk|smooth cashew butter|soy sauce|fish sauce|garlic cloves|mild curry powder|brown sugar|red cayenne pepper|baby portabella mushrooms|red bell pepper|scallions|fresh basil|lime|roasted cashews|coconut|fresh cilantro|thai chiles
3237,Thai Curry Penne With Ginger Tomato Chutney,Thai,main-dish,,advanced,medium,moderate,butter|onion|granny smith apple|garlic|curry powder|dry marsala|chicken stock|fish sauce|thai red curry paste|unsweetened coconut milk|penne pasta|crabmeat|fresh basil|chutney
3238,Thai Fish Curry,Thai,main-dish,pescatarian,intermediate,medium,moderate,"onion|red bell pepper|thai red chili peppers|oil|red curry paste|garlic|kaffir lime leaves|galanga powder|vegetable broth|sake|shrimp sauce|coconut milk|lemongrass|monkfish|roma tomatoes|cornstarch|water|fresh cilantro|lime, juice of"
3239,Thai Noodles With Curried Ground Beef Sauce,Thai,main-dish,dairy-free,advanced,high,moderate,romaine lettuce|rice noodles|black soy sauce|vegetable oil|ground beef|garlic|curry powder|onion|cherry tomatoes|ground pepper|chicken broth|cornstarch|water|fish sauce|light soy sauce|salt|brown sugar|rice vinegar|sambal oelek
3240,Thai Noodles With Peanut Sauce,Thai,main-dish,vegetarian|pescatarian,intermediate,medium,moderate,cabbage|onion|oil|pasta|crunchy peanut butter|fresh lime juice|brown sugar|soy sauce|worcestershire sauce|crushed red pepper flakes|curry powder|ground cloves|garlic|coconut milk|fresh cilantro|fresh basil|roasted peanuts
3241,Thai Roast Red Pork Moo Daeng,Thai,main-dish,dairy-free,advanced,medium,moderate,boneless pork loin|red food coloring|fish sauce|soy sauce|hoisin sauce|dry sherry|brown sugar|garlic|fresh gingerroot|five-spice powder|sesame oil|cilantro leaves|steamed rice
3242,Thai Shrimp Potatoes,Thai,main-dish,,advanced,high,moderate,simply potatoes traditional mashed potatoes|heavy cream|bacon|fresh spinach|goat cheese|large shrimp|sweet chili sauce|dry white wine|olive oil|salt|fresh ground pepper
3243,Thai Spicy Stir Fry Chicken,Thai,main-dish,dairy-free,beginner,medium,moderate,chicken breast|red pepper|green pepper|baby carrots|fresh mushrooms|green onion|fresh cilantro|sesame oil|sesame seeds|red wine vinegar|brown sugar|soy sauce|chicken stock|hot chili sauce|cilantro
3244,Thai Stir Fried Chicken Livers,Thai,main-dish,dairy-free,beginner,low,moderate,chicken liver|onion|green onions|vegetable oil|oyster sauce|black pepper|chicken broth
3245,American Kitchen Classic Basic Thai Curry,Thai,main-dish,,advanced,high,moderate,"coconut milk|red curry paste|low sodium chicken broth|fresh lime leaves|lime, zest of|fresh ginger|lemongrass|chicken|carrots|cabbage|light brown sugar|thai fish sauce|fresh basil leaf|fresh cilantro leaves|fresh cilantro|red chili pepper|lime wedge|cucumber"
3246,Chicken Breasts With Thai Flavors,Thai,main-dish,dairy-free,intermediate,low,moderate,coriander seed|cumin seed|ground cumin|gingerroot|cilantro|jalapeno pepper|lime zest|fresh lime juice|canola oil|black pepper|salt|boneless skinless chicken breast halves
3247,Chicken In Red Curry With Bamboo Shoots,Thai,main-dish,,intermediate,medium,moderate,boneless chicken|red curry paste|unsweetened coconut milk|sweet basil|kaffir lime leaves|hot red chili pepper|zucchini|fish sauce|water|bamboo shoots|palm sugar
3248,Crunchy Thai Salad,Thai,main-dish,pescatarian|dairy-free,beginner,low,moderate,limes|thai red curry paste|fish sauce|brown sugar|fresh green beans|bean sprouts|red pepper|red onion|fresh coriander|of fresh mint|red chilies|lettuce
3249,Fantastic Tropical Thai Chicken Salad,Thai,main-dish,dairy-free,advanced,high,moderate,chicken breasts|papayas|red capsicums|cucumber|pine nuts|avocados|salad greens|lime zest|fresh lime juice|safflower oil|light brown sugar|thai fish sauce|chili sauce|ginger|garlic cloves|coriander
3250,Fragrant Coconut Lime Ginger Fish Bake,Thai,main-dish,pescatarian,intermediate,low,moderate,"garlic cloves|fresh coriander|fresh ginger|hot chili peppers|red onion|cumin|ground coriander|cumin seed|garam masala|ground turmeric|white fish fillets|coconut cream|lime, juice of"
3251,Green Curried Fish,Thai,main-dish,pescatarian,intermediate,low,moderate,oil|onion|garlic|fresh ginger|green curry paste|coconut milk|water|lime juice|fish sauce|fish|green chili|vegetables|spring onions|fresh coriander|basil leaves
3252,Green Curry Chicken,Thai,main-dish,,beginner,medium,moderate,chicken breasts|light coconut milk|chicken broth|brown sugar|fish sauce|green curry paste|dried basil|frozen peas|cooked jasmine rice
3253,Red Curry With Vegetables,Thai,main-dish,,beginner,low,moderate,coconut milk|red curry paste|chicken stock|fish sauce|brown sugar|zucchini|sugar snap peas|mushroom|bamboo shoot
3254,Spicy Thai Grilled Chicken,Thai,main-dish,dairy-free,beginner,medium,moderate,skinless chicken breasts|paprika|ginger|ground cumin|ground turmeric|sambal oelek|lemon zest|lemon juice|fresh coriander|salt|oil
3255,Stir Fried Beef Curry,Thai,main-dish,dairy-free,intermediate,medium,moderate,beef steak|peanut oil|onions|garlic|spring onions|light soy sauce|sesame oil|rice wine|cornstarch|curry paste|dark soy sauce|sugar|chicken stock
3256,Thai Chicken Fettuccine Southwest Style,Thai,main-dish,,intermediate,medium,moderate,chunky salsa|creamy peanut butter|orange juice|honey|soy sauce|red pepper flakes|fettuccine pasta|boneless skinless chicken breast|olive oil|sweet red pepper|cilantro|salt
3257,Thai Chicken With Spicy Peanut Sauce,Thai,main-dish,,advanced,high,moderate,instant rice|boneless skinless chicken breast halves|vegetable oil|instant minced garlic|ginger|green onion|bamboo shoots|unsalted peanuts|reduced sodium soy sauce|dry sherry|sugar|creamy peanut butter|rice vinegar|dark sesame oil|ground cayenne pepper
3258,Thai Coconut Curry Noodles,Thai,main-dish,,beginner,low,moderate,fresh egg noodles|ground pork|snow peas|minced garlic clove|red curry paste|low-fat coconut milk|chicken stock|curry powder|turmeric powder|fish sauce|lime juice
3259,Thai Curry Chicken Pie,Thai,main-dish,,advanced,high,moderate,plain flour|salt and pepper|chicken breasts|canola oil|green onions|button mushrooms|green curry paste|coconut cream|kaffir lime leaves|frozen peas|lime|fresh coriander|puff pastry|egg
3260,Thai Green Curry Salmon,Thai,main-dish,pescatarian,intermediate,medium,moderate,skinless salmon fillet|unsweetened coconut milk|green curry paste|brown sugar|fish sauce|fresh lime juice|red bell pepper|mushroom|fresh basil|jasmine rice
3261,Thai Green Curry Shrimp,Thai,main-dish,pescatarian,intermediate,low,moderate,vegetable oil|eggplants|white onion|red bell pepper|garlic|green curry paste|lemon juice|unsweetened coconut milk|fish stock|medium shrimp|basil|salt|cornstarch|water
3262,Thai Shrimp And Vegetable Curry,Thai,main-dish,pescatarian,intermediate,low,moderate,peanut oil|onion|garlic cloves|zucchini|button mushrooms|bell pepper|hot chili pepper|light coconut milk|red curry paste|kaffir lime leaves|splenda granular|fish sauce|large shrimp|fresh basil leaf
3263,Thai Spiced Tofu,Thai,main-dish,pescatarian|dairy-free,intermediate,low,moderate,firm tofu|thai red curry paste|sugar|fish sauce|green beans|vegetable broth|peanut oil
3264,Thai Stir Fried Wide Rice Noodles Pad Si Iew,Thai,main-dish,,beginner,high,moderate,garlic|egg|cornstarch|rice wine|fish sauce|dark soy sauce|oyster sauce|palm sugar|sesame oil|black pepper|ginger|green onion|shallots|thai red chili pepper|beef|wide rice noodles|broccoli floret|coconut milk
3265,Thai Tofu With Zucchini Red Bell Pepper And Lime,Thai,main-dish,vegetarian|pescatarian,advanced,medium,moderate,peanut oil|extra firm tofu|zucchini|red bell pepper|gingerroot|canned unsweetened coconut milk|fresh lime juice|soy sauce|thai red curry paste|fresh basil
3266,Thai Vegetable Curry,Thai,main-dish,,intermediate,medium,moderate,cooking oil|onion|green curry paste|canned unsweetened coconut milk|low sodium chicken broth|soy sauce|brown sugar|salt|bamboo shoot|boiling potato|broccoli|tomatoes|carrot|lime juice|basil leaves
3267,Yellow Chicken Curry,Thai,main-dish,,beginner,high,moderate,boneless skinless chicken breast|coconut milk|yellow curry paste|bamboo shoot|frozen peas|pineapple|carrot|water|basil leaves|cashews|jasmine rice
3268,Basil Eggplant Aubergine Pud Makua Yow,Thai,main-dish,pescatarian|dairy-free,advanced,low,moderate,oil|thai basil|sugar|garlic cloves|fish sauce|japanese eggplants|chili peppers|water
3269,Gaeng Keow Wan Gai Thai Green Curry Chicken,Thai,main-dish,,intermediate,high,moderate,boneless skinless chicken|coconut milk|fish sauce|laos powder|green curry paste|fresh sweet basil leaves|fresh lime leaves|green peas|serrano chilies
3270,Ginger Orange Tilapia,Thai,main-dish,vegetarian|vegan|pescatarian|dairy-free,intermediate,low,moderate,orange juice|orange peel|garlic|ginger|vegetable oil|tilapia fillets|flour|salt and pepper|green onion
3271,Lemongrass Seafood Curry,Thai,main-dish,pescatarian,intermediate,low,moderate,peanut oil|garlic|lemongrass|red bell pepper|bamboo shoots|red curry paste|fish sauce|fresh shrimp|light coconut milk|fresh basil leaf|fresh cilantro|basmati rice
3272,Pork Tenderloin Thai Style,Thai,main-dish,dairy-free,advanced,high,moderate,pork tenderloin|white wine|soy sauce|red pepper flakes|fresh ginger|fresh garlic|fish sauce|lime juice|brown sugar|olive oil|red peppers|green onions|fresh cilantro|lime wedges|peanuts|cornstarch|water|steamed rice
3273,Spicy Chicken With Peppers And Basil,Thai,main-dish,dairy-free,advanced,high,moderate,jasmine rice|boneless skinless chicken breasts|canola oil|hot sauce|crushed red pepper flakes|onion|red bell peppers|garlic cloves|fish sauce|fresh basil leaves
3274,Sweet Chili Chicken With Asian Vegetable Rice,Thai,main-dish,dairy-free,advanced,medium,moderate,soy sauce|seasoned rice vinegar|fresh cilantro|minced ginger|garlic|boneless skinless chicken breasts|thai sweet chili sauce|jasmine rice|carrot|sugar snap pea|red bell pepper|black sesame seeds|salt|green onions
3275,Tasty Thai Tuna Burgers,Thai,main-dish,pescatarian|dairy-free,advanced,medium,moderate,"mayonnaise|thai sweet chili sauce|fresh ginger|limes, juice of|honey|eggs|panko breadcrumbs|soy sauce|tuna in water|celery|green onion|red bell pepper|sandwich buns|baby greens|olive oil|salt and pepper"
3276,Thai Chicken Curry With Dried Apricots,Thai,main-dish,,advanced,high,moderate,vegetable oil|onions|garlic|red bell pepper|thai red curry paste|fresh ginger|boneless skinless chicken breasts|unsweetened coconut milk|mango chutney|fresh cilantro|dried apricot|steamed rice
3277,Thai Fried Chicken,Thai,main-dish,,beginner,high,moderate,garlic|coriander|salsify|fresh chili peppers|caster sugar|ground turmeric|curry powder|fish sauce|chicken thigh fillets|vegetable oil|coconut milk
3278,Thai Grilled Sea Bass Pla Pao,Thai,main-dish,pescatarian,beginner,low,moderate,"sea bass fillet|plain nonfat yogurt|coconut extract|red curry paste|garlic|lime, zest of|lime, juice of|cilantro|lemongrass|thai red chili peppers|fish sauce|ponzu sauce"
3279,Thai Meatballs With Peanut Sauce,Thai,main-dish,,intermediate,medium,moderate,beef mince|flour|peanut oil|coriander|red curry paste|crunchy peanut butter|brown sugar|lemon juice|coconut milk
3280,Thai Pra Ram Chicken,Thai,main-dish,,advanced,high,moderate,boneless skinless chicken breasts|water|salt|fresh spinach leaves|vegetables|sugar|creamy peanut butter|soy sauce|cooking oil|garlic|coconut milk
3281,Thai Shrimp And Fresh Vegetable Rice,Thai,main-dish,pescatarian|dairy-free,advanced,medium,moderate,fresh shrimp|fresh lime juice|low sodium soy sauce|fresh jalapeno pepper|fresh ginger|garlic clove|cooking oil|asparagus spear|sweet red pepper|cooked rice|peanuts|flat leaf parsley
3282,Thai Shrimp In Curried Coconut Sauce,Thai,main-dish,pescatarian,beginner,medium,moderate,coconut milk|thai red curry paste|garlic clove|fresh ginger|nam pla|limes|shrimp|mango|cilantro|rice vinegar
3283,Thai One On Pizza,Thai,main-dish,,intermediate,high,moderate,peanut butter|chili-garlic sauce|canned unsweetened coconut milk|pizza dough|cooked chicken|mango|scallions|mozzarella cheese|fresh bean sprout|fresh mint leaves|dry roasted peanuts|lime
3284,The Best Pad Thai,Thai,main-dish,pescatarian|dairy-free,intermediate,medium,moderate,rice sticks|tamarind juice|fish sauce|rice vinegar|sugar|tomato ketchup|vegetable oil|garlic|shrimp|tofu|egg|bean sprouts|unsalted peanuts|cilantro|lime wedge
3285,A La Truck Shrimp,Thai,main-dish,pescatarian|dairy-free,intermediate,low,moderate,lime juice|sugar|fish sauce|sambal oelek chili paste|shrimp|cilantro leaf
3286,Delectable Spicy Sweet And Salty Tofu,Thai,main-dish,vegetarian|vegan|pescatarian|dairy-free,intermediate,medium,moderate,firm tofu|olive oil|garlic cloves|fresh ginger|asian chili sauce|maple syrup|braggs amino acids|lemon juice|roasted almonds
3287,Dried Chili Chicken,Thai,main-dish,dairy-free,beginner,high,moderate,olive oil|garlic|chicken breasts|unsalted cashews|chilies|chili paste|diced onion|red bell pepper|scallion|stock|black bean sauce|black pepper
3288,Drunk Noodles,Thai,main-dish,dairy-free,intermediate,high,moderate,wide rice noodles|vegetable oil|garlic|cooked chicken|soy sauce|oyster sauce|eggs|sugar|mung bean sprouts|fresh basil|red bell pepper|green bell pepper|crushed red pepper flakes
3289,Easy Thai Chicken Stir Fry With Peanut Sauce,Thai,main-dish,,advanced,medium,moderate,low sodium soy sauce|brown sugar|creamy peanut butter|ground ginger|sesame oil|chili oil|rice vinegar|chicken broth|rice noodles|frozen broccoli cuts|carrots|peanut oil|boneless skinless chicken breast|garlic salt|sliced mushrooms|green onion|unsalted dry roasted peanuts
3290,Green Curry Chicken Noodle Stir Fry,Thai,main-dish,,intermediate,high,moderate,hokkien noodles|peanut oil|onion|green curry paste|baby corn|beans|coconut milk|chicken stock|chicken breasts|brown sugar|fish sauce|lime juice|fresh coriander
3291,Grilled Chicken With Thai Spiced Oil,Thai,main-dish,dairy-free,intermediate,medium,moderate,peanut oil|fresh ginger|garlic|lemon peel|soy sauce|ground turmeric|boneless skinless chicken breast halves
3292,Lemon Grass Chicken,Thai,main-dish,dairy-free,intermediate,low,moderate,lemongrass|chicken breasts|egg white|carrot|chile|garlic chives|cilantro|sunflower oil|salt|pepper|lime slice
3293,Mediterranean Thai Eggplant White Bean Soup,Thai,main-dish,pescatarian,advanced,medium,moderate,globe eggplant|yellow onion|garlic|scallions|white beans|fresh basil|red pepper|coconut milk|vegetable broth|dry sherry|soy sauce|fish sauce
3294,Mussels Steamed In Coconut Milk Lime And Cilantro,Thai,main-dish,pescatarian,beginner,high,moderate,onion|garlic cloves|red chili peppers|coconut milk|fish sauce|limes|cilantro|mussels
3295,Peanut Ginger Tofu,Thai,main-dish,vegetarian|pescatarian,intermediate,medium,moderate,water|natural-style peanut butter|rice vinegar|soy sauce|honey|minced ginger|garlic cloves|chili sauce|extra firm tofu|extra virgin olive oil|baby spinach|sliced mushrooms|red onion|cooked brown rice
3296,Refreshing Ginger Chicken With Spinach Mushrooms,Thai,main-dish,dairy-free,intermediate,medium,moderate,fish sauce|soy sauce|oyster sauce|olive oil|garlic cloves|boneless skinless chicken breast|sliced mushrooms|fresh ginger|brown sugar|habanero pepper|fresh spinach|cooked brown rice|green onions|carrot|fresh cilantro
3297,Shrimp In Yellow Curry Gang Lueng Goong,Thai,main-dish,pescatarian,intermediate,low,moderate,medium shrimp|oil|onion|ginger|garlic cloves|yellow curry paste|light coconut milk|potatoes|carrots|bell pepper|chili peppers|curry powder|fish sauce|sugar|spring onion
3298,Spicy Asian Chicken Pasta,Thai,main-dish,,advanced,high,moderate,vegetable oil|garlic|jalapeno peppers|unsweetened coconut milk|creamy peanut butter|soy sauce|fresh lime juice|oriental sesame oil|fresh ginger|honey|hot pepper sauce|red bell pepper|sliced mushrooms|green onion|boneless skinless chicken breast|linguine
3299,Stir Fried Rice Noodles With Curried Shrimp America S Test Kit,Thai,main-dish,pescatarian|dairy-free,intermediate,medium,moderate,noodles|water|vegetable oil|fish sauce|lime juice|sugar|onion|red bell pepper|extra-large shrimp|garlic cloves|curry powder|scallions|lime wedge
3300,Thai Beef Noodles,Thai,main-dish,dairy-free,beginner,medium,moderate,top round beef|jalapenos|vegetable oil|beef-flavor ramen noodles|steak sauce|carrot|fresh cilantro|unsalted peanuts
3301,Thai Beef Noodle Salad,Thai,main-dish,,intermediate,medium,moderate,reduced sodium soy sauce|rice wine vinegar|orange juice|canola oil|sesame oil|garlic cloves|ground ginger|peanut butter|salt|cayenne pepper|spaghetti|broccoli floret|snow peas|red pepper|zucchini|celery|boneless beef top sirloin steak|sesame seeds
3302,Thai Burgers,Thai,main-dish,,advanced,medium,moderate,"ground turkey|fresh cilantro|fresh gingerroot|thai red curry paste|lime, juice and zest of|garlic cloves|salt & freshly ground black pepper|olive oil|shallot|gingerroot|hot sauce|soy sauce|creamy peanut butter|water|butter lettuce|red bell pepper|english cucumber|fresh basil"
3303,Thai Chicken Enchiladas From Homesweeteats Com,Thai,main-dish,,advanced,medium,moderate,flour tortillas|boneless skinless chicken breasts|canola oil|sweet onion|carrot|cabbage|garlic cloves|salt|pepper|green onions|peanuts|fresh cilantro|light coconut milk|sweet chili sauce
3304,Thai Chicken Green Curry,Thai,main-dish,,intermediate,high,moderate,coconut milk|green curry paste|fresh lime leaves|thai basil|fresh green chilies|chicken|eggplant|mushroom|fish sauce|sugar|salt
3305,Thai Garlic Shrimp With Lemon Coriander Sauce,Thai,main-dish,pescatarian|dairy-free,advanced,high,moderate,red bell pepper|red onion|garlic|soy sauce|vegetable oil|sugar|fresh lemon juice|unsalted peanuts|fresh cilantro|shrimp|black pepper|lettuce leaf|fresh cilantro leaves|tomatoes|cucumber
3306,Thai Grilled Chicken,Thai,main-dish,dairy-free,intermediate,low,moderate,fresh cilantro|chinese chili sauce|soy sauce|oyster sauce|garlic cloves|sugar|boneless chicken breasts|lettuce|mint sprig|green onions
3307,Thai Grilled Chicken Gai Yahng,Thai,main-dish,dairy-free,advanced,high,moderate,white peppercorns|cilantro leaf|garlic|sugar|water|distilled white vinegar|salt|chili-garlic sauce|soy sauce|chicken pieces|cooked long-grain rice
3308,Thai Hot Sour Soup,Thai,main-dish,,intermediate,high,moderate,"chicken stock|lemongrass|kaffir lime leaves|lime zest|green serrano chilies|chicken|coconut milk|limes, juice of|red serrano chilie|cilantro|green onions"
3309,Thai Pineapple Shrimp Fried Rice,Thai,main-dish,pescatarian|dairy-free,intermediate,medium,moderate,vegetable oil|medium shrimp|red bell pepper|red onion|garlic cloves|red chili peppers|eggs|cooked rice|fish sauce|soy sauce|lime juice|fresh pineapple|dry-roasted cashews|cilantro leaf
3310,Thai Red Curry Mixed Vegetables,Thai,main-dish,vegetarian|pescatarian,intermediate,medium,moderate,coconut milk|salt|brown sugar|tamari|vegetable oil|thai red curry paste|green beans|eggplant|red bell pepper|fresh mushrooms|fresh basil leaves|lime zest
3311,Thai Red Pork Curry With Corn And Peas,Thai,main-dish,,intermediate,medium,moderate,peanut oil|red curry paste|lean pork|coconut milk|corn kernel|fresh peas|fish sauce|brown sugar|lime rind|thai basil
3312,Thai Seafood Stew,Thai,main-dish,pescatarian,beginner,high,moderate,red curry paste|light coconut milk|water|shrimp|scallops|mussels|fresh basil|lime juice|nam pla|jasmine rice
3313,Thai Shrimp Fried Rice,Thai,main-dish,pescatarian|dairy-free,advanced,high,moderate,cooked rice|medium raw shrimp|garlic cloves|red chili peppers|egg|green onions|carrots|fresh cilantro|white pepper|vegetable oil|lime juice|fish sauce|soy sauce|brown sugar
3314,Thai Shrimp With Coconut Almond Rice,Thai,main-dish,pescatarian,beginner,medium,moderate,jasmine rice|water|light coconut milk|canola oil|medium shrimp|chili sauce|slivered almonds|green onion
3315,Thai Shrimpcakes,Thai,main-dish,pescatarian|dairy-free,intermediate,high,moderate,large shrimp|egg|green onion|fresh lemon juice|dijon mustard|fresh cilantro|sriracha sauce|salt|ground black pepper|panko breadcrumbs|peanut oil
3316,Thai Spiced Short Ribs,Thai,main-dish,dairy-free,beginner,high,moderate,olive oil|garlic|fresh ginger|thai red curry paste|ground allspice|salt|pepper|beef short ribs|cinnamon stick|white onion|reduced-sodium beef broth|fresh cilantro
3317,Thai Stir Fried Chile Beef,Thai,main-dish,dairy-free,advanced,medium,moderate,lean sirloin steaks|fresh gingerroot|brown sugar|soy sauce|garlic|vegetable oil|baby corn|green bell peppers|fresh shiitake mushrooms|white onion|thai red chili peppers|beef stock|cornstarch|water|oyster sauce|fish sauce|steamed rice
3318,Thai Style Fried Rice With A Curry Flavor Hmmm,Thai,main-dish,dairy-free,intermediate,high,moderate,jasmine rice|peanut oil|onion|red chili pepper|fresh green chile|thai red curry paste|curry powder|pork chops|garlic cloves|raw shrimp|eggs|pepper|soy sauce|fish sauce|green onion|fresh cilantro
3319,Thai Style Beef Curry,Thai,main-dish,,beginner,high,moderate,peanut oil|thai red curry paste|coconut milk|beef chuck|salt and pepper|cilantro
3320,Vegan Pad Thai,Thai,main-dish,vegetarian|vegan|pescatarian|dairy-free,intermediate,medium,moderate,coconut oil|rice noodles|tamari soy sauce|ginger|curry powder|red peppers|peanuts|gluten|green onions|cayenne pepper|salt|black pepper|cilantro|mushroom|tamarind paste|garlic|crushed red pepper flakes
3321,Excite Me Tonight Chicken,Turkish,main-dish,,advanced,high,moderate,"boneless chicken breasts|garlic cloves|fresh lemon juice|fresh thyme|paprika|cayenne pepper|salt|ground black pepper|olive oil|plain yogurt|ground cinnamon|lemon, juice of|fresh ground pepper|ground cumin|ground ginger|unsalted butter|ground coriander|onion"
3322,Turkish Meatballs Kofta,Turkish,main-dish,dairy-free,intermediate,medium,moderate,fresh breadcrumb|lean ground lamb|salt|pepper|ground cumin|allspice|dried mint|garlic|parsley|egg|olive oil
3323,Imam Bayildi A Stuffed Eggplant Recipe From Asia Minor,Turkish,main-dish,vegetarian|vegan|pescatarian|dairy-free,advanced,medium,moderate,onions|olive oil|garlic cloves|tomatoes|parsley|of fresh mint|salt and pepper|eggplants|sugar|fresh lemon juice
3324,Chef Flower S Turkish Cypriot Fried Meatballs Kibrisli Kofte,Turkish,main-dish,dairy-free,intermediate,medium,moderate,ground chicken|potatoes|onion|egg|flat leaf parsley|ground cinnamon|dried mint|salt|ground black pepper|vegetable oil
3325,Turkish Cabbage Salad Lahana Salata,Turkish,main-dish,vegetarian|vegan|pescatarian|dairy-free,beginner,low,moderate,cabbage|carrots|olive oil|vinegar|salt|pepper
3326,Red Lentil Soup Turkish Style,Turkish,main-dish,,intermediate,low,moderate,butter|onions|carrot|red lentil|paprika|tomato paste|chicken stock|milk|salt|pepper|cayenne pepper|crouton|of fresh mint
3327,Turkish Eggplant Aubergine Pilaf Patlicanli Pilav,Turkish,main-dish,,advanced,medium,moderate,eggplants|salt|onion|olive oil|tomatoes|fresh ground black pepper|parsley|of fresh mint|basmati rice|chicken stock|paper towels|yogurt
3328,Turkish Pizza,Turkish,main-dish,,advanced,medium,moderate,olive oil|onion|garlic|ground coriander|ground cumin|ground lamb|pine nuts|turkish bread|tomato paste|feta cheese|tomatoes|flat leaf parsley|lemon
3329,Borekitas De Berengena,Turkish,main-dish,vegetarian|pescatarian,advanced,low,moderate,vegetable oil|warm water|salt|flour|egg yolk|kashkaval|eggplant|feta cheese|salt and pepper
3330,Pasta With Ground Beef And Yoghurt,Turkish,main-dish,vegetarian|pescatarian,advanced,high,moderate,pasta|greek yogurt|garlic cloves|salt|ground chuck|butter|onions|chili pepper|pepper|paprika|cayenne
3331,Spicy Grilled Beef Kabobs,Turkish,main-dish,dairy-free,intermediate,medium,moderate,beef sirloin steaks|garlic cloves|smoked paprika|ground turmeric|ground cumin|kosher salt|fresh ground black pepper|red wine vinegar|olive oil
3332,Chicken Saute With Mozzarella Cheese Kasarli Tavuk,Turkish,main-dish,,intermediate,medium,moderate,chicken breasts|extra virgin olive oil|butter|onion|garlic clove|mixed mushrooms|red bell pepper|tomatoes|salt|pepper|oregano|mozzarella cheese|red pepper powder
3333,Shredded Chicken And Walnut Sauce,Turkish,main-dish,dairy-free,intermediate,low,moderate,boneless skinless chicken breasts|water|salt|walnuts|onion|white bread|paprika|black pepper|black olives
3334,Middle Eastern Baked Kufta,Turkish,main-dish,dairy-free,intermediate,medium,moderate,ground beef|onion|fresh parsley|garlic cloves|seasoning salt|allspice|black pepper|garlic powder|tomatoes|potatoes
3335,Pilaf With Chicken Livers,Turkish,main-dish,,intermediate,medium,moderate,chicken liver|butter|salt|pepper|scallions|tomatoes|pine nuts|almonds|raisins|white rice|fresh parsley
3336,Ground Beef Pasta In The Oven Firinda Kiymali Makarna,Turkish,main-dish,,intermediate,medium,moderate,pasta|ground beef|onion|garlic cloves|carrot|crushed tomatoes|paprika|oregano|salt|pepper|parsley|mozzarella cheese|egg
3337,Imam Bayildi,Turkish,main-dish,vegetarian|vegan|pescatarian|dairy-free,intermediate,low,moderate,aubergines|olive oil|onion|garlic|green pepper|red pepper|parsley|tomatoes|ground cinnamon|black pepper|salt|sugar|lemon
3338,Spicy Lamb Kabobs With Turkish Cacik,Turkish,main-dish,,intermediate,medium,moderate,lamb|green peppers|cherry tomatoes|onions|lemon juice|olive oil|garlic|cumin|turmeric|ground red pepper|cucumbers|plain yogurt|garlic cloves|of fresh mint|salt
3339,Stuffed Pide Turkish Pizza,Turkish,main-dish,dairy-free,advanced,high,moderate,dry yeast|warm water|sugar|salt|vegetable oil|all-purpose flour|olive oil|onions|garlic cloves|ground beef|ground cumin|ground coriander|salt and pepper|chopped tomato|fresh curly-leaf parsley|of fresh mint|lemon juice
3340,Tavuk Doner Chicken Doner,Turkish,main-dish,,advanced,medium,moderate,boneless skinless chicken breasts|salt and pepper|ground chicken|onion|oregano|extra virgin olive oil|salt|pepper|olive oil flavored cooking spray|yoghurt|cucumber|dill|garlic clove|sugar
3341,Turkish Braised Lamb Tas Kebap,Turkish,main-dish,dairy-free,intermediate,medium,moderate,stewing lamb|olive oil|onion|garlic clove|sweet pepper|canned tomatoes|water|baharat|salt|fresh ground black pepper|parsley
3342,Cheat N Eat Vietnamese Chicken Soup,Vietnamese,main-dish,dairy-free,intermediate,low,moderate,cellophane noodle|boneless skinless chicken breasts|peanut oil|garlic|ginger|red pepper flakes|chicken broth|fish sauce|fresh cilantro|green onions|fresh basil
3343,Honey Ginger Glazed Chicken,Vietnamese,main-dish,dairy-free,intermediate,low,moderate,vegetable oil|onion|boneless skinless chicken thighs|garlic|ginger|honey|fish sauce|soy sauce|five-spice powder|fresh cilantro stem
3344,Vietnamese Sandwiches,Vietnamese,main-dish,dairy-free,intermediate,medium,moderate,garlic|salt|rice wine vinegar|sugar|carrot|white onion|jalapeno chile|baguette|low-fat mayonnaise|boneless skinless chicken breasts|fresh lime juice|five-spice powder|fresh cilantro
3345,Vietnamese Beef Stew Bo Kho,Vietnamese,main-dish,dairy-free,intermediate,medium,moderate,boneless beef chuck|lemongrass|fish sauce|chinese five spice powder|brown sugar|ginger|bay leaf|vegetable oil|onion|fresh tomatoes|salt|carrot|star anise|water|thai basil|cilantro
3346,Vietnamese Clay Pot Pork,Vietnamese,main-dish,dairy-free,intermediate,medium,moderate,canola oil|sugar|garlic|shallots|ginger|chili|fish sauce|pork tenderloin|salt|pepper|hard-boiled eggs|water
3347,Vietnamese Fish Simmered In Caramel Sauce Ca Kho To,Vietnamese,main-dish,pescatarian|dairy-free,intermediate,medium,moderate,catfish|white sugar|fish sauce|shallots|fresh chili pepper|ginger|ground black pepper
3348,Vietnamese Chicken Curry,Vietnamese,main-dish,,intermediate,high,moderate,chicken pieces|oil|onions|garlic cloves|red chile|fresh ginger|fresh lemongrass|mild curry paste|brown sugar|coconut cream|chicken stock
3349,Vietnamese Spiced Pork Chops,Vietnamese,main-dish,dairy-free,intermediate,low,moderate,boneless center cut pork chops|cooking spray|green onion|brown sugar|paprika|ground coriander|salt|crushed red pepper flakes|minced ginger|garlic
3350,Marinade Grilled Chicken With Lemongrass Chilli,Vietnamese,main-dish,dairy-free,intermediate,medium,moderate,lemongrass|lemon zest|garlic cloves|shallots|red chilies|light brown sugar|fish sauce|lime juice|hot sauce|chicken thigh fillets
3351,Vietnamese Pork Sandwich Banh Mi Thit,Vietnamese,main-dish,dairy-free,intermediate,high,moderate,five-spice powder|vegetable oil|shallot|garlic clove|ground lean pork|soy sauce|sugar|red chili paste|pork tenderloin|english cucumbers|mesclun|thai basil|fried shallots|french baguettes
3352,Mushroom And Shredded Chicken Salad,Vietnamese,main-dish,dairy-free,beginner,low,moderate,olive oil|button mushrooms|mushrooms|chicken|mixed salad greens|lime juice|soy sauce|sweet chili sauce|red wine vinegar
3353,Vietnamese Grilled Pork Wrapped In Lettuce,Vietnamese,main-dish,dairy-free,beginner,low,moderate,pork tenderloin|soy sauce|cinnamon|anise|ginger|oil|sugar|garlic|lettuce leaf|mint leaf|cilantro leaf|vermicelli
3354,Faux Pho Bo Vietnamese Beef Noodle Soup,Vietnamese,main-dish,dairy-free,advanced,low,moderate,fat free low-sodium beef broth|onion|fresh gingerroot|lemongrass|cinnamon stick|whole black peppercorn|beef sirloin tip|fresh bean sprout|thai basil|fresh cilantro leaves|limes|flat rice noodles|sambal oelek|serrano peppers|fish sauce|hoisin sauce
3355,Grilled Salmon With Chili Lime Sauce,Vietnamese,main-dish,pescatarian|dairy-free,intermediate,medium,moderate,vegetable oil|fresh ginger|garlic|shallot|fish sauce|soy sauce|sugar|salmon fillets|lime juice|water|chili-garlic sauce|green onion
3356,Pork With Ginger Garlic And Chilli,Vietnamese,main-dish,dairy-free,beginner,high,moderate,pork|soy sauce|extra virgin olive oil|white onions|garlic cloves|ginger|green chili peppers|fresh lemongrass|ground cinnamon|chicken stock|basil
3357,Vietnamese Grilled Chicken Wings,Vietnamese,main-dish,dairy-free,intermediate,high,moderate,chicken wings|garlic|shallot|fresh ginger|green onions|lemongrass|light brown sugar|fish sauce|lime juice|peanut oil|salt|dry roasted peanuts|fresh cilantro leaves
3358,Cabbage Omelet,Vietnamese,main-dish,vegetarian|pescatarian|dairy-free,intermediate,low,moderate,onion|cabbage|eggs|salt|black pepper|canola oil
3359,Caramel Chicken,Vietnamese,main-dish,dairy-free,advanced,high,moderate,sugar|water|reduced-sodium chicken broth|fish sauce|soy sauce|chicken|salt|vegetable oil|fresh ginger|fresh garlic|onion|jalapeno|green onions|of fresh mint|fresh cilantro|fresh basil
3360,Cherry Chicken Lettuce Wraps,Vietnamese,main-dish,dairy-free,intermediate,medium,moderate,oil|ginger|boneless skinless chicken breasts|rice vinegar|teriyaki sauce|honey|dark sweet cherries|carrots|scallion|almonds|romaine leaves
3361,Simple Tofu With Peanut Butter Vietnamese,Vietnamese,main-dish,vegetarian|pescatarian,beginner,low,moderate,firm tofu|peanut butter|soy sauce|water
3362,Thit Bo Cuon La Luop Vietnamese Beef In Grape Leaves,Vietnamese,main-dish,dairy-free,intermediate,low,moderate,lean ground beef|garlic|nuoc nam|gingerroot|fresh cilantro|sugar|black pepper|green onion|grape leaves|fish sauce|water|vinegar|crushed red pepper flakes|carrots
3363,Vietnamese Glazed Skinny Pork Chops,Vietnamese,main-dish,dairy-free,intermediate,high,moderate,vegetable oil|honey|fish sauce|garlic cloves|shallots|fresh ground pepper|pork chops|salt|peanuts
3364,Vietnamese Style Pepper Beef And Spinach,Vietnamese,main-dish,dairy-free,intermediate,medium,moderate,beef|sweet yellow onions|black pepper|fish sauce|cornstarch|vegetable oil|garlic|baby spinach leaves|roma tomatoes|cooked jasmine rice
3365,Bun Bo Hue Spicy Hue Style Noodle Soup With Lemongrass,Vietnamese,main-dish,dairy-free,intermediate,medium,moderate,ham hock|lemongrass|nuoc nam|sugar|sea salt|shrimp paste|black pepper|boneless sirloin|boneless pork loin|rice noodles|bean sprouts|thai holy basil|of fresh mint|fresh cilantro|sambal oelek|thai red chili peppers|lime
3366,Caramelized Black Pepper Fish,Vietnamese,main-dish,pescatarian|dairy-free,intermediate,medium,moderate,shallot|olive oil|sugar|fish sauce|water|fresh ground black pepper|halibut fillets|scallions|cilantro
3367,Grilled Vietnamese Chicken Breasts,Vietnamese,main-dish,,intermediate,medium,moderate,boneless skinless chicken breast halves|toasted sesame oil|crushed red pepper flakes|sugar|peanut butter|soy sauce|cooking oil|garlic clove|french rolls|radish sprouts|broccoli slaw mix|peanuts
3368,Vietnamese Clay Pot Chicken,Vietnamese,main-dish,dairy-free,intermediate,medium,moderate,chicken thigh fillets|yellow onions|baby bok choy|chicken stock|fresh shiitake mushrooms|garlic cloves|fish sauce|soy sauce|hoisin sauce|lime juice|fresh lemongrass
3369,Vietnamese Hamburgers,Vietnamese,main-dish,dairy-free,beginner,medium,moderate,lean ground beef|fish sauce|lemongrass|garlic|red pepper flakes|cucumber|fresh bean sprout|iceberg lettuce|sweet chili sauce|nuoc cham sauce|kaiser rolls
3370,Vietnamese Style Caramelised Pork,Vietnamese,main-dish,dairy-free,advanced,high,moderate,pork belly|shallots|fish sauce|red chili pepper|sweet chili sauce|rice bran oil|sugar|reduced-sodium chicken broth|mushrooms|coriander
