user_id,dish_id,rating
68960,3020,4.0
68960,1534,5.0
68960,2810,5.0
68960,692,5.0
68960,1559,5.0
68960,1571,5.0
68960,721,5.0
68960,660,5.0
68960,159,5.0
68960,3066,5.0
68960,799,4.0
68960,2285,5.0
68960,1814,5.0
68960,2954,5.0
68960,659,4.0
68960,364,5.0
68960,3165,5.0
68960,2529,5.0
68960,903,4.0
68960,2412,5.0
68960,188,5.0
68960,429,5.0
68960,282,3.0
68960,1391,5.0
68960,539,5.0
68960,1598,5.0
68960,694,5.0
68960,73,5.0
68960,817,5.0
68960,742,5.0
68960,2422,5.0
68960,3359,4.0
68960,3190,4.0
68960,3222,5.0
68960,658,5.0
68960,670,5.0
68960,41,5.0
68960,2566,4.0
68960,508,5.0
68960,2432,5.0
68960,1147,5.0
68960,822,5.0
68960,1909,5.0
68960,1524,4.0
68960,3302,5.0
68960,1829,5.0
68960,234,4.0
68960,431,5.0
68960,126,5.0
68960,1,5.0
68960,3152,5.0
68960,1979,4.0
68960,2298,5.0
68960,493,5.0
68960,1717,5.0
68960,2299,5.0
68960,610,4.0
68960,2727,4.0
68960,2130,3.0
68960,1538,5.0
68960,3148,5.0
68960,1660,4.0
68960,1553,4.0
68960,830,5.0
68960,1018,5.0
68960,2574,4.0
68960,2276,4.0
68960,1565,5.0
68960,1006,5.0
68960,993,5.0
68960,3348,5.0
68960,1690,5.0
68960,2428,5.0
68960,1887,4.0
68960,881,4.0
68960,662,5.0
68960,109,5.0
68960,522,5.0
268973,2122,5.0
268973,2779,5.0
268973,1156,5.0
268973,1959,5.0
268973,3,5.0
268973,1983,5.0
187281,2122,5.0
187281,2427,3.0
187281,413,4.0
187281,2079,5.0
187281,366,5.0
187281,2107,5.0
187281,2229,5.0
187281,26,4.0
187281,50,5.0
187281,80,4.0
187281,6,5.0
187281,2226,5.0
187281,136,0.0
187281,1901,3.0
187281,659,4.0
187281,2091,5.0
187281,2143,5.0
187281,152,3.0
187281,513,5.0
187281,2098,0.0
187281,13,5.0
187281,2039,5.0
187281,2462,5.0
187281,2422,5.0
187281,2566,5.0
187281,2688,5.0
187281,508,5.0
187281,2424,5.0
187281,1909,0.0
187281,3273,5.0
187281,824,4.0
187281,2429,3.0
187281,102,5.0
187281,256,5.0
187281,680,5.0
187281,3,5.0
187281,1889,5.0
187281,401,5.0
187281,39,5.0
187281,668,5.0
187281,531,5.0
187281,60,5.0
187281,656,4.0
187281,2446,0.0
187281,42,5.0
187281,330,4.0
187281,2815,3.0
187281,2725,5.0
187281,510,5.0
187281,1887,5.0
187281,1900,5.0
187281,3149,5.0
187281,2676,5.0
230860,2122,5.0
230860,288,5.0
230860,1534,4.0
230860,1316,5.0
230860,660,5.0
230860,1924,5.0
230860,2794,4.0
230860,353,5.0
230860,291,5.0
230860,598,3.0
230860,1319,5.0
230860,136,5.0
230860,73,5.0
230860,1266,5.0
230860,1293,4.0
230860,51,4.0
230860,1,5.0
230860,2463,5.0
230860,538,4.0
230860,3148,5.0
230860,326,4.0
230860,2667,2.0
189475,2122,5.0
189475,1258,5.0
189475,9,5.0
189475,1891,5.0
189475,660,5.0
189475,37,5.0
189475,669,5.0
189475,2419,5.0
189475,1886,5.0
189475,7,5.0
189475,2188,5.0
189475,50,5.0
189475,3147,5.0
189475,2286,5.0
189475,659,5.0
189475,1939,5.0
189475,12,5.0
189475,2639,5.0
189475,13,5.0
189475,70,3.0
189475,269,5.0
189475,1987,5.0
189475,2688,5.0
189475,508,5.0
189475,2432,5.0
189475,3154,5.0
189475,666,5.0
189475,656,5.0
189475,2310,5.0
189475,1832,5.0
189475,945,0.0
189475,4,5.0
189475,2722,5.0
189475,1887,5.0
189475,123,5.0
189475,1539,5.0
358544,2122,5.0
358544,2488,5.0
358544,2710,5.0
358544,2453,5.0
358544,695,5.0
358544,2418,5.0
358544,1256,5.0
358544,2569,5.0
358544,572,5.0
358544,2706,4.0
358544,389,5.0
358544,1889,5.0
1141377,2122,3.0
1141377,275,5.0
1141377,1895,5.0
1141377,1112,3.0
1141377,70,4.0
1141377,2422,5.0
1141377,1905,5.0
290010,2122,4.0
290010,3326,5.0
290010,95,5.0
290010,107,5.0
290010,2571,5.0
290010,12,3.0
290010,79,4.0
290010,21,2.0
290010,701,4.0
290010,19,5.0
290010,29,5.0
290010,2441,5.0
290010,2153,5.0
290010,1254,5.0
290010,23,4.0
290010,377,4.0
1041886,2062,5.0
1041886,226,5.0
1041886,3002,5.0
1041886,1993,5.0
1041886,2242,5.0
54678,2062,4.0
54678,1534,5.0
54678,1258,5.0
54678,2810,5.0
54678,2260,5.0
54678,2494,5.0
54678,2454,4.0
54678,965,4.0
54678,2027,5.0
54678,2419,5.0
54678,2497,5.0
54678,665,5.0
54678,2456,5.0
54678,7,5.0
54678,1636,5.0
54678,2013,5.0
54678,2830,5.0
54678,2285,5.0
54678,2625,4.0
54678,2420,4.0
54678,1974,5.0
54678,524,5.0
54678,72,4.0
54678,12,5.0
54678,2040,5.0
54678,664,5.0
54678,2217,5.0
54678,63,3.0
54678,804,5.0
54678,317,5.0
54678,508,5.0
54678,2424,5.0
54678,380,5.0
54678,19,5.0
54678,1885,4.0
54678,1909,4.0
54678,53,5.0
54678,1294,2.0
54678,889,5.0
54678,834,5.0
54678,61,5.0
54678,27,5.0
54678,1920,5.0
54678,1889,5.0
54678,2601,5.0
54678,666,4.0
54678,321,5.0
54678,2417,5.0
54678,2502,3.0
54678,384,5.0
54678,440,5.0
54678,3169,5.0
666947,2062,5.0
666947,8,5.0
666947,16,5.0
666947,1888,5.0
666947,2663,5.0
666947,2469,5.0
666947,44,4.0
450571,2062,5.0
450571,702,5.0
450571,2027,5.0
450571,1001,5.0
450571,2505,5.0
450571,2621,4.0
450571,1272,5.0
450571,1044,5.0
450571,2422,5.0
450571,273,5.0
450571,2555,5.0
450571,3184,4.0
450571,2663,5.0
450571,2448,5.0
450571,1553,5.0
450571,2444,5.0
450571,2276,5.0
450571,1297,0.0
1235658,2062,5.0
1235658,98,5.0
1235658,3061,5.0
1235658,1256,5.0
243474,2062,5.0
243474,1921,5.0
243474,2477,5.0
243474,1918,5.0
243474,2438,5.0
243474,2089,5.0
243474,551,5.0
41218,2062,5.0
41218,2004,5.0
41218,1894,5.0
41218,1996,5.0
41218,154,5.0
41218,2789,4.0
41218,2511,5.0
41218,2718,5.0
41218,238,4.0
41218,2418,4.0
41218,995,5.0
41218,2614,5.0
41218,21,4.0
41218,391,4.0
41218,1909,5.0
41218,11,4.0
41218,309,5.0
41218,1152,5.0
41218,241,5.0
41218,1002,5.0
41218,49,4.0
41218,93,5.0
41218,2815,4.0
41218,1564,4.0
41218,2584,5.0
41218,1887,4.0
41218,2001,5.0
1179225,2062,4.0
1179225,976,4.0
1179225,1927,5.0
1179225,1548,4.0
1179225,660,4.0
1179225,204,3.0
1179225,2945,5.0
1179225,114,4.0
1179225,517,5.0
1179225,2889,5.0
1179225,1886,5.0
1179225,2225,4.0
1179225,2511,5.0
1179225,8,5.0
1179225,2416,5.0
1179225,2506,5.0
1179225,1545,4.0
1179225,1593,5.0
1179225,1305,5.0
1179225,2605,5.0
1179225,2840,5.0
1179225,2811,5.0
1179225,2435,4.0
1179225,2400,4.0
1179225,3204,5.0
1179225,1841,5.0
1179225,107,5.0
1179225,2101,5.0
1179225,713,5.0
1179225,1263,4.0
1179225,2877,4.0
1179225,172,5.0
1179225,1256,5.0
1179225,13,5.0
1179225,1955,5.0
1179225,787,5.0
1179225,70,4.0
1179225,2913,5.0
1179225,2462,5.0
1179225,664,4.0
1179225,182,3.0
1179225,2493,5.0
1179225,1968,5.0
1179225,116,5.0
1179225,2059,5.0
1179225,2290,5.0
1179225,2432,5.0
1179225,1550,5.0
1179225,1890,4.0
1179225,2366,5.0
1179225,3265,5.0
1179225,1331,4.0
1179225,1709,5.0
1179225,2564,5.0
1179225,86,5.0
1179225,1276,4.0
1179225,865,5.0
1179225,118,5.0
1179225,2930,5.0
1179225,2443,5.0
1179225,1171,5.0
1179225,2043,4.0
1179225,2557,5.0
1179225,1931,5.0
1179225,30,5.0
1179225,160,4.0
1179225,2417,4.0
1179225,2444,4.0
1179225,2852,5.0
1179225,1983,3.0
1179225,714,5.0
1179225,3325,4.0
1179225,1998,4.0
1179225,2815,5.0
1179225,265,4.0
1179225,1641,5.0
1179225,117,5.0
1179225,23,5.0
1179225,2819,5.0
1179225,2678,5.0
1179225,2464,5.0
1179225,1958,5.0
1179225,44,4.0
1179225,247,5.0
1179225,2425,4.0
1179225,2669,4.0
1179225,1982,5.0
1179225,356,5.0
1179225,168,5.0
227652,2062,5.0
227652,191,5.0
227652,1257,5.0
227652,2427,5.0
227652,122,4.0
227652,2799,4.0
227652,1938,4.0
227652,2695,5.0
227652,92,5.0
227652,1985,5.0
227652,1381,4.0
227652,58,5.0
227652,2786,4.0
227652,20,4.0
227652,1256,4.0
227652,2668,5.0
227652,2527,5.0
227652,21,4.0
227652,2020,5.0
227652,1888,5.0
227652,2616,4.0
227652,249,4.0
227652,324,4.0
227652,2569,4.0
227652,135,5.0
227652,2007,5.0
227652,1890,4.0
227652,2366,5.0
227652,2449,5.0
227652,1611,5.0
227652,661,5.0
227652,3,5.0
227652,798,4.0
227652,1976,4.0
227652,2596,5.0
227652,2463,4.0
227652,2421,4.0
227652,932,5.0
227652,2417,4.0
227652,10,5.0
227652,2705,4.0
227652,150,4.0
227652,2711,5.0
227652,1907,5.0
227652,1445,4.0
227652,1661,5.0
34879,634,5.0
34879,1159,4.0
34879,664,5.0
34879,2828,5.0
464333,634,5.0
464333,3306,5.0
464333,532,5.0
464333,3180,5.0
107135,1312,5.0
107135,2883,5.0
107135,2219,5.0
107135,155,5.0
107135,410,5.0
107135,222,5.0
107135,2993,5.0
107135,1202,5.0
107135,3327,5.0
107135,1247,5.0
107135,2138,5.0
107135,1174,5.0
107135,1503,5.0
107135,355,5.0
107135,1356,5.0
107135,2505,5.0
107135,1230,5.0
107135,2003,5.0
107135,1453,5.0
107135,1206,5.0
107135,3116,5.0
107135,2507,5.0
107135,2525,5.0
107135,1328,5.0
107135,1207,5.0
107135,1222,5.0
107135,975,5.0
107135,2426,5.0
107135,3091,5.0
107135,946,5.0
107135,2346,5.0
107135,183,5.0
107135,368,5.0
107135,2581,5.0
107135,2845,5.0
107135,257,5.0
107135,1189,5.0
107135,804,5.0
107135,2064,5.0
107135,1700,5.0
107135,1012,5.0
107135,2555,5.0
107135,1499,5.0
107135,1959,5.0
107135,447,5.0
107135,51,5.0
107135,259,5.0
107135,2325,5.0
107135,2105,5.0
107135,835,5.0
107135,423,5.0
107135,320,5.0
107135,1576,5.0
107135,1284,5.0
107135,1922,5.0
107135,2061,5.0
107135,2520,5.0
107135,162,5.0
107135,45,5.0
107135,2025,5.0
107135,169,5.0
107135,2895,5.0
107135,96,5.0
107135,104,5.0
107135,1558,5.0
107135,1260,5.0
107135,3339,5.0
107135,490,5.0
107135,4,5.0
107135,3169,5.0
107135,2583,5.0
498271,1312,5.0
498271,1894,5.0
498271,2337,5.0
498271,2945,5.0
498271,632,5.0
498271,2993,5.0
498271,938,5.0
498271,577,5.0
498271,3006,4.0
498271,2205,5.0
498271,2794,4.0
498271,1452,4.0
498271,2506,4.0
498271,3117,5.0
498271,3332,5.0
498271,98,5.0
498271,1327,5.0
498271,2928,5.0
498271,1363,5.0
498271,3313,5.0
498271,3221,5.0
498271,455,5.0
498271,2478,5.0
498271,1972,5.0
498271,2628,5.0
498271,1463,5.0
498271,911,5.0
498271,1657,5.0
498271,1498,5.0
498271,2668,4.0
498271,2963,5.0
498271,2795,5.0
498271,276,5.0
498271,994,5.0
498271,257,5.0
498271,3275,5.0
498271,3142,5.0
498271,3075,5.0
498271,2890,5.0
498271,1117,5.0
498271,2951,5.0
498271,2771,5.0
498271,1716,5.0
498271,2770,5.0
498271,3160,5.0
498271,2838,3.0
498271,423,5.0
498271,680,4.0
498271,1734,5.0
498271,2542,5.0
498271,3099,4.0
498271,1695,5.0
498271,3,5.0
498271,1920,4.0
498271,1922,5.0
498271,2585,5.0
498271,753,4.0
498271,341,4.0
498271,2116,5.0
498271,589,4.0
498271,2300,5.0
498271,606,5.0
498271,379,5.0
498271,1998,4.0
498271,2657,4.0
498271,1030,5.0
498271,1300,5.0
498271,2762,5.0
498271,925,4.0
498271,2712,5.0
498271,1125,5.0
498271,2269,5.0
80353,1312,5.0
80353,1000,5.0
80353,307,5.0
80353,1113,5.0
80353,721,5.0
80353,1181,5.0
80353,2376,4.0
80353,1357,5.0
80353,1736,4.0
80353,3157,4.0
80353,1237,5.0
80353,965,5.0
80353,2156,5.0
80353,1136,5.0
80353,1408,4.0
80353,1005,5.0
80353,2327,5.0
80353,984,5.0
80353,1356,5.0
80353,3366,5.0
80353,981,5.0
80353,2285,5.0
80353,1233,5.0
80353,520,5.0
80353,689,5.0
80353,3063,5.0
80353,3141,5.0
80353,2465,5.0
80353,1158,5.0
80353,853,5.0
80353,188,5.0
80353,1352,5.0
80353,1863,4.0
80353,3113,5.0
80353,3068,5.0
80353,3151,5.0
80353,2073,5.0
80353,3200,5.0
80353,3015,5.0
80353,3093,5.0
80353,801,5.0
80353,1457,5.0
80353,3150,5.0
80353,3126,5.0
80353,3034,3.0
80353,2988,5.0
80353,2737,4.0
80353,3065,5.0
80353,2937,5.0
80353,596,5.0
80353,1365,4.0
80353,2613,5.0
80353,41,5.0
80353,1012,5.0
80353,532,5.0
80353,1017,5.0
80353,2139,5.0
80353,1473,5.0
80353,1168,4.0
80353,3062,5.0
80353,3090,5.0
80353,586,5.0
80353,2646,4.0
80353,1354,4.0
80353,1451,5.0
80353,2879,5.0
80353,2287,5.0
80353,641,5.0
80353,2944,5.0
80353,104,4.0
80353,3335,5.0
80353,2406,0.0
80353,993,5.0
80353,1910,5.0
80353,2071,5.0
80353,1297,5.0
80353,510,5.0
80353,2592,5.0
80353,3169,5.0
80353,123,5.0
28177,1312,5.0
28177,930,5.0
28177,1434,5.0
28177,669,5.0
28177,1886,5.0
28177,295,5.0
28177,1167,5.0
28177,770,4.0
28177,59,5.0
28177,3358,5.0
28177,16,5.0
28177,20,5.0
28177,3103,4.0
28177,525,4.0
28177,1263,5.0
28177,40,5.0
28177,157,5.0
28177,819,5.0
28177,3100,5.0
28177,1861,4.0
28177,2944,5.0
28177,65,5.0
28177,693,5.0
28177,962,5.0
28177,639,5.0
28177,173,5.0
28177,109,5.0
28177,2436,5.0
228458,1312,5.0
228458,1334,4.0
228458,3349,5.0
228458,2645,5.0
228458,1206,5.0
228458,2435,4.0
228458,3310,5.0
228458,2244,5.0
228458,697,4.0
228458,1708,5.0
228458,3212,5.0
228458,3196,5.0
228458,529,5.0
228458,521,5.0
228458,1570,5.0
228458,2979,3.0
228458,2424,4.0
228458,1395,5.0
228458,423,5.0
228458,169,5.0
228458,1441,5.0
228458,2741,5.0
228458,2464,5.0
228458,1584,0.0
228458,365,5.0
56003,1312,5.0
56003,262,5.0
56003,267,4.0
56003,2884,5.0
56003,2587,0.0
56003,958,5.0
56003,1545,4.0
56003,698,5.0
56003,456,5.0
56003,1937,4.0
56003,2142,4.0
56003,2544,5.0
56003,1303,5.0
56003,2614,4.0
56003,892,5.0
56003,2604,5.0
56003,2949,4.0
56003,2296,5.0
56003,1838,5.0
56003,363,4.0
56003,1570,5.0
56003,1266,5.0
56003,2424,5.0
56003,1909,5.0
56003,1458,5.0
56003,248,5.0
56003,2967,5.0
56003,53,4.0
56003,1417,5.0
56003,29,4.0
56003,1106,5.0
56003,1276,5.0
56003,849,5.0
56003,3363,4.0
56003,144,5.0
56003,767,5.0
56003,1519,5.0
56003,74,5.0
56003,3357,5.0
56003,1350,4.0
56003,1153,5.0
56003,675,4.0
56003,2071,5.0
56003,945,4.0
171790,1312,5.0
171790,82,5.0
171790,2219,5.0
171790,2652,5.0
171790,1155,5.0
171790,1239,5.0
171790,2205,5.0
171790,8,5.0
171790,1314,5.0
171790,1053,5.0
171790,1418,5.0
171790,2625,5.0
171790,548,5.0
171790,2742,5.0
171790,3091,5.0
171790,488,5.0
171790,1050,5.0
171790,1159,5.0
171790,1708,5.0
171790,2784,5.0
171790,3132,5.0
171790,2115,4.0
171790,3075,5.0
171790,283,0.0
171790,1764,5.0
171790,966,4.0
171790,2105,5.0
171790,367,5.0
171790,1954,5.0
171790,1576,5.0
171790,1165,5.0
171790,1197,5.0
171790,1061,5.0
171790,2596,5.0
171790,1675,5.0
171790,1329,5.0
171790,2509,5.0
171790,1246,5.0
171790,589,5.0
171790,1267,5.0
171790,3223,4.0
171790,42,5.0
171790,104,5.0
171790,648,5.0
171790,113,5.0
192581,1312,5.0
192581,191,5.0
192581,133,5.0
192581,2842,5.0
192581,1927,5.0
192581,1548,5.0
192581,1259,5.0
192581,1265,5.0
192581,305,5.0
192581,3344,5.0
192581,1681,5.0
192581,2505,5.0
192581,1898,5.0
192581,2856,5.0
192581,2420,5.0
192581,225,5.0
192581,2605,5.0
192581,1969,5.0
192581,58,4.0
192581,129,5.0
192581,1918,5.0
192581,2455,5.0
192581,2108,5.0
192581,3263,5.0
192581,1818,5.0
192581,1376,5.0
192581,1263,5.0
192581,350,5.0
192581,13,5.0
192581,2941,5.0
192581,2949,5.0
192581,2527,5.0
192581,2422,5.0
192581,803,5.0
192581,1570,5.0
192581,2616,5.0
192581,2364,5.0
192581,2828,5.0
192581,1395,5.0
192581,1615,5.0
192581,1540,5.0
192581,2948,5.0
192581,3,5.0
192581,2530,5.0
192581,2448,5.0
192581,1675,5.0
192581,1919,5.0
192581,2509,5.0
192581,1087,5.0
192581,1931,5.0
192581,2357,5.0
192581,2421,5.0
192581,2667,5.0
192581,2417,5.0
192581,1470,5.0
192581,657,5.0
192581,2816,5.0
192581,1153,5.0
192581,1558,5.0
192581,1998,5.0
192581,2482,5.0
192581,519,4.0
192581,1410,5.0
192581,1297,5.0
192581,510,5.0
192581,356,5.0
527607,1312,5.0
527607,288,5.0
527607,9,5.0
527607,2148,5.0
527607,838,5.0
527607,788,5.0
527607,739,5.0
527607,2107,5.0
527607,3004,5.0
527607,782,5.0
527607,2246,5.0
527607,1631,5.0
527607,2861,5.0
527607,1149,5.0
527607,2922,5.0
527607,3352,5.0
527607,2374,5.0
527607,2437,5.0
527607,1814,5.0
527607,16,5.0
527607,1287,5.0
527607,2479,5.0
527607,3103,5.0
527607,427,5.0
527607,3292,5.0
527607,3228,5.0
527607,1263,5.0
527607,2713,5.0
527607,3314,5.0
527607,3104,5.0
527607,724,5.0
527607,1060,5.0
527607,1968,5.0
527607,3065,5.0
527607,1282,5.0
527607,2471,5.0
527607,568,5.0
527607,2210,5.0
527607,436,4.0
527607,1386,5.0
527607,1671,5.0
527607,2951,5.0
527607,1524,4.0
527607,735,5.0
527607,3073,5.0
527607,1704,5.0
527607,2550,5.0
527607,2467,5.0
527607,431,5.0
527607,2773,5.0
527607,2429,5.0
527607,769,5.0
527607,526,5.0
527607,412,5.0
527607,2558,5.0
527607,3183,5.0
527607,884,5.0
527607,3036,5.0
527607,1597,5.0
527607,2173,5.0
527607,2520,5.0
527607,255,5.0
527607,2999,5.0
527607,463,5.0
527607,531,5.0
527607,875,5.0
527607,337,5.0
527607,3287,5.0
527607,3102,5.0
527607,1492,5.0
527607,3217,5.0
527607,1101,5.0
527607,2423,5.0
527607,1877,5.0
527607,1326,5.0
527607,2436,5.0
428885,1312,5.0
428885,612,5.0
428885,2485,5.0
428885,1894,5.0
428885,2275,5.0
428885,2273,5.0
428885,2926,5.0
428885,2691,5.0
428885,2416,5.0
428885,353,5.0
428885,2262,5.0
428885,59,4.0
428885,2645,5.0
428885,26,5.0
428885,2829,5.0
428885,3003,5.0
428885,2197,5.0
428885,2072,5.0
428885,2363,5.0
428885,94,5.0
428885,152,5.0
428885,3068,5.0
428885,1159,5.0
428885,1469,5.0
428885,183,5.0
428885,279,5.0
428885,276,5.0
428885,1317,5.0
428885,2737,5.0
428885,1282,5.0
428885,528,5.0
428885,1369,5.0
428885,568,5.0
428885,38,5.0
428885,2616,5.0
428885,248,5.0
428885,1017,5.0
428885,2746,5.0
428885,1512,5.0
428885,86,5.0
428885,1236,5.0
428885,2491,5.0
428885,1032,5.0
428885,2323,5.0
428885,2251,5.0
428885,2590,5.0
428885,1576,5.0
428885,18,4.0
428885,1922,5.0
428885,909,5.0
428885,39,5.0
428885,1329,5.0
428885,2966,5.0
428885,857,5.0
428885,2593,5.0
428885,2509,5.0
428885,1049,5.0
428885,1267,5.0
428885,1367,5.0
428885,2862,5.0
428885,1383,5.0
428885,1359,5.0
428885,1683,5.0
428885,104,5.0
428885,1945,5.0
428885,2231,5.0
428885,936,5.0
428885,1341,5.0
428885,23,5.0
428885,973,5.0
428885,1348,5.0
428885,3329,5.0
428885,971,5.0
169430,1312,5.0
169430,2701,5.0
169430,288,5.0
169430,2485,5.0
169430,3125,5.0
169430,1648,5.0
169430,2219,5.0
169430,2916,5.0
169430,772,4.0
169430,352,5.0
169430,271,5.0
169430,3013,5.0
169430,1408,5.0
169430,1710,5.0
169430,3349,5.0
169430,2804,5.0
169430,2246,5.0
169430,2983,5.0
169430,454,5.0
169430,1672,5.0
169430,1715,5.0
169430,1146,5.0
169430,1363,5.0
169430,569,5.0
169430,580,5.0
169430,3023,5.0
169430,3055,5.0
169430,1657,5.0
169430,3108,5.0
169430,1432,5.0
169430,2244,5.0
169430,1050,5.0
169430,1096,5.0
169430,2834,5.0
169430,350,5.0
169430,2850,5.0
169430,608,5.0
169430,2963,5.0
169430,1285,5.0
169430,2941,5.0
169430,276,5.0
169430,296,5.0
169430,2988,5.0
169430,2920,5.0
169430,116,5.0
169430,437,5.0
169430,1307,5.0
169430,1778,5.0
169430,2985,5.0
169430,3021,5.0
169430,1142,5.0
169430,3129,5.0
169430,3145,5.0
169430,248,5.0
169430,1704,4.0
169430,383,4.0
169430,2908,5.0
169430,2139,5.0
169430,234,5.0
169430,3028,5.0
169430,2967,5.0
169430,1540,5.0
169430,3336,5.0
169430,1340,5.0
169430,602,5.0
169430,1999,5.0
169430,1139,5.0
169430,2720,5.0
169430,1597,5.0
169430,861,5.0
169430,472,4.0
169430,169,5.0
169430,1670,5.0
169430,2444,4.0
169430,2283,5.0
169430,585,5.0
169430,579,5.0
169430,1462,5.0
169430,2762,5.0
169430,1083,5.0
169430,2036,5.0
169430,1019,5.0
424680,1312,5.0
424680,612,5.0
424680,1355,5.0
424680,711,5.0
424680,262,5.0
424680,2652,5.0
424680,2103,5.0
424680,721,5.0
424680,3110,5.0
424680,632,5.0
424680,552,5.0
424680,417,5.0
424680,2936,5.0
424680,2615,5.0
424680,366,5.0
424680,3033,5.0
424680,1334,5.0
424680,1497,5.0
424680,1631,5.0
424680,2506,5.0
424680,2338,5.0
424680,1314,5.0
424680,816,5.0
424680,1375,4.0
424680,359,5.0
424680,3333,5.0
424680,1112,5.0
424680,2374,5.0
424680,2545,5.0
424680,575,5.0
424680,2643,5.0
424680,2739,5.0
424680,762,5.0
424680,975,5.0
424680,825,5.0
424680,1046,5.0
424680,3091,5.0
424680,1096,5.0
424680,270,5.0
424680,2800,5.0
424680,3093,5.0
424680,183,5.0
424680,3126,5.0
424680,3058,5.0
424680,3134,5.0
424680,2937,5.0
424680,1280,5.0
424680,2561,5.0
424680,1325,5.0
424680,2176,5.0
424680,2228,5.0
424680,1885,5.0
424680,771,5.0
424680,3119,5.0
424680,3353,5.0
424680,2702,5.0
424680,1473,5.0
424680,2193,5.0
424680,948,5.0
424680,3099,5.0
424680,1268,5.0
424680,1922,5.0
424680,2243,5.0
424680,667,5.0
424680,1684,5.0
424680,753,5.0
424680,2451,5.0
424680,2287,5.0
424680,1267,5.0
424680,2664,5.0
424680,169,5.0
424680,2862,5.0
424680,30,5.0
424680,2719,5.0
424680,606,5.0
424680,1153,5.0
424680,2762,5.0
424680,827,5.0
424680,1661,5.0
18660,82,5.0
18660,1886,5.0
18660,31,5.0
18660,405,5.0
18660,1527,5.0
18660,1025,0.0
18660,2288,5.0
18660,784,5.0
18660,1276,5.0
18660,527,5.0
18660,173,4.0
18660,109,5.0
30298,82,4.0
30298,9,4.0
30298,17,5.0
30298,315,5.0
30298,1550,5.0
30298,65,5.0
58407,82,4.0
58407,2285,4.0
58407,1158,5.0
58407,2434,4.0
58407,527,5.0
58407,1160,5.0
86627,82,5.0
86627,1257,5.0
86627,213,5.0
86627,1957,4.0
86627,35,5.0
86627,1887,5.0
86627,173,5.0
56181,82,5.0
56181,155,5.0
56181,2285,5.0
56181,395,4.0
56181,18,5.0
27744,82,5.0
27744,671,5.0
27744,3167,4.0
27744,2125,4.0
27744,1836,5.0
27744,2429,4.0
27744,18,4.0
27744,1887,4.0
27744,2390,5.0
60992,82,5.0
60992,2199,5.0
60992,304,5.0
60992,142,5.0
60992,2466,4.0
60992,221,3.0
60992,965,5.0
60992,2452,5.0
60992,77,4.0
60992,36,4.0
60992,3344,5.0
60992,956,5.0
60992,1812,5.0
60992,50,5.0
60992,2285,5.0
60992,1973,5.0
60992,2438,5.0
60992,315,5.0
60992,1852,5.0
60992,2572,5.0
60992,3342,5.0
60992,2847,5.0
60992,664,5.0
60992,1590,5.0
60992,658,5.0
60992,1835,4.0
60992,116,5.0
60992,3049,5.0
60992,1188,5.0
60992,1847,5.0
60992,1415,5.0
60992,1909,5.0
60992,727,5.0
60992,309,5.0
60992,351,5.0
60992,184,5.0
60992,1,5.0
60992,968,5.0
60992,105,5.0
60992,3,5.0
60992,1229,4.0
60992,2813,5.0
60992,2559,5.0
60992,1160,5.0
60992,1260,5.0
60992,1896,5.0
60992,1043,5.0
60992,2053,5.0
60992,945,5.0
60992,232,4.0
60992,1169,5.0
60992,173,5.0
60992,522,5.0
250238,82,4.0
250238,1257,4.0
250238,1886,5.0
250238,2114,5.0
250238,2286,5.0
250238,659,5.0
250238,2179,0.0
250238,805,5.0
250238,2293,5.0
250238,1889,5.0
250238,2841,0.0
250238,656,5.0
250238,23,4.0
250238,1887,5.0
250238,1900,5.0
55729,82,5.0
55729,2309,4.0
55729,2203,4.0
55729,17,4.0
55729,71,2.0
55729,221,3.0
55729,251,3.0
55729,2452,0.0
55729,2497,0.0
55729,1938,4.0
55729,2416,3.0
55729,339,3.0
55729,3321,0.0
55729,1812,5.0
55729,405,4.0
55729,512,3.0
55729,699,5.0
55729,3351,5.0
55729,2285,5.0
55729,67,4.0
55729,2286,5.0
55729,1901,3.0
55729,2822,2.0
55729,3061,3.0
55729,2535,4.0
55729,2503,4.0
55729,40,4.0
55729,1298,3.0
55729,68,0.0
55729,1285,3.0
55729,2367,4.0
55729,257,2.0
55729,658,4.0
55729,21,5.0
55729,1835,4.0
55729,1952,0.0
55729,2145,3.0
55729,2049,5.0
55729,508,3.0
55729,823,5.0
55729,1902,3.0
55729,686,4.0
55729,19,4.0
55729,1909,5.0
55729,2366,4.0
55729,1,4.0
55729,1276,5.0
55729,1915,5.0
55729,2382,3.0
55729,642,4.0
55729,1844,3.0
55729,2593,3.0
55729,656,0.0
55729,1480,5.0
55729,2417,0.0
55729,740,5.0
55729,1983,4.0
55729,104,4.0
55729,945,5.0
55729,2146,0.0
55729,1900,4.0
55729,2242,3.0
98165,82,5.0
98165,1984,5.0
98165,80,5.0
98165,21,5.0
98165,2552,5.0
98165,1903,5.0
98165,1887,5.0
104472,82,5.0
104472,64,5.0
104472,2416,5.0
104472,2285,5.0
104472,695,5.0
104472,580,5.0
104472,961,5.0
104472,1957,5.0
104472,137,5.0
104472,2501,5.0
104472,1909,5.0
104472,11,5.0
104472,124,5.0
104472,141,5.0
104472,1942,5.0
104472,530,5.0
104472,2468,5.0
104472,22,5.0
104472,78,5.0
104472,1951,0.0
104472,1900,4.0
37449,82,5.0
37449,553,5.0
37449,220,5.0
37449,893,5.0
37449,1840,5.0
37449,2291,5.0
37449,1924,5.0
37449,965,5.0
37449,1753,4.0
37449,1886,5.0
37449,1334,5.0
37449,810,5.0
37449,2546,5.0
37449,3006,5.0
37449,1001,5.0
37449,509,5.0
37449,31,5.0
37449,355,4.0
37449,405,5.0
37449,2818,5.0
37449,689,5.0
37449,2507,5.0
37449,1652,4.0
37449,1504,5.0
37449,745,5.0
37449,395,5.0
37449,2824,5.0
37449,756,5.0
37449,851,5.0
37449,2,5.0
37449,975,5.0
37449,3061,5.0
37449,2142,5.0
37449,372,5.0
37449,193,5.0
37449,703,5.0
37449,2073,5.0
37449,892,5.0
37449,13,5.0
37449,2949,5.0
37449,819,5.0
37449,2064,5.0
37449,116,5.0
37449,1360,5.0
37449,823,5.0
37449,1764,5.0
37449,2900,5.0
37449,978,5.0
37449,2666,5.0
37449,2721,5.0
37449,2872,5.0
37449,1428,5.0
37449,814,5.0
37449,416,5.0
37449,2590,5.0
37449,2530,5.0
37449,47,4.0
37449,2082,5.0
37449,1675,5.0
37449,2646,5.0
37449,3036,5.0
37449,811,5.0
37449,2509,5.0
37449,2769,5.0
37449,554,5.0
37449,2533,5.0
37449,541,5.0
37449,545,5.0
37449,104,5.0
37449,2741,5.0
37449,2815,5.0
37449,2482,5.0
37449,1950,5.0
37449,2066,5.0
37449,1348,5.0
37449,2423,5.0
37449,2390,5.0
37449,2676,5.0
68884,82,5.0
68884,222,5.0
68884,2014,4.0
68884,2729,3.0
68884,2458,3.0
68884,64,5.0
68884,36,5.0
68884,369,5.0
68884,2486,5.0
68884,181,5.0
68884,1911,5.0
68884,299,4.0
68884,2627,5.0
68884,2713,5.0
68884,1970,5.0
68884,2527,5.0
68884,2422,4.0
68884,87,5.0
68884,2415,4.0
68884,1888,4.0
68884,2424,4.0
68884,19,5.0
68884,2152,3.0
68884,1,5.0
68884,2282,4.0
68884,2618,5.0
68884,338,5.0
68884,300,5.0
68884,69,4.0
68884,294,5.0
68884,321,5.0
68884,10,4.0
68884,153,5.0
68884,78,5.0
68884,2428,5.0
68884,2722,4.0
68884,2496,5.0
68884,1900,5.0
68884,2436,4.0
31499,82,5.0
31499,3343,5.0
31499,2523,5.0
31499,2497,5.0
31499,179,5.0
31499,140,5.0
31499,690,5.0
31499,2437,5.0
31499,1906,5.0
31499,2453,5.0
31499,395,5.0
31499,659,5.0
31499,282,5.0
31499,1973,5.0
31499,52,5.0
31499,663,5.0
31499,13,5.0
31499,2941,5.0
31499,2471,5.0
31499,1041,5.0
31499,2442,5.0
31499,380,5.0
31499,2470,5.0
31499,61,5.0
31499,3,5.0
31499,1278,5.0
31499,212,5.0
31499,1175,5.0
31499,2450,5.0
31499,2428,5.0
31499,662,5.0
31499,109,5.0
120843,82,5.0
120843,2822,5.0
120843,2422,5.0
120843,21,5.0
120843,1293,5.0
51011,82,5.0
51011,1894,5.0
51011,213,5.0
51011,17,4.0
51011,343,5.0
51011,1886,5.0
51011,2579,5.0
51011,369,5.0
51011,2303,5.0
51011,80,4.0
51011,2005,5.0
51011,136,5.0
51011,2453,5.0
51011,3061,5.0
51011,231,4.0
51011,2039,5.0
51011,2483,5.0
51011,87,5.0
51011,528,4.0
51011,658,2.0
51011,1888,5.0
51011,324,5.0
51011,1890,5.0
51011,126,5.0
51011,61,4.0
51011,2317,5.0
51011,245,5.0
51011,2463,5.0
51011,1933,5.0
51011,1989,5.0
51011,3088,4.0
51011,178,5.0
51011,1079,5.0
51011,78,5.0
51011,2428,5.0
51011,1892,5.0
51011,2496,3.0
51011,2436,4.0
103876,82,5.0
103876,2427,5.0
103876,142,5.0
103876,1924,5.0
103876,2419,5.0
103876,511,5.0
103876,2457,5.0
103876,122,5.0
103876,1812,5.0
103876,1985,5.0
103876,2285,5.0
103876,1963,5.0
103876,20,5.0
103876,125,5.0
103876,2547,5.0
103876,1939,5.0
103876,3061,5.0
103876,2434,5.0
103876,2455,5.0
103876,663,5.0
103876,1256,5.0
103876,226,5.0
103876,70,5.0
103876,658,5.0
103876,2011,5.0
103876,1893,5.0
103876,249,5.0
103876,1947,5.0
103876,2424,4.0
103876,2449,5.0
103876,1903,5.0
103876,11,5.0
103876,86,5.0
103876,2717,5.0
103876,338,5.0
103876,61,5.0
103876,3,5.0
103876,1976,4.0
103876,1999,5.0
103876,192,5.0
103876,668,5.0
103876,673,5.0
103876,2484,5.0
103876,42,5.0
103876,2815,5.0
103876,23,5.0
103876,2428,4.0
103876,4,5.0
103876,1191,5.0
103876,1887,5.0
103876,14,5.0
64583,82,4.0
64583,1921,5.0
64583,36,5.0
64583,1420,5.0
64583,2447,5.0
64583,6,5.0
64583,1911,4.0
64583,236,5.0
64583,33,5.0
64583,13,5.0
64583,2726,5.0
64583,75,5.0
64583,233,5.0
64583,1888,5.0
64583,1885,5.0
64583,54,5.0
64583,2449,5.0
64583,11,5.0
64583,2570,5.0
64583,2167,5.0
64583,156,5.0
64583,210,5.0
64583,2816,5.0
64583,2815,5.0
64583,1982,5.0
177933,82,5.0
177933,25,5.0
177933,2427,5.0
177933,671,5.0
177933,1886,5.0
177933,2456,5.0
177933,161,4.0
177933,3321,5.0
177933,58,5.0
177933,1272,5.0
177933,2,5.0
177933,703,5.0
177933,663,5.0
177933,12,5.0
177933,33,5.0
177933,3162,5.0
177933,87,5.0
177933,83,5.0
177933,2290,5.0
177933,508,5.0
177933,2489,5.0
177933,318,5.0
177933,3146,5.0
177933,2467,5.0
177933,1493,5.0
177933,61,5.0
177933,2063,3.0
177933,143,5.0
177933,2560,5.0
177933,657,5.0
177933,185,5.0
177933,22,5.0
177933,198,5.0
177933,881,5.0
177933,1313,5.0
39301,82,5.0
39301,1895,5.0
39301,251,4.0
39301,36,5.0
39301,7,5.0
39301,3214,3.0
39301,2285,5.0
39301,16,5.0
39301,776,5.0
39301,2434,3.0
39301,1122,5.0
39301,226,4.0
39301,2422,5.0
39301,2288,5.0
39301,1536,5.0
39301,3175,5.0
39301,602,5.0
39301,1925,5.0
39301,657,5.0
39301,1913,4.0
39301,662,5.0
425105,82,5.0
425105,275,3.0
425105,2120,5.0
425105,375,4.0
425105,2834,3.0
425105,1266,3.0
425105,1538,5.0
425105,1993,4.0
425105,42,4.0
425105,2444,4.0
111291,82,5.0
111291,2008,5.0
111291,174,5.0
111291,2,4.0
111291,2476,5.0
111291,2056,5.0
111291,1888,5.0
111291,11,5.0
111291,2474,5.0
111291,656,5.0
111291,2417,5.0
111291,23,5.0
111291,113,5.0
357723,82,5.0
357723,25,4.0
357723,1886,5.0
357723,64,5.0
357723,961,5.0
357723,2750,5.0
357723,1888,5.0
357723,1,4.0
357723,656,5.0
357723,85,5.0
357723,22,5.0
357723,2584,5.0
173314,82,5.0
173314,2523,5.0
173314,2554,4.0
173314,2420,5.0
173314,2437,5.0
173314,32,5.0
173314,1974,5.0
173314,659,5.0
173314,2426,5.0
173314,12,5.0
173314,1932,5.0
173314,2490,5.0
173314,21,5.0
173314,233,5.0
173314,508,5.0
173314,1184,5.0
173314,2007,5.0
173314,2647,5.0
173314,11,5.0
173314,1,5.0
173314,2777,2.0
173314,3,5.0
173314,1976,5.0
173314,2211,5.0
173314,656,5.0
173314,10,5.0
173314,2440,5.0
173314,42,5.0
173314,1839,5.0
173314,2428,4.0
173314,4,5.0
173314,2423,5.0
173314,1887,5.0
173314,1900,5.0
315055,82,4.0
315055,25,3.0
315055,224,5.0
315055,2641,3.0
315055,1545,4.0
315055,1929,5.0
315055,1888,4.0
315055,2513,5.0
315055,192,5.0
315055,42,5.0
315055,408,4.0
315055,2430,4.0
315055,4,5.0
315055,203,5.0
315055,2001,5.0
166294,82,5.0
166294,37,5.0
166294,1960,5.0
166294,2531,4.0
166294,21,5.0
166294,1888,5.0
166294,54,0.0
166294,194,5.0
166294,1,2.0
166294,2172,5.0
166294,2606,0.0
166294,118,4.0
166294,1946,4.0
166294,357,5.0
166294,85,5.0
407007,82,5.0
407007,2427,5.0
407007,2458,5.0
407007,1886,5.0
407007,1960,5.0
407007,122,5.0
407007,982,5.0
407007,512,5.0
407007,2420,5.0
407007,91,5.0
407007,2418,5.0
407007,2438,5.0
407007,1263,5.0
407007,13,5.0
407007,2198,5.0
407007,2758,5.0
407007,320,5.0
407007,1920,4.0
407007,2530,5.0
407007,192,5.0
407007,2463,5.0
407007,2451,4.0
407007,10,5.0
407007,989,5.0
407007,1892,5.0
407007,510,5.0
363962,82,5.0
363962,2427,5.0
363962,125,5.0
363962,2478,5.0
363962,2424,5.0
363962,1919,4.0
363962,45,5.0
375111,82,5.0
375111,1833,5.0
375111,2755,5.0
375111,6,5.0
375111,2002,5.0
375111,27,5.0
375111,281,5.0
375111,2428,5.0
375111,1887,5.0
672478,82,5.0
672478,1894,5.0
672478,1895,5.0
672478,103,4.0
837995,82,5.0
837995,307,5.0
837995,2103,5.0
837995,159,5.0
837995,92,5.0
837995,116,5.0
837995,367,5.0
837995,39,5.0
622972,82,4.0
622972,2494,5.0
622972,87,5.0
622972,18,5.0
622972,101,4.0
622972,656,5.0
622972,22,5.0
622972,1887,3.0
874900,82,4.0
874900,2945,5.0
874900,71,5.0
874900,42,5.0
517533,82,5.0
517533,1708,5.0
517533,1256,5.0
517533,192,5.0
517533,401,4.0
517533,49,0.0
517533,2417,5.0
876090,82,5.0
876090,399,0.0
876090,981,5.0
876090,5,5.0
876090,79,5.0
876090,4,5.0
714171,82,5.0
714171,1924,5.0
714171,8,5.0
714171,1545,5.0
714171,1937,5.0
714171,1256,5.0
714171,2948,5.0
714171,1584,5.0
355637,82,4.0
355637,25,4.0
355637,17,4.0
355637,2454,3.0
355637,410,4.0
355637,268,3.0
355637,71,4.0
355637,1155,5.0
355637,170,2.0
355637,161,3.0
355637,509,4.0
355637,2416,3.0
355637,140,3.0
355637,2003,4.0
355637,50,5.0
355637,2285,4.0
355637,80,5.0
355637,6,4.0
355637,16,5.0
355637,1906,4.0
355637,2507,3.0
355637,167,1.0
355637,32,5.0
355637,99,4.0
355637,2753,4.0
355637,1911,4.0
355637,3061,5.0
355637,961,3.0
355637,193,3.0
355637,52,2.0
355637,132,4.0
355637,211,4.0
355637,12,4.0
355637,2096,4.0
355637,1970,3.0
355637,2490,4.0
355637,2422,4.0
355637,658,3.0
355637,83,4.0
355637,970,5.0
355637,1959,4.0
355637,686,5.0
355637,2569,4.0
355637,186,4.0
355637,11,4.0
355637,2708,2.0
355637,53,5.0
355637,661,3.0
355637,18,5.0
355637,101,5.0
355637,69,3.0
355637,668,5.0
355637,1151,4.0
355637,85,4.0
355637,150,5.0
355637,100,5.0
355637,23,4.0
355637,1923,4.0
355637,2423,4.0
355637,14,4.0
235355,82,4.0
235355,262,5.0
235355,671,4.0
235355,3246,4.0
235355,58,3.0
235355,57,5.0
235355,513,5.0
235355,663,5.0
235355,523,3.0
235355,2367,5.0
235355,658,4.0
235355,83,5.0
235355,1890,5.0
235355,11,5.0
235355,2468,5.0
235355,2417,5.0
717914,82,4.0
717914,1894,5.0
717914,2426,5.0
717914,656,4.0
1028382,82,5.0
1028382,359,5.0
1028382,684,5.0
1028382,156,5.0
1028382,4,4.0
283390,1825,5.0
283390,1548,5.0
283390,1259,5.0
283390,8,4.0
283390,1624,5.0
283390,50,5.0
283390,2420,5.0
283390,3164,5.0
283390,2068,4.0
283390,2517,5.0
283390,3118,5.0
283390,1711,5.0
283390,2304,5.0
283390,2868,5.0
283390,934,3.0
283390,38,5.0
283390,1262,4.0
283390,2552,4.0
283390,51,5.0
283390,1728,5.0
283390,1706,5.0
283390,1626,5.0
283390,1552,5.0
283390,837,4.0
283390,992,5.0
283390,1575,5.0
283390,2667,5.0
283390,2940,5.0
283390,2819,5.0
283390,544,5.0
283390,1537,5.0
60716,1825,5.0
60716,523,0.0
60716,1068,5.0
60716,834,5.0
60716,2061,5.0
60716,1171,5.0
196067,1825,5.0
196067,135,5.0
196067,3146,5.0
196067,2564,5.0
52282,2607,5.0
52282,1005,5.0
52282,1261,5.0
52282,799,5.0
52282,984,4.0
52282,2595,5.0
52282,3239,5.0
52282,744,5.0
52282,2420,5.0
52282,1849,5.0
52282,196,4.0
52282,754,5.0
52282,1598,5.0
52282,3067,5.0
52282,1156,5.0
52282,805,5.0
52282,1275,5.0
52282,905,5.0
52282,1686,5.0
52282,1264,5.0
52282,658,5.0
52282,1104,5.0
52282,1656,5.0
52282,1949,5.0
52282,503,5.0
52282,309,5.0
52282,1829,5.0
52282,3322,4.0
52282,3353,5.0
52282,1745,5.0
52282,1077,5.0
52282,2207,4.0
52282,29,4.0
52282,3288,5.0
52282,1268,4.0
52282,3198,5.0
52282,753,3.0
52282,3040,4.0
52282,2407,5.0
52282,832,4.0
52282,808,5.0
52282,265,4.0
52282,2399,5.0
101823,2607,4.0
101823,25,4.0
101823,2427,4.0
101823,17,4.0
101823,222,5.0
101823,221,5.0
101823,2419,5.0
101823,2497,5.0
101823,369,5.0
101823,2447,4.0
101823,147,4.0
101823,405,4.0
101823,2486,5.0
101823,699,5.0
101823,136,5.0
101823,207,3.0
101823,2636,4.0
101823,1918,5.0
101823,3061,5.0
101823,1973,5.0
101823,2535,5.0
101823,768,5.0
101823,2438,4.0
101823,2060,5.0
101823,1932,5.0
101823,1022,5.0
101823,687,5.0
101823,2462,2.0
101823,2521,5.0
101823,2422,5.0
101823,2644,4.0
101823,492,5.0
101823,2368,5.0
101823,19,5.0
101823,346,4.0
101823,351,5.0
101823,184,5.0
101823,397,5.0
101823,2787,5.0
101823,667,5.0
101823,2661,4.0
101823,69,4.0
101823,1989,4.0
101823,3088,5.0
101823,74,5.0
101823,1620,5.0
101823,1931,5.0
101823,212,5.0
101823,2204,5.0
101823,2074,5.0
101823,153,4.0
101823,100,5.0
101823,117,4.0
101823,78,5.0
101823,2428,5.0
101823,2423,5.0
101823,1887,5.0
101823,2496,5.0
101823,2280,5.0
729254,2607,5.0
729254,2431,5.0
729254,2432,5.0
729254,54,3.0
729254,1890,5.0
729254,2550,5.0
729254,2002,5.0
729254,1999,4.0
729254,35,3.0
729254,1887,5.0
729254,1326,4.0
485109,2607,5.0
485109,36,4.0
485109,455,5.0
485109,1967,5.0
485109,3080,5.0
485109,226,5.0
485109,2012,4.0
485109,21,4.0
485109,1429,5.0
485109,1306,5.0
485109,1428,5.0
485109,1533,5.0
485109,1367,5.0
485109,674,5.0
485109,1492,5.0
485109,2496,5.0
485109,1658,5.0
115758,2701,5.0
115758,2314,5.0
115758,692,5.0
115758,239,5.0
115758,3324,4.0
115758,2798,5.0
115758,3226,5.0
115758,2821,5.0
115758,1898,5.0
115758,2285,5.0
115758,2954,5.0
115758,3063,5.0
115758,903,5.0
115758,1183,5.0
115758,3200,5.0
115758,2134,5.0
115758,1955,5.0
115758,3207,4.0
115758,41,5.0
115758,1583,5.0
115758,2566,5.0
115758,1632,5.0
115758,2684,5.0
115758,11,5.0
115758,2702,5.0
115758,1811,5.0
115758,1540,5.0
115758,2948,5.0
115758,3090,5.0
115758,1889,5.0
115758,2299,5.0
115758,667,5.0
115758,2130,5.0
115758,10,4.0
115758,2940,5.0
115758,1641,5.0
115758,1950,5.0
115758,2249,4.0
115758,425,5.0
115758,662,5.0
461834,2701,5.0
461834,2485,5.0
461834,1324,5.0
461834,2103,5.0
461834,1357,5.0
461834,979,5.0
461834,298,5.0
461834,764,5.0
461834,1343,5.0
461834,355,5.0
461834,2391,5.0
461834,3321,5.0
461834,2829,5.0
461834,1314,5.0
461834,405,5.0
461834,2026,5.0
461834,2303,5.0
461834,2120,5.0
461834,2285,5.0
461834,359,5.0
461834,547,5.0
461834,1088,5.0
461834,2218,5.0
461834,3054,5.0
461834,3091,5.0
461834,375,5.0
461834,1274,5.0
461834,1070,5.0
461834,276,5.0
461834,75,5.0
461834,1835,5.0
461834,1307,5.0
461834,1464,5.0
461834,3075,5.0
461834,2215,5.0
461834,477,5.0
461834,752,5.0
461834,1187,5.0
461834,2035,5.0
461834,1040,5.0
461834,1861,5.0
461834,1999,5.0
461834,1268,5.0
461834,1165,5.0
461834,2243,4.0
461834,963,5.0
461834,39,0.0
461834,1329,5.0
461834,3036,4.0
461834,158,5.0
461834,1962,5.0
461834,3096,5.0
461834,2025,5.0
461834,531,5.0
461834,1267,5.0
461834,815,5.0
461834,2186,5.0
461834,1389,5.0
461834,3014,5.0
461834,457,5.0
461834,3078,5.0
461834,1951,5.0
461834,2712,5.0
374520,2701,4.0
374520,2314,5.0
374520,55,5.0
374520,2435,5.0
374520,2455,5.0
374520,2969,3.0
374520,1402,5.0
374520,3159,5.0
374520,208,4.0
374520,450,5.0
374520,412,5.0
374520,408,5.0
374520,1341,5.0
374520,23,5.0
145352,2701,4.0
145352,1257,5.0
145352,1894,4.0
145352,336,5.0
145352,2427,4.0
145352,2588,5.0
145352,1324,5.0
145352,2103,5.0
145352,3157,5.0
145352,965,5.0
145352,1886,5.0
145352,2388,5.0
145352,511,5.0
145352,154,5.0
145352,739,5.0
145352,681,5.0
145352,170,5.0
145352,2189,5.0
145352,2899,5.0
145352,2447,4.0
145352,2416,5.0
145352,92,4.0
145352,355,5.0
145352,3321,5.0
145352,2026,5.0
145352,2994,5.0
145352,2050,5.0
145352,2433,5.0
145352,520,5.0
145352,2420,4.0
145352,91,4.0
145352,2437,5.0
145352,2954,5.0
145352,2792,4.0
145352,207,5.0
145352,1901,5.0
145352,2739,5.0
145352,3163,5.0
145352,2529,5.0
145352,20,5.0
145352,2245,5.0
145352,2435,4.0
145352,1352,5.0
145352,2389,4.0
145352,2478,5.0
145352,2381,5.0
145352,2237,5.0
145352,3174,5.0
145352,969,5.0
145352,70,5.0
145352,3206,4.0
145352,2662,5.0
145352,2367,5.0
145352,2580,5.0
145352,2937,5.0
145352,658,5.0
145352,233,4.0
145352,611,5.0
145352,19,4.0
145352,1372,4.0
145352,1909,5.0
145352,2366,5.0
145352,2449,5.0
145352,259,5.0
145352,349,5.0
145352,124,5.0
145352,3160,5.0
145352,3254,5.0
145352,542,5.0
145352,86,5.0
145352,1956,5.0
145352,1385,5.0
145352,731,4.0
145352,755,4.0
145352,2443,5.0
145352,2441,5.0
145352,2243,5.0
145352,1171,5.0
145352,45,5.0
145352,2017,4.0
145352,74,5.0
145352,1267,5.0
145352,1151,5.0
145352,2421,5.0
145352,10,5.0
145352,237,4.0
145352,104,4.0
145352,1175,5.0
145352,2816,5.0
145352,1896,5.0
145352,2430,5.0
145352,1926,5.0
145352,2269,5.0
145352,1301,4.0
145352,971,5.0
145352,3156,4.0
131126,2701,5.0
131126,1523,5.0
131126,288,5.0
131126,17,5.0
131126,821,4.0
131126,999,5.0
131126,2263,5.0
131126,746,5.0
131126,1988,5.0
131126,2723,5.0
131126,305,5.0
131126,1261,5.0
131126,2439,5.0
131126,982,5.0
131126,633,4.0
131126,1212,5.0
131126,1120,5.0
131126,873,5.0
131126,2140,5.0
131126,1733,5.0
131126,2507,5.0
131126,28,4.0
131126,2876,5.0
131126,299,5.0
131126,1156,5.0
131126,525,5.0
131126,314,5.0
131126,3224,5.0
131126,797,4.0
131126,2160,4.0
131126,3034,4.0
131126,803,5.0
131126,528,5.0
131126,1280,5.0
131126,273,5.0
131126,21,5.0
131126,2500,5.0
131126,41,5.0
131126,1835,5.0
131126,1221,4.0
131126,374,5.0
131126,2951,5.0
131126,727,5.0
131126,631,4.0
131126,309,5.0
131126,3273,5.0
131126,1,5.0
131126,1512,5.0
131126,921,5.0
131126,1536,5.0
131126,988,5.0
131126,773,0.0
131126,891,4.0
131126,27,5.0
131126,922,5.0
131126,1459,5.0
131126,1491,5.0
131126,2075,5.0
131126,3189,5.0
131126,1962,5.0
131126,3287,4.0
131126,321,5.0
131126,2939,5.0
131126,2231,5.0
131126,2460,5.0
131126,3325,4.0
131126,1558,5.0
131126,1006,5.0
131126,1592,5.0
131126,1048,5.0
131126,2428,5.0
131126,827,5.0
131126,1926,5.0
131126,510,4.0
131126,549,5.0
131126,2436,5.0
88099,2701,4.0
88099,1258,5.0
88099,2494,4.0
88099,976,5.0
88099,833,5.0
88099,1058,5.0
88099,1927,5.0
88099,410,5.0
88099,205,5.0
88099,222,4.0
88099,64,4.0
88099,1936,5.0
88099,179,5.0
88099,2779,5.0
88099,737,5.0
88099,260,5.0
88099,2391,5.0
88099,3321,4.0
88099,2197,5.0
88099,2285,5.0
88099,359,5.0
88099,2437,4.0
88099,16,5.0
88099,2507,5.0
88099,1186,5.0
88099,57,5.0
88099,5,4.0
88099,429,4.0
88099,3203,5.0
88099,2267,3.0
88099,2101,4.0
88099,2340,5.0
88099,33,5.0
88099,2598,5.0
88099,2254,5.0
88099,761,4.0
88099,2500,5.0
88099,1968,5.0
88099,116,4.0
88099,1949,4.0
88099,503,4.0
88099,1379,5.0
88099,771,5.0
88099,2513,4.0
88099,704,4.0
88099,1995,5.0
88099,2773,3.0
88099,86,4.0
88099,2251,5.0
88099,715,5.0
88099,2298,5.0
88099,47,3.0
88099,1459,4.0
88099,401,4.0
88099,667,5.0
88099,1897,5.0
88099,2585,5.0
88099,45,4.0
88099,2509,5.0
88099,2769,4.0
88099,2658,5.0
88099,337,5.0
88099,815,4.0
88099,30,5.0
88099,2404,5.0
88099,22,5.0
88099,1896,5.0
88099,100,5.0
88099,3218,5.0
88099,112,4.0
88099,549,5.0
88099,1521,4.0
780172,2701,4.0
780172,833,5.0
780172,1056,5.0
780172,37,4.0
780172,982,5.0
780172,1387,5.0
780172,548,5.0
780172,3060,5.0
780172,2142,5.0
780172,2381,5.0
780172,1618,5.0
780172,12,5.0
780172,137,5.0
780172,2988,5.0
780172,149,4.0
780172,2979,4.0
780172,2773,4.0
780172,2837,4.0
780172,1512,5.0
780172,1371,5.0
780172,1268,5.0
780172,169,4.0
780172,1383,4.0
780172,1348,5.0
488441,2701,5.0
488441,1924,5.0
488441,298,5.0
488441,5,5.0
488441,2662,5.0
488441,2288,5.0
488441,1068,5.0
488441,3,5.0
488441,2657,5.0
488441,22,5.0
488441,1907,5.0
488441,308,5.0
242766,2701,5.0
242766,2485,5.0
242766,976,5.0
242766,2103,5.0
242766,1924,5.0
242766,1181,5.0
242766,2148,5.0
242766,122,5.0
242766,1261,5.0
242766,2229,5.0
242766,732,5.0
242766,2531,5.0
242766,2718,5.0
242766,1356,5.0
242766,2980,5.0
242766,2140,5.0
242766,1806,5.0
242766,2453,5.0
242766,1158,5.0
242766,485,5.0
242766,52,5.0
242766,2478,5.0
242766,2267,5.0
242766,2662,5.0
242766,3134,5.0
242766,149,5.0
242766,1193,5.0
242766,248,5.0
242766,234,5.0
242766,1340,5.0
242766,3166,5.0
242766,300,5.0
242766,2972,5.0
242766,1922,5.0
242766,672,5.0
242766,2966,5.0
242766,294,5.0
242766,264,5.0
242766,30,5.0
242766,2944,5.0
242766,2719,5.0
242766,2417,5.0
242766,285,5.0
242766,325,5.0
242766,2430,5.0
242766,235,5.0
242766,173,4.0
242766,123,5.0
39835,191,5.0
39835,1257,3.0
39835,702,5.0
39835,1600,5.0
39835,2427,4.0
39835,2273,4.0
39835,410,5.0
39835,886,4.0
39835,2780,4.0
39835,860,4.0
39835,1334,5.0
39835,1938,5.0
39835,509,5.0
39835,3066,4.0
39835,2240,4.0
39835,2595,5.0
39835,3352,5.0
39835,1755,5.0
39835,2437,4.0
39835,1997,5.0
39835,2224,5.0
39835,2255,5.0
39835,2499,5.0
39835,3067,5.0
39835,1797,5.0
39835,3203,5.0
39835,2051,4.0
39835,3225,4.0
39835,3314,5.0
39835,1159,4.0
39835,905,5.0
39835,3296,5.0
39835,1799,5.0
39835,3195,4.0
39835,2304,4.0
39835,3034,5.0
39835,474,5.0
39835,658,4.0
39835,2127,5.0
39835,2415,5.0
39835,2964,4.0
39835,2603,5.0
39835,2432,5.0
39835,2501,5.0
39835,263,5.0
39835,380,5.0
39835,19,4.0
39835,1393,5.0
39835,906,4.0
39835,2022,4.0
39835,1494,5.0
39835,2139,4.0
39835,2570,4.0
39835,723,4.0
39835,2728,4.0
39835,615,4.0
39835,2679,5.0
39835,988,5.0
39835,1695,5.0
39835,1954,5.0
39835,715,4.0
39835,18,5.0
39835,414,5.0
39835,597,5.0
39835,586,5.0
39835,127,5.0
39835,3043,4.0
39835,909,4.0
39835,2661,5.0
39835,628,5.0
39835,2451,5.0
39835,85,5.0
39835,740,5.0
39835,2816,5.0
39835,153,4.0
39835,2482,5.0
39835,1300,5.0
39835,2362,5.0
39835,2423,4.0
39835,2669,4.0
39835,1900,5.0
10033,191,5.0
10033,2199,5.0
10033,1259,5.0
10033,222,5.0
10033,2014,5.0
10033,1265,5.0
10033,1605,5.0
10033,1969,5.0
10033,1544,5.0
10033,2271,5.0
10033,3061,5.0
10033,768,5.0
10033,13,5.0
10033,1264,5.0
10033,1337,5.0
10033,3153,5.0
10033,2527,5.0
10033,2521,5.0
10033,1754,5.0
10033,1948,5.0
10033,2290,5.0
10033,970,5.0
10033,2817,5.0
10033,2253,4.0
10033,1286,5.0
10033,1540,5.0
10033,784,5.0
10033,1034,5.0
10033,1541,5.0
10033,2787,5.0
10033,1533,5.0
10033,310,5.0
10033,74,5.0
10033,35,5.0
10033,297,5.0
10033,117,5.0
10033,3087,5.0
10033,2428,5.0
10033,2192,5.0
10033,1537,5.0
10033,1370,5.0
50151,191,4.0
50151,204,4.0
50151,2439,4.0
50151,2488,5.0
50151,2426,3.0
50151,40,5.0
50151,33,5.0
50151,75,5.0
50151,2424,5.0
50151,380,3.0
50151,19,3.0
50151,2569,5.0
50151,1909,4.0
50151,11,5.0
50151,124,4.0
50151,1925,3.0
50151,514,5.0
50151,2446,5.0
50151,1896,5.0
50151,23,4.0
50151,15,5.0
50151,1892,5.0
72424,191,5.0
72424,222,5.0
72424,73,5.0
72424,1909,5.0
66549,191,5.0
66549,2692,5.0
66549,1316,5.0
66549,344,5.0
66549,7,5.0
66549,1898,5.0
66549,1893,5.0
66549,1262,5.0
66549,153,5.0
37779,191,5.0
37779,2612,5.0
37779,220,5.0
37779,307,4.0
37779,1308,5.0
37779,131,4.0
37779,1259,4.0
37779,1895,5.0
37779,886,5.0
37779,277,0.0
37779,2958,4.0
37779,2058,5.0
37779,77,5.0
37779,36,5.0
37779,509,5.0
37779,2416,5.0
37779,2114,5.0
37779,31,2.0
37779,2163,5.0
37779,50,5.0
37779,2420,5.0
37779,2437,5.0
37779,1943,5.0
37779,151,5.0
37779,99,5.0
37779,139,5.0
37779,2517,5.0
37779,200,5.0
37779,573,5.0
37779,2786,4.0
37779,72,3.0
37779,28,5.0
37779,20,5.0
37779,2435,5.0
37779,1966,4.0
37779,883,5.0
37779,2434,5.0
37779,2418,5.0
37779,231,5.0
37779,2503,5.0
37779,697,5.0
37779,12,5.0
37779,148,5.0
37779,172,5.0
37779,523,5.0
37779,1256,5.0
37779,13,5.0
37779,1932,5.0
37779,1970,5.0
37779,2367,4.0
37779,658,4.0
37779,2020,5.0
37779,2415,5.0
37779,2054,5.0
37779,1893,5.0
37779,1888,5.0
37779,2743,5.0
37779,2293,5.0
37779,2626,5.0
37779,1959,5.0
37779,324,5.0
37779,2366,5.0
37779,332,4.0
37779,1152,5.0
37779,53,5.0
37779,1,5.0
37779,86,5.0
37779,105,5.0
37779,202,5.0
37779,2201,5.0
37779,1915,5.0
37779,3,5.0
37779,798,5.0
37779,18,4.0
37779,2443,5.0
37779,2735,4.0
37779,1897,5.0
37779,2075,5.0
37779,2597,5.0
37779,2661,5.0
37779,2965,5.0
37779,101,5.0
37779,69,4.0
37779,252,5.0
37779,10,5.0
37779,104,5.0
37779,237,5.0
37779,2502,4.0
37779,1288,5.0
37779,120,5.0
37779,1592,5.0
37779,78,5.0
37779,973,5.0
37779,15,4.0
37779,2592,5.0
37779,173,4.0
37779,14,5.0
37779,168,5.0
194777,191,5.0
194777,2079,5.0
194777,671,4.0
194777,18,5.0
650938,191,5.0
650938,1928,5.0
650938,20,5.0
650938,152,4.0
650938,1905,4.0
650938,656,3.0
650938,1914,5.0
650938,2425,4.0
412847,191,5.0
412847,8,5.0
412847,1928,5.0
412847,1543,5.0
412847,29,5.0
412847,180,5.0
412847,285,5.0
115065,191,5.0
115065,275,5.0
115065,9,4.0
115065,8,5.0
115065,759,4.0
115065,1935,5.0
115065,2474,4.0
115065,714,4.0
768828,191,5.0
768828,9,5.0
768828,25,5.0
768828,37,5.0
768828,1886,5.0
768828,77,5.0
768828,509,5.0
768828,8,5.0
768828,1210,5.0
768828,46,5.0
768828,2422,5.0
768828,41,5.0
768828,2007,5.0
768828,156,5.0
768828,989,5.0
768828,877,5.0
353379,191,4.0
353379,220,5.0
353379,1259,4.0
353379,2047,5.0
353379,1547,5.0
353379,691,4.0
353379,2856,4.0
353379,2742,4.0
353379,1677,5.0
353379,2435,4.0
353379,107,5.0
353379,2877,5.0
353379,13,4.0
353379,46,5.0
353379,3153,5.0
353379,1888,4.0
353379,2694,4.0
353379,2721,4.0
353379,1533,5.0
353379,2947,5.0
353379,2444,4.0
353379,2816,5.0
353379,2425,5.0
925054,191,5.0
925054,3163,4.0
925054,663,5.0
925054,3161,5.0
925054,2815,5.0
1167743,191,5.0
1167743,2416,5.0
1167743,2286,5.0
1167743,2455,5.0
1167743,70,5.0
1167743,1980,5.0
1269015,191,5.0
1269015,976,4.0
1269015,2419,0.0
1269015,1545,4.0
1269015,2286,5.0
1269015,659,4.0
1269015,2435,4.0
1269015,1256,4.0
1269015,1932,5.0
1269015,3196,3.0
1269015,2422,3.0
1269015,63,4.0
1269015,658,4.0
1269015,1888,0.0
1269015,1908,4.0
1269015,1552,5.0
1269015,2463,4.0
1269015,1931,4.0
1269015,2307,4.0
1269015,2417,4.0
1269015,10,5.0
1269015,657,0.0
1269015,4,4.0
1269015,2423,4.0
1269015,2425,3.0
1269015,510,0.0
1269015,1535,5.0
628127,191,5.0
628127,17,5.0
628127,2887,5.0
628127,2047,5.0
628127,1561,5.0
628127,5,0.0
628127,2142,5.0
628127,2434,4.0
628127,1532,3.0
628127,2422,4.0
628127,2429,5.0
628127,1556,1.0
628127,2816,4.0
628127,2377,5.0
772128,191,5.0
772128,2419,5.0
772128,508,4.0
772128,301,5.0
772128,27,5.0
528468,55,4.0
528468,3064,5.0
528468,2129,4.0
528468,1502,4.0
528468,238,4.0
528468,225,5.0
528468,404,5.0
528468,2565,5.0
528468,148,3.0
528468,263,5.0
528468,1288,5.0
39949,2851,5.0
39949,251,5.0
39949,106,5.0
39949,1966,5.0
39949,1025,5.0
39949,2104,3.0
39949,996,5.0
39949,471,2.0
39949,1066,5.0
39949,2501,5.0
39949,1372,5.0
39949,351,5.0
39949,968,5.0
39949,1942,5.0
39949,1923,5.0
39949,2592,4.0
26075,2851,5.0
26075,2830,5.0
26075,659,5.0
26075,685,5.0
26075,34,4.0
68460,2851,5.0
68460,2004,5.0
68460,1289,5.0
68460,25,5.0
68460,846,5.0
68460,2309,4.0
68460,2466,5.0
68460,370,4.0
68460,2289,5.0
68460,335,5.0
68460,3157,5.0
68460,965,5.0
68460,298,5.0
68460,665,4.0
68460,509,5.0
68460,691,5.0
68460,2285,5.0
68460,228,5.0
68460,16,5.0
68460,2308,5.0
68460,2286,5.0
68460,2453,5.0
68460,659,5.0
68460,2048,5.0
68460,890,5.0
68460,903,5.0
68460,175,5.0
68460,282,5.0
68460,728,5.0
68460,778,5.0
68460,13,5.0
68460,664,5.0
68460,595,5.0
68460,354,5.0
68460,3186,5.0
68460,63,5.0
68460,2288,5.0
68460,38,5.0
68460,263,5.0
68460,1885,5.0
68460,727,3.0
68460,141,5.0
68460,688,5.0
68460,2757,4.0
68460,2299,5.0
68460,158,5.0
68460,45,4.0
68460,2116,5.0
68460,128,5.0
68460,1267,5.0
68460,1151,5.0
68460,2404,5.0
68460,185,5.0
68460,2815,5.0
68460,734,5.0
68460,775,5.0
68460,3169,5.0
68460,1370,5.0
157785,2851,4.0
157785,17,5.0
157785,511,5.0
157785,2155,5.0
157785,60,4.0
309526,2851,5.0
309526,1490,5.0
309526,2416,5.0
309526,2505,5.0
309526,176,5.0
309526,1264,5.0
309526,2937,5.0
309526,1180,5.0
309526,1570,5.0
309526,966,4.0
309526,2967,5.0
309526,1533,4.0
309526,1660,5.0
309526,1267,5.0
309526,1983,5.0
309526,2425,5.0
309526,3329,5.0
1239906,2851,5.0
1239906,2216,4.0
1239906,749,5.0
1239906,1186,5.0
1239906,139,5.0
1239906,2571,4.0
1239906,390,5.0
1239906,2011,5.0
1239906,677,4.0
1239906,887,5.0
1239906,2467,5.0
1239906,3154,5.0
1239906,412,5.0
1239906,688,1.0
1239906,47,4.0
1239906,667,4.0
1239906,45,4.0
1239906,2297,5.0
1239906,2430,1.0
1239906,510,5.0
1239906,1326,4.0
1239906,662,3.0
1239906,14,5.0
1239906,2436,2.0
329304,2008,5.0
329304,2443,5.0
329304,39,5.0
329304,1832,5.0
329304,964,5.0
532179,2008,4.0
532179,29,5.0
532179,1919,4.0
532179,657,3.0
532179,962,5.0
241579,2008,5.0
241579,1960,5.0
241579,286,5.0
241579,80,5.0
241579,41,5.0
241579,2871,4.0
216320,2008,3.0
216320,747,5.0
216320,2693,5.0
216320,2248,0.0
216320,389,5.0
216320,2423,5.0
216320,1535,5.0
756573,2008,5.0
756573,5,5.0
756573,188,5.0
756573,2417,5.0
487387,2008,5.0
487387,37,5.0
487387,1886,5.0
487387,1938,5.0
487387,2933,5.0
252816,2008,5.0
252816,2692,0.0
252816,1895,5.0
252816,2419,4.0
252816,1886,5.0
252816,170,5.0
252816,2016,4.0
252816,7,5.0
252816,179,5.0
252816,3280,5.0
252816,2046,5.0
252816,1991,5.0
252816,2763,5.0
252816,1994,5.0
252816,1,5.0
252816,158,5.0
252816,974,5.0
252816,1887,5.0
252816,2436,4.0
252816,356,0.0
625696,2008,5.0
625696,1257,4.0
625696,1975,5.0
625696,221,4.0
625696,1004,5.0
625696,1271,4.0
625696,1858,5.0
625696,1225,4.0
625696,276,4.0
625696,333,4.0
625696,1,4.0
625696,357,4.0
625696,2017,4.0
625696,3148,4.0
625696,656,3.0
625696,657,5.0
625696,964,5.0
625696,23,4.0
625696,962,5.0
625696,2428,5.0
625696,2425,4.0
625696,1980,3.0
706608,2008,5.0
706608,133,4.0
706608,1468,5.0
706608,8,3.0
706608,2506,5.0
706608,1279,0.0
706608,816,4.0
706608,1841,5.0
706608,2244,4.0
706608,1711,3.0
706608,13,4.0
706608,2941,4.0
706608,1574,5.0
706608,2610,3.0
706608,1332,5.0
706608,516,5.0
706608,1557,5.0
706608,3197,5.0
706608,29,5.0
706608,1908,5.0
706608,2448,3.0
706608,2574,5.0
706608,30,5.0
706608,3320,3.0
706608,2816,5.0
706608,2940,4.0
706608,1584,5.0
706608,4,5.0
706608,925,4.0
470351,2008,5.0
470351,1257,5.0
470351,1921,5.0
470351,1259,5.0
470351,239,3.0
470351,2069,5.0
470351,3167,5.0
470351,2188,5.0
470351,2050,5.0
470351,167,5.0
470351,2159,4.0
470351,3165,5.0
470351,175,4.0
470351,2234,5.0
470351,2055,5.0
470351,2434,5.0
470351,513,5.0
470351,1274,5.0
470351,13,5.0
470351,1285,4.0
470351,664,5.0
470351,2580,5.0
470351,273,3.0
470351,149,5.0
470351,1360,5.0
470351,2290,5.0
470351,48,5.0
470351,249,5.0
470351,970,5.0
470351,2155,5.0
470351,51,5.0
470351,11,5.0
470351,1912,5.0
470351,2473,4.0
470351,2063,5.0
470351,2002,5.0
470351,1915,5.0
470351,661,5.0
470351,1908,5.0
470351,1889,5.0
470351,1310,5.0
470351,2031,5.0
470351,1942,5.0
470351,2144,5.0
470351,666,4.0
470351,210,5.0
470351,1989,5.0
470351,1931,5.0
470351,1980,5.0
470351,1887,5.0
470351,2592,4.0
470351,1326,5.0
470351,1019,5.0
620763,2008,4.0
620763,1891,5.0
620763,343,4.0
620763,2419,4.0
620763,1036,4.0
620763,64,4.0
620763,98,5.0
620763,690,4.0
620763,6,5.0
620763,1943,4.0
620763,1901,4.0
620763,2021,5.0
620763,364,5.0
620763,129,5.0
620763,1972,5.0
620763,214,5.0
620763,270,5.0
620763,1970,5.0
620763,707,4.0
620763,1994,4.0
620763,21,4.0
620763,41,5.0
620763,2009,5.0
620763,2288,5.0
620763,361,5.0
620763,2121,5.0
620763,186,4.0
620763,771,3.0
620763,103,4.0
620763,661,2.0
620763,667,4.0
620763,1953,5.0
620763,674,4.0
620763,1030,5.0
620763,2815,5.0
620763,365,3.0
376189,2008,3.0
376189,89,5.0
376189,151,5.0
376189,659,5.0
376189,2033,5.0
376189,40,5.0
376189,2060,4.0
376189,1333,5.0
376189,2253,4.0
376189,666,5.0
376189,2445,5.0
376189,1151,5.0
376189,1832,4.0
376189,1260,5.0
376189,1887,4.0
222564,2008,4.0
222564,1891,5.0
222564,17,5.0
222564,870,5.0
222564,2791,5.0
222564,407,5.0
222564,2291,5.0
222564,1895,4.0
222564,222,5.0
222564,3157,5.0
222564,2419,5.0
222564,2579,4.0
222564,3344,5.0
222564,2416,5.0
222564,2619,5.0
222564,353,5.0
222564,3268,4.0
222564,2420,5.0
222564,1081,5.0
222564,2643,4.0
222564,58,3.0
222564,1901,5.0
222564,659,5.0
222564,2783,5.0
222564,1858,5.0
222564,5,5.0
222564,2234,5.0
222564,2547,4.0
222564,1380,5.0
222564,1400,5.0
222564,2565,5.0
222564,2503,5.0
222564,12,4.0
222564,2073,5.0
222564,1159,5.0
222564,2617,5.0
222564,1532,4.0
222564,797,5.0
222564,2521,5.0
222564,2422,5.0
222564,2693,5.0
222564,2937,5.0
222564,658,4.0
222564,2537,5.0
222564,1511,5.0
222564,317,5.0
222564,233,5.0
222564,1449,4.0
222564,83,5.0
222564,2059,5.0
222564,2501,5.0
222564,2432,4.0
222564,19,4.0
222564,1790,5.0
222564,194,5.0
222564,11,4.0
222564,351,4.0
222564,124,4.0
222564,1269,5.0
222564,2666,5.0
222564,2508,5.0
222564,431,5.0
222564,2023,4.0
222564,2264,5.0
222564,835,5.0
222564,86,4.0
222564,2606,4.0
222564,2551,5.0
222564,2646,4.0
222564,1482,4.0
222564,121,5.0
222564,2173,5.0
222564,3178,4.0
222564,252,5.0
222564,128,5.0
222564,673,5.0
222564,74,5.0
222564,875,4.0
222564,2284,5.0
222564,2421,5.0
222564,1832,5.0
222564,2944,4.0
222564,65,5.0
222564,2802,5.0
222564,1153,4.0
222564,714,5.0
222564,2502,4.0
222564,330,5.0
222564,2938,5.0
222564,3087,5.0
222564,2430,5.0
222564,1227,5.0
222564,973,5.0
222564,247,5.0
222564,2423,4.0
222564,1009,4.0
222564,1887,4.0
222564,2280,5.0
222564,1539,5.0
452940,1000,4.0
452940,2376,4.0
452940,552,5.0
452940,2380,5.0
452940,435,4.0
452940,2531,5.0
452940,16,4.0
452940,548,4.0
452940,57,5.0
452940,975,5.0
452940,97,4.0
452940,350,5.0
452940,1282,4.0
452940,521,5.0
452940,1104,5.0
452940,1949,5.0
452940,2368,5.0
452940,2514,4.0
452940,2771,5.0
452940,248,0.0
452940,1192,5.0
452940,948,3.0
452940,1920,4.0
452940,667,5.0
452940,963,4.0
452940,2173,5.0
452940,169,5.0
452940,30,5.0
452940,2300,5.0
452940,379,4.0
452940,3095,5.0
452940,1896,4.0
452940,2322,5.0
452940,1326,5.0
197023,1000,5.0
197023,2259,5.0
197023,2219,5.0
197023,1113,5.0
197023,1324,5.0
197023,2106,5.0
197023,1091,5.0
197023,2945,5.0
197023,417,5.0
197023,1311,5.0
197023,1292,5.0
197023,1038,5.0
197023,1452,5.0
197023,691,5.0
197023,1425,5.0
197023,359,5.0
197023,1381,5.0
197023,1305,5.0
197023,57,5.0
197023,2824,5.0
197023,1437,5.0
197023,2091,5.0
197023,455,5.0
197023,1273,5.0
197023,1432,5.0
197023,697,5.0
197023,419,5.0
197023,3342,5.0
197023,2941,5.0
197023,276,5.0
197023,2160,5.0
197023,116,5.0
197023,651,5.0
197023,1307,5.0
197023,2978,5.0
197023,506,5.0
197023,1885,5.0
197023,1296,5.0
197023,1399,5.0
197023,1017,5.0
197023,2467,5.0
197023,367,5.0
197023,769,5.0
197023,1168,5.0
197023,814,5.0
197023,1358,5.0
197023,3070,5.0
197023,1405,5.0
197023,514,5.0
197023,963,5.0
197023,1514,5.0
197023,2164,5.0
197023,1404,5.0
197023,2885,5.0
197023,1368,5.0
197023,3048,5.0
197023,1350,5.0
197023,2404,5.0
197023,379,5.0
197023,1913,5.0
197023,1529,5.0
197023,2200,5.0
197023,1297,5.0
197023,1892,5.0
197023,1951,5.0
1155210,1000,5.0
1155210,3327,5.0
1155210,2968,5.0
1155210,1672,5.0
1155210,1132,5.0
463202,1000,4.0
463202,434,4.0
463202,614,5.0
463202,2114,5.0
463202,584,4.0
463202,2308,5.0
463202,547,4.0
463202,1518,3.0
463202,2519,4.0
463202,13,5.0
463202,2422,4.0
463202,1280,4.0
463202,2493,5.0
463202,651,5.0
463202,2318,5.0
463202,1417,5.0
463202,1168,4.0
463202,483,4.0
463202,2311,5.0
463202,406,4.0
463202,1172,5.0
463202,783,4.0
463202,74,0.0
463202,2300,4.0
463202,408,5.0
463202,1153,4.0
463202,2460,0.0
463202,1892,4.0
962690,1000,5.0
962690,1135,5.0
962690,1324,5.0
962690,3059,5.0
962690,981,5.0
962690,520,5.0
962690,2955,4.0
962690,1145,4.0
962690,2514,5.0
962690,1704,4.0
962690,542,5.0
962690,401,5.0
962690,49,5.0
962690,2585,5.0
962690,1591,5.0
212609,1000,5.0
212609,2485,5.0
212609,1324,4.0
212609,696,5.0
212609,2611,4.0
212609,2790,5.0
212609,2380,5.0
212609,2230,5.0
212609,1938,5.0
212609,359,5.0
212609,6,5.0
212609,2519,5.0
212609,1566,5.0
212609,1972,5.0
212609,2628,5.0
212609,270,5.0
212609,350,5.0
212609,183,5.0
212609,1630,5.0
212609,257,5.0
212609,21,4.0
212609,2415,5.0
212609,83,5.0
212609,1847,5.0
212609,2097,5.0
212609,771,5.0
212609,248,5.0
212609,3073,5.0
212609,1930,4.0
212609,2567,4.0
212609,752,4.0
212609,841,4.0
212609,1999,5.0
212609,3036,5.0
212609,162,3.0
212609,538,5.0
212609,2451,5.0
212609,3096,5.0
212609,2769,5.0
212609,815,5.0
212609,10,5.0
212609,2404,4.0
212609,989,5.0
212609,2678,5.0
212609,457,5.0
212609,2599,5.0
369715,1000,5.0
369715,25,5.0
369715,1102,5.0
369715,342,4.0
369715,131,4.0
369715,370,4.0
369715,1895,5.0
369715,2611,5.0
369715,979,4.0
369715,271,5.0
369715,254,5.0
369715,2695,4.0
369715,2213,4.0
369715,92,5.0
369715,31,5.0
369715,59,4.0
369715,2257,4.0
369715,2498,5.0
369715,26,4.0
369715,2003,5.0
369715,2433,5.0
369715,91,4.0
369715,2437,5.0
369715,454,4.0
369715,373,5.0
369715,1845,5.0
369715,393,4.0
369715,136,5.0
369715,181,5.0
369715,129,4.0
369715,2479,0.0
369715,2582,4.0
369715,2093,5.0
369715,2418,4.0
369715,390,4.0
369715,12,4.0
369715,1941,4.0
369715,1022,4.0
369715,2169,5.0
369715,2784,4.0
369715,157,4.0
369715,2133,5.0
369715,2296,4.0
369715,1994,3.0
369715,658,4.0
369715,1905,4.0
369715,2415,4.0
369715,116,5.0
369715,1888,5.0
369715,2626,5.0
369715,1251,4.0
369715,171,5.0
369715,2032,4.0
369715,309,4.0
369715,385,4.0
369715,248,5.0
369715,382,5.0
369715,53,4.0
369715,2261,5.0
369715,2567,5.0
369715,102,4.0
369715,61,4.0
369715,1915,4.0
369715,118,4.0
369715,1999,5.0
369715,18,5.0
369715,604,4.0
369715,466,4.0
369715,667,4.0
369715,2806,3.0
369715,1962,5.0
369715,2017,4.0
369715,2534,5.0
369715,1946,5.0
369715,187,5.0
369715,515,3.0
369715,2287,3.0
369715,1267,5.0
369715,1151,4.0
369715,169,4.0
369715,30,5.0
369715,2446,4.0
369715,2719,4.0
369715,2404,5.0
369715,185,4.0
369715,100,5.0
369715,1871,4.0
369715,980,5.0
369715,1914,5.0
369715,44,3.0
369715,1926,4.0
17803,1000,5.0
17803,2259,5.0
17803,2485,5.0
17803,1355,5.0
17803,2203,5.0
17803,2780,4.0
17803,251,5.0
17803,2615,4.0
17803,1334,4.0
17803,7,5.0
17803,339,5.0
17803,2718,5.0
17803,2006,5.0
17803,1943,5.0
17803,1974,5.0
17803,20,4.0
17803,1183,4.0
17803,231,4.0
17803,33,5.0
17803,608,5.0
17803,664,5.0
17803,2367,4.0
17803,2743,4.0
17803,759,5.0
17803,249,4.0
17803,2576,4.0
17803,2424,5.0
17803,2131,5.0
17803,2567,5.0
17803,1340,5.0
17803,2542,5.0
17803,300,4.0
17803,1889,5.0
17803,514,5.0
17803,2966,5.0
17803,2481,4.0
17803,2018,4.0
17803,2515,5.0
17803,515,5.0
17803,60,4.0
17803,740,5.0
17803,2655,5.0
17803,962,5.0
17803,1348,4.0
17803,877,5.0
17803,637,5.0
17803,844,5.0
17803,2436,5.0
280271,1000,5.0
280271,1135,5.0
280271,2652,5.0
280271,2396,5.0
280271,696,5.0
280271,2337,5.0
280271,1155,4.0
280271,2419,5.0
280271,2765,5.0
280271,2230,5.0
280271,2615,3.0
280271,1988,5.0
280271,3349,5.0
280271,7,5.0
280271,782,5.0
280271,1167,5.0
280271,2246,5.0
280271,2531,5.0
280271,1157,5.0
280271,2968,5.0
280271,2829,5.0
280271,2003,5.0
280271,748,5.0
280271,1929,5.0
280271,2433,4.0
280271,854,5.0
280271,398,5.0
280271,659,5.0
280271,776,5.0
280271,181,5.0
280271,125,5.0
280271,1163,5.0
280271,2519,5.0
280271,2628,5.0
280271,375,4.0
280271,513,5.0
280271,850,5.0
280271,912,4.0
280271,270,5.0
280271,3200,5.0
280271,817,3.0
280271,969,5.0
280271,183,5.0
280271,3296,5.0
280271,1211,5.0
280271,3176,3.0
280271,226,4.0
280271,276,5.0
280271,664,3.0
280271,780,3.0
280271,2422,5.0
280271,635,4.0
280271,3285,5.0
280271,658,5.0
280271,437,5.0
280271,2210,4.0
280271,166,5.0
280271,2594,5.0
280271,1885,5.0
280271,1184,5.0
280271,2281,5.0
280271,1115,5.0
280271,752,4.0
280271,998,4.0
280271,2542,4.0
280271,2590,5.0
280271,661,5.0
280271,3,5.0
280271,1197,5.0
280271,2642,5.0
280271,1935,5.0
280271,753,5.0
280271,1962,5.0
280271,217,5.0
280271,264,5.0
280271,1267,5.0
280271,3180,4.0
280271,2300,5.0
280271,2815,5.0
280271,100,5.0
280271,962,4.0
280271,2278,5.0
280271,2599,5.0
482376,1000,0.0
482376,2216,5.0
482376,224,4.0
482376,979,4.0
482376,1237,5.0
482376,965,5.0
482376,938,5.0
482376,1988,5.0
482376,681,4.0
482376,369,4.0
482376,1866,5.0
482376,3349,5.0
482376,509,4.0
482376,495,5.0
482376,982,5.0
482376,3326,5.0
482376,355,5.0
482376,3074,5.0
482376,2829,5.0
482376,2303,5.0
482376,1327,5.0
482376,3147,5.0
482376,1053,5.0
482376,520,5.0
482376,2983,5.0
482376,2818,5.0
482376,845,5.0
482376,745,5.0
482376,3140,4.0
482376,659,5.0
482376,57,5.0
482376,2499,5.0
482376,2478,5.0
482376,94,4.0
482376,1882,5.0
482376,1972,5.0
482376,525,5.0
482376,2267,5.0
482376,2190,5.0
482376,3108,5.0
482376,375,5.0
482376,3046,3.0
482376,2665,4.0
482376,1498,5.0
482376,969,5.0
482376,1335,5.0
482376,2668,5.0
482376,608,5.0
482376,400,5.0
482376,2795,5.0
482376,994,5.0
482376,521,5.0
482376,257,5.0
482376,1283,5.0
482376,1010,5.0
482376,2171,5.0
482376,1570,4.0
482376,1041,4.0
482376,1266,5.0
482376,2514,5.0
482376,1992,5.0
482376,2007,5.0
482376,54,0.0
482376,1716,5.0
482376,1064,5.0
482376,1379,5.0
482376,51,5.0
482376,3028,5.0
482376,431,5.0
482376,3254,5.0
482376,572,5.0
482376,1068,4.0
482376,2542,5.0
482376,1040,4.0
482376,1165,5.0
482376,2031,5.0
482376,420,5.0
482376,401,5.0
482376,667,5.0
482376,39,4.0
482376,3309,5.0
482376,2451,5.0
482376,1946,5.0
482376,2538,5.0
482376,3201,5.0
482376,1267,5.0
482376,2622,5.0
482376,30,5.0
482376,1359,5.0
482376,1591,4.0
482376,2404,5.0
482376,1766,5.0
482376,1101,5.0
482376,22,5.0
482376,3218,5.0
482376,23,5.0
482376,980,5.0
482376,3078,4.0
482376,827,5.0
482376,510,5.0
482376,549,5.0
226863,1000,5.0
226863,3192,4.0
226863,1135,5.0
226863,213,5.0
226863,1891,5.0
226863,976,5.0
226863,2916,5.0
226863,747,4.0
226863,3274,5.0
226863,2337,5.0
226863,2945,4.0
226863,552,5.0
226863,2380,5.0
226863,2457,5.0
226863,1334,5.0
226863,764,5.0
226863,2671,5.0
226863,7,3.0
226863,509,5.0
226863,732,5.0
226863,3133,5.0
226863,1343,5.0
226863,2270,5.0
226863,2531,5.0
226863,3074,5.0
226863,2003,4.0
226863,816,5.0
226863,2980,5.0
226863,1418,4.0
226863,1481,5.0
226863,6,5.0
226863,3116,5.0
226863,548,0.0
226863,845,5.0
226863,3141,5.0
226863,659,5.0
226863,2621,4.0
226863,762,5.0
226863,2465,5.0
226863,975,5.0
226863,175,5.0
226863,1363,5.0
226863,3061,5.0
226863,3023,5.0
226863,2381,5.0
226863,1972,5.0
226863,12,5.0
226863,270,5.0
226863,2073,5.0
226863,1256,5.0
226863,13,5.0
226863,969,5.0
226863,2134,5.0
226863,1335,5.0
226863,2784,5.0
226863,79,5.0
226863,1182,5.0
226863,400,5.0
226863,3132,5.0
226863,1148,4.0
226863,521,5.0
226863,761,5.0
226863,658,5.0
226863,116,5.0
226863,3275,4.0
226863,437,5.0
226863,1307,5.0
226863,1266,5.0
226863,1429,5.0
226863,1204,5.0
226863,447,5.0
226863,1671,5.0
226863,2132,4.0
226863,1890,5.0
226863,2770,5.0
226863,248,5.0
226863,234,5.0
226863,3353,5.0
226863,2135,5.0
226863,615,5.0
226863,1068,5.0
226863,1244,5.0
226863,752,5.0
226863,834,5.0
226863,1340,5.0
226863,680,5.0
226863,416,5.0
226863,103,5.0
226863,849,5.0
226863,1576,5.0
226863,1999,5.0
226863,1268,5.0
226863,1165,5.0
226863,638,5.0
226863,1922,5.0
226863,401,5.0
226863,2551,5.0
226863,1935,5.0
226863,121,5.0
226863,2520,5.0
226863,1171,5.0
226863,1962,5.0
226863,1216,5.0
226863,1398,5.0
226863,1267,5.0
226863,2232,5.0
226863,656,5.0
226863,1993,5.0
226863,2404,4.0
226863,2430,4.0
226863,2066,2.0
226863,3323,5.0
226863,4,5.0
226863,2712,5.0
226863,365,5.0
226863,662,5.0
502302,1000,5.0
502302,1257,5.0
502302,2993,4.0
502302,227,4.0
502302,1886,0.0
502302,2435,4.0
502302,1402,0.0
502302,1554,4.0
502302,68,4.0
502302,3161,4.0
502302,516,4.0
502302,1890,0.0
502302,479,5.0
502302,259,4.0
502302,18,5.0
502302,2451,4.0
502302,1349,0.0
502302,2446,4.0
502302,973,5.0
502302,3078,5.0
502302,2377,5.0
37636,2774,5.0
37636,1894,4.0
37636,1559,5.0
37636,1568,5.0
37636,267,4.0
37636,2230,5.0
37636,1516,4.0
37636,860,5.0
37636,1343,5.0
37636,140,5.0
37636,2861,5.0
37636,1545,5.0
37636,50,5.0
37636,2285,4.0
37636,2492,4.0
37636,2996,5.0
37636,2226,4.0
37636,151,5.0
37636,2453,5.0
37636,3171,5.0
37636,1271,5.0
37636,3163,5.0
37636,3061,4.0
37636,2142,5.0
37636,2544,4.0
37636,1816,4.0
37636,1567,5.0
37636,488,5.0
37636,1479,4.0
37636,2101,5.0
37636,3108,5.0
37636,3228,5.0
37636,1741,4.0
37636,1599,4.0
37636,33,5.0
37636,724,5.0
37636,1730,5.0
37636,3195,5.0
37636,1461,4.0
37636,1590,5.0
37636,3047,3.0
37636,3186,5.0
37636,3232,5.0
37636,2290,5.0
37636,2803,4.0
37636,2470,4.0
37636,1017,5.0
37636,2315,5.0
37636,3249,5.0
37636,1366,5.0
37636,2035,5.0
37636,2865,4.0
37636,2769,4.0
37636,673,5.0
37636,1663,4.0
37636,30,5.0
37636,3287,4.0
37636,2300,5.0
37636,1368,5.0
37636,379,5.0
37636,3202,5.0
37636,22,5.0
37636,1564,4.0
37636,2118,4.0
37636,2423,5.0
37636,775,5.0
37636,2592,5.0
37636,2370,5.0
37636,235,5.0
22015,2774,4.0
22015,223,5.0
22015,696,5.0
22015,3124,4.0
22015,1904,5.0
22015,1127,4.0
22015,71,4.0
22015,1277,5.0
22015,1810,5.0
22015,344,4.0
22015,305,5.0
22015,7,5.0
22015,3147,5.0
22015,2285,4.0
22015,2437,5.0
22015,659,5.0
22015,1884,5.0
22015,231,5.0
22015,697,3.0
22015,88,5.0
22015,13,5.0
22015,969,5.0
22015,2367,5.0
22015,21,4.0
22015,2020,5.0
22015,2415,4.0
22015,1074,5.0
22015,76,5.0
22015,2470,5.0
22015,1912,5.0
22015,588,5.0
22015,300,4.0
22015,1201,5.0
22015,1139,4.0
22015,2441,5.0
22015,219,5.0
22015,1185,5.0
22015,1388,4.0
22015,160,5.0
22015,1006,5.0
22015,322,4.0
22015,1627,5.0
22015,2423,5.0
199848,2774,5.0
199848,2699,5.0
199848,3343,5.0
199848,2709,4.0
199848,1924,5.0
199848,204,5.0
199848,1181,5.0
199848,2452,5.0
199848,1435,5.0
199848,2615,5.0
199848,2827,5.0
199848,2402,5.0
199848,1218,5.0
199848,1334,5.0
199848,691,5.0
199848,2505,5.0
199848,2333,4.0
199848,2374,5.0
199848,91,5.0
199848,915,4.0
199848,2224,5.0
199848,1969,5.0
199848,1607,5.0
199848,129,5.0
199848,1460,5.0
199848,2547,5.0
199848,2245,5.0
199848,2435,4.0
199848,2418,5.0
199848,2101,5.0
199848,2081,5.0
199848,97,4.0
199848,258,5.0
199848,1050,5.0
199848,1543,5.0
199848,1940,5.0
199848,2136,5.0
199848,969,5.0
199848,1264,5.0
199848,2784,5.0
199848,2941,5.0
199848,70,5.0
199848,1515,5.0
199848,994,5.0
199848,658,5.0
199848,2020,5.0
199848,1835,5.0
199848,2738,4.0
199848,116,5.0
199848,1325,5.0
199848,701,5.0
199848,1847,4.0
199848,1959,5.0
199848,1393,5.0
199848,1306,5.0
199848,2449,5.0
199848,248,5.0
199848,2708,5.0
199848,2378,5.0
199848,3005,5.0
199848,752,5.0
199848,415,5.0
199848,1536,5.0
199848,731,5.0
199848,2596,5.0
199848,514,5.0
199848,2342,5.0
199848,1935,5.0
199848,2509,5.0
199848,69,5.0
199848,219,5.0
199848,34,5.0
199848,2854,4.0
199848,1076,5.0
199848,96,5.0
199848,910,5.0
199848,974,4.0
199848,2404,5.0
199848,81,5.0
199848,2464,5.0
199848,856,5.0
199848,1572,5.0
199848,1009,5.0
199848,510,5.0
199848,2080,5.0
199848,741,5.0
189616,2774,5.0
189616,9,5.0
189616,55,5.0
189616,25,4.0
189616,1833,0.0
189616,222,5.0
189616,795,4.0
189616,221,5.0
189616,2027,5.0
189616,2457,5.0
189616,1810,5.0
189616,2109,5.0
189616,286,5.0
189616,2285,5.0
189616,91,4.0
189616,448,5.0
189616,1901,5.0
189616,2048,5.0
189616,28,4.0
189616,84,4.0
189616,137,5.0
189616,2096,5.0
189616,1970,5.0
189616,2386,5.0
189616,2304,4.0
189616,87,2.0
189616,2056,5.0
189616,1905,5.0
189616,2415,3.0
189616,678,4.0
189616,1847,4.0
189616,54,5.0
189616,2366,5.0
189616,1152,5.0
189616,2024,4.0
189616,2172,5.0
189616,105,5.0
189616,256,5.0
189616,2481,5.0
189616,143,5.0
189616,69,5.0
189616,35,5.0
189616,1368,4.0
189616,740,4.0
189616,42,5.0
189616,2450,5.0
189616,108,5.0
189616,2428,5.0
189616,112,5.0
50969,2774,4.0
50969,2543,4.0
50969,2652,5.0
50969,221,3.0
50969,381,4.0
50969,352,4.0
50969,366,4.0
50969,36,5.0
50969,122,4.0
50969,2125,3.0
50969,1985,4.0
50969,238,5.0
50969,80,4.0
50969,91,5.0
50969,2437,4.0
50969,1210,4.0
50969,364,4.0
50969,181,4.0
50969,129,4.0
50969,2,4.0
50969,20,4.0
50969,375,4.0
50969,97,3.0
50969,12,5.0
50969,350,5.0
50969,68,5.0
50969,2632,4.0
50969,257,5.0
50969,21,5.0
50969,1835,5.0
50969,2630,4.0
50969,2825,4.0
50969,292,4.0
50969,234,5.0
50969,1,5.0
50969,1168,5.0
50969,256,4.0
50969,3,4.0
50969,243,4.0
50969,163,5.0
50969,49,4.0
50969,39,4.0
50969,2459,4.0
50969,2211,4.0
50969,93,4.0
50969,666,4.0
50969,69,4.0
50969,2025,4.0
50969,515,4.0
50969,656,4.0
50969,169,4.0
50969,10,4.0
50969,348,4.0
50969,325,4.0
50969,22,4.0
50969,2428,4.0
50969,1900,4.0
59879,2774,5.0
59879,1258,5.0
59879,268,5.0
59879,7,5.0
59879,392,4.0
59879,27,5.0
59879,2443,5.0
59879,1926,5.0
59879,2510,5.0
149363,2314,5.0
149363,1837,5.0
149363,133,5.0
149363,1722,5.0
149363,17,5.0
149363,614,5.0
149363,517,5.0
149363,1960,5.0
149363,1161,5.0
149363,2671,5.0
149363,982,5.0
149363,1174,5.0
149363,2968,5.0
149363,512,5.0
149363,1593,4.0
149363,2818,5.0
149363,2507,5.0
149363,456,5.0
149363,32,5.0
149363,659,5.0
149363,2783,5.0
149363,2465,5.0
149363,2142,5.0
149363,2320,5.0
149363,1273,5.0
149363,2896,5.0
149363,1263,5.0
149363,986,5.0
149363,1217,5.0
149363,3017,5.0
149363,1182,5.0
149363,2064,5.0
149363,1369,5.0
149363,1835,5.0
149363,2873,5.0
149363,1012,5.0
149363,624,5.0
149363,508,5.0
149363,3173,5.0
149363,2730,5.0
149363,1236,5.0
149363,2491,5.0
149363,416,5.0
149363,2035,5.0
149363,1908,5.0
149363,163,5.0
149363,414,5.0
149363,1002,5.0
149363,2534,5.0
149363,1629,5.0
149363,1823,5.0
149363,2622,5.0
149363,541,5.0
149363,178,5.0
149363,675,5.0
149363,1950,5.0
149363,648,5.0
149363,1892,5.0
149363,510,5.0
481092,2314,5.0
481092,3367,5.0
481092,2466,5.0
481092,3355,4.0
481092,1516,5.0
481092,2334,5.0
481092,3121,5.0
481092,1328,4.0
481092,566,5.0
481092,2465,5.0
481092,72,5.0
481092,197,5.0
481092,3203,5.0
481092,2418,5.0
481092,2480,0.0
481092,2169,5.0
481092,761,5.0
481092,3186,5.0
481092,166,5.0
481092,194,5.0
481092,11,5.0
481092,2030,5.0
481092,3028,5.0
481092,49,4.0
481092,1933,2.0
481092,2895,5.0
481092,605,5.0
481092,10,3.0
481092,1913,0.0
481092,1389,5.0
481092,23,5.0
481092,62,5.0
481092,777,5.0
481092,990,5.0
481092,510,5.0
481092,173,3.0
27783,2314,5.0
27783,55,5.0
27783,410,5.0
27783,1277,4.0
27783,2285,5.0
27783,2048,5.0
27783,1853,5.0
27783,1304,4.0
27783,2435,4.0
27783,2503,5.0
27783,3342,5.0
27783,664,5.0
27783,1916,5.0
27783,111,5.0
27783,354,4.0
27783,1838,5.0
27783,670,5.0
27783,465,4.0
27783,678,4.0
27783,1893,4.0
27783,2368,5.0
27783,479,5.0
27783,76,5.0
27783,1925,4.0
27783,527,5.0
27783,1897,5.0
27783,1194,5.0
27783,2593,5.0
27783,34,5.0
27783,408,5.0
27783,1565,5.0
27783,1260,5.0
27783,3078,4.0
27783,2423,5.0
27783,2067,5.0
27783,2278,3.0
27783,14,4.0
27783,168,5.0
480195,2314,5.0
480195,612,5.0
480195,1173,5.0
480195,435,5.0
480195,2505,5.0
480195,1327,5.0
480195,404,5.0
480195,1973,5.0
480195,2424,5.0
480195,11,5.0
480195,2520,5.0
480195,3189,5.0
480195,1441,5.0
480195,2475,4.0
228037,2314,5.0
228037,1531,5.0
228037,660,5.0
228037,1886,3.0
228037,1810,2.0
228037,659,0.0
228037,258,5.0
228037,2171,5.0
228037,263,5.0
228037,11,5.0
228037,680,5.0
228037,401,5.0
228037,656,5.0
228037,1260,5.0
228037,62,5.0
228037,945,3.0
172628,2314,4.0
172628,669,5.0
172628,575,5.0
172628,2250,5.0
60989,1257,5.0
60989,2427,4.0
60989,2543,5.0
60989,2523,5.0
60989,399,5.0
60989,2853,5.0
60989,2285,4.0
60989,3098,5.0
60989,1973,5.0
60989,52,4.0
60989,1970,5.0
60989,189,5.0
60989,397,5.0
60989,3,5.0
60989,163,4.0
60989,2982,5.0
60989,2551,5.0
60989,515,3.0
60989,2417,5.0
60989,1983,4.0
60989,2187,5.0
60989,2450,5.0
60989,1914,3.0
60989,78,5.0
64682,1257,5.0
64682,2494,5.0
64682,2291,5.0
64682,2163,5.0
64682,1928,5.0
64682,2517,5.0
64682,2547,5.0
64682,75,5.0
64682,2288,5.0
64682,1885,5.0
64682,124,5.0
64682,1270,5.0
64682,3152,5.0
64682,2201,5.0
64682,571,5.0
64682,675,5.0
64682,14,0.0
29063,1257,4.0
29063,2677,5.0
29063,37,5.0
29063,1281,5.0
29063,2285,5.0
29063,175,5.0
29063,1163,5.0
29063,52,5.0
29063,1456,5.0
29063,1893,5.0
29063,2817,5.0
29063,1,5.0
29063,162,5.0
29063,657,5.0
29063,1876,4.0
29063,15,5.0
31232,1257,5.0
31232,133,5.0
31232,1545,5.0
31232,1279,4.0
31232,2492,5.0
31232,2437,5.0
31232,2636,5.0
31232,2503,5.0
31232,40,5.0
31232,1941,4.0
31232,2056,4.0
31232,1947,5.0
31232,1885,4.0
31232,1,5.0
31232,1276,5.0
31232,545,5.0
31232,1907,5.0
95502,1257,5.0
95502,671,5.0
95502,2058,4.0
95502,587,5.0
95502,1957,5.0
95502,1550,4.0
95502,11,5.0
95502,642,4.0
95502,666,5.0
95502,1914,5.0
95502,510,5.0
95502,1731,5.0
98919,1257,5.0
98919,1833,5.0
98919,170,5.0
98919,7,5.0
98919,509,5.0
98919,290,5.0
98919,2159,5.0
98919,2108,5.0
98919,2438,5.0
98919,40,5.0
98919,2480,5.0
98919,63,5.0
98919,1838,5.0
98919,661,5.0
98919,3,5.0
98919,1908,5.0
98919,18,4.0
98919,514,4.0
98919,49,5.0
98919,1933,5.0
98919,1846,5.0
98919,120,5.0
98919,2428,5.0
98919,15,0.0
98919,14,5.0
125773,1257,5.0
125773,2457,5.0
125773,8,5.0
125773,2257,5.0
125773,2,5.0
125773,134,5.0
125773,53,5.0
125773,29,5.0
125773,2053,5.0
125773,198,5.0
88047,1257,5.0
88047,3206,5.0
88047,2521,5.0
88047,658,5.0
88047,53,5.0
88047,384,5.0
125677,1257,3.0
125677,660,5.0
125677,122,4.0
125677,2486,5.0
125677,3147,5.0
125677,1997,5.0
125677,1906,5.0
125677,659,5.0
125677,469,4.0
125677,2561,5.0
125677,141,3.0
125677,3062,5.0
125677,61,4.0
125677,47,4.0
125677,2443,5.0
125677,2468,5.0
125677,100,5.0
125677,62,5.0
125677,1887,4.0
125677,14,4.0
134624,1257,5.0
134624,660,5.0
134624,743,5.0
134624,2213,5.0
134624,736,4.0
134624,2439,4.0
134624,207,4.0
134624,659,5.0
134624,175,5.0
134624,94,4.0
134624,2640,4.0
134624,2063,4.0
134624,3008,4.0
134624,2144,4.0
134624,673,5.0
134624,35,4.0
134624,22,5.0
134624,3209,4.0
134624,1907,5.0
134624,113,5.0
98200,1257,4.0
98200,536,4.0
98200,73,0.0
98200,1298,5.0
98200,1952,5.0
46660,1257,5.0
46660,304,1.0
46660,1895,5.0
46660,268,5.0
46660,681,4.0
46660,509,4.0
46660,179,5.0
46660,405,5.0
46660,2486,5.0
46660,1943,5.0
46660,659,5.0
46660,28,5.0
46660,20,4.0
46660,3061,5.0
46660,152,5.0
46660,2438,5.0
46660,432,3.0
46660,2221,5.0
46660,658,5.0
46660,1893,5.0
46660,1262,5.0
46660,2501,5.0
46660,2424,5.0
46660,686,4.0
46660,2508,5.0
46660,53,5.0
46660,1276,4.0
46660,397,5.0
46660,661,3.0
46660,2468,4.0
46660,101,4.0
46660,2698,4.0
46660,1260,5.0
46660,81,5.0
46660,1907,5.0
46660,1887,5.0
58038,1257,4.0
58038,201,3.0
58038,3105,4.0
58038,681,3.0
58038,2426,5.0
58038,703,5.0
58038,2568,4.0
58038,1903,5.0
58038,376,4.0
58038,1933,3.0
58038,785,3.0
58038,10,4.0
58038,1914,5.0
58038,510,4.0
111342,1257,5.0
111342,1924,5.0
111342,2456,5.0
111342,170,4.0
111342,799,5.0
111342,32,4.0
111342,28,5.0
111342,2571,5.0
111342,1932,5.0
111342,3342,5.0
111342,157,5.0
111342,70,5.0
111342,392,4.0
111342,508,5.0
111342,1902,5.0
111342,2424,5.0
111342,2708,5.0
111342,2591,5.0
111342,180,5.0
111342,294,5.0
111342,160,5.0
111342,10,4.0
111342,2495,4.0
64625,1257,4.0
64625,977,5.0
64625,2842,5.0
64625,1252,5.0
64625,404,0.0
64625,2092,5.0
64625,1785,5.0
64625,3034,5.0
64625,2368,5.0
64625,1269,5.0
64625,2666,5.0
64625,1310,5.0
64625,2962,5.0
64625,2766,5.0
64625,10,5.0
64625,2940,5.0
64625,153,5.0
64625,1627,5.0
191219,1257,5.0
191219,231,5.0
191219,1905,5.0
191219,2423,5.0
191219,119,4.0
5060,1257,2.0
5060,1289,5.0
5060,329,4.0
5060,411,5.0
5060,2095,5.0
5060,757,5.0
5060,983,5.0
5060,1219,5.0
5060,2677,5.0
5060,352,5.0
5060,1988,4.0
5060,509,5.0
5060,1344,5.0
5060,736,5.0
5060,1842,0.0
5060,2670,5.0
5060,1585,5.0
5060,98,4.0
5060,139,5.0
5060,2786,5.0
5060,429,5.0
5060,2093,5.0
5060,476,5.0
5060,2426,5.0
5060,912,4.0
5060,214,4.0
5060,350,5.0
5060,888,5.0
5060,1856,5.0
5060,1154,5.0
5060,3017,5.0
5060,3034,5.0
5060,780,5.0
5060,2630,5.0
5060,2563,5.0
5060,2555,5.0
5060,2432,5.0
5060,3035,5.0
5060,189,5.0
5060,1611,4.0
5060,3254,5.0
5060,773,4.0
5060,2551,5.0
5060,1850,5.0
5060,1138,5.0
5060,250,5.0
5060,1946,5.0
5060,1978,0.0
5060,531,5.0
5060,3042,5.0
5060,74,4.0
5060,2574,5.0
5060,85,5.0
5060,2417,5.0
5060,831,5.0
5060,42,4.0
5060,1175,5.0
5060,3325,5.0
5060,962,5.0
5060,519,5.0
5060,1048,5.0
5060,15,5.0
5060,510,5.0
5060,844,5.0
5060,1661,5.0
5060,284,4.0
107334,1257,4.0
107334,91,5.0
107334,675,5.0
107334,119,5.0
284922,1257,5.0
284922,1960,5.0
284922,2439,5.0
284922,92,5.0
284922,3147,5.0
284922,1256,5.0
284922,75,5.0
284922,664,5.0
284922,249,5.0
284922,2501,5.0
284922,3154,5.0
284922,1,5.0
284922,661,5.0
284922,3,5.0
284922,2468,5.0
284922,2421,5.0
284922,1910,5.0
284922,2428,5.0
284922,15,5.0
284922,14,5.0
208455,1257,5.0
208455,89,5.0
208455,58,5.0
208455,2,5.0
208455,21,5.0
208455,2415,5.0
208455,1,5.0
208455,10,5.0
208455,2430,5.0
208455,2423,5.0
158086,1257,5.0
158086,1258,5.0
158086,2427,5.0
158086,1833,5.0
158086,660,4.0
158086,1904,5.0
158086,159,5.0
158086,2419,5.0
158086,1886,5.0
158086,64,5.0
158086,2579,5.0
158086,2137,5.0
158086,36,5.0
158086,1261,5.0
158086,2416,5.0
158086,92,5.0
158086,59,3.0
158086,2577,5.0
158086,260,5.0
158086,2050,5.0
158086,3147,4.0
158086,2285,5.0
158086,1929,5.0
158086,2625,5.0
158086,1328,5.0
158086,716,5.0
158086,2128,5.0
158086,5,5.0
158086,2,5.0
158086,175,5.0
158086,1939,5.0
158086,1973,5.0
158086,961,5.0
158086,2426,5.0
158086,1972,5.0
158086,2185,5.0
158086,713,5.0
158086,878,5.0
158086,2571,5.0
158086,12,5.0
158086,33,5.0
158086,2136,5.0
158086,1967,5.0
158086,969,5.0
158086,183,0.0
158086,79,5.0
158086,1970,4.0
158086,967,5.0
158086,2296,5.0
158086,2254,5.0
158086,354,5.0
158086,1838,4.0
158086,658,5.0
158086,1905,5.0
158086,2415,5.0
158086,331,5.0
158086,2563,5.0
158086,38,4.0
158086,2202,2.0
158086,48,5.0
158086,1949,5.0
158086,2432,5.0
158086,1902,3.0
158086,2424,5.0
158086,19,5.0
158086,1885,5.0
158086,2007,5.0
158086,2161,4.0
158086,54,5.0
158086,1903,5.0
158086,11,5.0
158086,1912,5.0
158086,110,5.0
158086,2113,4.0
158086,1,5.0
158086,2635,5.0
158086,1187,5.0
158086,3100,5.0
158086,3,5.0
158086,1889,5.0
158086,192,5.0
158086,2441,5.0
158086,1935,5.0
158086,2061,5.0
158086,807,5.0
158086,403,5.0
158086,2116,5.0
158086,2017,5.0
158086,1031,5.0
158086,656,5.0
158086,1832,5.0
158086,2294,5.0
158086,10,5.0
158086,96,5.0
158086,693,5.0
158086,974,5.0
158086,1913,5.0
158086,303,5.0
158086,1008,5.0
158086,2430,4.0
158086,2052,5.0
158086,2428,5.0
158086,15,5.0
158086,2423,5.0
158086,2425,5.0
158086,1887,4.0
158086,14,5.0
158086,2436,5.0
158086,2526,5.0
246936,1257,5.0
246936,17,5.0
246936,669,5.0
246936,2452,5.0
246936,77,5.0
246936,152,4.0
246936,70,5.0
246936,658,5.0
246936,21,5.0
246936,1893,5.0
246936,2803,4.0
246936,1,5.0
246936,2469,5.0
246936,117,5.0
246936,2423,4.0
344087,1257,4.0
344087,25,5.0
344087,31,5.0
344087,290,5.0
344087,664,5.0
344087,658,5.0
344087,675,5.0
278578,1257,5.0
278578,1571,5.0
278578,660,5.0
278578,8,5.0
278578,2416,5.0
278578,3133,5.0
278578,3061,5.0
278578,2426,5.0
278578,1264,5.0
278578,2941,5.0
278578,658,5.0
278578,1888,5.0
278578,1674,5.0
278578,1557,5.0
278578,1930,4.0
278578,1,5.0
278578,1278,4.0
278578,656,3.0
278578,2622,5.0
278578,2417,5.0
278578,22,5.0
278578,2819,5.0
53932,1257,4.0
53932,1113,5.0
53932,201,5.0
53932,3355,5.0
53932,1971,4.0
53932,2556,5.0
53932,1988,3.0
53932,3344,5.0
53932,681,4.0
53932,509,5.0
53932,26,5.0
53932,3321,5.0
53932,512,5.0
53932,50,5.0
53932,2507,5.0
53932,2224,4.0
53932,1901,4.0
53932,659,5.0
53932,1271,4.0
53932,230,5.0
53932,20,4.0
53932,802,4.0
53932,3061,4.0
53932,52,5.0
53932,1275,5.0
53932,1263,4.0
53932,73,5.0
53932,1256,5.0
53932,157,5.0
53932,3162,5.0
53932,2764,5.0
53932,3047,4.0
53932,804,5.0
53932,1422,5.0
53932,2630,5.0
53932,116,5.0
53932,38,0.0
53932,1986,5.0
53932,3199,5.0
53932,2290,4.0
53932,48,5.0
53932,1902,4.0
53932,1885,5.0
53932,194,5.0
53932,1903,4.0
53932,11,4.0
53932,332,4.0
53932,2152,4.0
53932,301,4.0
53932,1023,5.0
53932,141,4.0
53932,3081,5.0
53932,1086,5.0
53932,2172,5.0
53932,61,5.0
53932,3,5.0
53932,1920,5.0
53932,922,4.0
53932,793,5.0
53932,3069,4.0
53932,93,4.0
53932,3148,5.0
53932,1267,5.0
53932,2528,5.0
53932,96,5.0
53932,1295,4.0
53932,1260,5.0
53932,2815,5.0
53932,2797,4.0
53932,1958,5.0
53932,1926,5.0
53932,510,5.0
53932,1887,5.0
53932,302,5.0
53932,235,5.0
302094,1257,4.0
302094,114,5.0
302094,2830,5.0
302094,2625,5.0
302094,94,5.0
302094,2438,5.0
302094,2098,5.0
302094,2039,4.0
302094,2012,4.0
302094,2415,5.0
302094,396,5.0
302094,2442,5.0
302094,2715,5.0
302094,49,5.0
302094,2509,5.0
302094,2534,5.0
302094,10,4.0
302094,185,4.0
302094,1926,5.0
185293,1257,5.0
185293,747,5.0
185293,221,4.0
185293,122,5.0
185293,2799,5.0
185293,2650,5.0
185293,33,5.0
185293,658,4.0
185293,1266,5.0
185293,2432,5.0
185293,1902,4.0
185293,2569,5.0
185293,1909,5.0
185293,1,5.0
185293,668,5.0
185293,250,5.0
185293,187,4.0
185293,10,5.0
185293,3149,5.0
185293,1370,5.0
125388,1257,4.0
125388,133,5.0
125388,221,5.0
125388,1886,5.0
125388,2058,5.0
125388,511,5.0
125388,2189,5.0
125388,2619,5.0
125388,2670,5.0
125388,2830,5.0
125388,2772,5.0
125388,2437,5.0
125388,729,4.0
125388,393,4.0
125388,136,5.0
125388,2792,5.0
125388,2057,5.0
125388,2553,5.0
125388,84,4.0
125388,847,5.0
125388,2627,5.0
125388,314,5.0
125388,33,5.0
125388,2480,5.0
125388,46,4.0
125388,79,5.0
125388,2580,5.0
125388,670,5.0
125388,1888,5.0
125388,2568,5.0
125388,1885,5.0
125388,171,5.0
125388,2366,5.0
125388,53,5.0
125388,3115,5.0
125388,2685,5.0
125388,428,4.0
125388,202,5.0
125388,3,5.0
125388,2317,5.0
125388,1889,5.0
125388,143,5.0
125388,69,1.0
125388,210,5.0
125388,668,5.0
125388,1989,5.0
125388,187,5.0
125388,2076,5.0
125388,264,5.0
125388,212,5.0
125388,556,5.0
125388,10,4.0
125388,96,5.0
125388,2196,5.0
125388,150,5.0
125388,1896,5.0
125388,519,5.0
125388,1914,4.0
125388,2510,5.0
125388,2119,5.0
125388,425,5.0
125388,1900,4.0
125388,1347,5.0
358796,1257,3.0
358796,2419,5.0
358796,1810,4.0
358796,7,3.0
358796,3066,5.0
358796,2420,5.0
358796,756,5.0
358796,2547,5.0
358796,2434,4.0
358796,2438,5.0
358796,663,3.0
358796,1967,4.0
358796,1256,5.0
358796,3342,5.0
358796,1613,4.0
358796,3196,5.0
358796,664,4.0
358796,2471,5.0
358796,2415,4.0
358796,1003,5.0
358796,581,5.0
358796,1890,5.0
358796,300,4.0
358796,2752,4.0
358796,2646,5.0
358796,2451,4.0
358796,210,5.0
358796,325,4.0
358796,2815,5.0
358796,2450,3.0
358796,2430,5.0
358796,1923,5.0
307214,1257,5.0
307214,142,5.0
307214,1886,5.0
307214,2029,5.0
307214,6,4.0
307214,1271,5.0
307214,28,5.0
307214,1967,4.0
307214,287,5.0
307214,83,5.0
307214,2368,5.0
307214,19,4.0
307214,2449,5.0
307214,259,5.0
307214,2239,5.0
307214,2311,4.0
307214,445,5.0
307214,1832,0.0
307214,2417,5.0
307214,831,5.0
307214,962,5.0
307214,247,5.0
57222,1257,4.0
57222,275,5.0
57222,1600,0.0
57222,976,4.0
57222,1559,4.0
57222,17,5.0
57222,1259,4.0
57222,239,5.0
57222,1996,5.0
57222,1568,4.0
57222,1886,5.0
57222,1261,4.0
57222,1561,5.0
57222,3165,5.0
57222,1793,5.0
57222,2822,4.0
57222,165,5.0
57222,148,5.0
57222,1264,4.0
57222,1744,4.0
57222,2217,5.0
57222,1808,4.0
57222,1570,4.0
57222,19,4.0
57222,2097,4.0
57222,2948,4.0
57222,338,5.0
57222,2575,4.0
57222,2002,5.0
57222,1767,5.0
57222,2907,5.0
57222,245,4.0
57222,210,4.0
57222,34,4.0
57222,1660,4.0
57222,1553,4.0
57222,1551,4.0
57222,2944,4.0
57222,2819,4.0
57222,1592,3.0
57222,1537,0.0
57222,3149,5.0
57222,1539,4.0
299849,1257,5.0
299849,378,5.0
299849,961,5.0
299849,1295,5.0
299849,1260,5.0
299849,2423,5.0
176843,1257,5.0
176843,703,5.0
176843,1905,5.0
176843,2415,5.0
176843,1986,5.0
176843,15,5.0
129992,1257,4.0
129992,2486,5.0
129992,1868,5.0
129992,52,5.0
129992,587,3.0
129992,1256,5.0
129992,46,4.0
129992,1902,5.0
129992,1885,4.0
129992,1,5.0
129992,1536,4.0
129992,2589,4.0
129992,527,5.0
236170,1257,4.0
236170,2466,5.0
236170,37,5.0
236170,2419,5.0
236170,31,4.0
236170,2586,4.0
236170,52,5.0
236170,2418,5.0
236170,70,5.0
236170,2422,5.0
236170,2415,5.0
236170,23,5.0
236170,2711,5.0
236170,15,5.0
236170,2425,5.0
331557,1257,3.0
331557,1548,5.0
331557,983,5.0
331557,660,4.0
331557,2827,5.0
331557,509,3.0
331557,2511,4.0
331557,2498,4.0
331557,1585,4.0
331557,3321,5.0
331557,136,4.0
331557,1544,4.0
331557,3061,4.0
331557,1263,4.0
331557,1532,4.0
331557,664,4.0
331557,2578,5.0
331557,658,4.0
331557,2561,5.0
331557,149,5.0
331557,1555,5.0
331557,823,5.0
331557,2366,4.0
331557,1,3.0
331557,3076,4.0
331557,1542,3.0
331557,2311,4.0
331557,101,4.0
331557,2445,5.0
331557,2084,3.0
331557,656,4.0
331557,1160,4.0
331557,1558,4.0
331557,962,5.0
331557,62,5.0
331557,1627,5.0
331557,1887,3.0
331557,123,5.0
49168,1257,5.0
49168,2,5.0
49168,658,5.0
49168,38,5.0
49168,126,5.0
49168,29,5.0
49168,1915,5.0
137911,1257,5.0
137911,1971,5.0
137911,1202,4.0
137911,2138,4.0
137911,58,4.0
137911,716,5.0
137911,890,4.0
137911,2179,5.0
137911,871,5.0
137911,1263,5.0
137911,2096,5.0
137911,273,5.0
137911,658,5.0
137911,2548,5.0
137911,1903,5.0
137911,376,4.0
137911,2282,5.0
137911,256,5.0
137911,1562,5.0
137911,192,5.0
137911,656,5.0
137911,545,5.0
137911,2484,4.0
137911,10,5.0
137911,325,3.0
137911,2430,5.0
137911,1923,4.0
369747,1257,5.0
369747,1886,5.0
369747,6,5.0
369747,658,5.0
369747,119,4.0
295741,1257,3.0
295741,2456,4.0
295741,16,5.0
295741,95,4.0
295741,1256,5.0
295741,1915,3.0
295741,656,4.0
295741,2417,3.0
221044,1257,4.0
221044,146,5.0
221044,1016,5.0
221044,1899,5.0
221044,16,5.0
221044,2465,5.0
221044,1890,5.0
221044,1,5.0
221044,2520,5.0
180898,1257,4.0
180898,721,5.0
180898,3168,5.0
180898,352,5.0
180898,77,5.0
180898,2137,5.0
180898,736,5.0
180898,2670,4.0
180898,584,5.0
180898,2829,5.0
180898,238,5.0
180898,2124,4.0
180898,2068,5.0
180898,3330,5.0
180898,524,5.0
180898,175,5.0
180898,1939,5.0
180898,13,5.0
180898,1022,4.0
180898,664,2.0
180898,19,5.0
180898,2820,5.0
180898,452,5.0
180898,766,3.0
180898,163,5.0
180898,1989,5.0
180898,34,3.0
180898,656,3.0
180898,472,4.0
180898,676,5.0
180898,2461,5.0
180898,831,5.0
180898,2200,5.0
180898,265,4.0
180898,44,4.0
180898,4,5.0
180898,14,5.0
491791,1257,5.0
491791,1885,5.0
491791,3039,5.0
491791,668,5.0
488244,1257,5.0
488244,59,4.0
488244,2437,4.0
488244,207,3.0
488244,1893,5.0
242809,1257,5.0
242809,1971,5.0
242809,2285,2.0
242809,99,5.0
242809,659,4.0
242809,2159,5.0
242809,3077,5.0
242809,2379,5.0
242809,1532,5.0
242809,670,5.0
242809,51,5.0
242809,2383,5.0
242809,779,5.0
242809,3,4.0
242809,2375,4.0
242809,1900,4.0
270514,1257,4.0
270514,2827,5.0
270514,2506,5.0
270514,470,4.0
270514,13,4.0
270514,43,4.0
270514,274,5.0
465659,1257,4.0
465659,983,5.0
465659,2285,5.0
465659,1598,5.0
465659,132,5.0
465659,2426,5.0
465659,2418,5.0
465659,3159,5.0
465659,2424,5.0
465659,3146,5.0
465659,103,5.0
465659,2441,5.0
465659,10,5.0
465659,2423,5.0
457907,1257,5.0
457907,664,5.0
457907,202,5.0
457907,661,5.0
457907,3,5.0
457907,2252,4.0
457907,2451,5.0
457907,709,5.0
457907,35,5.0
457907,2186,4.0
457907,65,5.0
457907,657,5.0
457907,1896,5.0
250835,1257,3.0
250835,2225,5.0
250835,320,5.0
250835,2436,3.0
55773,1257,5.0
55773,28,5.0
55773,176,5.0
55773,76,4.0
55773,27,4.0
55773,1260,5.0
55773,330,5.0
183817,1257,4.0
183817,1173,0.0
183817,1906,5.0
183817,2991,5.0
183817,596,5.0
183817,1905,5.0
183817,1947,5.0
183817,2022,5.0
183817,256,5.0
183817,3180,5.0
183817,2001,4.0
183817,3149,5.0
539990,1257,5.0
539990,2486,5.0
539990,1256,5.0
539990,2620,5.0
539990,2471,5.0
539990,2171,5.0
539990,74,5.0
539990,1896,5.0
539990,123,5.0
174941,1257,5.0
174941,2605,4.0
174941,5,5.0
174941,572,5.0
174941,1887,5.0
497077,1257,5.0
497077,512,5.0
497077,2492,4.0
497077,139,5.0
497077,424,5.0
497077,2438,5.0
497077,1256,5.0
497077,658,5.0
497077,1262,5.0
497077,1396,5.0
497077,1296,5.0
497077,1910,5.0
497077,973,5.0
497077,2423,4.0
552839,1257,2.0
552839,1,5.0
552839,1896,5.0
552839,100,5.0
241140,1257,5.0
241140,660,5.0
241140,2531,5.0
241140,3147,5.0
241140,3061,5.0
241140,211,3.0
241140,1159,5.0
241140,1970,5.0
241140,1834,5.0
241140,61,5.0
241140,1832,5.0
312577,1257,5.0
312577,3257,5.0
312577,7,5.0
312577,2486,5.0
312577,520,4.0
312577,228,5.0
312577,167,5.0
312577,1901,5.0
312577,1911,5.0
312577,177,5.0
312577,188,5.0
312577,802,5.0
312577,2212,5.0
312577,211,5.0
312577,2438,5.0
312577,663,5.0
312577,12,5.0
312577,432,5.0
312577,33,5.0
312577,1256,5.0
312577,687,5.0
312577,2632,5.0
312577,2471,5.0
312577,41,5.0
312577,1905,5.0
312577,774,5.0
312577,1990,5.0
312577,2513,5.0
312577,2487,5.0
312577,3170,5.0
312577,926,5.0
312577,3160,5.0
312577,3,5.0
312577,2441,5.0
312577,682,5.0
312577,3148,5.0
312577,74,5.0
312577,30,5.0
312577,657,5.0
312577,42,5.0
312577,1887,5.0
312577,2496,5.0
312577,662,5.0
312577,2436,5.0
312577,2526,5.0
311566,1257,5.0
311566,1016,5.0
311566,170,5.0
311566,1936,5.0
311566,2439,5.0
311566,2013,5.0
311566,260,5.0
311566,2,4.0
311566,21,4.0
311566,2424,5.0
311566,171,4.0
311566,2449,5.0
311566,1912,5.0
311566,102,5.0
311566,428,5.0
311566,1897,5.0
311566,1900,4.0
651269,1257,5.0
651269,329,5.0
651269,1934,4.0
651269,2041,5.0
555701,1257,4.0
555701,659,5.0
555701,3,5.0
555701,656,5.0
555701,2705,5.0
180090,1257,5.0
180090,2427,5.0
180090,660,5.0
180090,743,5.0
180090,1886,5.0
180090,2447,5.0
180090,7,5.0
180090,509,4.0
180090,2416,5.0
180090,2650,5.0
180090,2285,5.0
180090,91,4.0
180090,2,4.0
180090,871,3.0
180090,2536,5.0
180090,2674,5.0
180090,1256,5.0
180090,2763,5.0
180090,134,5.0
180090,2483,4.0
180090,1888,5.0
180090,970,5.0
180090,2424,4.0
180090,1885,5.0
180090,1890,5.0
180090,3160,5.0
180090,2272,5.0
180090,1,5.0
180090,2491,5.0
180090,3,5.0
180090,667,4.0
180090,811,5.0
180090,2484,5.0
180090,85,5.0
180090,10,5.0
180090,2705,5.0
180090,2276,5.0
180090,112,5.0
180090,2423,5.0
180090,312,4.0
180090,2001,5.0
180090,123,5.0
180090,2436,5.0
409812,1257,3.0
409812,1531,4.0
409812,254,2.0
409812,1933,1.0
409812,1551,4.0
409812,78,3.0
286851,1257,4.0
286851,17,3.0
286851,1924,5.0
286851,36,4.0
286851,7,5.0
286851,2285,4.0
286851,32,3.0
286851,28,4.0
286851,2,4.0
286851,236,5.0
286851,13,5.0
286851,707,4.0
286851,658,4.0
286851,2424,4.0
286851,661,2.0
286851,3,5.0
286851,2451,4.0
286851,10,3.0
286851,2428,5.0
286851,1892,4.0
316136,1257,4.0
316136,12,5.0
316136,18,5.0
316136,15,4.0
185285,1257,5.0
185285,1058,5.0
185285,17,5.0
185285,2523,5.0
185285,2827,5.0
185285,1440,5.0
185285,1960,3.0
185285,1001,5.0
185285,7,5.0
185285,50,5.0
185285,2086,5.0
185285,16,5.0
185285,240,5.0
185285,2507,5.0
185285,196,4.0
185285,599,5.0
185285,13,4.0
185285,68,5.0
185285,1916,5.0
185285,63,5.0
185285,2111,5.0
185285,2424,5.0
185285,1885,5.0
185285,978,5.0
185285,2022,5.0
185285,2152,5.0
185285,1,5.0
185285,2812,5.0
185285,371,5.0
185285,3,5.0
185285,2206,5.0
185285,39,4.0
185285,2118,5.0
185285,2428,5.0
185285,112,5.0
185285,3194,5.0
185285,123,5.0
604324,1257,5.0
604324,9,5.0
604324,16,5.0
604324,29,5.0
718016,1257,4.0
718016,2416,4.0
718016,2354,5.0
718016,3154,5.0
231612,1257,4.0
231612,2073,5.0
231612,2059,5.0
231612,3252,5.0
399474,1257,4.0
399474,36,3.0
399474,2439,5.0
399474,2285,5.0
399474,32,5.0
399474,63,5.0
399474,21,3.0
399474,19,3.0
399474,29,4.0
399474,2675,3.0
399474,321,5.0
399474,10,5.0
399474,42,5.0
399474,1892,5.0
740247,1257,5.0
740247,1159,5.0
740247,30,5.0
740247,2484,5.0
358095,1257,4.0
358095,1534,3.0
358095,1894,5.0
358095,3343,4.0
358095,2821,5.0
358095,2952,5.0
358095,2824,5.0
358095,5,5.0
358095,3061,5.0
358095,2085,5.0
358095,3295,4.0
358095,2073,4.0
358095,19,5.0
358095,27,4.0
358095,3,5.0
358095,987,5.0
358095,1533,5.0
358095,2468,5.0
358095,128,5.0
358095,2042,5.0
358095,656,4.0
358095,733,5.0
358095,1537,3.0
358095,235,5.0
176615,1257,5.0
176615,55,5.0
176615,25,3.0
176615,2494,5.0
176615,133,5.0
176615,1927,5.0
176615,696,5.0
176615,2466,5.0
176615,89,5.0
176615,660,5.0
176615,1971,5.0
176615,36,4.0
176615,7,5.0
176615,2416,5.0
176615,2740,5.0
176615,2498,5.0
176615,2188,5.0
176615,1929,5.0
176615,238,5.0
176615,272,5.0
176615,2420,5.0
176615,91,5.0
176615,16,5.0
176615,207,5.0
176615,28,5.0
176615,20,5.0
176615,2245,5.0
176615,961,5.0
176615,789,5.0
176615,52,5.0
176615,94,5.0
176615,97,5.0
176615,2438,5.0
176615,2697,5.0
176615,390,5.0
176615,663,5.0
176615,12,5.0
176615,1940,5.0
176615,33,5.0
176615,1256,5.0
176615,2462,5.0
176615,2483,5.0
176615,1916,5.0
176615,2422,5.0
176615,658,5.0
176615,41,5.0
176615,269,5.0
176615,2372,5.0
176615,2616,5.0
176615,2393,5.0
176615,1947,5.0
176615,1959,5.0
176615,2681,5.0
176615,283,5.0
176615,1885,5.0
176615,2449,5.0
176615,1103,5.0
176615,184,5.0
176615,2105,5.0
176615,3160,5.0
176615,2504,5.0
176615,2429,5.0
176615,1,5.0
176615,2378,5.0
176615,86,5.0
176615,256,5.0
176615,3,5.0
176615,1920,5.0
176615,2031,5.0
176615,2642,5.0
176615,1897,5.0
176615,2459,5.0
176615,2661,5.0
176615,357,5.0
176615,69,5.0
176615,668,5.0
176615,2557,5.0
176615,30,5.0
176615,178,5.0
176615,2186,5.0
176615,85,5.0
176615,831,5.0
176615,10,5.0
176615,104,5.0
176615,1896,5.0
176615,1008,5.0
176615,928,5.0
176615,1958,5.0
176615,2088,5.0
176615,15,5.0
176615,1892,5.0
176615,2496,5.0
176615,2269,0.0
176615,1900,5.0
176615,14,5.0
176615,168,5.0
252570,1257,3.0
252570,1894,3.0
252570,512,3.0
252570,1928,4.0
252570,33,3.0
252570,1256,5.0
252570,2548,4.0
252570,2463,4.0
252570,2417,4.0
252570,1896,4.0
191533,1257,5.0
191533,1894,5.0
191533,1921,2.0
191533,146,5.0
191533,2058,4.0
191533,665,5.0
191533,2416,5.0
191533,2830,5.0
191533,691,2.0
191533,1898,5.0
191533,2433,5.0
191533,91,3.0
191533,32,5.0
191533,2,1.0
191533,20,0.0
191533,2435,5.0
191533,12,5.0
191533,206,5.0
191533,1606,3.0
191533,2422,4.0
191533,2217,5.0
191533,1365,3.0
191533,2054,4.0
191533,2442,5.0
191533,1888,4.0
191533,2424,4.0
191533,2817,0.0
191533,19,4.0
191533,1890,4.0
191533,11,3.0
191533,966,3.0
191533,349,5.0
191533,629,4.0
191533,3100,4.0
191533,661,5.0
191533,3,5.0
191533,2675,1.0
191533,666,4.0
191533,1538,3.0
191533,169,4.0
191533,2854,5.0
191533,2446,3.0
191533,10,5.0
191533,2444,5.0
191533,2655,5.0
191533,2404,0.0
191533,1998,5.0
191533,2482,5.0
191533,2430,4.0
191533,2475,5.0
191533,962,4.0
191533,1887,4.0
191533,1900,4.0
383853,1257,4.0
383853,2587,5.0
383853,456,5.0
383853,2218,4.0
383853,2553,3.0
383853,2,4.0
383853,97,4.0
383853,1263,5.0
383853,350,5.0
383853,2662,5.0
383853,2746,5.0
383853,1192,4.0
383853,1999,5.0
383853,18,4.0
383853,2520,5.0
383853,2451,4.0
383853,709,5.0
383853,123,5.0
837451,1257,5.0
837451,1833,5.0
837451,2855,5.0
837451,2045,5.0
837451,2416,5.0
837451,6,5.0
837451,2840,5.0
837451,20,5.0
837451,374,5.0
837451,1922,5.0
837451,409,5.0
837451,2815,5.0
889443,1257,5.0
889443,17,5.0
889443,32,5.0
889443,1888,3.0
889443,1930,5.0
889443,1153,5.0
889443,1887,5.0
310237,1257,5.0
310237,1322,5.0
310237,1319,5.0
310237,961,5.0
310237,1303,5.0
310237,2474,5.0
310237,656,5.0
310237,30,5.0
601528,1257,5.0
601528,25,3.0
601528,2494,4.0
601528,155,4.0
601528,2615,4.0
601528,344,5.0
601528,122,4.0
601528,106,4.0
601528,582,5.0
601528,1463,5.0
601528,969,4.0
601528,658,4.0
601528,306,5.0
601528,1902,3.0
601528,2951,5.0
601528,1704,3.0
601528,661,5.0
601528,2211,5.0
601528,10,3.0
601528,2657,4.0
601528,2496,4.0
601528,971,3.0
601528,123,4.0
738226,1257,3.0
738226,2772,3.0
738226,3208,4.0
738226,2542,4.0
738226,666,3.0
709541,1257,5.0
709541,660,5.0
709541,159,5.0
709541,679,5.0
709541,28,5.0
709541,2426,5.0
709541,211,5.0
709541,2480,5.0
709541,1932,5.0
709541,354,5.0
709541,2293,5.0
709541,2756,5.0
709541,2459,5.0
709541,2440,5.0
709541,1951,5.0
709541,662,5.0
251626,1257,4.0
251626,25,4.0
251626,1886,5.0
251626,1338,5.0
251626,1898,5.0
251626,2285,3.0
251626,1929,5.0
251626,16,5.0
251626,46,4.0
251626,1905,4.0
251626,508,5.0
251626,2172,5.0
251626,2417,5.0
713272,1257,3.0
713272,3342,4.0
713272,3161,5.0
713272,1890,4.0
713272,51,5.0
713272,2445,4.0
256795,1257,4.0
256795,2371,5.0
256795,201,5.0
256795,3344,4.0
256795,699,1.0
256795,915,3.0
256795,2068,5.0
256795,151,5.0
256795,2149,5.0
256795,3328,5.0
256795,534,5.0
256795,599,5.0
256795,1474,5.0
256795,3284,5.0
256795,1566,5.0
256795,663,5.0
256795,658,5.0
256795,2372,4.0
256795,2424,5.0
256795,1393,1.0
256795,1510,5.0
256795,141,0.0
256795,1,5.0
256795,2575,5.0
256795,950,5.0
256795,1920,5.0
256795,1889,5.0
256795,1573,5.0
256795,1538,5.0
256795,3188,4.0
256795,1620,5.0
256795,1295,5.0
256795,1564,5.0
256795,198,5.0
256795,510,5.0
256795,2526,5.0
440324,1257,5.0
440324,2945,5.0
440324,1121,5.0
440324,2821,5.0
440324,50,5.0
440324,2420,5.0
440324,136,5.0
440324,2149,5.0
440324,3061,5.0
440324,2541,5.0
440324,1025,5.0
440324,2912,5.0
440324,2073,5.0
440324,73,5.0
440324,354,4.0
440324,3139,5.0
440324,1360,5.0
440324,1890,5.0
440324,53,5.0
440324,2746,5.0
440324,2977,4.0
440324,1200,5.0
440324,1165,5.0
440324,2935,5.0
440324,963,5.0
440324,1933,5.0
440324,1398,5.0
440324,1946,5.0
440324,605,5.0
440324,1839,5.0
440324,1260,5.0
440324,117,5.0
440324,1910,5.0
440324,2808,5.0
1041450,1257,5.0
1041450,2216,5.0
1041450,1544,5.0
1041450,1930,5.0
1041450,297,4.0
340570,1257,5.0
340570,20,4.0
340570,1602,3.0
340570,3156,3.0
477411,1257,5.0
477411,1895,5.0
477411,746,0.0
477411,739,5.0
477411,1676,4.0
477411,689,5.0
477411,2465,5.0
477411,2834,5.0
477411,3146,5.0
477411,2194,5.0
477411,604,5.0
477411,2084,5.0
477411,559,5.0
572152,1257,5.0
572152,660,5.0
572152,1568,5.0
572152,1157,5.0
572152,1917,4.0
572152,1906,5.0
572152,1991,4.0
572152,94,5.0
572152,1154,4.0
572152,2563,3.0
572152,1909,4.0
572152,3154,5.0
572152,2820,5.0
572152,1956,5.0
572152,1276,0.0
572152,1915,5.0
572152,3,4.0
572152,2443,5.0
572152,143,5.0
572152,2306,5.0
572152,1438,3.0
572152,945,5.0
572152,2496,4.0
572152,14,5.0
572152,2436,3.0
170628,1257,5.0
170628,1258,5.0
170628,224,5.0
170628,1531,5.0
170628,2137,5.0
170628,31,5.0
170628,5,5.0
170628,2418,4.0
170628,149,3.0
170628,1778,5.0
170628,2432,5.0
170628,516,5.0
170628,1885,5.0
170628,2031,4.0
170628,2144,5.0
170628,143,5.0
170628,1477,4.0
170628,1278,5.0
170628,1887,5.0
170628,168,5.0
185926,1257,4.0
185926,1600,5.0
185926,1308,5.0
185926,983,4.0
185926,89,5.0
185926,1259,5.0
185926,2289,4.0
185926,2959,5.0
185926,2953,5.0
185926,3321,5.0
185926,3147,5.0
185926,2285,5.0
185926,1814,5.0
185926,426,5.0
185926,1969,5.0
185926,2754,4.0
185926,3171,5.0
185926,2824,3.0
185926,2179,5.0
185926,404,5.0
185926,2434,5.0
185926,513,4.0
185926,663,5.0
185926,73,4.0
185926,13,5.0
185926,1264,5.0
185926,687,4.0
185926,3161,4.0
185926,2937,4.0
185926,2326,5.0
185926,1813,2.0
185926,38,4.0
185926,1948,5.0
185926,978,5.0
185926,431,5.0
185926,61,4.0
185926,2323,4.0
185926,951,4.0
185926,1889,5.0
185926,3069,4.0
185926,128,4.0
185926,676,5.0
185926,2404,5.0
185926,23,5.0
185926,544,5.0
185926,451,5.0
185926,1021,4.0
185926,235,5.0
303446,1257,4.0
303446,2431,5.0
303446,2285,5.0
303446,33,4.0
303446,2512,5.0
303446,65,5.0
992845,1257,5.0
992845,1308,3.0
992845,2497,5.0
992845,8,3.0
992845,1157,5.0
992845,2505,4.0
992845,1242,5.0
992845,2110,3.0
992845,52,3.0
992845,2850,5.0
992845,528,5.0
992845,3035,4.0
992845,11,5.0
992845,1615,4.0
992845,863,4.0
992845,2484,2.0
992845,1558,5.0
992845,2815,3.0
992845,962,5.0
992845,1537,5.0
544754,1257,5.0
544754,28,3.0
544754,953,4.0
544754,1956,5.0
544754,731,5.0
544754,2287,4.0
607820,1257,5.0
607820,64,5.0
607820,16,5.0
607820,2525,4.0
607820,314,5.0
607820,2764,5.0
607820,38,4.0
607820,1192,5.0
607820,661,5.0
607820,2443,5.0
607820,1591,4.0
593726,1257,5.0
593726,1894,5.0
593726,17,4.0
593726,7,5.0
593726,196,5.0
593726,3061,5.0
593726,2426,4.0
593726,226,4.0
593726,2152,5.0
593726,403,4.0
593726,22,5.0
593726,44,4.0
124945,1257,5.0
124945,9,4.0
124945,2572,5.0
124945,250,5.0
124945,1151,4.0
124945,4,5.0
13483,1257,5.0
13483,335,5.0
13483,1810,5.0
13483,36,5.0
13483,7,5.0
13483,1292,5.0
13483,8,5.0
13483,2836,5.0
13483,512,5.0
13483,699,5.0
13483,50,5.0
13483,2285,5.0
13483,1928,5.0
13483,58,5.0
13483,2700,5.0
13483,781,5.0
13483,230,5.0
13483,181,5.0
13483,2,5.0
13483,2971,5.0
13483,2535,5.0
13483,52,5.0
13483,1543,5.0
13483,523,5.0
13483,75,5.0
13483,1143,4.0
13483,1590,5.0
13483,2367,4.0
13483,3285,5.0
13483,1280,4.0
13483,701,5.0
13483,2512,4.0
13483,2368,5.0
13483,1262,5.0
13483,2424,5.0
13483,1550,5.0
13483,2366,5.0
13483,727,5.0
13483,11,5.0
13483,2487,5.0
13483,2687,5.0
13483,3062,4.0
13483,1541,5.0
13483,3,5.0
13483,327,5.0
13483,210,5.0
13483,992,4.0
13483,1575,4.0
13483,2067,4.0
13483,3149,5.0
579298,1257,4.0
579298,55,5.0
579298,2106,1.0
579298,1531,5.0
579298,2477,4.0
579298,2291,4.0
579298,114,5.0
579298,2129,5.0
579298,1261,4.0
579298,8,5.0
579298,2125,2.0
579298,1899,4.0
579298,2410,5.0
579298,32,5.0
579298,1544,2.0
579298,2,3.0
579298,2142,5.0
579298,2438,5.0
579298,663,5.0
579298,3159,3.0
579298,2937,4.0
579298,63,3.0
579298,21,2.0
579298,1885,5.0
579298,1909,5.0
579298,1604,5.0
579298,11,5.0
579298,3146,4.0
579298,1,5.0
579298,1536,5.0
579298,963,5.0
579298,430,5.0
579298,1533,4.0
579298,656,5.0
579298,2939,3.0
579298,974,3.0
579298,117,5.0
350750,1257,5.0
350750,370,5.0
350750,64,5.0
350750,509,5.0
350750,2416,5.0
350750,26,0.0
350750,91,5.0
350750,16,5.0
350750,2547,5.0
350750,2535,5.0
350750,2632,5.0
350750,2415,5.0
350750,292,4.0
350750,367,5.0
350750,126,5.0
350750,389,5.0
350750,3,5.0
350750,1935,5.0
350750,2446,5.0
350750,740,4.0
350750,119,5.0
350750,1900,5.0
1331434,1257,4.0
1331434,7,5.0
1331434,5,5.0
1331434,212,3.0
1331434,2417,3.0
1331434,962,4.0
1331434,4,3.0
637486,1257,5.0
637486,1924,5.0
637486,2434,5.0
637486,2503,5.0
637486,13,5.0
637486,1266,3.0
637486,11,4.0
637486,2441,4.0
637486,62,5.0
140132,1257,5.0
140132,1534,5.0
140132,1258,5.0
140132,9,5.0
140132,55,5.0
140132,25,5.0
140132,2427,5.0
140132,1833,4.0
140132,1921,4.0
140132,133,5.0
140132,1891,5.0
140132,131,5.0
140132,304,5.0
140132,1927,5.0
140132,1840,4.0
140132,17,5.0
140132,1531,5.0
140132,90,5.0
140132,660,5.0
140132,3168,5.0
140132,1895,5.0
140132,1904,5.0
140132,669,5.0
140132,114,5.0
140132,71,5.0
140132,221,5.0
140132,218,5.0
140132,965,4.0
140132,2419,5.0
140132,1886,5.0
140132,2431,5.0
140132,77,5.0
140132,64,5.0
140132,154,5.0
140132,2602,5.0
140132,36,5.0
140132,2456,5.0
140132,1261,5.0
140132,2447,4.0
140132,7,5.0
140132,509,5.0
140132,1164,5.0
140132,2416,5.0
140132,1936,4.0
140132,2439,5.0
140132,353,5.0
140132,31,4.0
140132,174,5.0
140132,59,5.0
140132,26,5.0
140132,3321,5.0
140132,1984,5.0
140132,512,4.0
140132,3147,5.0
140132,1898,4.0
140132,286,5.0
140132,2285,4.0
140132,1929,4.0
140132,2492,5.0
140132,1917,5.0
140132,2433,3.0
140132,2420,4.0
140132,698,5.0
140132,2437,5.0
140132,6,5.0
140132,16,5.0
140132,1961,5.0
140132,67,5.0
140132,2286,5.0
140132,32,5.0
140132,1974,5.0
140132,3063,5.0
140132,207,5.0
140132,58,5.0
140132,1901,5.0
140132,2453,5.0
140132,200,4.0
140132,659,5.0
140132,2353,5.0
140132,5,5.0
140132,72,5.0
140132,28,4.0
140132,2,5.0
140132,20,4.0
140132,1911,5.0
140132,1939,5.0
140132,3061,5.0
140132,3067,5.0
140132,84,5.0
140132,961,4.0
140132,52,4.0
140132,197,5.0
140132,2434,5.0
140132,2426,5.0
140132,152,5.0
140132,2418,5.0
140132,211,5.0
140132,2438,5.0
140132,258,5.0
140132,1263,5.0
140132,697,4.0
140132,40,5.0
140132,663,5.0
140132,12,5.0
140132,33,5.0
140132,172,5.0
140132,2302,5.0
140132,1256,5.0
140132,13,5.0
140132,46,4.0
140132,1264,4.0
140132,1932,5.0
140132,1941,4.0
140132,137,5.0
140132,3342,5.0
140132,206,5.0
140132,79,5.0
140132,1970,5.0
140132,157,5.0
140132,70,5.0
140132,75,4.0
140132,664,5.0
140132,1916,5.0
140132,707,5.0
140132,43,4.0
140132,111,5.0
140132,2422,5.0
140132,2367,5.0
140132,658,5.0
140132,21,5.0
140132,670,5.0
140132,2500,5.0
140132,41,5.0
140132,2415,4.0
140132,116,5.0
140132,233,5.0
140132,678,3.0
140132,2563,5.0
140132,2288,5.0
140132,1893,5.0
140132,2442,5.0
140132,38,5.0
140132,1949,5.0
140132,2512,5.0
140132,2117,5.0
140132,508,5.0
140132,2432,5.0
140132,249,4.0
140132,1262,5.0
140132,2424,5.0
140132,686,4.0
140132,19,5.0
140132,374,5.0
140132,677,5.0
140132,54,5.0
140132,189,4.0
140132,2366,5.0
140132,76,4.0
140132,1903,4.0
140132,11,5.0
140132,704,5.0
140132,1152,4.0
140132,2030,5.0
140132,110,5.0
140132,3146,5.0
140132,53,5.0
140132,141,4.0
140132,2429,5.0
140132,1,5.0
140132,526,4.0
140132,86,5.0
140132,968,4.0
140132,29,5.0
140132,415,4.0
140132,105,4.0
140132,371,5.0
140132,61,5.0
140132,300,5.0
140132,27,5.0
140132,1562,5.0
140132,661,5.0
140132,3,5.0
140132,1889,5.0
140132,18,5.0
140132,47,5.0
140132,192,5.0
140132,180,4.0
140132,2443,5.0
140132,2441,5.0
140132,420,5.0
140132,401,5.0
140132,49,5.0
140132,667,5.0
140132,1897,4.0
140132,963,5.0
140132,39,4.0
140132,3086,5.0
140132,1533,4.0
140132,1171,5.0
140132,143,5.0
140132,93,5.0
140132,403,5.0
140132,45,5.0
140132,69,4.0
140132,668,5.0
140132,195,4.0
140132,187,5.0
140132,515,5.0
140132,673,5.0
140132,74,4.0
140132,1151,5.0
140132,2474,4.0
140132,656,5.0
140132,541,5.0
140132,30,5.0
140132,2421,5.0
140132,35,5.0
140132,1832,5.0
140132,246,5.0
140132,2295,5.0
140132,2559,5.0
140132,2446,5.0
140132,261,4.0
140132,2417,4.0
140132,10,5.0
140132,96,4.0
140132,2440,5.0
140132,2939,5.0
140132,657,3.0
140132,1153,5.0
140132,2404,5.0
140132,964,5.0
140132,1913,4.0
140132,1260,4.0
140132,675,3.0
140132,22,4.0
140132,1896,5.0
140132,2815,5.0
140132,108,4.0
140132,23,5.0
140132,2430,5.0
140132,81,5.0
140132,1907,5.0
140132,962,5.0
140132,62,5.0
140132,3158,5.0
140132,120,5.0
140132,1910,5.0
140132,322,5.0
140132,78,4.0
140132,44,4.0
140132,2428,5.0
140132,4,5.0
140132,15,4.0
140132,2423,5.0
140132,1892,4.0
140132,2425,5.0
140132,510,5.0
140132,1887,5.0
140132,24,5.0
140132,119,5.0
140132,302,5.0
140132,1900,3.0
140132,113,5.0
140132,662,5.0
140132,14,5.0
140132,345,5.0
140132,2436,4.0
280716,1257,4.0
280716,1531,5.0
280716,659,5.0
280716,2529,5.0
280716,1256,5.0
280716,13,4.0
280716,3342,5.0
280716,1622,5.0
280716,2421,5.0
280716,657,5.0
280716,2423,5.0
280716,1887,5.0
1230562,1257,4.0
1230562,2367,5.0
1230562,1188,4.0
1230562,2688,4.0
1230562,105,4.0
1230562,2451,4.0
1230562,187,4.0
1230562,232,4.0
1244621,1257,4.0
1244621,17,3.0
1244621,221,5.0
1244621,1886,5.0
1244621,7,4.0
1244621,32,5.0
1244621,659,5.0
1244621,2426,5.0
1244621,270,5.0
1244621,1970,5.0
1244621,2483,4.0
1244621,126,5.0
1244621,127,5.0
1244621,178,5.0
1244621,2446,5.0
1329782,1257,0.0
1329782,1833,5.0
1329782,89,5.0
1329782,418,5.0
1329782,106,2.0
1329782,2994,5.0
1329782,2435,5.0
1329782,658,4.0
1329782,1013,5.0
1329782,657,4.0
1329782,14,5.0
790231,1257,4.0
790231,1321,5.0
790231,840,5.0
790231,346,5.0
790231,3185,5.0
790231,3086,5.0
790231,10,5.0
790231,4,5.0
790231,1944,5.0
269331,1257,5.0
269331,2004,5.0
269331,1894,5.0
269331,17,5.0
269331,277,4.0
269331,2419,5.0
269331,2827,0.0
269331,1938,5.0
269331,2486,5.0
269331,139,5.0
269331,1911,5.0
269331,209,5.0
269331,2143,5.0
269331,2434,5.0
269331,211,5.0
269331,1263,5.0
269331,1940,5.0
269331,1182,5.0
269331,1888,5.0
269331,2290,5.0
269331,48,5.0
269331,1028,5.0
269331,328,5.0
269331,1293,5.0
269331,2007,5.0
269331,1909,5.0
269331,769,5.0
269331,2635,5.0
269331,397,5.0
269331,27,5.0
269331,1908,5.0
269331,49,5.0
269331,1538,4.0
269331,1151,5.0
269331,2421,5.0
269331,2417,5.0
269331,96,5.0
269331,22,5.0
269331,358,5.0
269331,4,5.0
269331,1887,5.0
269331,1944,5.0
736607,1257,5.0
736607,17,5.0
736607,353,5.0
736607,13,5.0
736607,2504,5.0
736607,61,5.0
736607,247,5.0
847160,1257,3.0
847160,17,3.0
847160,553,2.0
847160,3101,1.0
847160,1895,4.0
847160,616,3.0
847160,7,4.0
847160,2821,4.0
847160,2109,4.0
847160,1561,2.0
847160,2433,4.0
847160,1911,5.0
847160,543,5.0
847160,2111,5.0
847160,11,2.0
847160,526,3.0
847160,968,5.0
847160,1915,4.0
847160,1908,3.0
847160,668,4.0
847160,2816,3.0
847160,2815,5.0
847160,3155,5.0
847160,2425,3.0
847160,537,1.0
847160,235,3.0
663997,1257,5.0
663997,9,5.0
663997,17,5.0
663997,2079,4.0
663997,2420,5.0
663997,455,4.0
663997,3342,5.0
663997,2527,4.0
663997,2662,3.0
663997,2367,4.0
663997,354,5.0
663997,2825,5.0
663997,1262,4.0
663997,19,4.0
663997,1612,3.0
663997,1541,5.0
663997,3166,5.0
663997,1542,4.0
663997,414,5.0
663997,2585,5.0
663997,2646,3.0
663997,1935,4.0
663997,337,5.0
663997,2307,4.0
663997,657,4.0
663997,897,5.0
663997,1910,4.0
663997,1892,5.0
663997,1539,5.0
76951,1257,5.0
76951,222,5.0
76951,2457,5.0
76951,2554,4.0
76951,2439,5.0
76951,2285,5.0
76951,398,4.0
76951,2218,4.0
76951,2582,5.0
76951,52,5.0
76951,2665,5.0
76951,2096,5.0
76951,41,5.0
76951,1888,5.0
76951,508,5.0
76951,2195,5.0
76951,2429,4.0
76951,1,5.0
76951,968,5.0
76951,661,4.0
76951,1942,3.0
76951,60,3.0
76951,297,5.0
76951,2200,5.0
76951,14,5.0
118840,1257,5.0
118840,979,4.0
118840,251,5.0
118840,91,4.0
118840,3063,5.0
118840,687,5.0
118840,658,4.0
118840,2011,5.0
118840,1226,5.0
118840,2111,5.0
118840,953,5.0
118840,1296,4.0
118840,2734,0.0
118840,2382,3.0
118840,49,4.0
118840,10,5.0
118840,1887,5.0
1298826,1257,4.0
1298826,1534,4.0
1298826,1154,5.0
1298826,137,5.0
1298826,2467,5.0
1298826,1944,0.0
1019163,1257,4.0
1019163,1534,4.0
1019163,1606,4.0
1019163,3170,5.0
375186,1257,5.0
375186,1531,4.0
375186,2433,5.0
375186,3364,4.0
375186,1274,4.0
375186,663,4.0
375186,2424,5.0
375186,2445,5.0
375186,519,0.0
305869,1257,5.0
305869,665,5.0
305869,2007,5.0
305869,1832,5.0
1821704,1257,1.0
1821704,3061,3.0
1821704,2823,5.0
1821704,3062,5.0
1821704,2377,0.0
705795,1257,5.0
705795,2519,5.0
705795,1889,5.0
705795,18,5.0
705795,60,5.0
705795,42,5.0
655199,1257,4.0
655199,6,5.0
655199,94,3.0
655199,134,5.0
655199,164,5.0
655199,54,5.0
655199,2366,4.0
546010,1257,5.0
546010,1648,4.0
546010,1208,5.0
546010,2653,5.0
546010,1858,5.0
546010,1163,5.0
546010,107,0.0
546010,1508,5.0
546010,40,5.0
546010,269,5.0
546010,19,5.0
546010,1117,4.0
546010,2491,5.0
546010,2638,5.0
546010,49,5.0
546010,10,5.0
546010,657,5.0
546010,1129,5.0
546010,2071,5.0
546010,2428,5.0
546010,1926,5.0
546010,14,5.0
978876,1257,4.0
978876,323,5.0
978876,2435,1.0
978876,2418,5.0
978876,2438,5.0
978876,1263,5.0
978876,46,3.0
978876,2366,3.0
978876,11,3.0
978876,1152,3.0
978876,18,4.0
978876,401,3.0
978876,666,4.0
978876,34,5.0
978876,656,5.0
978876,964,5.0
978876,2815,3.0
978876,2430,5.0
978876,2423,4.0
978876,14,5.0
119552,1257,5.0
119552,2791,5.0
119552,8,5.0
119552,387,0.0
119552,99,5.0
119552,139,5.0
119552,3061,5.0
119552,1893,5.0
119552,2111,5.0
119552,248,5.0
337963,1257,5.0
337963,2371,2.0
337963,1895,5.0
337963,2148,4.0
337963,2611,5.0
337963,1248,4.0
337963,2391,4.0
337963,2197,3.0
337963,359,5.0
337963,3333,4.0
337963,582,5.0
337963,364,4.0
337963,97,3.0
337963,1159,4.0
337963,13,5.0
337963,1325,5.0
337963,2555,4.0
337963,1902,0.0
337963,2771,3.0
337963,1017,2.0
337963,1417,4.0
337963,2590,5.0
337963,1491,4.0
337963,1477,4.0
337963,1151,3.0
337963,2944,4.0
337963,2300,4.0
337963,1160,5.0
337963,1913,4.0
337963,2657,3.0
337963,4,5.0
337963,113,4.0
337963,2099,4.0
126440,1257,5.0
126440,2216,4.0
126440,2942,5.0
126440,576,5.0
126440,1894,5.0
126440,1316,5.0
126440,2454,5.0
126440,3274,5.0
126440,1924,5.0
126440,204,5.0
126440,1895,5.0
126440,1817,5.0
126440,1035,5.0
126440,965,5.0
126440,1155,5.0
126440,3345,4.0
126440,1886,5.0
126440,2156,5.0
126440,2431,5.0
126440,860,5.0
126440,2497,5.0
126440,577,5.0
126440,564,5.0
126440,7,4.0
126440,732,5.0
126440,2213,5.0
126440,2416,5.0
126440,2114,5.0
126440,1167,5.0
126440,2439,5.0
126440,353,5.0
126440,290,5.0
126440,1279,5.0
126440,2492,5.0
126440,2539,5.0
126440,2980,5.0
126440,1053,5.0
126440,520,5.0
126440,2420,5.0
126440,1319,5.0
126440,2660,4.0
126440,749,5.0
126440,2488,5.0
126440,2086,5.0
126440,1997,5.0
126440,1906,5.0
126440,2507,5.0
126440,151,5.0
126440,2517,5.0
126440,745,4.0
126440,659,5.0
126440,2159,4.0
126440,654,5.0
126440,679,5.0
126440,5,5.0
126440,2586,4.0
126440,20,4.0
126440,1677,5.0
126440,802,5.0
126440,282,5.0
126440,1939,5.0
126440,2499,4.0
126440,2092,5.0
126440,2085,4.0
126440,2565,5.0
126440,2241,5.0
126440,1273,5.0
126440,2143,5.0
126440,3091,5.0
126440,1972,5.0
126440,2418,5.0
126440,2051,5.0
126440,3151,5.0
126440,214,4.0
126440,12,5.0
126440,2073,5.0
126440,1256,5.0
126440,13,4.0
126440,1154,5.0
126440,996,5.0
126440,1554,5.0
126440,855,5.0
126440,2476,4.0
126440,279,5.0
126440,3161,5.0
126440,1532,4.0
126440,2795,5.0
126440,967,5.0
126440,2521,5.0
126440,3034,5.0
126440,2367,5.0
126440,2580,5.0
126440,658,5.0
126440,2537,5.0
126440,21,5.0
126440,2561,4.0
126440,670,5.0
126440,2011,5.0
126440,66,5.0
126440,1990,5.0
126440,83,5.0
126440,1041,5.0
126440,2442,5.0
126440,2673,4.0
126440,2594,5.0
126440,2758,5.0
126440,2215,4.0
126440,2290,5.0
126440,1382,5.0
126440,1949,0.0
126440,2514,5.0
126440,516,5.0
126440,1429,5.0
126440,2489,4.0
126440,1204,5.0
126440,19,5.0
126440,1909,5.0
126440,2161,5.0
126440,54,4.0
126440,1890,5.0
126440,918,4.0
126440,3184,5.0
126440,2366,5.0
126440,2097,5.0
126440,771,5.0
126440,887,5.0
126440,51,5.0
126440,2513,5.0
126440,1912,5.0
126440,2473,5.0
126440,376,5.0
126440,3170,5.0
126440,2090,5.0
126440,2467,5.0
126440,1930,5.0
126440,2663,5.0
126440,2272,5.0
126440,1811,5.0
126440,141,5.0
126440,2706,4.0
126440,2429,5.0
126440,542,5.0
126440,526,5.0
126440,86,5.0
126440,102,5.0
126440,2956,5.0
126440,1176,5.0
126440,1536,4.0
126440,800,5.0
126440,2102,5.0
126440,3152,5.0
126440,27,5.0
126440,1965,5.0
126440,715,5.0
126440,2606,5.0
126440,3,5.0
126440,731,5.0
126440,1908,5.0
126440,3315,5.0
126440,1268,5.0
126440,2298,5.0
126440,1922,5.0
126440,672,5.0
126440,2642,5.0
126440,923,5.0
126440,963,5.0
126440,39,5.0
126440,430,5.0
126440,3036,5.0
126440,121,5.0
126440,682,5.0
126440,2520,5.0
126440,2801,5.0
126440,74,5.0
126440,2463,5.0
126440,1573,5.0
126440,2355,4.0
126440,666,5.0
126440,45,5.0
126440,2116,4.0
126440,2658,4.0
126440,872,5.0
126440,2637,5.0
126440,187,5.0
126440,2557,5.0
126440,1553,5.0
126440,1931,5.0
126440,1151,5.0
126440,2474,4.0
126440,656,5.0
126440,2421,5.0
126440,676,5.0
126440,1832,5.0
126440,261,5.0
126440,2153,5.0
126440,1556,5.0
126440,1855,5.0
126440,2074,5.0
126440,10,5.0
126440,2440,5.0
126440,3048,5.0
126440,657,5.0
126440,2283,5.0
126440,964,5.0
126440,675,5.0
126440,2450,5.0
126440,2430,4.0
126440,1227,4.0
126440,120,5.0
126440,3348,5.0
126440,78,5.0
126440,705,5.0
126440,990,5.0
126440,2423,5.0
126440,1537,5.0
126440,2370,5.0
126440,971,5.0
126440,3194,5.0
126440,662,5.0
126440,123,5.0
126440,2436,5.0
126440,1539,5.0
126440,1535,4.0
232673,1257,4.0
232673,37,5.0
232673,3276,5.0
232673,1936,4.0
232673,6,5.0
232673,1256,5.0
232673,1532,5.0
232673,11,5.0
232673,333,5.0
232673,666,5.0
232673,962,5.0
232673,662,5.0
285039,1257,4.0
285039,1927,5.0
285039,1971,3.0
285039,311,5.0
285039,77,4.0
285039,985,5.0
285039,509,3.0
285039,2258,5.0
285039,2416,5.0
285039,31,4.0
285039,147,4.0
285039,443,4.0
285039,398,5.0
285039,16,5.0
285039,659,5.0
285039,5,4.0
285039,2279,5.0
285039,2091,5.0
285039,2234,5.0
285039,188,5.0
285039,2499,4.0
285039,427,4.0
285039,3283,4.0
285039,424,5.0
285039,2101,5.0
285039,1263,5.0
285039,1967,5.0
285039,79,5.0
285039,1916,5.0
285039,725,5.0
285039,678,5.0
285039,1909,4.0
285039,2032,5.0
285039,2487,5.0
285039,2030,4.0
285039,105,5.0
285039,2542,4.0
285039,1302,5.0
285039,1889,4.0
285039,2591,4.0
285039,1922,5.0
285039,2443,5.0
285039,1942,4.0
285039,2158,4.0
285039,212,5.0
285039,674,0.0
285039,10,4.0
285039,657,5.0
285039,379,5.0
285039,150,5.0
285039,964,5.0
285039,22,5.0
285039,23,4.0
285039,2678,5.0
285039,1910,5.0
285039,1110,3.0
285039,2425,4.0
285039,2146,5.0
285039,2436,4.0
199020,1257,5.0
199020,1833,5.0
199020,2103,5.0
199020,1886,5.0
199020,2225,5.0
199020,2416,5.0
199020,57,5.0
199020,125,5.0
199020,132,5.0
199020,658,4.0
199020,2415,5.0
199020,1912,5.0
199020,367,5.0
199020,180,5.0
199020,1002,5.0
199020,255,5.0
199020,217,5.0
199020,2417,5.0
199020,1153,5.0
199020,23,5.0
199020,377,5.0
1458727,1257,0.0
1458727,16,5.0
1458727,350,5.0
1458727,1889,0.0
1458727,69,0.0
911706,1257,4.0
911706,3061,5.0
911706,2438,3.0
911706,35,2.0
888081,1257,3.0
888081,307,4.0
888081,986,5.0
888081,1952,4.0
888081,263,5.0
888081,2444,5.0
888081,1153,4.0
888081,15,4.0
888081,14,4.0
1072593,1257,5.0
1072593,3192,5.0
1072593,3125,5.0
1072593,224,5.0
1072593,1927,5.0
1072593,17,5.0
1072593,660,3.0
1072593,205,5.0
1072593,979,5.0
1072593,1241,5.0
1072593,3246,5.0
1072593,460,5.0
1072593,3167,5.0
1072593,1866,5.0
1072593,8,5.0
1072593,2439,5.0
1072593,982,5.0
1072593,984,5.0
1072593,1062,5.0
1072593,355,5.0
1072593,1053,5.0
1072593,520,5.0
1072593,6,5.0
1072593,2625,5.0
1072593,32,5.0
1072593,684,5.0
1072593,2354,5.0
1072593,5,5.0
1072593,975,5.0
1072593,125,5.0
1072593,3307,5.0
1072593,1380,5.0
1072593,2478,5.0
1072593,1972,5.0
1072593,488,5.0
1072593,107,5.0
1072593,1225,5.0
1072593,3306,5.0
1072593,270,5.0
1072593,350,5.0
1072593,2665,5.0
1072593,986,5.0
1072593,1613,5.0
1072593,2096,0.0
1072593,75,5.0
1072593,3350,5.0
1072593,742,5.0
1072593,3318,5.0
1072593,2288,5.0
1072593,3075,5.0
1072593,2215,5.0
1072593,2514,5.0
1072593,1959,5.0
1072593,263,5.0
1072593,3191,5.0
1072593,2366,5.0
1072593,3291,5.0
1072593,11,5.0
1072593,248,5.0
1072593,3273,5.0
1072593,3154,5.0
1072593,1615,5.0
1072593,301,5.0
1072593,1995,5.0
1072593,2872,5.0
1072593,2035,5.0
1072593,1976,5.0
1072593,1165,5.0
1072593,2441,5.0
1072593,1942,5.0
1072593,49,5.0
1072593,121,5.0
1072593,2223,5.0
1072593,2801,5.0
1072593,1573,5.0
1072593,3189,5.0
1072593,683,5.0
1072593,2658,5.0
1072593,2538,5.0
1072593,676,5.0
1072593,35,5.0
1072593,2895,5.0
1072593,1832,0.0
1072593,2204,5.0
1072593,2417,5.0
1072593,1359,5.0
1072593,1153,5.0
1072593,150,5.0
1072593,989,5.0
1072593,2819,4.0
1072593,1871,5.0
1072593,980,5.0
1072593,1300,5.0
1072593,1910,5.0
1072593,78,5.0
1072593,1958,5.0
1072593,4,5.0
1072593,2036,5.0
1072593,247,5.0
1072593,510,5.0
1072593,1887,5.0
1072593,971,5.0
1072593,1658,5.0
839492,1257,4.0
839492,702,5.0
839492,1975,5.0
839492,1434,5.0
839492,1259,5.0
839492,511,5.0
839492,1938,5.0
839492,1272,4.0
839492,1911,5.0
839492,176,4.0
839492,2320,5.0
839492,2418,4.0
839492,2627,5.0
839492,1317,4.0
839492,2493,5.0
839492,1990,5.0
839492,48,4.0
839492,2366,5.0
839492,51,4.0
839492,1302,4.0
839492,74,4.0
839492,160,4.0
839492,2444,5.0
839492,23,4.0
839492,2080,5.0
189643,1523,5.0
189643,1412,5.0
189643,7,5.0
189643,1174,4.0
189643,3321,5.0
189643,16,5.0
189643,1437,4.0
189643,1567,5.0
189643,211,5.0
189643,419,5.0
189643,2160,5.0
189643,1835,5.0
189643,1323,5.0
189643,3173,5.0
189643,1385,5.0
189643,1284,5.0
189643,514,5.0
189643,1470,5.0
147027,1523,4.0
147027,1534,5.0
147027,2397,5.0
147027,277,4.0
147027,746,4.0
147027,1291,5.0
147027,1420,5.0
147027,3226,5.0
147027,2554,4.0
147027,2957,5.0
147027,291,5.0
147027,3239,5.0
147027,1582,5.0
147027,1943,5.0
147027,1749,5.0
147027,3328,5.0
147027,2412,5.0
147027,1598,5.0
147027,1966,5.0
147027,1816,5.0
147027,1567,5.0
147027,3151,5.0
147027,1274,5.0
147027,1263,5.0
147027,663,5.0
147027,2823,5.0
147027,3224,5.0
147027,419,5.0
147027,3162,5.0
147027,3350,5.0
147027,2422,5.0
147027,1041,5.0
147027,1323,4.0
147027,309,5.0
147027,3173,5.0
147027,3208,5.0
147027,3154,5.0
147027,1811,5.0
147027,1,5.0
147027,1270,5.0
147027,1536,5.0
147027,2214,5.0
147027,1761,5.0
147027,1908,5.0
147027,514,4.0
147027,2038,5.0
147027,2551,4.0
147027,700,5.0
147027,1151,5.0
147027,1579,5.0
147027,1558,5.0
147027,1260,5.0
147027,2874,5.0
147027,1896,5.0
147027,1907,5.0
147027,2464,5.0
147027,3348,5.0
147027,486,5.0
147027,3255,5.0
147027,2882,5.0
147027,2278,5.0
147027,2436,5.0
4470,1084,5.0
4470,9,5.0
4470,133,5.0
4470,413,5.0
4470,1198,5.0
4470,1559,5.0
4470,411,5.0
4470,983,5.0
4470,3168,5.0
4470,1817,5.0
4470,1265,5.0
4470,1487,5.0
4470,221,5.0
4470,352,5.0
4470,251,5.0
4470,2959,5.0
4470,1435,5.0
4470,1810,5.0
4470,665,5.0
4470,3246,5.0
4470,313,5.0
4470,2447,5.0
4470,444,5.0
4470,3182,5.0
4470,174,5.0
4470,1390,5.0
4470,744,5.0
4470,1062,5.0
4470,3358,5.0
4470,1373,5.0
4470,2285,5.0
4470,323,5.0
4470,2044,5.0
4470,2653,5.0
4470,698,5.0
4470,1814,5.0
4470,2818,5.0
4470,3264,5.0
4470,2700,5.0
4470,684,5.0
4470,2824,5.0
4470,2234,5.0
4470,2093,5.0
4470,2822,5.0
4470,3061,5.0
4470,3055,5.0
4470,1530,5.0
4470,869,5.0
4470,1402,5.0
4470,3342,5.0
4470,1461,5.0
4470,3176,5.0
4470,2304,5.0
4470,3034,4.0
4470,2367,5.0
4470,257,5.0
4470,2064,5.0
4470,658,5.0
4470,670,5.0
4470,568,5.0
4470,3232,5.0
4470,2630,5.0
4470,2866,5.0
4470,3369,5.0
4470,2514,5.0
4470,249,5.0
4470,823,5.0
4470,1238,5.0
4470,1251,5.0
4470,3035,0.0
4470,686,5.0
4470,1184,5.0
4470,581,5.0
4470,189,5.0
4470,1384,5.0
4470,1507,5.0
4470,110,5.0
4470,2685,0.0
4470,1034,4.0
4470,1977,5.0
4470,1956,5.0
4470,1205,5.0
4470,1106,5.0
4470,105,5.0
4470,1240,5.0
4470,865,5.0
4470,2201,5.0
4470,27,5.0
4470,1231,5.0
4470,406,5.0
4470,1889,5.0
4470,551,5.0
4470,2950,5.0
4470,2597,5.0
4470,628,5.0
4470,162,5.0
4470,210,5.0
4470,1138,5.0
4470,1398,5.0
4470,2637,5.0
4470,1185,5.0
4470,34,5.0
4470,60,5.0
4470,409,5.0
4470,2300,5.0
4470,657,5.0
4470,1350,5.0
4470,408,5.0
4470,2943,5.0
4470,441,5.0
4470,3209,4.0
4470,117,5.0
4470,108,5.0
4470,962,5.0
4470,1680,5.0
4470,510,5.0
4470,1537,0.0
4470,2370,5.0
4470,345,5.0
109110,1084,0.0
109110,1534,4.0
109110,25,5.0
109110,133,5.0
109110,1531,5.0
109110,511,3.0
109110,2447,4.0
109110,991,5.0
109110,1532,5.0
109110,1574,5.0
109110,1590,2.0
109110,2217,0.0
109110,1336,5.0
109110,658,5.0
109110,670,5.0
109110,1905,4.0
109110,2415,4.0
109110,1888,5.0
109110,2145,5.0
109110,2202,0.0
109110,2424,5.0
109110,1885,5.0
109110,1,5.0
109110,3127,5.0
109110,96,5.0
109110,1578,5.0
109110,675,0.0
109110,1887,5.0
109110,537,4.0
109110,235,5.0
109110,662,5.0
101275,1589,5.0
101275,1258,5.0
101275,2832,5.0
101275,2285,5.0
101275,323,5.0
101275,1609,5.0
101275,129,5.0
101275,1460,5.0
101275,1911,5.0
101275,1797,4.0
101275,1786,5.0
101275,1659,5.0
101275,3322,5.0
101275,1,5.0
101275,1783,5.0
101275,2407,5.0
65056,1589,5.0
65056,2371,5.0
65056,1559,5.0
65056,3343,5.0
65056,1596,5.0
65056,757,5.0
65056,1568,5.0
65056,511,5.0
65056,8,5.0
65056,3133,5.0
65056,106,4.0
65056,1585,5.0
65056,2285,4.0
65056,225,5.0
65056,3264,5.0
65056,1567,5.0
65056,2101,4.0
65056,3219,1.0
65056,703,5.0
65056,1785,5.0
65056,1256,5.0
65056,3342,5.0
65056,3153,5.0
65056,3213,5.0
65056,1869,4.0
65056,1682,4.0
65056,1416,5.0
65056,927,5.0
65056,2564,4.0
65056,3247,5.0
65056,1687,5.0
65056,3181,5.0
65056,1536,5.0
65056,3183,5.0
65056,1552,4.0
65056,706,4.0
65056,3148,5.0
65056,1732,5.0
65056,35,5.0
65056,3233,5.0
65056,2352,5.0
65056,2295,5.0
65056,2461,5.0
65056,2297,5.0
65056,1669,5.0
65056,2867,4.0
369264,1589,4.0
369264,2427,5.0
369264,2203,4.0
369264,2416,5.0
369264,270,5.0
369264,2581,5.0
369264,1893,4.0
369264,326,5.0
369264,676,5.0
369264,2460,5.0
867847,1589,5.0
867847,37,5.0
867847,1583,5.0
867847,1683,4.0
971169,1589,2.0
971169,1599,5.0
971169,1557,5.0
971169,104,4.0
366118,1589,5.0
366118,2419,5.0
366118,665,4.0
366118,8,5.0
366118,1590,2.0
366118,118,5.0
366118,401,4.0
366118,1832,5.0
582561,1589,5.0
582561,1258,5.0
582561,2850,5.0
582561,1498,4.0
582561,777,3.0
582561,1021,5.0
582561,2849,5.0
80998,2259,5.0
80998,2427,5.0
80998,2,5.0
80998,1156,5.0
80998,3093,4.0
80998,183,5.0
80998,2784,4.0
80998,658,4.0
80998,2415,5.0
80998,3,4.0
80998,2591,4.0
80998,2451,4.0
80998,2769,5.0
80998,1887,4.0
80998,119,5.0
166642,2259,5.0
166642,307,5.0
166642,721,5.0
166642,311,5.0
166642,36,5.0
166642,2691,5.0
166642,2205,5.0
166642,3352,5.0
166642,2120,5.0
166642,359,5.0
166642,2072,5.0
166642,2539,5.0
166642,1943,5.0
166642,3116,5.0
166642,426,5.0
166642,188,5.0
166642,1972,5.0
166642,350,5.0
166642,183,5.0
166642,1932,5.0
166642,2238,5.0
166642,2169,5.0
166642,1317,5.0
166642,2662,5.0
166642,2012,5.0
166642,1280,5.0
166642,1325,5.0
166642,3075,5.0
166642,2576,5.0
166642,2771,5.0
166642,2032,5.0
166642,2261,5.0
166642,367,5.0
166642,1428,5.0
166642,2491,5.0
166642,415,5.0
166642,1908,5.0
166642,1999,5.0
166642,1922,5.0
166642,597,5.0
166642,1935,4.0
166642,538,5.0
166642,30,5.0
166642,2559,5.0
166642,2186,5.0
166642,1153,5.0
166642,989,5.0
166642,2678,5.0
166642,2762,5.0
166642,4,5.0
166642,1951,5.0
166642,2099,5.0
679953,2259,5.0
679953,1357,5.0
679953,1568,5.0
679953,1055,5.0
679953,1497,5.0
679953,1167,5.0
679953,359,5.0
679953,548,5.0
679953,862,5.0
679953,372,5.0
679953,375,5.0
679953,46,5.0
679953,2578,5.0
679953,3277,5.0
679953,2702,5.0
679953,1168,5.0
679953,2977,5.0
679953,1999,5.0
679953,638,5.0
679953,1684,5.0
679953,1935,4.0
679953,121,5.0
679953,2451,5.0
679953,379,5.0
679953,3218,5.0
1019994,2259,4.0
1019994,304,4.0
1019994,107,4.0
1019994,3342,4.0
1019994,3034,4.0
1019994,1235,4.0
1019994,3363,5.0
1802849661,2259,5.0
1802849661,342,5.0
1802849661,2095,5.0
1802849661,2648,5.0
1802849661,71,5.0
1802849661,159,3.0
1802849661,2439,4.0
1802849661,2659,5.0
1802849661,2170,5.0
1802849661,1985,5.0
1802849661,2656,5.0
1802849661,2420,5.0
1802849661,566,5.0
1802849661,2600,5.0
1802849661,72,5.0
1802849661,3153,5.0
1802849661,79,5.0
1802849661,276,5.0
1802849661,66,5.0
1802849661,2555,5.0
1802849661,1902,4.0
1802849661,19,5.0
1802849661,189,5.0
1802849661,292,5.0
1802849661,2685,5.0
1802849661,1935,5.0
1802849661,121,5.0
1802849661,316,5.0
1802849661,93,3.0
1802849661,2509,5.0
1802849661,1978,4.0
1802849661,515,5.0
1802849661,60,5.0
1802849661,35,5.0
1802849661,96,5.0
1802849661,2852,5.0
1802849661,2657,5.0
1802849661,108,5.0
1802849661,1914,5.0
1802849661,1892,5.0
1802849661,1944,5.0
452355,702,5.0
452355,1600,5.0
452355,1534,5.0
452355,1833,5.0
452355,1150,5.0
452355,407,4.0
452355,3179,4.0
452355,239,5.0
452355,1181,4.0
452355,114,4.0
452355,1843,4.0
452355,1736,4.0
452355,838,5.0
452355,1435,4.0
452355,746,4.0
452355,1291,5.0
452355,2827,4.0
452355,3033,5.0
452355,2137,5.0
452355,2456,5.0
452355,1408,5.0
452355,1681,5.0
452355,2229,4.0
452355,509,4.0
452355,2205,5.0
452355,8,5.0
452355,2100,5.0
452355,2338,5.0
452355,1727,5.0
452355,1662,5.0
452355,2120,5.0
452355,1425,5.0
452355,2656,4.0
452355,225,5.0
452355,904,4.0
452355,3010,4.0
452355,1287,5.0
452355,1969,5.0
452355,2083,5.0
452355,139,5.0
452355,1697,5.0
452355,3141,5.0
452355,659,5.0
452355,3261,5.0
452355,3165,5.0
452355,975,5.0
452355,825,4.0
452355,188,5.0
452355,3098,5.0
452355,1939,4.0
452355,539,4.0
452355,3067,5.0
452355,2033,4.0
452355,728,4.0
452355,1818,4.0
452355,1740,5.0
452355,513,4.0
452355,2237,5.0
452355,1263,5.0
452355,663,5.0
452355,270,5.0
452355,3200,5.0
452355,1581,5.0
452355,944,5.0
452355,1802,4.0
452355,1211,5.0
452355,1337,4.0
452355,1554,5.0
452355,2795,5.0
452355,3150,5.0
452355,1509,4.0
452355,3134,5.0
452355,474,5.0
452355,658,5.0
452355,1010,5.0
452355,2493,5.0
452355,2873,5.0
452355,149,4.0
452355,2978,4.0
452355,2293,5.0
452355,2215,5.0
452355,2290,5.0
452355,1266,4.0
452355,1671,4.0
452355,1632,4.0
452355,1557,4.0
452355,2473,5.0
452355,3170,5.0
452355,1801,5.0
452355,2139,5.0
452355,3028,5.0
452355,2180,5.0
452355,1540,5.0
452355,2193,5.0
452355,1,5.0
452355,542,0.0
452355,1977,5.0
452355,2323,5.0
452355,27,0.0
452355,1979,5.0
452355,1908,5.0
452355,2986,5.0
452355,1920,5.0
452355,1576,4.0
452355,1552,5.0
452355,1268,5.0
452355,3070,5.0
452355,1290,5.0
452355,884,4.0
452355,1922,4.0
452355,672,4.0
452355,2038,4.0
452355,3043,5.0
452355,3198,5.0
452355,2144,4.0
452355,1514,5.0
452355,1919,5.0
452355,2965,4.0
452355,3299,4.0
452355,3236,5.0
452355,2116,5.0
452355,1978,4.0
452355,294,4.0
452355,2557,5.0
452355,700,5.0
452355,1553,5.0
452355,1931,5.0
452355,1151,5.0
452355,1052,5.0
452355,1651,5.0
452355,1441,5.0
452355,2444,5.0
452355,714,4.0
452355,936,5.0
452355,330,5.0
452355,2815,5.0
452355,648,3.0
452355,62,5.0
452355,198,5.0
452355,2362,5.0
452355,1572,5.0
452355,2390,4.0
452355,2377,5.0
452355,1773,5.0
160974,702,5.0
160974,977,5.0
160974,2427,5.0
160974,146,5.0
160974,205,5.0
160974,277,5.0
160974,1886,5.0
160974,1299,5.0
160974,511,5.0
160974,64,5.0
160974,2016,5.0
160974,2225,5.0
160974,2258,5.0
160974,138,0.0
160974,2577,5.0
160974,2026,5.0
160974,1899,5.0
160974,1961,5.0
160974,1906,4.0
160974,151,5.0
160974,136,5.0
160974,32,5.0
160974,99,5.0
160974,1504,5.0
160974,2000,5.0
160974,462,5.0
160974,1991,5.0
160974,2435,5.0
160974,1966,5.0
160974,1474,5.0
160974,2085,5.0
160974,2535,4.0
160974,2541,4.0
160974,2418,4.0
160974,2438,5.0
160974,2713,5.0
160974,1256,5.0
160974,900,5.0
160974,687,5.0
160974,2704,5.0
160974,2422,5.0
160974,658,5.0
160974,725,5.0
160974,391,4.0
160974,508,5.0
160974,1947,5.0
160974,19,5.0
160974,1964,4.0
160974,2161,5.0
160974,2131,5.0
160974,318,5.0
160974,141,5.0
160974,629,5.0
160974,2002,5.0
160974,1082,5.0
160974,807,5.0
160974,2310,5.0
160974,3180,5.0
160974,2484,5.0
160974,10,5.0
160974,2460,4.0
160974,325,5.0
160974,235,5.0
306797,702,5.0
306797,288,5.0
306797,3064,5.0
306797,159,5.0
306797,1568,5.0
306797,746,5.0
306797,7,5.0
306797,1937,4.0
306797,547,5.0
306797,3063,5.0
306797,3165,5.0
306797,2674,4.0
306797,2247,5.0
306797,1280,5.0
306797,273,5.0
306797,867,5.0
306797,248,5.0
306797,1811,5.0
306797,814,5.0
306797,3152,5.0
306797,2017,5.0
306797,1823,5.0
306797,35,5.0
306797,10,5.0
306797,2815,5.0
306797,993,5.0
306797,777,5.0
306797,710,5.0
306797,457,5.0
306797,173,5.0
306797,741,4.0
76559,702,5.0
76559,858,3.0
76559,2416,5.0
76559,2645,3.0
76559,2438,4.0
76559,2823,4.0
76559,1952,5.0
76559,2964,4.0
76559,2487,4.0
76559,144,4.0
76559,2698,3.0
76559,2421,4.0
76559,2943,5.0
76559,1020,4.0
76559,1887,5.0
320849,702,4.0
320849,2447,4.0
320849,2420,4.0
320849,2435,4.0
320849,2814,4.0
320849,2937,5.0
320849,998,4.0
320849,3175,4.0
320849,2311,4.0
320849,1267,4.0
320849,1551,4.0
320849,1445,4.0
373817,702,5.0
373817,1924,5.0
373817,2027,5.0
373817,511,4.0
373817,1810,5.0
373817,36,5.0
373817,2313,5.0
373817,323,5.0
373817,99,5.0
373817,5,5.0
373817,2,5.0
373817,52,5.0
373817,2578,5.0
373817,1893,5.0
373817,1948,5.0
373817,1947,5.0
373817,2487,5.0
373817,1,5.0
373817,128,5.0
373817,656,5.0
373817,2417,5.0
373817,153,5.0
840768,702,4.0
840768,747,5.0
840768,1924,5.0
840768,295,5.0
840768,1038,4.0
840768,2026,5.0
840768,125,5.0
840768,3093,5.0
840768,2040,5.0
840768,2169,5.0
840768,818,4.0
840768,2054,5.0
840768,866,5.0
840768,2555,5.0
840768,1266,4.0
840768,2432,5.0
840768,867,5.0
840768,2253,5.0
840768,1166,4.0
840768,3173,4.0
840768,1403,5.0
840768,2251,5.0
840768,2703,5.0
840768,18,4.0
840768,1942,5.0
840768,10,5.0
840768,96,5.0
840768,2053,5.0
975720,702,4.0
975720,3307,3.0
975720,2449,5.0
975720,30,5.0
555371,702,4.0
555371,2884,2.0
555371,590,5.0
555371,257,5.0
555371,2301,3.0
1436160,702,4.0
1436160,275,5.0
1436160,711,5.0
1436160,224,5.0
1436160,2103,5.0
1436160,1261,5.0
1436160,2439,4.0
1436160,2246,5.0
1436160,225,5.0
1436160,845,5.0
1436160,2572,5.0
1436160,2770,5.0
1436160,248,5.0
1436160,2550,5.0
1436160,2429,4.0
1436160,144,4.0
1436160,2417,5.0
433881,2216,5.0
433881,1271,5.0
433881,249,0.0
433881,2558,5.0
433881,337,5.0
433881,560,5.0
433881,1980,5.0
177135,2216,5.0
177135,7,5.0
177135,98,5.0
177135,1937,5.0
177135,2424,5.0
177135,1885,5.0
177135,309,5.0
177135,143,5.0
177135,1926,5.0
177135,1887,3.0
177135,377,3.0
199213,1837,5.0
199213,1921,5.0
199213,1895,5.0
199213,434,5.0
199213,2094,4.0
199213,2285,5.0
199213,2379,5.0
199213,2064,5.0
199213,1105,5.0
199213,51,5.0
199213,110,5.0
199213,3,5.0
199213,401,5.0
199213,2440,4.0
199213,2231,2.0
199213,2428,5.0
199213,510,4.0
199213,2731,4.0
129201,1837,5.0
129201,2427,5.0
129201,3343,5.0
129201,3168,5.0
129201,3157,5.0
129201,1502,5.0
129201,1819,5.0
129201,2670,5.0
129201,1174,5.0
129201,470,4.0
129201,828,5.0
129201,716,5.0
129201,3241,5.0
129201,1784,5.0
129201,655,5.0
129201,550,5.0
129201,3269,5.0
129201,3259,5.0
129201,1808,5.0
129201,2064,0.0
129201,2561,5.0
129201,2613,5.0
129201,1835,5.0
129201,1382,5.0
129201,249,5.0
129201,126,5.0
129201,2035,5.0
129201,3152,5.0
129201,514,5.0
129201,3008,5.0
129201,682,5.0
129201,1151,5.0
129201,1401,5.0
129201,3209,5.0
129201,1008,5.0
129201,1950,5.0
129201,2269,5.0
47559,1837,5.0
47559,977,5.0
47559,592,5.0
47559,1894,5.0
47559,131,4.0
47559,2103,5.0
47559,434,5.0
47559,1255,4.0
47559,3057,3.0
47559,746,5.0
47559,271,5.0
47559,1001,5.0
47559,509,5.0
47559,982,5.0
47559,2246,5.0
47559,2188,5.0
47559,3321,5.0
47559,1212,4.0
47559,1223,5.0
47559,512,5.0
47559,2050,5.0
47559,2285,4.0
47559,873,4.0
47559,16,5.0
47559,1328,4.0
47559,659,4.0
47559,599,4.0
47559,961,5.0
47559,52,4.0
47559,94,4.0
47559,3068,5.0
47559,231,5.0
47559,1263,4.0
47559,3220,5.0
47559,1217,5.0
47559,79,5.0
47559,3161,5.0
47559,3162,5.0
47559,1282,4.0
47559,1280,5.0
47559,1835,4.0
47559,678,5.0
47559,812,4.0
47559,2442,5.0
47559,1066,5.0
47559,1885,5.0
47559,1059,5.0
47559,351,5.0
47559,3173,5.0
47559,3208,3.0
47559,124,5.0
47559,110,5.0
47559,1981,5.0
47559,1,5.0
47559,773,5.0
47559,229,5.0
47559,1954,5.0
47559,3,5.0
47559,672,5.0
47559,514,5.0
47559,3079,5.0
47559,190,5.0
47559,143,5.0
47559,162,5.0
47559,93,4.0
47559,538,5.0
47559,45,5.0
47559,2164,0.0
47559,2724,5.0
47559,35,5.0
47559,408,5.0
47559,104,5.0
47559,964,5.0
47559,1558,5.0
47559,265,4.0
47559,198,5.0
47559,510,5.0
47559,464,5.0
47559,1887,5.0
209747,1837,5.0
209747,1412,5.0
209747,25,5.0
209747,2652,5.0
209747,2466,4.0
209747,1971,5.0
209747,1181,5.0
209747,1988,5.0
209747,1420,5.0
209747,2229,5.0
209747,2240,5.0
209747,982,5.0
209747,1100,5.0
209747,140,3.0
209747,3321,5.0
209747,50,5.0
209747,91,5.0
209747,1234,5.0
209747,2507,5.0
209747,207,5.0
209747,599,5.0
209747,3061,5.0
209747,152,5.0
209747,525,4.0
209747,2267,5.0
209747,211,5.0
209747,2438,5.0
209747,697,5.0
209747,2073,5.0
209747,817,5.0
209747,43,5.0
209747,257,5.0
209747,2500,5.0
209747,362,4.0
209747,2555,5.0
209747,166,5.0
209747,2514,4.0
209747,19,5.0
209747,2513,5.0
209747,1095,5.0
209747,3073,5.0
209747,3062,5.0
209747,2717,5.0
209747,1082,5.0
209747,652,5.0
209747,2031,5.0
209747,1989,5.0
209747,2084,5.0
209747,264,5.0
209747,212,5.0
209747,1151,5.0
209747,2622,4.0
209747,541,5.0
209747,2559,5.0
209747,104,5.0
209747,265,4.0
209747,1950,4.0
209747,464,5.0
209747,2731,5.0
203823,1837,4.0
203823,1261,5.0
203823,2625,5.0
203823,211,5.0
203823,1949,5.0
203823,3325,5.0
203823,1260,5.0
203823,325,5.0
203823,22,5.0
203823,2112,5.0
73836,1837,5.0
73836,55,5.0
73836,222,5.0
73836,2178,5.0
73836,1988,5.0
73836,122,5.0
73836,1005,5.0
73836,2554,5.0
73836,2998,5.0
73836,1963,5.0
73836,94,5.0
73836,402,5.0
73836,75,5.0
73836,664,5.0
73836,2160,5.0
73836,87,5.0
73836,1041,5.0
73836,508,5.0
73836,1902,5.0
73836,11,5.0
73836,1930,5.0
73836,1870,5.0
73836,163,5.0
73836,101,5.0
73836,78,5.0
73836,2584,5.0
73836,284,5.0
113941,1837,5.0
113941,1241,5.0
113941,1167,5.0
113941,1314,5.0
113941,28,5.0
113941,658,5.0
113941,2222,5.0
113941,1902,5.0
113941,171,5.0
113941,194,5.0
113941,51,5.0
113941,1377,5.0
113941,416,5.0
113941,2752,5.0
113941,2520,5.0
113941,10,5.0
113941,1896,5.0
113941,989,5.0
102058,1837,5.0
102058,833,5.0
102058,1559,5.0
102058,721,5.0
102058,434,4.0
102058,352,4.0
102058,746,4.0
102058,1689,4.0
102058,3321,4.0
102058,1230,3.0
102058,443,4.0
102058,2003,4.0
102058,1814,5.0
102058,2245,5.0
102058,1867,4.0
102058,1786,3.0
102058,3077,5.0
102058,3037,4.0
102058,1074,4.0
102058,489,3.0
102058,51,4.0
102058,2730,5.0
102058,1956,4.0
102058,1562,3.0
102058,2243,4.0
102058,1459,4.0
102058,2769,4.0
102058,42,4.0
102058,1006,4.0
102058,3051,5.0
102058,1083,4.0
102058,2099,4.0
102058,1019,4.0
11176,1837,5.0
11176,2692,5.0
11176,1833,5.0
11176,411,5.0
11176,2855,5.0
11176,1824,5.0
11176,2189,5.0
11176,564,0.0
11176,2213,5.0
11176,1167,4.0
11176,31,5.0
11176,3321,5.0
11176,6,5.0
11176,1081,5.0
11176,1906,5.0
11176,659,5.0
11176,2499,5.0
11176,3061,5.0
11176,211,5.0
11176,40,5.0
11176,1256,4.0
11176,3162,5.0
11176,1532,3.0
11176,1365,5.0
11176,1905,5.0
11176,2288,5.0
11176,391,5.0
11176,952,4.0
11176,1885,5.0
11176,2951,5.0
11176,452,3.0
11176,1595,5.0
11176,27,5.0
11176,1908,5.0
11176,1922,5.0
11176,45,5.0
11176,2844,4.0
11176,65,0.0
11176,3320,5.0
11176,2816,5.0
11176,2815,5.0
11176,100,5.0
11176,2711,5.0
11176,2066,5.0
11176,2088,5.0
11176,1537,5.0
11176,1887,5.0
11176,1560,5.0
11176,1535,4.0
175727,1837,5.0
175727,59,3.0
175727,290,4.0
175727,80,2.0
175727,360,4.0
175727,95,4.0
175727,1015,5.0
175727,1025,4.0
175727,1912,3.0
175727,2102,5.0
175727,1240,5.0
175727,253,5.0
175727,2443,4.0
175727,121,5.0
175727,2468,5.0
175727,2938,5.0
175727,1923,4.0
175727,123,5.0
352814,1837,5.0
352814,17,4.0
352814,1924,4.0
352814,204,5.0
352814,2437,5.0
352814,2759,4.0
352814,2198,4.0
352814,2415,5.0
352814,1885,4.0
352814,1,5.0
352814,47,5.0
352814,962,4.0
330545,1837,5.0
330545,131,5.0
330545,2148,5.0
330545,417,5.0
330545,1136,5.0
330545,1161,5.0
330545,28,5.0
330545,1029,4.0
330545,778,5.0
330545,314,5.0
330545,1317,5.0
330545,804,5.0
330545,401,5.0
330545,667,4.0
330545,2287,5.0
330545,1087,5.0
330545,2404,5.0
330545,108,4.0
330545,980,5.0
330545,247,5.0
210361,1837,5.0
210361,7,5.0
210361,2109,5.0
210361,1331,5.0
1528243,1837,5.0
1528243,207,5.0
1528243,49,5.0
1528243,30,5.0
486725,3192,5.0
486725,1113,4.0
486725,2588,4.0
486725,2106,4.0
486725,1259,5.0
486725,242,4.0
486725,838,4.0
486725,2338,4.0
486725,355,5.0
486725,1373,5.0
486725,698,4.0
486725,1652,4.0
486725,745,4.0
486725,2742,5.0
486725,2465,5.0
486725,580,5.0
486725,1352,5.0
486725,3283,5.0
486725,2896,4.0
486725,1467,5.0
486725,2714,4.0
486725,1274,4.0
486725,1602,3.0
486725,1298,5.0
486725,2572,5.0
486725,2668,5.0
486725,1285,5.0
486725,3350,4.0
486725,2662,5.0
486725,3065,5.0
486725,1282,5.0
486725,658,5.0
486725,2493,5.0
486725,812,5.0
486725,1813,3.0
486725,2210,5.0
486725,1266,5.0
486725,3026,4.0
486725,54,5.0
486725,887,5.0
486725,2666,4.0
486725,2135,5.0
486725,3160,5.0
486725,2702,5.0
486725,1540,4.0
486725,2542,4.0
486725,3008,4.0
486725,667,4.0
486725,2509,4.0
486725,2116,5.0
486725,1246,4.0
486725,767,4.0
486725,2538,4.0
486725,700,4.0
486725,1663,4.0
486725,2944,4.0
486725,2358,5.0
486725,2444,5.0
486725,2852,4.0
486725,2816,4.0
486725,2741,5.0
486725,3144,5.0
486725,3218,5.0
486725,2066,4.0
486725,560,4.0
486725,2464,3.0
486725,2762,5.0
486725,3329,0.0
486725,365,3.0
486725,935,3.0
486725,1560,4.0
486725,2871,4.0
486725,1019,5.0
218535,3192,5.0
218535,2371,3.0
218535,2427,5.0
218535,692,5.0
218535,660,3.0
218535,71,3.0
218535,1155,3.0
218535,1810,3.0
218535,36,3.0
218535,7,4.0
218535,2416,4.0
218535,31,5.0
218535,26,5.0
218535,2303,5.0
218535,690,2.0
218535,2285,5.0
218535,228,5.0
218535,32,4.0
218535,659,4.0
218535,679,5.0
218535,5,5.0
218535,28,3.0
218535,2,4.0
218535,84,3.0
218535,197,5.0
218535,2381,3.0
218535,2418,4.0
218535,3204,3.0
218535,40,2.0
218535,33,5.0
218535,134,2.0
218535,724,3.0
218535,3342,5.0
218535,75,3.0
218535,658,5.0
218535,670,5.0
218535,149,5.0
218535,1888,3.0
218535,48,5.0
218535,2368,3.0
218535,1885,1.0
218535,1909,1.0
218535,76,3.0
218535,51,4.0
218535,53,2.0
218535,1,4.0
218535,61,3.0
218535,18,4.0
218535,47,5.0
218535,2443,5.0
218535,2342,0.0
218535,143,5.0
218535,162,2.0
218535,1538,5.0
218535,656,5.0
218535,35,5.0
218535,85,5.0
218535,657,3.0
218535,2404,3.0
218535,1896,5.0
218535,1907,4.0
218535,2428,5.0
218535,4,4.0
218535,15,3.0
218535,2425,3.0
218535,1887,4.0
218535,662,5.0
218535,3156,5.0
145489,858,4.0
145489,612,4.0
145489,2479,5.0
145489,1890,5.0
145489,2227,5.0
145489,2940,5.0
217226,275,5.0
217226,161,5.0
217226,2554,5.0
217226,1156,5.0
217226,229,5.0
217226,2025,3.0
217226,2421,5.0
245590,275,5.0
245590,1927,5.0
245590,513,4.0
245590,83,5.0
245590,1888,5.0
245590,1885,5.0
245590,3,5.0
245590,357,5.0
119466,275,5.0
119466,1322,5.0
119466,747,4.0
119466,17,5.0
119466,1904,5.0
119466,2579,5.0
119466,1373,5.0
119466,1271,4.0
119466,2586,5.0
119466,2438,4.0
119466,157,5.0
119466,508,5.0
119466,2424,5.0
119466,2022,5.0
119466,2167,5.0
119466,241,5.0
119466,567,5.0
119466,2551,4.0
119466,1260,5.0
119466,289,5.0
119466,973,5.0
119466,2428,5.0
337668,275,5.0
337668,552,5.0
337668,32,5.0
337668,1446,5.0
337668,2529,4.0
337668,2690,3.0
337668,2937,5.0
337668,2613,4.0
337668,2467,3.0
887722,275,4.0
887722,2115,4.0
887722,2415,5.0
887722,1667,3.0
887722,2533,4.0
887722,178,5.0
800480,275,5.0
800480,3061,5.0
800480,183,1.0
800480,2436,5.0
60260,275,4.0
60260,1833,4.0
60260,224,5.0
60260,2419,5.0
60260,122,5.0
60260,7,5.0
60260,782,5.0
60260,174,5.0
60260,215,5.0
60260,2420,5.0
60260,2286,5.0
60260,659,5.0
60260,2245,4.0
60260,2499,5.0
60260,2435,5.0
60260,2535,5.0
60260,513,5.0
60260,2438,4.0
60260,1940,5.0
60260,1955,5.0
60260,1532,5.0
60260,658,5.0
60260,83,5.0
60260,2222,5.0
60260,1105,5.0
60260,54,5.0
60260,318,4.0
60260,2030,5.0
60260,2679,5.0
60260,2640,5.0
60260,45,4.0
60260,2294,4.0
60260,153,4.0
60260,675,5.0
60260,1896,5.0
60260,2592,5.0
60260,1900,5.0
60260,662,5.0
60260,522,5.0
1581225,275,5.0
1581225,1891,5.0
1581225,89,5.0
1581225,8,5.0
1581225,2177,5.0
1581225,1586,5.0
1581225,372,5.0
1581225,2455,5.0
1581225,529,5.0
1581225,1294,3.0
1581225,1536,3.0
1581225,951,5.0
1581225,2443,5.0
1581225,1670,5.0
1581225,657,5.0
1581225,1020,4.0
1581225,4,5.0
1581225,1980,4.0
1581225,1537,4.0
251917,2699,5.0
251917,25,5.0
251917,17,5.0
251917,1475,5.0
251917,1860,5.0
251917,1988,5.0
251917,1218,5.0
251917,681,5.0
251917,2531,5.0
251917,2026,5.0
251917,2226,5.0
251917,1500,5.0
251917,3067,5.0
251917,314,5.0
251917,2961,5.0
251917,1211,5.0
251917,1285,5.0
251917,1713,5.0
251917,2561,5.0
251917,149,5.0
251917,2032,5.0
251917,189,5.0
251917,1,5.0
251917,2194,5.0
251917,2102,5.0
251917,1192,5.0
251917,1962,5.0
251917,1246,5.0
251917,2404,5.0
251917,936,5.0
251917,1297,5.0
251917,1887,5.0
537617,2699,5.0
537617,2397,5.0
537617,3344,5.0
537617,2438,5.0
537617,257,5.0
537617,63,5.0
537617,658,5.0
537617,102,5.0
537617,2807,5.0
537617,2430,4.0
215350,2699,5.0
215350,2005,5.0
215350,5,5.0
215350,2426,5.0
215350,40,5.0
215350,13,5.0
215350,2422,5.0
215350,63,4.0
215350,362,4.0
215350,2558,4.0
215350,628,4.0
215350,195,5.0
215350,60,3.0
215350,2446,4.0
215350,1950,4.0
215350,15,5.0
679759,2699,5.0
679759,2466,4.0
679759,1904,4.0
679759,359,4.0
679759,1845,4.0
679759,5,5.0
679759,287,5.0
679759,70,5.0
679759,2422,5.0
679759,21,4.0
679759,670,5.0
679759,1152,4.0
679759,2509,5.0
679759,2482,5.0
679759,14,5.0
455641,2699,4.0
455641,833,5.0
455641,2229,5.0
455641,1387,5.0
455641,1997,5.0
455641,1806,5.0
455641,1243,5.0
455641,1328,5.0
455641,2465,5.0
455641,694,4.0
455641,258,4.0
455641,491,4.0
455641,726,5.0
455641,557,5.0
455641,415,5.0
455641,680,4.0
455641,1144,4.0
455641,3090,4.0
455641,1165,5.0
455641,1519,5.0
455641,96,4.0
829250,2699,3.0
829250,1316,3.0
829250,1975,4.0
829250,90,4.0
829250,2497,4.0
829250,140,4.0
829250,2488,4.0
829250,2621,5.0
829250,5,3.0
829250,2418,3.0
829250,2181,5.0
829250,1280,1.0
829250,334,4.0
829250,362,2.0
829250,2415,5.0
829250,347,5.0
829250,2007,4.0
829250,2542,4.0
829250,3,4.0
829250,2443,4.0
829250,2801,5.0
829250,1953,5.0
829250,187,4.0
829250,2474,2.0
829250,2574,3.0
829250,2417,5.0
829250,2464,2.0
829250,2423,4.0
829250,1892,4.0
829250,2496,5.0
165528,2942,5.0
165528,1534,5.0
165528,972,5.0
165528,2289,5.0
165528,215,5.0
165528,2544,5.0
165528,2143,5.0
165528,1656,5.0
165528,720,5.0
165528,672,5.0
165528,2441,5.0
165528,1002,5.0
165528,2857,5.0
165528,2965,5.0
165528,1627,5.0
165528,302,5.0
130819,2942,5.0
130819,696,5.0
130819,721,5.0
130819,743,5.0
130819,1202,5.0
130819,1810,5.0
130819,1038,5.0
130819,2829,5.0
130819,1314,5.0
130819,2437,5.0
130819,2334,5.0
130819,1081,5.0
130819,2286,5.0
130819,1222,5.0
130819,871,5.0
130819,2519,4.0
130819,2108,4.0
130819,3306,5.0
130819,2850,5.0
130819,33,5.0
130819,1721,5.0
130819,687,5.0
130819,994,5.0
130819,474,5.0
130819,2393,5.0
130819,1003,5.0
130819,11,5.0
130819,3160,5.0
130819,1981,5.0
130819,1244,5.0
130819,2378,5.0
130819,256,5.0
130819,715,5.0
130819,217,5.0
130819,936,5.0
130819,1297,5.0
130819,112,5.0
130819,925,5.0
130819,2322,5.0
130819,2269,5.0
130819,1539,5.0
295587,2942,5.0
295587,20,5.0
295587,3037,5.0
295587,2422,5.0
217482,2942,5.0
217482,2861,5.0
217482,796,5.0
217482,2395,4.0
217482,1037,5.0
217482,969,5.0
217482,2946,5.0
217482,1283,5.0
217482,363,5.0
217482,436,5.0
217482,121,5.0
217482,348,5.0
217482,2370,5.0
217482,971,5.0
217482,1535,5.0
210117,2942,5.0
210117,1531,5.0
210117,2420,5.0
210117,52,5.0
210117,1159,4.0
210117,46,5.0
210117,2459,5.0
210117,69,5.0
210117,1983,5.0
210117,2430,5.0
246898,2942,5.0
246898,2371,5.0
246898,3168,5.0
246898,1918,0.0
246898,2366,5.0
246898,1998,5.0
231054,2942,5.0
231054,1833,5.0
231054,410,0.0
231054,739,5.0
231054,2529,5.0
231054,961,5.0
231054,2476,4.0
231054,664,5.0
231054,2415,3.0
231054,2239,5.0
231054,245,5.0
231054,656,5.0
231054,321,5.0
231054,2417,5.0
231054,1896,5.0
231054,2430,5.0
231054,2423,3.0
231054,312,5.0
231495,2942,5.0
231495,1596,4.0
231495,511,4.0
231495,1834,5.0
231495,1954,3.0
231495,551,5.0
231495,2939,5.0
95743,2942,5.0
95743,1316,5.0
95743,213,5.0
95743,2842,5.0
95743,3101,5.0
95743,2466,5.0
95743,1259,5.0
95743,2079,5.0
95743,1895,5.0
95743,114,5.0
95743,1281,5.0
95743,2831,5.0
95743,3246,5.0
95743,3092,5.0
95743,161,4.0
95743,1261,5.0
95743,1039,5.0
95743,732,5.0
95743,1842,5.0
95743,2114,5.0
95743,836,5.0
95743,2670,0.0
95743,2645,5.0
95743,956,5.0
95743,2486,5.0
95743,1242,5.0
95743,1899,5.0
95743,50,5.0
95743,2285,0.0
95743,2433,4.0
95743,2420,5.0
95743,2818,5.0
95743,16,5.0
95743,2954,5.0
95743,99,5.0
95743,3019,4.0
95743,2700,5.0
95743,1067,5.0
95743,659,5.0
95743,1304,5.0
95743,2093,5.0
95743,2822,0.0
95743,1966,0.0
95743,2434,5.0
95743,2455,0.0
95743,2418,5.0
95743,97,0.0
95743,1543,4.0
95743,663,5.0
95743,2823,5.0
95743,2877,5.0
95743,73,5.0
95743,33,5.0
95743,2060,5.0
95743,13,5.0
95743,388,5.0
95743,3342,5.0
95743,3256,5.0
95743,3162,5.0
95743,1532,5.0
95743,664,5.0
95743,707,5.0
95743,2422,5.0
95743,3186,5.0
95743,273,5.0
95743,1422,5.0
95743,1952,5.0
95743,2442,5.0
95743,391,5.0
95743,438,5.0
95743,1815,5.0
95743,2501,5.0
95743,263,5.0
95743,1885,5.0
95743,1964,5.0
95743,1286,5.0
95743,704,5.0
95743,966,5.0
95743,2030,5.0
95743,2023,5.0
95743,1294,5.0
95743,367,5.0
95743,2820,5.0
95743,1707,0.0
95743,1540,0.0
95743,2706,5.0
95743,2208,5.0
95743,814,5.0
95743,1536,5.0
95743,2168,5.0
95743,3152,5.0
95743,1562,4.0
95743,1915,5.0
95743,661,5.0
95743,2351,5.0
95743,18,5.0
95743,1310,5.0
95743,672,5.0
95743,514,5.0
95743,3039,5.0
95743,1085,0.0
95743,1933,5.0
95743,1953,5.0
95743,210,5.0
95743,668,5.0
95743,2084,4.0
95743,3148,3.0
95743,3042,5.0
95743,830,5.0
95743,3223,5.0
95743,1625,5.0
95743,1346,5.0
95743,10,5.0
95743,2404,0.0
95743,185,5.0
95743,3325,5.0
95743,2634,5.0
95743,2406,5.0
95743,23,5.0
95743,3087,5.0
95743,1592,5.0
95743,734,5.0
95743,710,5.0
95743,1297,5.0
95743,1887,5.0
95743,302,5.0
95743,662,5.0
95743,14,5.0
95743,356,5.0
95743,522,5.0
115108,2942,5.0
115108,55,4.0
115108,7,5.0
115108,2433,5.0
115108,80,2.0
115108,659,5.0
115108,1972,5.0
115108,12,5.0
115108,664,3.0
115108,2415,4.0
115108,508,5.0
115108,333,5.0
115108,1981,3.0
115108,731,5.0
115108,1989,5.0
115108,100,5.0
119422,2942,5.0
119422,660,5.0
119422,2836,5.0
119422,286,4.0
119422,148,5.0
119422,2726,1.0
119422,83,4.0
119422,2293,0.0
119422,2368,5.0
119422,1885,4.0
119422,53,4.0
119422,2287,5.0
119422,2444,4.0
119422,285,4.0
186855,2942,3.0
186855,1621,4.0
186855,1261,4.0
186855,2,5.0
186855,1893,5.0
186855,54,5.0
186855,978,5.0
186855,1935,5.0
186855,4,5.0
186855,971,5.0
196296,2942,5.0
196296,1531,4.0
196296,2477,5.0
196296,2289,5.0
196296,1033,5.0
196296,1822,5.0
196296,340,5.0
196296,175,5.0
196296,961,5.0
196296,1567,5.0
196296,663,5.0
196296,3269,5.0
196296,664,4.0
196296,1813,5.0
196296,3146,5.0
196296,1075,5.0
196296,945,5.0
196296,2882,5.0
196296,1535,5.0
621626,2942,4.0
621626,3167,5.0
621626,2804,4.0
621626,2262,5.0
621626,2996,5.0
621626,2772,5.0
621626,2226,4.0
621626,207,5.0
621626,57,5.0
621626,3103,4.0
621626,1940,5.0
621626,2970,5.0
621626,2946,5.0
621626,2963,4.0
621626,1713,5.0
621626,521,5.0
621626,2578,5.0
621626,2937,5.0
621626,2833,4.0
621626,546,4.0
621626,2972,5.0
621626,1354,5.0
621626,60,3.0
621626,1267,5.0
621626,3000,5.0
621626,2944,5.0
621626,4,4.0
621626,1539,5.0
321999,2942,4.0
321999,696,4.0
321999,1886,4.0
321999,2077,5.0
321999,1195,5.0
321999,658,3.0
321999,1992,5.0
321999,11,4.0
321999,1912,5.0
321999,709,5.0
321999,1018,4.0
520150,2942,4.0
520150,55,4.0
520150,1810,4.0
520150,1984,4.0
520150,2660,4.0
520150,728,4.0
520150,664,5.0
520150,701,4.0
520150,349,4.0
520150,3317,5.0
520150,2716,4.0
520150,3183,4.0
520150,554,5.0
520150,1260,5.0
520150,2815,4.0
520150,935,4.0
366396,2942,5.0
366396,1904,5.0
366396,2821,4.0
366396,2404,4.0
97780,2942,4.0
97780,17,4.0
97780,2419,5.0
97780,267,4.0
97780,36,4.0
97780,2437,4.0
97780,398,0.0
97780,2,4.0
97780,1939,4.0
97780,3061,5.0
97780,3212,5.0
97780,3150,5.0
97780,658,4.0
97780,1909,4.0
97780,3154,5.0
97780,1981,5.0
97780,962,5.0
97780,2464,3.0
97780,1887,5.0
1064617,2942,5.0
1064617,2416,5.0
1064617,677,5.0
1064617,656,4.0
320427,2942,5.0
320427,933,5.0
320427,3072,5.0
320427,402,2.0
320427,1890,4.0
320427,3154,5.0
320427,2956,5.0
320427,1862,5.0
320427,1462,5.0
298447,2942,4.0
298447,9,4.0
298447,262,4.0
298447,223,4.0
298447,201,4.0
298447,71,4.0
298447,369,5.0
298447,2006,4.0
298447,684,4.0
298447,778,5.0
298447,13,5.0
298447,1941,5.0
298447,75,5.0
298447,1885,5.0
298447,135,4.0
298447,1,5.0
298447,1915,5.0
298447,1889,5.0
298447,156,5.0
298447,2446,5.0
298447,1175,5.0
298447,1153,5.0
298447,2815,5.0
298447,2423,5.0
298447,510,5.0
298447,1887,5.0
298447,1900,5.0
233491,2942,5.0
233491,1939,5.0
233491,120,5.0
233491,2425,5.0
37229,2942,4.0
37229,71,3.0
37229,179,4.0
37229,147,5.0
37229,1888,5.0
37229,533,4.0
37229,127,5.0
37229,42,5.0
1671718,2942,4.0
1671718,1158,5.0
1671718,20,3.0
1671718,3228,4.0
1671718,1888,0.0
1671718,1151,4.0
1671718,2421,3.0
1671718,1923,4.0
6836,1322,5.0
6836,31,5.0
6836,1272,5.0
6836,29,4.0
6836,1953,5.0
583349,1322,4.0
583349,1258,5.0
583349,2106,4.0
583349,2767,5.0
583349,742,5.0
583349,2937,5.0
583349,1407,4.0
583349,2264,5.0
583349,2194,5.0
583349,1187,5.0
583349,1340,5.0
583349,2165,5.0
583349,1124,5.0
583349,2232,5.0
583349,2917,4.0
583349,1584,5.0
823814,1322,5.0
823814,2371,4.0
823814,3342,5.0
823814,2366,4.0
823814,3354,0.0
934824,1833,5.0
934824,2419,5.0
934824,92,5.0
934824,2418,5.0
934824,2572,5.0
934824,2473,5.0
934824,18,5.0
934824,668,5.0
934824,22,5.0
934824,198,5.0
1366254,3235,5.0
1366254,2225,5.0
1366254,548,5.0
1366254,2176,5.0
1366254,3211,5.0
1366254,841,5.0
1366254,1348,4.0
1366254,232,5.0
1366254,1658,5.0
724516,3235,5.0
724516,1289,5.0
724516,59,5.0
724516,1206,5.0
724516,1607,4.0
724516,1207,5.0
724516,3151,5.0
724516,1778,5.0
724516,1024,5.0
724516,1074,5.0
724516,926,5.0
724516,1224,5.0
724516,35,5.0
142361,288,5.0
142361,399,5.0
142361,512,5.0
142361,238,5.0
142361,2690,3.0
142361,149,5.0
142361,3050,4.0
142361,1558,5.0
364685,288,5.0
364685,2695,5.0
364685,406,5.0
364685,1061,5.0
364685,285,5.0
868729,288,5.0
868729,1960,5.0
868729,92,5.0
868729,1314,5.0
868729,1898,5.0
868729,2286,5.0
868729,258,5.0
868729,2302,5.0
868729,1905,5.0
868729,1912,5.0
257993,288,5.0
257993,307,5.0
257993,3321,5.0
257993,2044,4.0
257993,2507,5.0
257993,2582,5.0
257993,680,5.0
257993,2575,5.0
257993,1284,5.0
257993,1018,4.0
257993,1983,5.0
257993,2231,5.0
257993,777,5.0
222139,288,5.0
222139,2993,5.0
222139,2263,5.0
222139,468,5.0
222139,746,5.0
222139,1866,5.0
222139,495,5.0
222139,3117,5.0
222139,2829,5.0
222139,443,5.0
222139,181,5.0
222139,386,5.0
222139,2690,5.0
222139,1273,5.0
222139,888,5.0
222139,419,5.0
222139,2620,5.0
222139,1905,5.0
222139,309,5.0
222139,318,5.0
222139,894,4.0
222139,920,5.0
222139,2024,5.0
222139,3175,5.0
222139,103,5.0
222139,502,5.0
222139,672,5.0
222139,2735,5.0
222139,245,5.0
222139,1151,5.0
222139,96,5.0
222139,1896,5.0
222139,722,5.0
222139,1232,5.0
222139,173,5.0
287420,288,4.0
287420,3327,5.0
287420,50,5.0
287420,1928,5.0
287420,738,5.0
287420,2955,5.0
287420,3034,5.0
287420,3073,5.0
287420,1209,5.0
287420,963,5.0
266745,288,5.0
266745,3063,5.0
266745,2455,5.0
266745,2513,5.0
29356,288,5.0
29356,1362,5.0
29356,2636,5.0
29356,1349,5.0
204261,288,4.0
204261,2505,5.0
204261,2465,5.0
204261,2462,0.0
204261,1266,4.0
204261,10,5.0
204261,104,5.0
204261,4,5.0
204261,1887,5.0
107081,288,5.0
107081,2157,5.0
107081,2420,5.0
107081,2541,5.0
107081,2527,4.0
107081,1885,5.0
107081,1976,5.0
107081,656,4.0
107081,2444,5.0
107081,519,5.0
240552,288,5.0
240552,17,5.0
240552,1255,5.0
240552,7,5.0
240552,291,5.0
240552,2003,5.0
240552,50,5.0
240552,167,5.0
240552,547,5.0
240552,177,5.0
240552,132,5.0
240552,258,5.0
240552,137,5.0
240552,63,5.0
240552,658,5.0
240552,1847,5.0
240552,1934,5.0
240552,2570,5.0
240552,301,5.0
240552,730,5.0
240552,2491,5.0
240552,3,5.0
240552,667,5.0
240552,3036,5.0
240552,2292,5.0
240552,541,5.0
240552,10,5.0
240552,22,5.0
240552,108,5.0
240552,519,4.0
240552,109,5.0
204024,288,5.0
204024,833,5.0
204024,1056,4.0
204024,155,5.0
204024,2337,5.0
204024,2289,5.0
204024,71,5.0
204024,460,5.0
204024,933,5.0
204024,2829,5.0
204024,2003,5.0
204024,323,5.0
204024,1233,5.0
204024,873,5.0
204024,2437,5.0
204024,2625,5.0
204024,745,5.0
204024,716,5.0
204024,738,5.0
204024,2381,5.0
204024,1972,5.0
204024,2346,5.0
204024,2238,5.0
204024,276,5.0
204024,2578,5.0
204024,273,5.0
204024,116,4.0
204024,2176,5.0
204024,1396,5.0
204024,2576,5.0
204024,11,5.0
204024,248,5.0
204024,349,5.0
204024,3160,5.0
204024,141,5.0
204024,1170,5.0
204024,1377,5.0
204024,680,5.0
204024,416,5.0
204024,2977,5.0
204024,1165,5.0
204024,1922,5.0
204024,586,5.0
204024,3216,5.0
204024,39,5.0
204024,1935,5.0
204024,316,5.0
204024,1962,5.0
204024,2769,5.0
204024,2538,5.0
204024,700,5.0
204024,2300,5.0
204024,2186,4.0
204024,1260,5.0
204024,2657,5.0
204024,1008,5.0
204024,2071,5.0
204024,1951,4.0
204024,662,5.0
860079,288,5.0
860079,1895,5.0
860079,552,5.0
860079,2790,5.0
860079,1055,5.0
860079,50,5.0
860079,3103,5.0
860079,1363,5.0
860079,455,5.0
860079,1972,5.0
860079,350,5.0
860079,2662,5.0
860079,437,5.0
860079,1429,5.0
860079,2908,5.0
860079,3357,4.0
860079,169,5.0
860079,505,5.0
860079,2657,5.0
425677,288,5.0
425677,1206,5.0
425677,2072,5.0
425677,2748,5.0
425677,1317,5.0
425677,2578,5.0
425677,41,5.0
425677,1017,5.0
425677,1224,5.0
425677,1087,4.0
64642,650,5.0
64642,1258,4.0
64642,1996,5.0
64642,122,5.0
64642,2511,0.0
64642,1321,5.0
64642,1274,5.0
64642,1214,4.0
64642,46,3.0
64642,75,4.0
64642,87,5.0
64642,489,4.0
64642,446,4.0
64642,668,5.0
64642,463,4.0
64642,2816,3.0
64642,78,5.0
64642,356,5.0
66008,612,5.0
66008,1960,5.0
66008,238,5.0
66008,58,5.0
66008,1852,5.0
66008,87,5.0
66008,51,5.0
66008,1421,5.0
66008,1912,5.0
66008,2441,5.0
66008,2445,5.0
66008,2879,5.0
66008,1529,4.0
66008,973,5.0
296809,1600,5.0
296809,592,5.0
296809,1127,4.0
296809,1155,5.0
296809,1004,4.0
296809,1174,4.0
296809,1503,4.0
296809,355,5.0
296809,1662,5.0
296809,2197,5.0
296809,2140,5.0
296809,2507,5.0
296809,2876,5.0
296809,485,5.0
296809,1352,5.0
296809,885,5.0
296809,525,5.0
296809,1466,5.0
296809,2979,4.0
296809,2473,5.0
296809,3160,5.0
296809,2227,4.0
296809,835,5.0
296809,1780,5.0
296809,561,5.0
296809,1278,5.0
296809,379,4.0
296809,705,5.0
38513,1600,5.0
38513,965,5.0
38513,3248,5.0
38513,1540,5.0
38513,2398,5.0
38513,1575,5.0
38513,1535,5.0
131674,1600,5.0
131674,1258,5.0
131674,1531,5.0
131674,876,5.0
131674,92,5.0
131674,1314,5.0
131674,1481,5.0
131674,1906,5.0
131674,1272,5.0
131674,3138,5.0
131674,2033,5.0
131674,855,4.0
131674,2039,4.0
131674,1280,5.0
131674,38,5.0
131674,1262,5.0
131674,1815,5.0
131674,1885,5.0
131674,3119,5.0
131674,1132,5.0
131674,672,5.0
131674,212,5.0
131674,1151,5.0
131674,1008,5.0
131674,2450,5.0
131674,3169,5.0
131674,1326,5.0
552613,1600,5.0
552613,618,5.0
552613,2108,4.0
552613,1999,5.0
552613,2862,4.0
552613,1591,4.0
552613,1153,5.0
552613,962,4.0
552613,519,4.0
552613,2428,5.0
223979,1600,5.0
223979,2106,5.0
223979,1181,5.0
223979,1155,5.0
223979,1004,4.0
223979,737,5.0
223979,958,5.0
223979,1233,5.0
223979,636,5.0
223979,2507,5.0
223979,3063,5.0
223979,3360,5.0
223979,2479,5.0
223979,2363,5.0
223979,2674,5.0
223979,1463,4.0
223979,2073,5.0
223979,2341,5.0
223979,2222,4.0
223979,2228,5.0
223979,1262,5.0
223979,704,5.0
223979,3073,5.0
223979,61,5.0
223979,849,4.0
223979,540,5.0
223979,1451,5.0
223979,1989,5.0
223979,1364,5.0
223979,3357,4.0
223979,2284,5.0
223979,1591,5.0
223979,2404,5.0
223979,464,5.0
223979,1125,5.0
29196,1600,4.0
29196,692,5.0
29196,1559,5.0
29196,2396,5.0
29196,1571,5.0
29196,407,5.0
29196,1259,5.0
29196,3094,5.0
29196,3324,5.0
29196,1736,5.0
29196,1035,5.0
29196,1753,5.0
29196,2230,5.0
29196,1435,4.0
29196,3025,5.0
29196,3226,5.0
29196,1039,5.0
29196,2957,5.0
29196,1792,4.0
29196,1547,4.0
29196,3003,4.0
29196,3009,5.0
29196,3262,4.0
29196,2285,0.0
29196,2996,4.0
29196,1287,5.0
29196,454,4.0
29196,448,4.0
29196,3341,5.0
29196,1485,4.0
29196,1321,5.0
29196,188,5.0
29196,1476,5.0
29196,3143,4.0
29196,1273,5.0
29196,728,5.0
29196,2896,5.0
29196,1616,5.0
29196,703,5.0
29196,3225,4.0
29196,12,5.0
29196,2850,5.0
29196,1737,5.0
29196,1786,5.0
29196,3077,5.0
29196,1498,5.0
29196,13,5.0
29196,724,4.0
29196,3032,4.0
29196,491,4.0
29196,3176,4.0
29196,2988,4.0
29196,1409,4.0
29196,761,4.0
29196,3186,5.0
29196,658,5.0
29196,670,4.0
29196,465,4.0
29196,1116,5.0
29196,391,5.0
29196,2121,5.0
29196,2290,5.0
29196,48,5.0
29196,436,4.0
29196,503,4.0
29196,1909,4.0
29196,54,5.0
29196,1604,5.0
29196,2828,5.0
29196,3208,5.0
29196,1611,4.0
29196,351,5.0
29196,3146,5.0
29196,1540,4.0
29196,1371,5.0
29196,105,5.0
29196,1536,5.0
29196,1541,5.0
29196,2165,5.0
29196,1783,5.0
29196,1775,5.0
29196,3152,5.0
29196,2923,5.0
29196,3,4.0
29196,1979,5.0
29196,3185,5.0
29196,2982,0.0
29196,493,5.0
29196,1942,4.0
29196,2857,4.0
29196,2918,4.0
29196,3082,5.0
29196,2965,4.0
29196,1392,4.0
29196,1538,5.0
29196,3148,5.0
29196,1751,5.0
29196,3279,4.0
29196,1575,4.0
29196,1594,4.0
29196,321,5.0
29196,1346,5.0
29196,2939,5.0
29196,1669,5.0
29196,3339,5.0
29196,1668,5.0
29196,1564,5.0
29196,544,5.0
29196,1021,5.0
29196,1588,5.0
29196,662,4.0
29196,1772,5.0
581245,2485,4.0
581245,6,5.0
581245,20,5.0
581245,2248,5.0
581245,1887,5.0
305531,2485,5.0
305531,592,5.0
305531,133,5.0
305531,2588,5.0
305531,1057,5.0
305531,1988,5.0
305531,1810,4.0
305531,271,5.0
305531,344,5.0
305531,122,5.0
305531,940,5.0
305531,3349,5.0
305531,1004,5.0
305531,782,5.0
305531,2439,5.0
305531,982,5.0
305531,2659,5.0
305531,1631,5.0
305531,1248,5.0
305531,2645,5.0
305531,355,5.0
305531,2776,4.0
305531,1314,5.0
305531,2072,5.0
305531,1233,5.0
305531,91,5.0
305531,2220,5.0
305531,3063,5.0
305531,845,5.0
305531,2761,5.0
305531,2783,5.0
305531,1088,5.0
305531,2529,5.0
305531,2876,5.0
305531,188,5.0
305531,2363,5.0
305531,3221,5.0
305531,2478,5.0
305531,2108,5.0
305531,2426,5.0
305531,2345,5.0
305531,2267,5.0
305531,3068,5.0
305531,258,5.0
305531,1096,5.0
305531,2834,5.0
305531,12,5.0
305531,2346,5.0
305531,969,5.0
305531,2134,5.0
305531,183,5.0
305531,1335,5.0
305531,1182,5.0
305531,1070,5.0
305531,276,5.0
305531,557,5.0
305531,2620,5.0
305531,3190,5.0
305531,761,5.0
305531,2764,5.0
305531,1280,5.0
305531,1365,5.0
305531,1010,5.0
305531,437,5.0
305531,647,5.0
305531,2145,5.0
305531,1266,5.0
305531,2576,5.0
305531,1959,5.0
305531,2771,5.0
305531,546,5.0
305531,1064,5.0
305531,498,5.0
305531,791,5.0
305531,309,5.0
305531,1269,5.0
305531,234,5.0
305531,2193,5.0
305531,2567,5.0
305531,86,5.0
305531,2194,5.0
305531,752,5.0
305531,2491,5.0
305531,1224,5.0
305531,3336,5.0
305531,1340,5.0
305531,2469,5.0
305531,416,5.0
305531,1999,5.0
305531,2752,5.0
305531,1922,5.0
305531,156,5.0
305531,1935,5.0
305531,2144,5.0
305531,1962,5.0
305531,1946,5.0
305531,2025,5.0
305531,2538,5.0
305531,673,5.0
305531,2232,5.0
305531,30,5.0
305531,606,5.0
305531,2672,5.0
305531,1153,5.0
305531,379,5.0
305531,22,5.0
305531,1896,5.0
305531,303,5.0
305531,3218,5.0
305531,108,5.0
305531,1389,5.0
305531,2678,5.0
305531,2808,5.0
305531,827,5.0
305531,2112,5.0
305531,123,5.0
305531,2099,4.0
8688,2485,5.0
8688,220,5.0
8688,55,5.0
8688,25,5.0
8688,133,5.0
8688,142,5.0
8688,660,5.0
8688,1895,5.0
8688,1299,5.0
8688,2615,5.0
8688,174,5.0
8688,2109,5.0
8688,80,5.0
8688,2420,5.0
8688,698,5.0
8688,1943,5.0
8688,2083,5.0
8688,139,5.0
8688,762,5.0
8688,2234,5.0
8688,282,5.0
8688,3061,5.0
8688,961,5.0
8688,2434,5.0
8688,12,4.0
8688,1941,5.0
8688,2039,5.0
8688,75,5.0
8688,334,5.0
8688,83,5.0
8688,2210,5.0
8688,2293,5.0
8688,1266,5.0
8688,2368,5.0
8688,2424,5.0
8688,19,5.0
8688,1885,5.0
8688,51,0.0
8688,1166,5.0
8688,2139,5.0
8688,1930,5.0
8688,53,5.0
8688,2023,5.0
8688,1,5.0
8688,1270,5.0
8688,1954,5.0
8688,1915,5.0
8688,3,5.0
8688,18,5.0
8688,49,5.0
8688,1897,5.0
8688,158,5.0
8688,45,5.0
8688,69,5.0
8688,1978,5.0
8688,556,5.0
8688,2559,5.0
8688,42,5.0
8688,104,5.0
8688,330,5.0
8688,108,5.0
8688,44,5.0
8688,2423,5.0
8688,1887,5.0
8688,662,5.0
8688,109,5.0
68526,2485,5.0
68526,1258,5.0
68526,1056,5.0
68526,410,5.0
68526,3168,5.0
68526,239,5.0
68526,37,5.0
68526,159,5.0
68526,352,5.0
68526,2431,5.0
68526,2615,5.0
68526,2498,5.0
68526,512,5.0
68526,1327,5.0
68526,1929,5.0
68526,659,5.0
68526,738,5.0
68526,2479,4.0
68526,2582,5.0
68526,1972,5.0
68526,1274,5.0
68526,183,5.0
68526,2963,5.0
68526,658,5.0
68526,1835,5.0
68526,3237,5.0
68526,328,5.0
68526,2323,5.0
68526,1268,5.0
68526,2757,5.0
68526,1405,5.0
68526,1922,5.0
68526,30,5.0
68526,1951,5.0
805594,2485,5.0
805594,2479,1.0
805594,263,4.0
805594,1850,5.0
353131,2485,5.0
353131,2027,5.0
353131,140,5.0
353131,2621,5.0
353131,2389,5.0
353131,1882,5.0
353131,152,5.0
353131,88,5.0
353131,43,3.0
353131,87,5.0
353131,656,5.0
353131,2421,5.0
353131,2428,5.0
353131,14,5.0
146552,2485,5.0
146552,1261,4.0
146552,664,4.0
146552,658,4.0
146552,1986,3.0
146552,1902,4.0
146552,2530,4.0
146552,2404,3.0
146552,2502,3.0
146552,2676,4.0
92006,2485,5.0
92006,1722,5.0
92006,940,5.0
92006,2924,5.0
92006,2824,5.0
92006,2850,5.0
92006,2346,5.0
92006,1407,5.0
92006,2504,4.0
92006,2918,5.0
92006,2947,5.0
92006,2276,5.0
92006,579,4.0
1087830,2485,5.0
1087830,12,4.0
1087830,1890,5.0
1087830,2515,5.0
174096,2485,5.0
174096,3125,5.0
174096,1648,5.0
174096,2466,4.0
174096,3179,5.0
174096,89,5.0
174096,1259,5.0
174096,1971,4.0
174096,1155,5.0
174096,2497,4.0
174096,2456,4.0
174096,1408,4.0
174096,122,5.0
174096,2691,5.0
174096,2554,4.0
174096,1503,5.0
174096,355,5.0
174096,2505,5.0
174096,2980,5.0
174096,2124,3.0
174096,582,5.0
174096,1901,5.0
174096,2149,4.0
174096,3163,5.0
174096,580,5.0
174096,3221,5.0
174096,2628,5.0
174096,513,5.0
174096,1432,5.0
174096,1543,5.0
174096,2614,5.0
174096,2800,5.0
174096,2665,5.0
174096,1708,5.0
174096,2136,5.0
174096,2668,5.0
174096,1955,5.0
174096,1285,5.0
174096,1630,5.0
174096,3245,5.0
174096,1570,5.0
174096,651,5.0
174096,2548,4.0
174096,1345,5.0
174096,532,5.0
174096,1709,5.0
174096,2728,5.0
174096,2702,5.0
174096,615,5.0
174096,2102,5.0
174096,2590,5.0
174096,1954,5.0
174096,661,5.0
174096,3,4.0
174096,1139,5.0
174096,586,5.0
174096,2448,5.0
174096,1962,5.0
174096,2509,5.0
174096,1978,4.0
174096,3188,5.0
174096,2557,5.0
174096,1620,5.0
174096,2664,5.0
174096,1931,4.0
174096,2622,5.0
174096,2461,5.0
174096,1359,5.0
174096,2672,5.0
174096,2444,4.0
174096,2283,5.0
174096,285,5.0
174096,2816,5.0
174096,1766,5.0
174096,100,5.0
174096,2762,5.0
174096,3078,5.0
174096,1702,5.0
174096,2510,5.0
430471,2485,5.0
430471,2452,5.0
430471,876,5.0
430471,2686,5.0
430471,1452,5.0
430471,2545,5.0
430471,2643,5.0
430471,2783,5.0
430471,2479,5.0
430471,97,5.0
430471,270,5.0
430471,172,5.0
430471,3256,4.0
430471,1145,5.0
430471,1415,5.0
430471,2449,5.0
430471,248,5.0
430471,2429,5.0
430471,1268,5.0
430471,603,5.0
430471,2252,5.0
430471,420,5.0
430471,2597,5.0
430471,169,5.0
430471,2484,4.0
430471,2852,5.0
430471,2657,5.0
383346,2485,5.0
383346,553,5.0
383346,913,5.0
383346,1927,5.0
383346,1324,5.0
383346,2677,5.0
383346,221,5.0
383346,267,5.0
383346,271,5.0
383346,3167,5.0
383346,1866,5.0
383346,2262,4.0
383346,3332,5.0
383346,2968,4.0
383346,2003,5.0
383346,50,5.0
383346,854,5.0
383346,582,5.0
383346,2479,5.0
383346,2,5.0
383346,975,5.0
383346,2478,5.0
383346,97,5.0
383346,1096,5.0
383346,270,5.0
383346,33,5.0
383346,2136,5.0
383346,2169,5.0
383346,2847,5.0
383346,70,5.0
383346,2133,5.0
383346,2632,5.0
383346,2737,5.0
383346,2578,5.0
383346,1280,5.0
383346,116,5.0
383346,437,4.0
383346,2176,5.0
383346,647,5.0
383346,1307,5.0
383346,2210,5.0
383346,2568,5.0
383346,1142,5.0
383346,249,5.0
383346,2576,5.0
383346,1221,4.0
383346,2032,5.0
383346,1890,5.0
383346,2366,5.0
383346,3160,5.0
383346,1023,5.0
383346,2567,5.0
383346,542,5.0
383346,1999,5.0
383346,1268,5.0
383346,502,5.0
383346,1935,5.0
383346,2075,5.0
383346,1171,5.0
383346,1367,4.0
383346,30,5.0
383346,1359,5.0
383346,3048,4.0
383346,2404,5.0
383346,379,5.0
383346,2741,5.0
383346,936,5.0
383346,989,5.0
383346,1389,5.0
383346,962,4.0
383346,365,5.0
383346,2112,5.0
383346,345,5.0
383346,2099,5.0
870705,2485,5.0
870705,2427,5.0
870705,1895,5.0
870705,64,5.0
870705,91,5.0
870705,2770,5.0
870705,86,5.0
870705,2298,5.0
870705,2534,5.0
870705,989,4.0
870705,549,5.0
2549237,2485,4.0
2549237,17,4.0
2549237,3239,5.0
2549237,3024,5.0
2549237,1929,4.0
2549237,2980,5.0
2549237,854,4.0
2549237,16,3.0
2549237,654,4.0
2549237,1966,3.0
2549237,12,4.0
2549237,13,3.0
2549237,66,4.0
2549237,2441,5.0
2549237,586,5.0
2549237,69,4.0
2549237,30,5.0
2549237,10,4.0
2549237,108,4.0
2549237,621,4.0
2549237,1926,5.0
2549237,2425,5.0
2549237,14,4.0
58104,576,4.0
58104,553,5.0
58104,977,5.0
58104,1648,5.0
58104,2219,5.0
58104,2778,5.0
58104,2273,5.0
58104,696,5.0
58104,2990,5.0
58104,89,5.0
58104,410,5.0
58104,772,5.0
58104,1988,5.0
58104,1420,5.0
58104,1203,5.0
58104,2691,4.0
58104,3059,5.0
58104,1242,5.0
58104,981,5.0
58104,2285,5.0
58104,598,5.0
58104,1053,5.0
58104,1725,5.0
58104,1649,5.0
58104,3007,4.0
58104,2983,5.0
58104,2818,5.0
58104,1287,5.0
58104,2226,5.0
58104,3063,5.0
58104,2266,5.0
58104,3103,5.0
58104,1966,5.0
58104,1183,5.0
58104,2478,5.0
58104,1881,5.0
58104,1867,5.0
58104,424,5.0
58104,550,4.0
58104,513,5.0
58104,1376,5.0
58104,1432,5.0
58104,2073,5.0
58104,2713,5.0
58104,1469,3.0
58104,1337,5.0
58104,3269,5.0
58104,3132,5.0
58104,1447,5.0
58104,3034,5.0
58104,3190,5.0
58104,1280,0.0
58104,2064,5.0
58104,2361,5.0
58104,362,4.0
58104,3275,3.0
58104,1080,5.0
58104,2111,5.0
58104,1306,5.0
58104,1059,5.0
58104,1604,5.0
58104,2684,5.0
58104,2139,5.0
58104,1118,5.0
58104,1023,5.0
58104,1473,4.0
58104,2567,5.0
58104,3062,5.0
58104,1443,5.0
58104,1340,5.0
58104,988,5.0
58104,773,5.0
58104,1734,5.0
58104,1610,5.0
58104,706,5.0
58104,1063,5.0
58104,514,5.0
58104,1031,5.0
58104,2084,5.0
58104,2557,5.0
58104,3223,5.0
58104,2307,5.0
58104,472,5.0
58104,2622,5.0
58104,2944,5.0
58104,3205,3.0
58104,605,5.0
58104,3144,5.0
58104,2634,5.0
58104,2450,5.0
58104,2984,5.0
58104,3323,5.0
58104,1690,5.0
58104,3258,5.0
58104,1773,4.0
762775,576,5.0
762775,1886,4.0
762775,295,5.0
762775,1062,4.0
762775,3147,3.0
762775,3061,5.0
762775,670,5.0
762775,508,5.0
762775,19,5.0
762775,2366,4.0
20480,576,5.0
20480,2004,5.0
20480,972,5.0
20480,3110,5.0
20480,509,5.0
20480,1411,5.0
20480,982,5.0
20480,174,5.0
20480,50,5.0
20480,1027,5.0
20480,2955,5.0
20480,40,5.0
20480,2713,5.0
20480,996,5.0
20480,2247,5.0
20480,3058,5.0
20480,2012,5.0
20480,2644,5.0
20480,1003,5.0
20480,3035,5.0
20480,1862,5.0
20480,538,5.0
20480,1946,5.0
20480,3042,5.0
20480,1114,5.0
20480,1309,5.0
20480,1896,5.0
20480,108,5.0
20480,2526,5.0
20480,741,5.0
79636,576,4.0
79636,220,5.0
79636,336,5.0
79636,1895,4.0
79636,170,5.0
79636,1928,2.0
79636,1947,5.0
79636,1889,5.0
52448,553,5.0
52448,307,5.0
52448,2309,5.0
52448,1692,5.0
52448,142,5.0
52448,999,5.0
52448,1996,5.0
52448,1265,5.0
52448,1127,5.0
52448,2285,5.0
52448,698,5.0
52448,1814,0.0
52448,2308,5.0
52448,1065,5.0
52448,890,5.0
52448,3138,4.0
52448,975,5.0
52448,1424,4.0
52448,211,5.0
52448,1256,5.0
52448,848,5.0
52448,1337,5.0
52448,664,5.0
52448,2845,5.0
52448,2020,5.0
52448,1104,5.0
52448,361,5.0
52448,2202,5.0
52448,1949,5.0
52448,3369,4.0
52448,2228,5.0
52448,349,5.0
52448,1269,5.0
52448,333,5.0
52448,1811,5.0
52448,688,5.0
52448,540,5.0
52448,3,5.0
52448,1451,5.0
52448,2158,5.0
52448,1931,5.0
52448,507,5.0
52448,993,5.0
52448,173,5.0
52448,662,5.0
52448,2599,5.0
217824,553,5.0
217824,1571,5.0
217824,2471,5.0
217824,2943,0.0
67656,553,5.0
67656,336,5.0
67656,563,5.0
67656,696,5.0
67656,2990,5.0
67656,2107,5.0
67656,2755,0.0
67656,509,0.0
67656,2989,4.0
67656,2968,4.0
67656,1727,5.0
67656,454,5.0
67656,58,0.0
67656,95,3.0
67656,2085,4.0
67656,885,5.0
67656,995,5.0
67656,1432,5.0
67656,1274,5.0
67656,40,5.0
67656,2946,5.0
67656,1285,5.0
67656,994,5.0
67656,529,5.0
67656,613,5.0
67656,1673,4.0
67656,2737,4.0
67656,3065,5.0
67656,1280,4.0
67656,1307,4.0
67656,2875,5.0
67656,1141,4.0
67656,2866,5.0
67656,1266,5.0
67656,1323,5.0
67656,1643,5.0
67656,1890,5.0
67656,1557,5.0
67656,631,5.0
67656,309,5.0
67656,2570,5.0
67656,1540,4.0
67656,1433,4.0
67656,922,5.0
67656,414,5.0
67656,1002,3.0
67656,2038,5.0
67656,49,4.0
67656,2950,5.0
67656,1354,5.0
67656,531,5.0
67656,1267,5.0
67656,2947,5.0
67656,3287,4.0
67656,2461,5.0
67656,1591,5.0
67656,2940,5.0
67656,2938,5.0
67656,2634,5.0
67656,519,5.0
67656,2464,5.0
67656,356,5.0
292000,553,4.0
292000,1289,4.0
292000,73,4.0
292000,1256,5.0
292000,526,5.0
292000,2441,4.0
292000,265,4.0
489552,553,4.0
489552,17,5.0
489552,90,5.0
489552,632,4.0
489552,1241,5.0
489552,985,5.0
489552,739,5.0
489552,1149,5.0
489552,3147,5.0
489552,2285,5.0
489552,2519,5.0
489552,3055,5.0
489552,3068,5.0
489552,97,4.0
489552,1581,5.0
489552,13,5.0
489552,557,5.0
489552,257,5.0
489552,508,5.0
489552,546,5.0
489552,542,5.0
489552,921,5.0
489552,3,5.0
489552,672,5.0
489552,39,5.0
489552,666,5.0
489552,341,4.0
489552,2017,5.0
489552,656,5.0
489552,2036,5.0
489552,549,5.0
23333,422,5.0
23333,2523,5.0
23333,2549,5.0
23333,20,5.0
23333,3080,5.0
23333,823,2.0
23333,677,5.0
23333,1885,5.0
23333,1889,5.0
23333,3045,4.0
23333,34,4.0
23333,178,5.0
23333,44,5.0
23333,15,3.0
188848,422,4.0
188848,1059,5.0
188848,1049,5.0
188848,3087,5.0
118268,422,5.0
118268,3101,5.0
118268,17,5.0
118268,660,5.0
118268,2648,4.0
118268,1057,5.0
118268,509,5.0
118268,174,5.0
118268,659,5.0
118268,5,5.0
118268,2,4.0
118268,2544,4.0
118268,3037,5.0
118268,1154,5.0
118268,780,5.0
118268,2054,5.0
118268,2293,5.0
118268,1885,5.0
118268,189,4.0
118268,351,5.0
118268,1103,5.0
118268,234,5.0
118268,1,5.0
118268,3288,4.0
118268,1144,4.0
118268,2284,5.0
118268,1910,5.0
118268,78,5.0
118268,2423,5.0
118268,3149,4.0
158131,422,5.0
158131,64,5.0
158131,12,5.0
158131,1885,5.0
158131,4,5.0
158131,2436,5.0
142464,422,4.0
142464,272,5.0
142464,88,5.0
142464,962,5.0
167242,422,1.0
167242,1547,4.0
167242,2836,5.0
167242,1911,5.0
167242,33,5.0
167242,1256,5.0
167242,2011,3.0
167242,1834,5.0
167242,1294,1.0
167242,3062,4.0
107651,422,4.0
107651,557,5.0
107651,492,5.0
107651,510,4.0
174711,977,5.0
174711,1091,5.0
174711,1265,5.0
174711,3066,5.0
174711,512,5.0
174711,1917,5.0
174711,1853,5.0
174711,2603,3.0
174711,1269,5.0
174711,406,5.0
174711,1002,5.0
174711,1085,5.0
174711,1320,5.0
57400,977,5.0
57400,1901,5.0
57400,12,5.0
57400,1834,5.0
57400,241,5.0
57400,202,4.0
57400,2087,5.0
57400,964,5.0
57400,1914,4.0
92886,977,4.0
92886,55,5.0
92886,1891,3.0
92886,511,5.0
92886,298,4.0
92886,509,3.0
92886,3347,4.0
92886,2285,4.0
92886,2334,3.0
92886,659,4.0
92886,3171,4.0
92886,2057,3.0
92886,3340,4.0
92886,2465,4.0
92886,2128,5.0
92886,655,4.0
92886,3098,4.0
92886,2654,0.0
92886,2438,4.0
92886,1264,4.0
92886,724,4.0
92886,818,4.0
92886,1574,5.0
92886,2988,4.0
92886,2369,4.0
92886,166,4.0
92886,1902,3.0
92886,189,5.0
92886,2449,4.0
92886,1421,4.0
92886,1930,0.0
92886,730,4.0
92886,2382,3.0
92886,1552,5.0
92886,3250,4.0
92886,1172,4.0
92886,2306,4.0
92886,2689,4.0
92886,10,4.0
92886,2440,0.0
92886,2938,4.0
92886,1438,4.0
92886,2711,3.0
92886,62,0.0
92886,1910,5.0
92886,510,4.0
92886,1900,4.0
92886,1560,3.0
92886,1539,4.0
92886,522,5.0
226372,977,5.0
226372,1996,5.0
226372,3341,4.0
226372,1011,5.0
226372,966,5.0
226372,2508,4.0
226372,2195,3.0
496803,977,4.0
496803,1056,4.0
496803,2419,4.0
496803,2959,5.0
496803,2107,5.0
496803,3106,4.0
496803,2691,4.0
496803,3004,5.0
496803,1038,4.0
496803,981,5.0
496803,2539,5.0
496803,2840,5.0
496803,1081,5.0
496803,167,5.0
496803,3341,4.0
496803,3163,4.0
496803,1437,4.0
496803,1884,4.0
496803,485,4.0
496803,188,2.0
496803,2955,4.0
496803,1973,5.0
496803,3055,4.0
496803,728,4.0
496803,1972,4.0
496803,2834,5.0
496803,1182,5.0
496803,3196,4.0
496803,273,5.0
496803,2326,4.0
496803,3277,5.0
496803,2978,4.0
496803,1360,5.0
496803,2366,4.0
496803,1017,4.0
496803,1045,4.0
496803,921,5.0
496803,416,5.0
496803,2638,4.0
496803,202,4.0
496803,27,5.0
496803,1776,4.0
496803,3,5.0
496803,1268,5.0
496803,3231,5.0
496803,401,5.0
496803,963,5.0
496803,2966,4.0
496803,1597,5.0
496803,2538,5.0
496803,2232,5.0
496803,1175,4.0
496803,2762,5.0
496803,2119,4.0
496803,1125,4.0
859301,977,5.0
859301,2271,5.0
859301,685,5.0
859301,401,5.0
354675,977,5.0
354675,1261,5.0
354675,2170,5.0
354675,151,5.0
354675,2517,5.0
354675,1836,4.0
354675,1856,5.0
354675,2162,5.0
354675,2555,5.0
354675,1323,5.0
354675,508,5.0
354675,704,4.0
354675,2491,5.0
354675,29,5.0
354675,2002,5.0
354675,2417,5.0
354675,2430,5.0
354675,1887,5.0
545825,977,5.0
545825,2371,5.0
545825,1258,4.0
545825,1833,5.0
545825,976,5.0
545825,146,5.0
545825,1265,5.0
545825,3345,3.0
545825,1886,5.0
545825,1506,5.0
545825,2579,5.0
545825,1344,5.0
545825,1039,3.0
545825,1373,5.0
545825,3147,5.0
545825,151,5.0
545825,3063,5.0
545825,1272,4.0
545825,3328,4.0
545825,2418,5.0
545825,424,2.0
545825,1025,5.0
545825,995,5.0
545825,1256,5.0
545825,3150,5.0
545825,1282,5.0
545825,658,5.0
545825,2288,5.0
545825,1266,4.0
545825,1947,5.0
545825,1912,5.0
545825,1118,0.0
545825,1270,5.0
545825,1032,5.0
545825,1235,5.0
545825,779,4.0
545825,18,5.0
545825,1942,5.0
545825,1538,5.0
545825,128,5.0
545825,74,5.0
545825,2947,4.0
545825,3158,4.0
545825,2053,5.0
545825,1900,4.0
545825,3149,4.0
545825,2182,4.0
308961,977,5.0
308961,2833,5.0
308961,420,5.0
308961,1021,5.0
1402748,977,5.0
1402748,242,5.0
1402748,2026,5.0
1402748,1256,5.0
1402748,1098,5.0
1402748,2943,5.0
1402748,962,5.0
1402748,1572,5.0
789516,977,5.0
789516,1891,5.0
789516,89,4.0
789516,1904,5.0
789516,1886,5.0
789516,1202,5.0
789516,2137,5.0
789516,2170,5.0
789516,31,5.0
789516,2044,5.0
789516,2006,5.0
789516,1911,4.0
789516,402,5.0
789516,1264,5.0
789516,276,5.0
789516,1283,5.0
789516,21,4.0
789516,1949,4.0
789516,1902,5.0
789516,11,5.0
789516,2487,0.0
789516,1152,5.0
789516,1956,3.0
789516,1170,5.0
789516,1192,4.0
789516,18,5.0
789516,2463,5.0
789516,666,4.0
789516,65,5.0
789516,1160,5.0
789516,15,5.0
789516,2112,5.0
815968,977,4.0
815968,2842,4.0
815968,2120,4.0
815968,2324,4.0
311260,977,5.0
311260,539,5.0
311260,2142,5.0
311260,75,5.0
311260,2111,5.0
311260,1105,5.0
311260,1051,5.0
311260,1900,5.0
28373,2612,5.0
28373,215,5.0
28373,290,4.0
28373,373,5.0
28373,2582,5.0
28373,264,5.0
28373,10,4.0
28373,2423,5.0
28373,775,5.0
41531,2612,5.0
41531,2477,5.0
41531,2070,5.0
41531,170,5.0
41531,1936,5.0
41531,2,5.0
41531,2098,5.0
41531,19,5.0
41531,2155,5.0
41531,2530,5.0
41531,1889,5.0
41531,2082,5.0
41531,1043,4.0
41531,2118,5.0
107554,2612,5.0
107554,1016,5.0
107554,154,5.0
107554,665,5.0
107554,7,5.0
107554,659,0.0
107554,2090,5.0
107554,793,5.0
107554,682,5.0
56463,2612,5.0
56463,2494,5.0
56463,329,5.0
56463,1936,5.0
56463,2013,5.0
56463,658,5.0
56463,2293,5.0
56463,1947,5.0
56463,661,5.0
56463,1920,5.0
56463,2031,5.0
56463,2082,5.0
56463,2018,5.0
56463,1953,5.0
56463,210,5.0
56463,1931,5.0
56463,3040,5.0
56463,2074,5.0
56463,10,5.0
56463,96,5.0
56463,693,5.0
56463,185,5.0
56463,2502,5.0
56463,81,5.0
56463,2475,5.0
56463,1900,5.0
56463,2242,5.0
368078,2612,5.0
368078,2029,5.0
368078,2416,5.0
368078,2086,5.0
368078,67,5.0
368078,1918,5.0
368078,107,4.0
368078,1256,5.0
368078,21,5.0
368078,1968,5.0
368078,1893,0.0
368078,2424,5.0
368078,11,5.0
368078,2408,5.0
368078,1,5.0
368078,1915,5.0
368078,1979,5.0
368078,217,5.0
368078,74,5.0
368078,2417,5.0
368078,10,4.0
368078,104,5.0
368078,1950,5.0
368078,14,5.0
138047,467,5.0
138047,55,4.0
138047,3179,4.0
138047,3157,5.0
138047,2045,5.0
138047,509,4.0
138047,2285,5.0
138047,1784,5.0
138047,1653,5.0
138047,429,5.0
138047,165,5.0
138047,1659,5.0
138047,3248,5.0
138047,1798,3.0
138047,3184,5.0
138047,3254,5.0
138047,1619,5.0
138047,3148,5.0
138047,1646,5.0
464080,1355,5.0
464080,55,4.0
464080,1894,5.0
464080,1259,3.0
464080,736,4.0
464080,138,5.0
464080,2505,4.0
464080,1818,5.0
464080,1967,4.0
464080,3196,5.0
464080,2059,0.0
464080,234,4.0
464080,1168,5.0
464080,2590,5.0
464080,300,5.0
464080,3,5.0
464080,527,4.0
464080,1354,4.0
464080,30,5.0
464080,2944,4.0
464080,1591,4.0
464080,1153,5.0
464080,117,5.0
464080,2762,5.0
464080,2425,3.0
464080,1445,4.0
464080,14,4.0
358513,1355,5.0
358513,2371,4.0
358513,1475,0.0
358513,681,5.0
358513,3006,5.0
358513,2989,5.0
358513,853,5.0
358513,2489,5.0
358513,2951,5.0
358513,194,5.0
358513,2467,5.0
358513,542,5.0
358513,680,5.0
358513,2782,5.0
358513,4,5.0
593927,1355,5.0
593927,1648,5.0
593927,213,5.0
593927,1468,5.0
593927,3324,4.0
593927,511,5.0
593927,2899,5.0
593927,2821,5.0
593927,2853,5.0
593927,2924,5.0
593927,1899,5.0
593927,1582,4.0
593927,2932,4.0
593927,2818,5.0
593927,2869,4.0
593927,2904,5.0
593927,3330,5.0
593927,2843,4.0
593927,2991,5.0
593927,2919,5.0
593927,94,5.0
593927,525,5.0
593927,2981,5.0
593927,2823,4.0
593927,3131,5.0
593927,68,5.0
593927,2941,5.0
593927,3065,4.0
593927,2920,5.0
593927,2020,5.0
593927,1570,5.0
593927,2973,4.0
593927,2833,5.0
593927,1323,5.0
593927,2951,5.0
593927,3334,5.0
593927,2894,5.0
593927,2820,5.0
593927,2837,4.0
593927,2921,5.0
593927,3099,5.0
593927,1695,5.0
593927,2881,5.0
593927,2859,5.0
593927,2935,4.0
593927,2893,4.0
593927,1597,5.0
593927,2865,5.0
593927,1538,5.0
593927,1629,5.0
593927,1367,5.0
593927,2909,5.0
593927,2816,5.0
593927,1591,4.0
593927,297,4.0
593927,1839,5.0
593927,2874,5.0
593927,2848,5.0
593927,1288,5.0
593927,2888,5.0
593927,1664,5.0
157425,1355,5.0
157425,711,5.0
157425,2778,5.0
157425,2148,5.0
157425,1155,5.0
157425,2457,5.0
157425,64,5.0
157425,1824,5.0
157425,1408,5.0
157425,1055,5.0
157425,435,5.0
157425,1866,5.0
157425,2246,5.0
157425,2779,5.0
157425,1373,5.0
157425,1230,4.0
157425,1812,5.0
157425,1120,5.0
157425,286,5.0
157425,2072,4.0
157425,2539,5.0
157425,520,5.0
157425,1418,5.0
157425,1158,4.0
157425,1836,5.0
157425,750,5.0
157425,2267,5.0
157425,847,5.0
157425,995,5.0
157425,1263,5.0
157425,1159,5.0
157425,817,5.0
157425,2763,3.0
157425,1335,5.0
157425,257,5.0
157425,21,4.0
157425,2518,5.0
157425,1012,5.0
157425,1888,5.0
157425,3075,5.0
157425,438,5.0
157425,3056,5.0
157425,1526,5.0
157425,309,5.0
157425,1331,5.0
157425,234,5.0
157425,1068,5.0
157425,2837,4.0
157425,2567,5.0
157425,1443,5.0
157425,2558,5.0
157425,1200,5.0
157425,1999,5.0
157425,603,5.0
157425,561,4.0
157425,1946,5.0
157425,2287,5.0
157425,3029,5.0
157425,2816,5.0
157425,2231,4.0
157425,379,5.0
157425,505,5.0
157425,1006,5.0
157425,1950,5.0
157425,962,5.0
157425,990,5.0
157425,2425,3.0
157425,510,5.0
157425,2377,5.0
157425,365,5.0
157425,2731,5.0
86318,3244,5.0
86318,1571,5.0
86318,1596,0.0
86318,2556,5.0
86318,1033,5.0
86318,1843,5.0
86318,1736,4.0
86318,277,5.0
86318,511,5.0
86318,1157,5.0
86318,1984,5.0
86318,699,5.0
86318,398,5.0
86318,2605,5.0
86318,2266,3.0
86318,1957,5.0
86318,1275,5.0
86318,2312,5.0
86318,1785,5.0
86318,2931,5.0
86318,801,5.0
86318,3034,4.0
86318,2610,5.0
86318,774,5.0
86318,2449,5.0
86318,1622,5.0
86318,439,0.0
86318,715,5.0
86318,1732,4.0
86318,1594,4.0
86318,3202,5.0
86318,1641,5.0
86318,806,4.0
86318,2436,5.0
191990,3244,5.0
191990,1420,5.0
191990,2620,5.0
191990,3266,5.0
191990,1590,5.0
191990,3146,5.0
191990,1151,5.0
726534,3244,4.0
726534,736,3.0
726534,1898,4.0
726534,513,4.0
726534,2467,4.0
726534,839,5.0
726534,3233,5.0
726534,2444,4.0
1365025,3244,4.0
1365025,17,3.0
1365025,2945,3.0
1365025,366,5.0
1365025,1167,4.0
1365025,1195,5.0
1365025,59,5.0
1365025,355,5.0
1365025,6,4.0
1365025,132,4.0
1365025,2379,4.0
1365025,528,0.0
1365025,83,3.0
1365025,306,5.0
1365025,2145,3.0
1365025,2366,5.0
1365025,51,3.0
1365025,1331,4.0
1365025,110,4.0
1365025,39,4.0
1365025,2421,3.0
1365025,964,4.0
1365025,198,4.0
1365025,4,3.0
29268,2235,5.0
29268,1929,5.0
29268,2121,4.0
29268,1885,5.0
29268,194,5.0
29268,61,5.0
29268,1897,5.0
29268,60,5.0
13301,2235,5.0
13301,2549,1.0
13301,31,5.0
13301,2490,4.0
13301,324,5.0
35751,2235,5.0
35751,3246,5.0
35751,1286,5.0
35751,2812,4.0
1031671,2235,5.0
1031671,2437,5.0
1031671,1893,5.0
1031671,81,5.0
1195471,2235,5.0
1195471,2492,4.0
1195471,2445,5.0
1195471,2430,5.0
88378,2004,5.0
88378,984,4.0
88378,50,5.0
88378,2265,5.0
88378,167,5.0
88378,129,5.0
88378,1973,4.0
88378,1107,5.0
88378,2795,5.0
88378,75,5.0
88378,1176,4.0
88378,530,4.0
88378,1839,5.0
88378,150,5.0
88378,1914,5.0
49542,2004,5.0
49542,378,5.0
49542,1921,5.0
49542,449,5.0
49542,366,5.0
49542,1261,5.0
49542,2486,5.0
49542,373,5.0
49542,2553,4.0
49542,961,5.0
49542,986,5.0
49542,13,5.0
49542,46,5.0
49542,2613,5.0
49542,1449,5.0
49542,1888,5.0
49542,1026,5.0
49542,2803,4.0
49542,2449,5.0
49542,617,5.0
49542,27,5.0
49542,243,5.0
49542,2481,5.0
49542,93,5.0
49542,2445,5.0
49542,2042,5.0
49542,74,5.0
49542,160,5.0
49542,10,5.0
49542,2815,5.0
49542,117,5.0
49542,2592,5.0
49542,1169,5.0
132764,2004,5.0
132764,2285,5.0
132764,207,4.0
132764,1724,4.0
132764,892,5.0
132764,1140,4.0
132764,2667,0.0
132764,22,4.0
132764,1577,5.0
41578,2004,5.0
41578,2431,5.0
41578,2077,5.0
41578,179,5.0
41578,3270,5.0
41578,323,5.0
41578,2437,0.0
41578,2220,5.0
41578,679,5.0
41578,1321,5.0
41578,1836,5.0
41578,2617,5.0
41578,2217,5.0
41578,1140,5.0
41578,1947,5.0
41578,2424,5.0
41578,1306,5.0
41578,1934,5.0
41578,2277,5.0
41578,798,5.0
41578,2865,5.0
41578,2680,5.0
41578,2076,5.0
41578,326,5.0
41578,1931,5.0
41578,2446,5.0
41578,1465,5.0
41578,2450,5.0
41578,1462,5.0
41578,734,5.0
41578,1169,5.0
41578,173,5.0
8629,2004,4.0
8629,1927,5.0
8629,2070,5.0
8629,2291,4.0
8629,1924,5.0
8629,222,5.0
8629,1904,5.0
8629,64,5.0
8629,26,5.0
8629,6,5.0
8629,28,4.0
8629,528,4.0
8629,1885,4.0
8629,428,5.0
8629,118,3.0
8629,2441,5.0
8629,667,5.0
8629,2481,5.0
8629,2233,4.0
8629,2158,5.0
8629,656,4.0
8629,674,5.0
8629,657,5.0
8629,150,5.0
8629,330,5.0
8629,280,5.0
8629,1958,4.0
8629,198,5.0
8629,44,2.0
8629,4,4.0
8629,173,3.0
11297,2004,5.0
11297,133,5.0
11297,131,5.0
11297,304,5.0
11297,1571,5.0
11297,17,5.0
11297,696,5.0
11297,421,5.0
11297,965,5.0
11297,1036,4.0
11297,2285,4.0
11297,1943,4.0
11297,1133,5.0
11297,1363,5.0
11297,52,5.0
11297,1273,5.0
11297,504,4.0
11297,969,5.0
11297,1154,5.0
11297,996,5.0
11297,491,5.0
11297,1199,4.0
11297,2892,5.0
11297,29,5.0
11297,1830,4.0
11297,1979,5.0
11297,1002,5.0
11297,34,4.0
11297,1018,5.0
11297,1367,5.0
11297,2939,5.0
11297,2943,5.0
11297,962,5.0
11297,1914,5.0
11297,1048,5.0
11297,486,5.0
11297,3149,5.0
91392,2004,5.0
91392,1054,5.0
91392,1531,5.0
91392,1259,5.0
91392,795,4.0
91392,3157,4.0
91392,1448,4.0
91392,2094,5.0
91392,681,4.0
91392,1039,5.0
91392,2686,5.0
91392,2836,4.0
91392,2433,5.0
91392,6,3.0
91392,1544,5.0
91392,3165,5.0
91392,28,4.0
91392,1637,4.0
91392,2101,5.0
91392,878,4.0
91392,40,4.0
91392,2385,5.0
91392,1256,5.0
91392,13,5.0
91392,3342,5.0
91392,3162,5.0
91392,658,5.0
91392,2011,5.0
91392,2415,5.0
91392,2054,5.0
91392,2424,4.0
91392,2817,4.0
91392,1885,5.0
91392,1909,5.0
91392,53,5.0
91392,3062,5.0
91392,1541,4.0
91392,103,4.0
91392,3,5.0
91392,1552,5.0
91392,47,4.0
91392,2443,5.0
91392,1047,4.0
91392,2637,5.0
91392,1114,5.0
91392,1670,5.0
91392,832,5.0
91392,285,4.0
91392,2711,4.0
91392,962,5.0
91392,560,5.0
91392,1410,4.0
91392,2428,4.0
91392,4,5.0
91392,2423,5.0
91392,1900,5.0
91392,662,5.0
288618,2004,5.0
288618,2830,5.0
288618,18,5.0
288618,10,3.0
346860,2004,5.0
346860,9,5.0
346860,517,5.0
346860,2006,4.0
346860,3061,5.0
346860,40,4.0
346860,701,5.0
346860,1028,5.0
346860,19,5.0
346860,769,5.0
346860,2646,3.0
346860,1896,4.0
346860,1019,5.0
156034,2004,5.0
156034,2435,5.0
156034,19,4.0
156034,2551,5.0
156034,187,4.0
513192,2004,5.0
513192,658,5.0
513192,2417,5.0
513192,1887,5.0
51717,2004,5.0
51717,227,5.0
51717,2416,5.0
51717,13,3.0
51717,3032,5.0
51717,70,5.0
51717,2424,5.0
51717,3322,5.0
51717,1993,5.0
51717,22,5.0
51717,1009,4.0
51717,1347,4.0
51717,14,3.0
855206,2004,5.0
855206,407,5.0
855206,2431,0.0
855206,84,5.0
855206,2288,5.0
855206,1041,4.0
855206,2717,5.0
415934,2004,5.0
415934,1531,5.0
415934,77,5.0
415934,1988,4.0
415934,140,5.0
415934,2120,5.0
415934,3063,5.0
415934,1963,5.0
415934,1972,5.0
415934,2518,5.0
415934,477,5.0
415934,333,5.0
415934,1915,4.0
415934,672,5.0
415934,281,5.0
415934,1897,4.0
415934,1935,5.0
415934,2560,5.0
415934,1151,5.0
415934,2300,5.0
415934,971,4.0
2000391889,2004,5.0
2000391889,9,5.0
2000391889,71,0.0
2000391889,1898,5.0
2000391889,2598,2.0
2000391889,38,0.0
2000391889,27,0.0
2000391889,35,5.0
2000391889,1832,5.0
2000391889,2204,5.0
27678,220,5.0
27678,9,4.0
27678,931,5.0
27678,3238,4.0
27678,2291,5.0
27678,277,5.0
27678,3345,5.0
27678,1261,5.0
27678,942,5.0
27678,1212,4.0
27678,1984,0.0
27678,453,5.0
27678,2285,5.0
27678,1928,4.0
27678,3164,5.0
27678,395,5.0
27678,2843,5.0
27678,883,4.0
27678,728,4.0
27678,1867,5.0
27678,1275,4.0
27678,2823,5.0
27678,1461,5.0
27678,2941,5.0
27678,1606,5.0
27678,1532,4.0
27678,2111,4.0
27678,2184,4.0
27678,2501,5.0
27678,19,4.0
27678,1674,5.0
27678,1563,5.0
27678,1372,4.0
27678,51,5.0
27678,2152,5.0
27678,1494,5.0
27678,320,5.0
27678,793,5.0
27678,2907,5.0
27678,2061,5.0
27678,3337,5.0
27678,2965,5.0
27678,2463,5.0
27678,1650,4.0
27678,3304,5.0
27678,896,4.0
27678,1694,5.0
27678,237,4.0
27678,1513,4.0
27678,1288,4.0
27678,1846,5.0
27678,3323,5.0
27678,4,5.0
27678,3286,5.0
27678,3194,5.0
27678,662,5.0
33376,220,5.0
33376,225,5.0
33376,2598,5.0
33376,551,5.0
33376,1887,5.0
60101,220,4.0
60101,1841,5.0
60101,1941,3.0
60101,2469,4.0
60101,1196,5.0
57500,220,5.0
57500,1899,5.0
57500,2420,5.0
57500,1444,5.0
57500,429,5.0
57500,1269,5.0
57500,3253,5.0
169357,220,5.0
169357,1534,4.0
169357,387,5.0
169357,754,0.0
169357,2946,5.0
169357,2290,5.0
169357,686,4.0
169357,19,5.0
169357,3152,5.0
169357,2468,5.0
169357,15,5.0
169357,440,3.0
326543,220,5.0
326543,37,5.0
326543,2505,5.0
326543,520,5.0
326543,2420,5.0
326543,2518,5.0
326543,219,5.0
937635,220,4.0
937635,9,5.0
937635,2523,5.0
937635,3274,5.0
937635,37,5.0
937635,7,5.0
937635,2416,5.0
937635,2120,5.0
937635,1582,5.0
937635,3164,4.0
937635,2824,5.0
937635,1918,3.0
937635,2547,5.0
937635,2435,5.0
937635,2434,5.0
937635,2455,4.0
937635,2418,5.0
937635,107,5.0
937635,3151,5.0
937635,1543,5.0
937635,2614,5.0
937635,12,5.0
937635,3131,5.0
937635,1777,5.0
937635,1256,5.0
937635,3212,4.0
937635,3342,5.0
937635,3153,4.0
937635,1606,5.0
937635,613,5.0
937635,2422,4.0
937635,2493,5.0
937635,2975,5.0
937635,11,5.0
937635,2239,4.0
937635,2383,5.0
937635,1541,5.0
937635,1734,4.0
937635,27,5.0
937635,18,5.0
937635,793,3.0
937635,963,5.0
937635,1597,5.0
937635,446,5.0
937635,158,5.0
937635,666,0.0
937635,2962,0.0
937635,294,5.0
937635,60,5.0
937635,1832,5.0
937635,2417,0.0
937635,1556,5.0
937635,714,4.0
937635,108,5.0
937635,1627,5.0
265954,220,5.0
265954,1886,5.0
265954,2431,5.0
265954,1938,4.0
265954,1898,5.0
265954,536,5.0
265954,2433,5.0
265954,2,5.0
265954,1918,4.0
265954,3061,4.0
265954,3067,4.0
265954,664,4.0
265954,2432,5.0
265954,51,4.0
265954,1977,5.0
265954,29,5.0
265954,27,4.0
265954,3,5.0
265954,2317,4.0
265954,49,4.0
265954,1897,4.0
265954,1538,4.0
265954,358,4.0
265954,15,4.0
233829,220,5.0
233829,175,3.0
233829,1298,5.0
233829,3342,4.0
233829,1888,4.0
233829,1478,3.0
233829,2366,5.0
233829,966,4.0
233829,241,4.0
233829,2444,5.0
233829,117,3.0
233829,2436,3.0
69267,378,5.0
69267,196,5.0
69267,177,5.0
69267,3061,5.0
314259,378,5.0
314259,64,5.0
314259,36,3.0
314259,167,5.0
314259,964,5.0
224921,378,5.0
224921,2486,5.0
224921,263,5.0
224921,3316,5.0
224921,93,5.0
286209,378,5.0
286209,2240,5.0
286209,3234,4.0
286209,367,5.0
286209,2208,5.0
286209,2075,5.0
534554,378,5.0
534554,2109,4.0
534554,2245,1.0
534554,12,5.0
534554,1992,5.0
534554,2487,5.0
534554,18,5.0
534554,337,5.0
534554,2528,3.0
534554,10,5.0
534554,964,4.0
169969,378,5.0
169969,25,5.0
169969,2103,5.0
169969,89,5.0
169969,205,5.0
169969,1173,5.0
169969,2263,5.0
169969,298,5.0
169969,154,4.0
169969,1628,5.0
169969,1960,5.0
169969,7,5.0
169969,1038,5.0
169969,1174,4.0
169969,2645,5.0
169969,512,5.0
169969,1899,5.0
169969,2818,5.0
169969,659,5.0
169969,1179,4.0
169969,2465,5.0
169969,28,5.0
169969,125,5.0
169969,188,5.0
169969,2435,5.0
169969,525,5.0
169969,2267,5.0
169969,513,5.0
169969,2969,5.0
169969,850,5.0
169969,1274,5.0
169969,1263,5.0
169969,697,5.0
169969,2073,5.0
169969,2961,5.0
169969,2946,5.0
169969,2133,5.0
169969,649,5.0
169969,2089,5.0
169969,1409,4.0
169969,658,5.0
169969,21,5.0
169969,725,5.0
169969,2059,5.0
169969,2514,5.0
169969,631,5.0
169969,2513,5.0
169969,1095,5.0
169969,2467,5.0
169969,382,5.0
169969,1981,5.0
169969,141,5.0
169969,824,5.0
169969,2837,5.0
169969,1,5.0
169969,1536,5.0
169969,1443,5.0
169969,680,5.0
169969,3166,5.0
169969,1954,5.0
169969,1908,5.0
169969,1082,5.0
169969,3090,4.0
169969,1889,5.0
169969,18,5.0
169969,414,5.0
169969,3070,5.0
169969,2591,5.0
169969,792,5.0
169969,1533,4.0
169969,1085,5.0
169969,446,5.0
169969,1451,5.0
169969,3201,5.0
169969,1151,5.0
169969,2307,5.0
169969,1309,5.0
169969,2276,5.0
169969,993,5.0
169969,806,5.0
169969,990,5.0
169969,510,5.0
169969,1900,5.0
22973,2692,5.0
22973,665,5.0
22973,2016,5.0
22973,2257,5.0
22973,323,5.0
22973,2420,5.0
22973,1065,5.0
22973,2073,5.0
22973,3017,4.0
22973,1188,5.0
22973,2022,5.0
22973,259,5.0
22973,1201,5.0
22973,2733,5.0
22973,2448,5.0
22973,144,5.0
22973,2017,5.0
22973,2450,5.0
22973,23,5.0
22973,345,5.0
41809,2692,5.0
41809,1921,5.0
41809,342,5.0
41809,1904,5.0
41809,154,5.0
41809,1938,5.0
41809,2619,5.0
41809,2437,5.0
41809,2693,5.0
41809,87,5.0
41809,2424,5.0
41809,1930,5.0
41809,2679,5.0
41809,3,5.0
41809,118,5.0
41809,47,5.0
41809,2623,5.0
41809,2698,5.0
41809,2680,5.0
41809,1191,5.0
36128,2692,5.0
36128,2494,5.0
36128,961,5.0
36128,2480,5.0
36128,859,5.0
36128,1012,5.0
36128,2481,5.0
36128,2087,5.0
36128,1160,5.0
36128,964,5.0
36128,15,5.0
31695,2692,5.0
31695,260,4.0
31695,230,5.0
31695,2,4.0
31695,2536,5.0
31695,1885,5.0
31695,1152,5.0
31695,18,5.0
31695,156,5.0
31695,2459,5.0
31695,60,4.0
31695,1043,5.0
32211,708,5.0
32211,1895,5.0
32211,7,5.0
32211,657,5.0
39547,708,4.0
39547,1621,5.0
39547,809,5.0
39547,3342,5.0
39547,1026,5.0
39547,1296,5.0
39547,2315,5.0
39547,2502,5.0
85528,708,5.0
85528,660,5.0
85528,2457,5.0
85528,1911,5.0
85528,2535,5.0
85528,51,5.0
85528,2487,5.0
85528,2940,5.0
212145,708,5.0
212145,174,5.0
212145,28,4.0
212145,2547,5.0
212145,12,5.0
212145,202,5.0
212145,1942,5.0
212145,85,5.0
212145,1591,5.0
212145,108,5.0
212145,1014,5.0
177688,708,5.0
177688,2427,4.0
177688,2068,4.0
177688,1794,5.0
177688,1256,5.0
177688,2845,3.0
177688,2325,5.0
177688,3154,5.0
177688,1284,5.0
177688,666,5.0
177688,3233,5.0
177688,3252,5.0
177688,2510,5.0
177688,1900,5.0
255338,708,5.0
255338,692,4.0
255338,3367,5.0
255338,696,5.0
255338,660,5.0
255338,3168,4.0
255338,2376,5.0
255338,7,5.0
255338,509,4.0
255338,98,4.0
255338,2285,5.0
255338,2374,5.0
255338,915,5.0
255338,2316,5.0
255338,2348,4.0
255338,2308,5.0
255338,659,5.0
255338,5,5.0
255338,663,5.0
255338,852,5.0
255338,908,4.0
255338,687,4.0
255338,3159,5.0
255338,3350,5.0
255338,2296,5.0
255338,2367,5.0
255338,658,5.0
255338,21,5.0
255338,670,4.0
255338,2372,4.0
255338,2288,5.0
255338,3346,5.0
255338,51,5.0
255338,2318,5.0
255338,2378,4.0
255338,680,5.0
255338,61,5.0
255338,103,5.0
255338,1908,5.0
255338,2311,5.0
255338,3363,5.0
255338,2299,5.0
255338,121,5.0
255338,2336,4.0
255338,700,5.0
255338,3201,4.0
255338,409,5.0
255338,2404,5.0
255338,808,5.0
255338,2406,5.0
532289,708,4.0
532289,2416,5.0
532289,1928,5.0
532289,32,4.0
532289,659,5.0
532289,5,5.0
532289,28,5.0
532289,2483,5.0
532289,2089,5.0
532289,658,5.0
532289,2366,5.0
532289,141,5.0
532289,2423,5.0
532289,14,4.0
1120307,708,4.0
1120307,660,5.0
1120307,687,5.0
1120307,780,5.0
1120307,101,5.0
1120307,705,4.0
610488,592,5.0
610488,882,4.0
610488,1703,5.0
610488,1630,5.0
610488,1709,5.0
610488,2322,5.0
526666,592,5.0
526666,304,5.0
526666,2275,5.0
526666,696,5.0
526666,2671,5.0
526666,982,5.0
526666,690,5.0
526666,2072,5.0
526666,520,5.0
526666,525,5.0
526666,912,4.0
526666,521,5.0
526666,1968,5.0
526666,1716,5.0
526666,532,5.0
526666,1168,5.0
526666,1224,5.0
526666,963,5.0
526666,121,5.0
526666,316,5.0
526666,2622,5.0
526666,962,5.0
526666,621,5.0
526666,365,5.0
526666,2099,5.0
286566,592,5.0
286566,224,5.0
286566,307,5.0
286566,1056,3.0
286566,1531,5.0
286566,3123,5.0
286566,2230,5.0
286566,739,4.0
286566,902,4.0
286566,1497,5.0
286566,2861,4.0
286566,2003,4.0
286566,3352,5.0
286566,699,4.0
286566,2285,5.0
286566,323,5.0
286566,2072,5.0
286566,2316,4.0
286566,2983,5.0
286566,2903,5.0
286566,1133,5.0
286566,738,5.0
286566,3328,5.0
286566,1715,4.0
286566,3163,5.0
286566,188,5.0
286566,1863,4.0
286566,1566,5.0
286566,3283,5.0
286566,94,5.0
286566,375,5.0
286566,2834,5.0
286566,855,4.0
286566,2963,5.0
286566,2133,5.0
286566,818,5.0
286566,994,5.0
286566,1280,5.0
286566,658,5.0
286566,1010,4.0
286566,774,5.0
286566,1094,5.0
286566,651,5.0
286566,701,4.0
286566,1307,4.0
286566,3277,5.0
286566,1813,5.0
286566,1249,4.0
286566,2985,4.0
286566,48,5.0
286566,2566,4.0
286566,477,5.0
286566,2576,5.0
286566,54,5.0
286566,234,4.0
286566,1077,5.0
286566,1830,5.0
286566,1780,5.0
286566,2035,4.0
286566,2907,5.0
286566,667,5.0
286566,1329,5.0
286566,2018,5.0
286566,3036,4.0
286566,1880,5.0
286566,861,4.0
286566,1018,5.0
286566,30,4.0
286566,2300,5.0
286566,2939,3.0
286566,3048,5.0
286566,408,5.0
286566,2943,4.0
286566,2404,5.0
286566,1766,5.0
286566,962,5.0
286566,971,5.0
286566,1658,5.0
35918,1534,5.0
35918,671,5.0
35918,1886,5.0
35918,36,5.0
35918,7,5.0
35918,2285,5.0
35918,2818,5.0
35918,1957,5.0
35918,12,5.0
35918,2563,5.0
35918,2368,5.0
35918,11,5.0
35918,1,5.0
35918,2207,5.0
35918,27,5.0
35918,656,5.0
35918,1535,5.0
900992,1534,5.0
900992,1559,3.0
900992,201,5.0
900992,3344,5.0
900992,736,5.0
900992,2108,3.0
900992,1955,5.0
900992,1060,5.0
900992,1282,4.0
900992,1449,5.0
900992,2335,5.0
900992,3145,5.0
900992,51,4.0
900992,2972,5.0
900992,2351,3.0
900992,1209,4.0
900992,641,4.0
900992,935,4.0
900992,2495,5.0
44372,1534,5.0
44372,2477,5.0
44372,3362,5.0
44372,965,5.0
44372,2419,5.0
44372,2821,5.0
44372,140,5.0
44372,1906,5.0
44372,2843,4.0
44372,3080,5.0
44372,3342,5.0
44372,2369,5.0
44372,292,4.0
44372,2470,5.0
44372,2820,5.0
44372,416,5.0
44372,1889,5.0
44372,2841,5.0
44372,2880,4.0
44372,1392,5.0
44372,1454,5.0
44372,2816,5.0
44372,1153,5.0
44372,1260,5.0
44372,78,5.0
44372,662,5.0
44372,168,5.0
47341,1534,4.0
47341,1971,5.0
47341,65,5.0
47341,2425,4.0
27416,1534,5.0
27416,1891,5.0
27416,2199,5.0
27416,2137,5.0
27416,699,5.0
27416,2285,5.0
27416,1943,5.0
27416,659,5.0
27416,948,4.0
27416,561,5.0
27416,1897,5.0
27416,39,0.0
27416,2965,5.0
27416,2187,5.0
121684,1534,5.0
121684,1843,5.0
121684,1736,5.0
121684,188,5.0
121684,1275,5.0
121684,694,5.0
121684,670,5.0
121684,53,5.0
121684,1846,5.0
121684,1926,5.0
121684,662,5.0
131595,1534,5.0
131595,2291,5.0
131595,2027,5.0
131595,1562,5.0
131595,3,5.0
62086,1534,5.0
62086,227,4.0
62086,748,5.0
62086,664,4.0
62086,2111,5.0
62086,1745,4.0
62086,86,4.0
62086,3185,4.0
62086,556,4.0
95241,1534,5.0
95241,1894,5.0
95241,2419,5.0
95241,13,5.0
95241,2563,5.0
95241,1887,5.0
117781,1534,4.0
117781,976,5.0
117781,131,5.0
117781,3343,5.0
117781,2556,5.0
117781,1291,5.0
117781,1988,5.0
117781,732,5.0
117781,140,3.0
117781,2531,5.0
117781,2586,3.0
117781,1424,5.0
117781,1939,4.0
117781,1527,5.0
117781,3342,4.0
117781,658,5.0
117781,1372,5.0
117781,1909,0.0
117781,723,5.0
117781,3146,5.0
117781,1294,5.0
117781,1540,5.0
117781,105,5.0
117781,2061,5.0
117781,3202,5.0
117781,2053,4.0
117781,2019,5.0
117781,384,3.0
117781,1887,5.0
117781,1539,5.0
117781,522,5.0
147145,1534,5.0
147145,1927,5.0
147145,2420,5.0
147145,3162,5.0
147145,66,5.0
147145,1706,5.0
147145,3166,5.0
147145,2425,4.0
209743,1534,5.0
209743,660,5.0
209743,1886,4.0
209743,1561,5.0
209743,16,5.0
209743,3165,5.0
209743,1532,5.0
209743,41,5.0
209743,3044,5.0
209743,2368,5.0
209743,2424,4.0
209743,1885,4.0
209743,1,5.0
209743,1608,5.0
209743,1575,5.0
209743,2939,5.0
83541,1534,4.0
83541,1833,5.0
83541,1281,5.0
83541,523,5.0
83541,1955,5.0
83541,1885,5.0
83541,69,4.0
353579,1534,4.0
353579,1056,5.0
353579,660,4.0
353579,2611,5.0
353579,3114,5.0
353579,2431,5.0
353579,788,5.0
353579,1291,5.0
353579,2047,5.0
353579,418,5.0
353579,547,5.0
353579,3063,5.0
353579,1544,5.0
353579,2529,5.0
353579,2250,5.0
353579,1911,5.0
353579,404,5.0
353579,1273,5.0
353579,2267,4.0
353579,703,5.0
353579,2244,5.0
353579,258,5.0
353579,1108,5.0
353579,1581,4.0
353579,46,5.0
353579,2476,4.0
353579,3159,5.0
353579,2133,4.0
353579,1317,5.0
353579,1916,5.0
353579,2422,5.0
353579,658,5.0
353579,1813,5.0
353579,1656,5.0
353579,48,5.0
353579,1345,5.0
353579,415,4.0
353579,1536,5.0
353579,680,5.0
353579,948,5.0
353579,1776,5.0
353579,661,5.0
353579,1552,5.0
353579,401,5.0
353579,49,5.0
353579,667,5.0
353579,1047,5.0
353579,709,5.0
353579,2860,4.0
353579,2637,5.0
353579,589,5.0
353579,700,5.0
353579,2807,5.0
353579,2574,4.0
353579,2329,5.0
353579,2461,5.0
353579,674,4.0
353579,408,5.0
353579,104,5.0
353579,2404,5.0
353579,1558,5.0
353579,936,5.0
353579,2938,4.0
353579,1641,5.0
353579,980,5.0
353579,993,4.0
353579,1690,4.0
353579,2036,5.0
353579,2599,5.0
240668,1534,4.0
240668,1258,5.0
240668,1531,5.0
240668,2452,3.0
240668,6,5.0
240668,2098,5.0
240668,13,5.0
240668,3213,4.0
240668,2527,5.0
240668,3172,5.0
240668,2368,4.0
240668,3146,5.0
240668,2126,5.0
240668,3185,5.0
240668,1976,5.0
240668,2351,4.0
240668,2448,5.0
240668,682,4.0
240668,1919,5.0
240668,74,5.0
240668,2295,5.0
240668,1260,4.0
240668,23,5.0
240668,2071,4.0
240668,112,0.0
176160,1534,5.0
176160,2081,5.0
176160,2039,5.0
176160,45,5.0
353492,1534,5.0
353492,2095,3.0
353492,660,3.0
353492,3147,4.0
353492,2285,5.0
353492,46,5.0
353492,658,5.0
353492,508,5.0
353492,3322,5.0
435388,1534,3.0
435388,1906,5.0
435388,1966,3.0
435388,658,4.0
435388,508,3.0
435388,1,5.0
435388,1923,5.0
435388,464,5.0
380162,1534,4.0
380162,55,3.0
380162,1531,5.0
380162,8,2.0
380162,3147,4.0
380162,2285,4.0
380162,1582,3.0
380162,16,4.0
380162,2426,2.0
380162,10,2.0
380162,2939,2.0
380162,42,3.0
380162,2940,4.0
380162,2436,2.0
380162,1539,5.0
92184,1534,5.0
92184,5,5.0
92184,1553,5.0
92184,1537,5.0
278516,1534,5.0
278516,1628,4.0
278516,1605,5.0
278516,2177,4.0
278516,1614,5.0
278516,1740,4.0
278516,2969,4.0
278516,3041,4.0
278516,2941,4.0
278516,1555,5.0
278516,2828,4.0
278516,2152,5.0
278516,1433,3.0
278516,3201,4.0
278516,247,5.0
540322,1534,4.0
540322,748,4.0
540322,694,1.0
540322,857,3.0
540322,710,5.0
540322,440,4.0
369956,1534,4.0
369956,1886,4.0
369956,1899,5.0
369956,2422,4.0
369956,3,5.0
369956,672,5.0
369956,100,5.0
519838,1534,5.0
519838,1886,5.0
519838,1906,5.0
519838,588,5.0
519838,1,5.0
519838,1887,4.0
519838,123,5.0
199418,1534,5.0
199418,8,5.0
199418,1190,5.0
199418,1263,5.0
199418,2171,4.0
199418,11,5.0
199418,3154,5.0
199418,3197,5.0
199418,1,5.0
199418,3210,5.0
199418,1533,5.0
199418,666,5.0
199418,1923,5.0
199418,3158,4.0
199418,112,5.0
157167,1534,5.0
157167,983,5.0
157167,1155,5.0
157167,1810,5.0
157167,2497,5.0
157167,2671,5.0
157167,355,5.0
157167,1381,5.0
157167,2286,5.0
157167,484,5.0
157167,521,5.0
157167,1890,4.0
157167,3302,5.0
157167,2365,5.0
157167,86,5.0
157167,416,0.0
157167,1920,5.0
157167,2675,5.0
157167,401,5.0
157167,1491,5.0
157167,143,5.0
157167,2428,5.0
157167,4,4.0
157167,2322,5.0
341344,1534,5.0
341344,660,1.0
341344,1652,5.0
341344,1969,5.0
341344,2434,4.0
341344,12,5.0
341344,68,5.0
341344,1532,5.0
341344,2304,5.0
341344,1262,3.0
341344,76,5.0
341344,51,5.0
341344,1540,5.0
341344,2950,4.0
341344,310,4.0
341344,2940,4.0
341344,23,4.0
341344,519,5.0
341344,44,3.0
341344,510,5.0
196198,1534,5.0
196198,1258,5.0
196198,972,5.0
196198,1636,5.0
196198,1419,5.0
196198,3151,5.0
196198,3150,5.0
196198,1399,5.0
196198,1,5.0
196198,554,5.0
196198,3311,4.0
196198,14,2.0
158039,1534,5.0
158039,1886,5.0
158039,2902,5.0
158039,1256,5.0
158039,2422,5.0
158039,1538,5.0
158039,2974,5.0
199697,1534,5.0
199697,3179,4.0
199697,343,5.0
199697,2419,5.0
199697,339,4.0
199697,2420,5.0
199697,3171,5.0
199697,176,5.0
199697,197,4.0
199697,2418,4.0
199697,513,5.0
199697,2442,5.0
199697,2594,4.0
199697,2432,5.0
199697,144,5.0
199697,143,5.0
199697,2474,5.0
199697,3155,4.0
199697,62,4.0
571276,1534,5.0
571276,2427,5.0
571276,194,5.0
571276,988,5.0
571276,35,5.0
347822,1534,4.0
347822,660,3.0
347822,1971,4.0
347822,2456,4.0
347822,7,5.0
347822,659,4.0
347822,712,4.0
347822,13,4.0
347822,658,4.0
347822,2288,4.0
347822,701,1.0
347822,2985,5.0
347822,508,4.0
347822,2514,5.0
347822,1885,4.0
347822,546,5.0
347822,189,4.0
347822,2513,4.0
347822,2139,5.0
347822,2135,4.0
347822,1540,3.0
347822,1,4.0
347822,680,5.0
347822,1908,5.0
347822,2421,5.0
347822,42,5.0
723491,1534,5.0
723491,159,5.0
723491,3167,5.0
723491,7,5.0
723491,106,4.0
723491,3264,5.0
723491,2286,5.0
723491,659,5.0
723491,2250,5.0
723491,1304,5.0
723491,258,5.0
723491,2302,5.0
723491,116,5.0
723491,110,5.0
723491,987,5.0
723491,1922,5.0
723491,2515,5.0
215014,1534,4.0
215014,17,5.0
215014,593,5.0
215014,512,4.0
215014,2420,5.0
215014,6,5.0
215014,961,5.0
215014,663,4.0
215014,1934,4.0
215014,1,5.0
1177249,1534,5.0
1177249,1703,5.0
1177249,2064,5.0
1177249,278,4.0
1177249,773,5.0
287080,1534,5.0
287080,1996,5.0
287080,344,4.0
287080,3364,5.0
287080,844,3.0
592633,1534,5.0
592633,1487,5.0
592633,965,5.0
592633,2431,5.0
592633,2416,5.0
592633,1929,5.0
592633,5,5.0
592633,670,5.0
592633,116,5.0
592633,667,5.0
592633,2515,5.0
592633,936,5.0
371055,1534,5.0
371055,1937,5.0
371055,1544,5.0
371055,2476,5.0
371055,1285,5.0
371055,1536,5.0
371055,1533,5.0
209382,1534,0.0
209382,2073,5.0
209382,670,5.0
209382,2180,5.0
1865961,1534,5.0
1865961,2286,5.0
1865961,2302,5.0
1865961,1916,5.0
1865961,3237,5.0
171084,1534,5.0
171084,2427,5.0
171084,517,5.0
171084,2431,5.0
171084,7,5.0
171084,2670,3.0
171084,50,5.0
171084,2197,5.0
171084,16,5.0
171084,1271,4.0
171084,2000,5.0
171084,20,5.0
171084,125,5.0
171084,33,5.0
171084,2415,5.0
171084,66,5.0
171084,396,5.0
171084,2442,5.0
171084,2059,5.0
171084,48,5.0
171084,2512,5.0
171084,727,5.0
171084,2030,4.0
171084,110,5.0
171084,1,5.0
171084,2542,5.0
171084,948,3.0
171084,2661,5.0
171084,2468,5.0
171084,1171,5.0
171084,143,5.0
171084,1185,5.0
171084,1832,5.0
171084,10,5.0
171084,15,4.0
171084,2423,5.0
171084,1926,5.0
171084,1887,5.0
1657616,1534,5.0
1657616,80,5.0
1657616,87,5.0
1657616,2298,0.0
1657616,2031,3.0
1657616,93,2.0
323186,1534,5.0
323186,2219,5.0
323186,1559,5.0
323186,2106,5.0
323186,1531,5.0
323186,2993,5.0
323186,2691,5.0
323186,1665,5.0
323186,591,5.0
323186,2003,5.0
323186,1762,5.0
323186,3262,5.0
323186,3147,5.0
323186,873,5.0
323186,91,5.0
323186,1733,5.0
323186,1647,5.0
323186,1697,5.0
323186,1715,5.0
323186,3163,5.0
323186,2,5.0
323186,1677,5.0
323186,485,5.0
323186,2955,5.0
323186,3290,5.0
323186,1352,5.0
323186,3283,5.0
323186,1657,5.0
323186,2834,5.0
323186,3224,5.0
323186,1967,5.0
323186,969,5.0
323186,3296,5.0
323186,3041,5.0
323186,1515,5.0
323186,21,5.0
323186,2873,5.0
323186,1968,5.0
323186,2171,5.0
323186,1893,5.0
323186,1464,5.0
323186,2987,5.0
323186,2202,5.0
323186,1656,5.0
323186,2979,5.0
323186,2681,5.0
323186,546,5.0
323186,3170,5.0
323186,3282,5.0
323186,1366,5.0
323186,2193,5.0
323186,1728,5.0
323186,2194,5.0
323186,1536,5.0
323186,1780,5.0
323186,1552,5.0
323186,1405,5.0
323186,1897,5.0
323186,1684,5.0
323186,1935,5.0
323186,753,5.0
323186,682,5.0
323186,3309,5.0
323186,3236,5.0
323186,3096,5.0
323186,2116,5.0
323186,3188,5.0
323186,3148,5.0
323186,1267,5.0
323186,1751,5.0
323186,1018,5.0
323186,169,5.0
323186,1441,5.0
323186,1556,5.0
323186,1483,5.0
323186,1431,5.0
323186,559,5.0
323186,1537,5.0
323186,1658,5.0
323186,1720,5.0
323186,1539,5.0
400708,1534,4.0
400708,25,5.0
400708,2309,5.0
400708,2989,4.0
400708,1387,5.0
400708,26,5.0
400708,340,4.0
400708,809,5.0
400708,323,4.0
400708,16,5.0
400708,2869,5.0
400708,1607,4.0
400708,199,5.0
400708,2101,5.0
400708,513,5.0
400708,1122,5.0
400708,88,5.0
400708,2961,5.0
400708,3093,5.0
400708,2034,5.0
400708,68,5.0
400708,742,5.0
400708,1307,4.0
400708,2890,5.0
400708,677,5.0
400708,2366,5.0
400708,978,5.0
400708,51,5.0
400708,2892,5.0
400708,1426,4.0
400708,1069,5.0
400708,86,5.0
400708,2165,5.0
400708,661,5.0
400708,2907,5.0
400708,420,5.0
400708,401,5.0
400708,1933,5.0
400708,1216,5.0
400708,261,5.0
400708,108,5.0
400708,1958,5.0
400708,1014,5.0
400708,2192,5.0
400708,2592,5.0
400708,168,5.0
1471487,1534,5.0
1471487,37,5.0
1471487,8,4.0
1471487,1899,0.0
1471487,2420,5.0
1471487,3100,5.0
1471487,235,5.0
1801201524,1534,5.0
1801201524,1027,0.0
1801201524,1543,0.0
1801201524,1615,5.0
1801201524,1537,0.0
266635,3125,5.0
266635,90,5.0
266635,2648,4.0
266635,1397,5.0
266635,938,5.0
266635,1681,5.0
266635,1343,5.0
266635,1100,4.0
266635,1787,5.0
266635,1755,5.0
266635,520,5.0
266635,1725,5.0
266635,2811,5.0
266635,2955,5.0
266635,1352,5.0
266635,3023,5.0
266635,2455,5.0
266635,1657,4.0
266635,375,5.0
266635,2237,5.0
266635,3046,5.0
266635,3077,5.0
266635,296,5.0
266635,658,5.0
266635,1700,5.0
266635,1570,5.0
266635,2514,5.0
266635,516,5.0
266635,1415,5.0
266635,2366,4.0
266635,2487,4.0
266635,234,5.0
266635,1734,5.0
266635,2589,5.0
266635,1576,5.0
266635,1284,3.0
266635,2930,5.0
266635,49,5.0
266635,144,5.0
266635,2966,5.0
266635,1533,4.0
266635,2520,5.0
266635,1962,5.0
266635,2747,5.0
266635,30,5.0
266635,160,5.0
266635,657,5.0
266635,714,4.0
266635,379,5.0
266635,2741,5.0
266635,1998,5.0
266635,2938,5.0
266635,3218,5.0
266635,3014,5.0
266635,2036,5.0
266635,1887,5.0
178427,3125,5.0
178427,1289,5.0
178427,2219,5.0
178427,1886,5.0
178427,1261,5.0
178427,59,5.0
178427,2645,5.0
178427,958,5.0
178427,3074,5.0
178427,6,5.0
178427,67,5.0
178427,97,5.0
178427,2800,5.0
178427,687,5.0
178427,1142,5.0
178427,1716,5.0
178427,1115,5.0
178427,1231,5.0
178427,118,5.0
178427,18,5.0
178427,401,5.0
178427,30,5.0
178427,42,3.0
178427,2678,5.0
178427,113,5.0
117438,2371,5.0
117438,1259,4.0
117438,2014,5.0
117438,1265,4.0
117438,215,4.0
117438,2285,5.0
117438,1851,5.0
117438,2820,4.0
117438,3185,5.0
117438,1196,5.0
117438,1910,5.0
212558,2371,5.0
212558,3171,5.0
212558,663,5.0
212558,83,5.0
212558,1889,5.0
212558,2417,5.0
212558,1539,5.0
212558,522,5.0
204735,2371,5.0
204735,1901,4.0
204735,626,5.0
204735,1,5.0
290757,2371,5.0
290757,979,5.0
290757,1960,5.0
290757,157,5.0
290757,3150,5.0
290757,968,5.0
290757,18,0.0
290757,261,5.0
92385,1258,5.0
92385,999,5.0
92385,2832,5.0
92385,2077,5.0
92385,984,5.0
92385,50,4.0
92385,3164,5.0
92385,659,5.0
92385,2241,5.0
92385,1567,5.0
92385,1275,5.0
92385,13,5.0
92385,2476,4.0
92385,3031,5.0
92385,994,4.0
92385,1682,5.0
92385,1238,5.0
92385,1345,5.0
92385,1995,5.0
92385,2591,5.0
92385,2407,5.0
1154995,1258,5.0
1154995,16,5.0
1154995,1906,5.0
1154995,2533,5.0
52543,1258,5.0
52543,224,5.0
52543,155,4.0
52543,2523,5.0
52543,222,5.0
52543,1033,5.0
52543,64,5.0
52543,2546,4.0
52543,1038,5.0
52543,2830,5.0
52543,744,5.0
52543,1585,5.0
52543,2437,5.0
52543,1743,5.0
52543,1911,5.0
52543,125,5.0
52543,539,5.0
52543,2241,5.0
52543,1273,5.0
52543,713,5.0
52543,40,5.0
52543,12,5.0
52543,79,5.0
52543,2422,5.0
52543,1885,3.0
52543,2030,5.0
52543,3146,5.0
52543,3,5.0
52543,2448,5.0
52543,74,5.0
52543,2421,5.0
52543,321,5.0
52543,10,5.0
52543,1913,5.0
52543,330,5.0
52543,22,5.0
52543,1288,5.0
52543,2475,5.0
52543,62,5.0
52543,78,5.0
52543,510,5.0
52543,3169,5.0
52543,2182,5.0
52543,356,5.0
209441,1258,5.0
209441,2650,5.0
209441,2128,5.0
209441,1283,5.0
209441,1992,5.0
209441,2007,5.0
209441,2550,5.0
209441,1930,5.0
209441,2264,5.0
209441,1908,5.0
209441,1913,5.0
209441,675,5.0
209441,2629,5.0
137081,1258,5.0
137081,2114,5.0
137081,28,5.0
137081,76,5.0
278113,1258,5.0
278113,25,5.0
278113,782,5.0
278113,1961,5.0
278113,659,5.0
278113,5,5.0
278113,2,5.0
278113,13,5.0
278113,658,5.0
278113,21,4.0
278113,2372,5.0
278113,1885,5.0
278113,2105,5.0
278113,656,5.0
278113,22,5.0
278113,23,5.0
278113,2428,4.0
278113,2423,4.0
131349,1258,5.0
131349,1917,4.0
131349,83,5.0
131349,475,5.0
269480,1258,5.0
269480,55,5.0
269480,2289,5.0
269480,268,5.0
269480,632,5.0
269480,746,5.0
269480,1452,5.0
269480,31,5.0
269480,2861,5.0
269480,2338,5.0
269480,2285,5.0
269480,1649,5.0
269480,2316,5.0
269480,2334,5.0
269480,1158,5.0
269480,3098,5.0
269480,2519,5.0
269480,1566,5.0
269480,258,5.0
269480,778,5.0
269480,350,5.0
269480,13,5.0
269480,2169,5.0
269480,1457,4.0
269480,1325,5.0
269480,701,5.0
269480,508,5.0
269480,1059,5.0
269480,2838,5.0
269480,773,5.0
269480,1915,2.0
269480,3,5.0
269480,1889,0.0
269480,3070,4.0
269480,2299,5.0
269480,2342,5.0
269480,3008,5.0
269480,667,5.0
269480,3036,5.0
269480,531,5.0
269480,2306,5.0
269480,1267,5.0
269480,35,3.0
269480,1350,5.0
269480,2816,5.0
269480,1591,5.0
269480,2404,5.0
269480,964,5.0
269480,710,3.0
233588,1258,5.0
233588,7,5.0
233588,33,5.0
233588,2065,5.0
460029,1258,5.0
460029,2433,4.0
460029,1532,4.0
460029,27,5.0
491095,1258,5.0
491095,223,5.0
491095,5,5.0
491095,2,5.0
491095,2442,5.0
491095,473,5.0
491095,2425,5.0
229524,1258,5.0
229524,307,5.0
229524,1927,5.0
229524,17,5.0
229524,381,5.0
229524,251,5.0
229524,1886,5.0
229524,2416,5.0
229524,2505,3.0
229524,405,5.0
229524,2285,4.0
229524,6,5.0
229524,3061,5.0
229524,52,5.0
229524,13,5.0
229524,46,4.0
229524,134,5.0
229524,21,4.0
229524,2415,5.0
229524,83,5.0
229524,1888,5.0
229524,2366,5.0
229524,76,5.0
229524,102,5.0
229524,371,5.0
229524,1915,5.0
229524,3,5.0
229524,1908,5.0
229524,1976,5.0
229524,1889,5.0
229524,18,5.0
229524,2443,5.0
229524,10,5.0
229524,42,5.0
229524,1896,5.0
229524,1926,5.0
229524,2436,5.0
206722,1258,5.0
206722,1927,5.0
206722,616,5.0
206722,1819,0.0
206722,2511,5.0
206722,3321,5.0
206722,2197,4.0
206722,1898,5.0
206722,2420,5.0
206722,659,5.0
206722,1471,4.0
206722,3153,1.0
206722,2422,5.0
206722,1885,5.0
206722,1738,4.0
206722,1664,4.0
317631,1258,5.0
317631,1252,5.0
317631,2462,3.0
317631,2430,5.0
447165,1258,5.0
447165,3147,4.0
447165,2433,5.0
447165,2420,5.0
447165,387,5.0
447165,781,5.0
447165,1760,5.0
447165,2476,5.0
447165,2422,5.0
447165,11,4.0
447165,2264,5.0
447165,1541,5.0
447165,2558,4.0
447165,49,5.0
447165,1533,5.0
447165,2593,4.0
447165,2962,5.0
447165,656,5.0
447165,2417,5.0
447165,10,5.0
447165,657,3.0
447165,974,4.0
447165,120,5.0
447165,44,5.0
447165,15,5.0
447165,1702,5.0
647389,1258,4.0
647389,2434,3.0
647389,1226,4.0
647389,1166,3.0
647389,124,4.0
647389,1977,4.0
134124,1258,4.0
134124,125,5.0
134124,12,5.0
134124,2293,5.0
134124,2429,5.0
230648,1258,5.0
230648,5,5.0
230648,1918,5.0
230648,3146,5.0
4291,1258,5.0
4291,956,4.0
4291,2420,5.0
4291,1943,5.0
4291,28,4.0
4291,2418,5.0
4291,1941,4.0
4291,362,4.0
4291,1902,4.0
4291,2424,5.0
4291,259,5.0
4291,1930,5.0
4291,951,5.0
4291,18,5.0
4291,2375,5.0
4291,10,5.0
4291,1030,5.0
4291,1191,4.0
4291,1900,4.0
457992,1258,5.0
457992,2157,5.0
457992,1259,5.0
457992,1582,5.0
457992,2818,5.0
457992,1967,5.0
457992,2415,5.0
457992,66,5.0
457992,516,5.0
457992,1262,5.0
457992,1902,5.0
457992,2967,5.0
457992,1442,5.0
457992,1556,5.0
457992,1579,5.0
457992,962,5.0
593513,1258,5.0
593513,1927,5.0
593513,1895,5.0
593513,1886,5.0
593513,1311,5.0
593513,1710,5.0
593513,1689,4.0
593513,2821,4.0
593513,92,5.0
593513,3147,5.0
593513,659,5.0
593513,1413,5.0
593513,2096,5.0
593513,1532,5.0
593513,1070,4.0
593513,658,5.0
593513,41,5.0
593513,48,5.0
593513,274,4.0
593513,1925,5.0
593513,1908,5.0
593513,538,4.0
593513,2559,5.0
593513,2300,5.0
593513,657,4.0
593513,693,4.0
593513,1913,5.0
593513,1896,5.0
593513,510,4.0
593513,2119,3.0
593513,1535,3.0
441981,1258,5.0
441981,2452,4.0
441981,2546,5.0
441981,1631,5.0
441981,2188,5.0
441981,2505,0.0
441981,1638,4.0
441981,3165,5.0
441981,2822,4.0
441981,1966,5.0
441981,513,4.0
441981,1888,5.0
441981,38,4.0
441981,3154,4.0
441981,1496,4.0
441981,1976,5.0
441981,657,5.0
841821,1258,5.0
841821,3343,3.0
841821,1898,4.0
841821,44,4.0
58439,1258,5.0
58439,1820,5.0
58439,574,5.0
58439,2419,5.0
58439,1291,0.0
58439,1960,5.0
58439,1605,5.0
58439,2686,4.0
58439,1727,4.0
58439,50,5.0
58439,1319,5.0
58439,387,4.0
58439,225,0.0
58439,1969,5.0
58439,1272,4.0
58439,2553,4.0
58439,2330,4.0
58439,3143,5.0
58439,1598,5.0
58439,2381,5.0
58439,2426,5.0
58439,1303,5.0
58439,2244,5.0
58439,390,5.0
58439,663,5.0
58439,3200,5.0
58439,2970,5.0
58439,2604,4.0
58439,2863,0.0
58439,3161,5.0
58439,803,5.0
58439,2937,5.0
58439,1280,5.0
58439,1905,5.0
58439,2176,5.0
58439,1813,0.0
58439,2694,5.0
58439,1959,5.0
58439,2152,5.0
58439,1366,5.0
58439,2721,5.0
58439,2717,5.0
58439,2881,5.0
58439,3,5.0
58439,578,5.0
58439,1284,5.0
58439,1942,5.0
58439,963,5.0
58439,792,4.0
58439,1549,5.0
58439,1364,5.0
58439,2901,5.0
58439,2574,5.0
58439,3338,5.0
58439,1594,5.0
58439,831,5.0
58439,2444,5.0
58439,936,5.0
58439,3122,5.0
58439,1907,5.0
58439,1162,5.0
58439,2377,5.0
58439,119,4.0
58439,971,5.0
58439,235,5.0
471300,1258,5.0
471300,133,5.0
471300,2419,5.0
471300,1522,4.0
471300,2077,5.0
471300,1585,5.0
471300,1899,5.0
471300,2818,5.0
471300,2286,5.0
471300,1918,5.0
471300,84,5.0
471300,1532,4.0
471300,761,5.0
471300,3084,4.0
471300,2111,5.0
471300,1890,5.0
471300,3322,5.0
471300,2282,5.0
471300,3062,4.0
471300,1541,5.0
471300,1240,5.0
471300,792,5.0
471300,668,5.0
471300,2533,5.0
471300,1577,5.0
471300,1914,5.0
471300,2599,4.0
1002329,1258,5.0
1002329,1937,3.0
1002329,314,5.0
1002329,22,5.0
364211,1258,5.0
364211,286,4.0
364211,1991,5.0
364211,152,0.0
364211,12,5.0
364211,1941,5.0
364211,362,5.0
364211,2825,5.0
364211,964,5.0
364211,303,5.0
364211,14,5.0
565041,1258,5.0
565041,664,5.0
565041,1333,5.0
565041,349,5.0
565041,2444,5.0
930100,1258,5.0
930100,2887,5.0
930100,1053,4.0
930100,520,5.0
930100,3140,5.0
930100,618,4.0
930100,991,4.0
930100,1881,5.0
930100,1007,5.0
930100,3068,4.0
930100,1657,5.0
930100,3151,5.0
930100,2834,4.0
930100,2795,4.0
930100,3044,5.0
930100,3056,4.0
930100,2975,5.0
930100,2323,4.0
930100,1775,5.0
930100,1695,4.0
930100,1144,3.0
930100,1063,5.0
930100,2857,5.0
930100,963,5.0
930100,2966,5.0
930100,1597,5.0
930100,1389,5.0
930100,2583,5.0
907242,1258,5.0
907242,2993,5.0
907242,2889,5.0
907242,2943,5.0
907242,23,5.0
174991,1258,5.0
174991,1291,5.0
174991,2044,5.0
174991,2433,5.0
174991,2545,5.0
174991,1906,5.0
174991,125,5.0
174991,13,5.0
174991,658,5.0
174991,2537,5.0
174991,38,5.0
174991,2449,5.0
174991,2105,5.0
174991,2717,5.0
174991,2102,5.0
174991,243,5.0
174991,18,5.0
174991,2038,4.0
174991,1942,4.0
174991,963,5.0
174991,1933,5.0
174991,2445,5.0
174991,34,5.0
174991,74,5.0
174991,35,5.0
174991,1006,4.0
174991,2428,5.0
174991,1887,5.0
168218,1258,5.0
168218,2289,5.0
168218,1885,5.0
168218,318,4.0
168218,1707,5.0
168218,657,5.0
168218,945,5.0
168218,14,5.0
241948,1258,5.0
241948,1886,3.0
241948,2,5.0
241948,171,4.0
241948,962,4.0
241948,322,4.0
865653,1258,4.0
865653,9,5.0
865653,16,5.0
865653,13,4.0
865653,2424,4.0
865653,27,5.0
865653,1920,5.0
865653,45,5.0
865653,15,5.0
458442,1258,4.0
458442,937,5.0
458442,658,5.0
458442,661,5.0
1006007,1258,5.0
1006007,2416,2.0
1006007,2545,4.0
1006007,5,5.0
1006007,70,3.0
1006007,2429,3.0
1006007,1889,3.0
140787,1258,5.0
140787,2822,5.0
140787,1,5.0
140787,127,5.0
954555,1258,5.0
954555,2199,5.0
954555,89,5.0
954555,7,5.0
954555,1287,5.0
954555,3063,5.0
954555,991,5.0
954555,2152,5.0
954555,1934,4.0
954555,1086,5.0
954555,1404,5.0
954555,1752,5.0
181781,1258,5.0
181781,1058,5.0
181781,2477,5.0
181781,2458,5.0
181781,179,5.0
181781,2286,4.0
181781,3151,5.0
181781,2480,5.0
181781,2489,4.0
181781,2147,5.0
181781,54,5.0
181781,2135,5.0
181781,3,5.0
181781,2463,5.0
181781,74,5.0
181781,2417,5.0
1580637,1258,5.0
1580637,659,5.0
1580637,2320,3.0
1580637,11,5.0
362983,1258,5.0
362983,511,5.0
362983,36,3.0
362983,7,5.0
362983,8,5.0
362983,1547,5.0
362983,98,5.0
362983,2110,5.0
362983,1899,5.0
362983,3147,5.0
362983,2285,5.0
362983,2420,5.0
362983,151,5.0
362983,1437,5.0
362983,94,4.0
362983,40,5.0
362983,2476,4.0
362983,687,5.0
362983,1532,4.0
362983,790,5.0
362983,2422,5.0
362983,1280,5.0
362983,11,5.0
362983,29,4.0
362983,27,5.0
362983,672,4.0
362983,446,5.0
362983,1832,5.0
362983,2944,5.0
362983,297,5.0
362983,555,5.0
362983,2797,5.0
362983,120,5.0
362983,2425,5.0
362983,537,5.0
362983,1560,5.0
362983,1535,4.0
268501,1258,5.0
268501,3263,5.0
268501,1818,4.0
268501,906,4.0
268501,2712,4.0
268501,935,3.0
1206102,1258,5.0
1206102,2177,5.0
1206102,2286,5.0
1206102,2302,5.0
1206102,1574,5.0
1206102,2256,5.0
1206102,1964,5.0
1206102,1364,5.0
1206102,2844,4.0
1206102,1579,5.0
1206102,974,4.0
769504,1258,5.0
769504,1265,5.0
769504,77,5.0
769504,2432,5.0
769504,3062,5.0
769504,127,5.0
769504,1887,5.0
1636470,1258,5.0
1636470,2420,5.0
1636470,2023,3.0
1636470,219,5.0
1636470,74,5.0
1636470,2421,5.0
1636470,23,4.0
841835,1258,5.0
841835,218,5.0
841835,2751,5.0
841835,2503,5.0
841835,166,5.0
911978,1258,5.0
911978,2239,5.0
911978,2165,5.0
911978,1171,5.0
258877,1258,5.0
258877,17,5.0
258877,965,0.0
258877,2,5.0
258877,48,5.0
258877,39,5.0
258877,1031,5.0
258877,10,5.0
258877,3323,5.0
36739,1258,5.0
36739,1375,5.0
36739,1554,5.0
36739,2866,5.0
36739,53,5.0
324390,711,5.0
324390,1102,5.0
324390,660,5.0
324390,417,5.0
324390,772,5.0
324390,876,5.0
324390,2587,5.0
324390,2645,5.0
324390,916,4.0
324390,582,5.0
324390,2983,5.0
324390,547,5.0
324390,3063,5.0
324390,2754,5.0
324390,2739,5.0
324390,2811,5.0
324390,28,5.0
324390,853,5.0
324390,258,5.0
324390,3220,5.0
324390,724,5.0
324390,1285,5.0
324390,2767,5.0
324390,2462,4.0
324390,2386,5.0
324390,2162,5.0
324390,934,5.0
324390,149,5.0
324390,116,5.0
324390,1570,5.0
324390,2514,5.0
324390,2681,5.0
324390,447,4.0
324390,2721,5.0
324390,680,5.0
324390,948,5.0
324390,540,5.0
324390,1268,5.0
324390,2298,5.0
324390,2622,5.0
324390,1383,5.0
324390,1008,5.0
324390,777,5.0
324390,1521,5.0
29782,711,5.0
29782,1746,5.0
29782,669,5.0
29782,343,5.0
29782,71,5.0
29782,1155,5.0
29782,2431,5.0
29782,1073,5.0
29782,366,5.0
29782,254,5.0
29782,122,5.0
29782,509,5.0
29782,2897,3.0
29782,1174,5.0
29782,80,5.0
29782,228,5.0
29782,398,5.0
29782,1963,5.0
29782,2627,5.0
29782,1274,5.0
29782,33,5.0
29782,287,4.0
29782,2288,5.0
29782,1888,4.0
29782,1977,5.0
29782,371,5.0
29782,115,5.0
29782,45,4.0
29782,264,5.0
29782,2560,5.0
29782,326,5.0
29782,2310,5.0
29782,289,5.0
168462,711,4.0
168462,692,4.0
168462,660,5.0
168462,2397,4.0
168462,2129,5.0
168462,1886,5.0
168462,838,5.0
168462,8,5.0
168462,92,5.0
168462,1899,5.0
168462,2420,4.0
168462,225,5.0
168462,2437,4.0
168462,1961,5.0
168462,32,5.0
168462,3012,4.0
168462,745,5.0
168462,684,5.0
168462,1677,4.0
168462,2455,0.0
168462,2381,5.0
168462,2418,5.0
168462,107,5.0
168462,768,4.0
168462,388,5.0
168462,3212,4.0
168462,3153,5.0
168462,2941,5.0
168462,3196,4.0
168462,1916,5.0
168462,2422,5.0
168462,2367,5.0
168462,658,5.0
168462,2493,5.0
168462,1905,5.0
168462,678,4.0
168462,3229,5.0
168462,2393,5.0
168462,171,5.0
168462,1750,5.0
168462,1964,5.0
168462,309,5.0
168462,124,5.0
168462,1811,5.0
168462,3370,5.0
168462,2383,4.0
168462,3175,4.0
168462,950,5.0
168462,779,5.0
168462,18,5.0
168462,47,5.0
168462,3070,5.0
168462,3210,5.0
168462,1826,4.0
168462,783,4.0
168462,143,5.0
168462,3188,4.0
168462,3148,4.0
168462,3201,5.0
168462,74,4.0
168462,3297,5.0
168462,2947,5.0
168462,2446,5.0
168462,832,5.0
168462,2943,5.0
168462,3095,5.0
168462,2938,5.0
168462,2423,5.0
168462,14,5.0
168462,2319,5.0
239758,711,5.0
239758,410,5.0
239758,764,5.0
239758,509,5.0
239758,1689,5.0
239758,1343,5.0
239758,3059,5.0
239758,1649,5.0
239758,2869,5.0
239758,2903,5.0
239758,1697,5.0
239758,738,5.0
239758,2465,5.0
239758,3290,5.0
239758,3151,4.0
239758,2834,4.0
239758,2970,5.0
239758,1967,5.0
239758,2247,5.0
239758,2913,5.0
239758,2937,5.0
239758,1570,5.0
239758,2514,5.0
239758,1429,5.0
239758,1604,5.0
239758,2828,5.0
239758,1632,5.0
239758,3073,5.0
239758,2872,5.0
239758,3076,5.0
239758,415,4.0
239758,1761,5.0
239758,849,4.0
239758,1496,5.0
239758,1576,5.0
239758,1197,5.0
239758,1290,5.0
239758,2966,5.0
239758,857,5.0
239758,169,4.0
239758,2944,5.0
239758,1839,5.0
239758,1723,4.0
239758,936,5.0
239758,2377,5.0
239758,1772,5.0
396078,711,3.0
396078,9,4.0
396078,353,5.0
396078,1906,5.0
396078,1269,5.0
396078,3370,5.0
396078,18,5.0
396078,3137,5.0
1796134,711,4.0
1796134,2439,3.0
1796134,187,4.0
1796134,2421,4.0
188918,9,4.0
188918,1898,5.0
188918,1262,5.0
188918,3,5.0
188918,1976,5.0
30893,9,5.0
30893,3241,5.0
30893,3171,5.0
30893,20,5.0
30893,1941,4.0
30893,1580,5.0
30893,1834,5.0
30893,479,5.0
30893,1,5.0
30893,1887,5.0
30893,109,5.0
62043,9,4.0
62043,1840,5.0
62043,870,4.0
62043,1988,5.0
62043,2954,5.0
62043,395,5.0
62043,659,5.0
62043,1973,4.0
62043,694,5.0
62043,3225,5.0
62043,3151,5.0
62043,13,5.0
62043,2248,5.0
62043,3084,5.0
62043,774,5.0
62043,1893,5.0
62043,189,4.0
62043,2828,5.0
62043,105,0.0
62043,3152,5.0
62043,3183,5.0
62043,2082,4.0
62043,875,5.0
62043,676,5.0
62043,2816,5.0
62043,734,5.0
62043,2370,4.0
62043,662,5.0
6258,9,5.0
6258,1596,5.0
6258,268,5.0
6258,154,5.0
6258,985,5.0
6258,305,5.0
6258,3300,4.0
6258,140,5.0
6258,1792,5.0
6258,2437,5.0
6258,1123,5.0
6258,175,5.0
6258,176,5.0
6258,1598,5.0
6258,1543,5.0
6258,13,5.0
6258,3342,5.0
6258,2039,5.0
6258,2011,5.0
6258,2866,5.0
6258,970,5.0
6258,324,5.0
6258,1152,5.0
6258,2135,5.0
6258,184,5.0
6258,2530,4.0
6258,533,5.0
6258,1302,4.0
6258,74,4.0
6258,1993,5.0
6258,2672,5.0
6258,1565,5.0
6258,117,4.0
6258,1900,5.0
6258,113,5.0
6258,1370,5.0
85873,9,5.0
85873,1894,5.0
85873,1921,5.0
85873,3092,5.0
85873,1938,5.0
85873,1929,5.0
85873,16,5.0
85873,2524,5.0
85873,5,5.0
85873,28,4.0
85873,404,5.0
85873,193,5.0
85873,2426,5.0
85873,419,5.0
85873,658,5.0
85873,2442,4.0
85873,2121,5.0
85873,2432,5.0
85873,1885,5.0
85873,2007,5.0
85873,1909,5.0
85873,54,5.0
85873,189,5.0
85873,11,5.0
85873,110,5.0
85873,2773,5.0
85873,3,5.0
85873,1889,5.0
85873,2463,5.0
85873,2445,5.0
85873,321,5.0
85873,2118,4.0
85873,1910,5.0
85873,78,5.0
85873,2428,5.0
236959,9,5.0
236959,277,4.0
236959,8,4.0
236959,2285,5.0
236959,33,5.0
185442,9,5.0
185442,2456,5.0
185442,2,5.0
185442,1912,3.0
185442,29,5.0
185442,3,5.0
185442,212,5.0
185442,2562,5.0
185442,22,5.0
185442,2423,4.0
165933,9,4.0
165933,25,5.0
165933,1198,5.0
165933,204,5.0
165933,2029,5.0
165933,1810,5.0
165933,3349,5.0
165933,2821,5.0
165933,59,4.0
165933,98,4.0
165933,2994,5.0
165933,50,5.0
165933,20,4.0
165933,188,5.0
165933,2822,5.0
165933,52,5.0
165933,2426,4.0
165933,1972,5.0
165933,40,5.0
165933,13,5.0
165933,1264,5.0
165933,3031,5.0
165933,75,5.0
165933,2937,5.0
165933,759,5.0
165933,1026,4.0
165933,2366,4.0
165933,1912,4.0
165933,920,5.0
165933,431,5.0
165933,102,5.0
165933,103,4.0
165933,1165,4.0
165933,1897,4.0
165933,1629,4.0
165933,74,5.0
165933,656,5.0
165933,2816,5.0
165933,108,5.0
165933,962,4.0
165933,2423,5.0
165933,3149,5.0
52125,9,4.0
52125,1894,5.0
52125,25,5.0
52125,669,5.0
52125,671,5.0
52125,1886,5.0
52125,2457,5.0
52125,64,5.0
52125,366,5.0
52125,1938,5.0
52125,732,5.0
52125,2595,5.0
52125,2577,5.0
52125,659,5.0
52125,2021,5.0
52125,1911,5.0
52125,1973,5.0
52125,697,5.0
52125,686,5.0
52125,677,5.0
52125,1885,4.0
52125,124,5.0
52125,1930,5.0
52125,86,5.0
52125,47,5.0
52125,2443,5.0
52125,49,5.0
52125,39,5.0
52125,2075,5.0
52125,326,5.0
52125,65,4.0
52125,2460,4.0
52125,675,5.0
52125,2450,5.0
52125,2088,5.0
52125,2425,3.0
52125,302,5.0
52125,662,5.0
262200,9,5.0
262200,1886,5.0
262200,3147,5.0
262200,1953,5.0
456108,9,2.0
456108,661,4.0
456108,264,5.0
456108,962,4.0
187373,9,4.0
187373,2477,5.0
187373,983,4.0
187373,2648,4.0
187373,3257,4.0
187373,2189,5.0
187373,418,4.0
187373,1362,5.0
187373,2587,4.0
187373,2830,4.0
187373,238,4.0
187373,2005,4.0
187373,2453,5.0
187373,659,4.0
187373,2245,4.0
187373,52,4.0
187373,40,5.0
187373,2462,5.0
187373,273,0.0
187373,2569,4.0
187373,2449,4.0
187373,124,4.0
187373,184,4.0
187373,86,5.0
187373,29,4.0
187373,2649,5.0
187373,27,5.0
187373,533,5.0
187373,667,0.0
187373,2459,0.0
187373,357,4.0
187373,45,4.0
187373,187,5.0
187373,1175,5.0
187373,3252,4.0
187373,1871,5.0
187373,81,4.0
187373,2475,3.0
187373,112,3.0
187373,15,4.0
187373,1535,4.0
628279,9,5.0
628279,238,5.0
628279,54,5.0
628279,968,5.0
628279,1945,5.0
628279,78,5.0
628279,198,4.0
628279,1887,5.0
628279,2080,5.0
628279,312,5.0
268058,9,5.0
268058,167,5.0
268058,4,5.0
268058,1887,5.0
232480,9,5.0
232480,25,3.0
232480,2178,4.0
232480,2416,2.0
232480,2433,5.0
232480,32,4.0
232480,2418,4.0
232480,2759,4.0
232480,40,5.0
232480,1905,5.0
232480,2415,4.0
232480,1888,4.0
232480,2424,5.0
232480,86,4.0
232480,35,4.0
232480,2815,5.0
755285,9,4.0
755285,1531,5.0
755285,21,4.0
755285,1902,4.0
755285,51,5.0
755285,1889,5.0
755285,1897,5.0
755285,35,5.0
755285,1907,5.0
755285,1887,2.0
307059,9,4.0
307059,772,3.0
307059,665,5.0
307059,36,4.0
307059,2,4.0
307059,961,5.0
307059,2418,4.0
307059,1888,5.0
307059,666,5.0
162775,9,5.0
162775,2454,5.0
162775,2821,3.0
162775,2369,5.0
162775,2429,5.0
162775,2589,4.0
162775,1260,5.0
162775,109,5.0
434907,9,5.0
434907,2433,5.0
434907,2415,4.0
434907,1930,5.0
434907,27,5.0
434907,2815,4.0
22655,9,5.0
22655,1886,4.0
22655,2416,5.0
22655,2,4.0
22655,12,5.0
22655,2442,3.0
22655,135,4.0
22655,2449,4.0
22655,1999,5.0
22655,158,5.0
220234,9,4.0
220234,28,5.0
220234,961,5.0
220234,658,4.0
220234,1912,3.0
220234,1,5.0
947293,9,5.0
947293,3168,5.0
947293,1265,5.0
947293,18,4.0
947293,3354,5.0
947293,2815,5.0
947293,1859,5.0
65720,9,5.0
65720,692,5.0
65720,271,5.0
65720,2416,5.0
65720,2013,5.0
65720,1898,5.0
65720,16,5.0
65720,1906,5.0
65720,390,5.0
65720,236,5.0
65720,134,4.0
65720,2442,5.0
65720,38,5.0
65720,2239,5.0
65720,2002,5.0
65720,1310,5.0
65720,212,5.0
65720,1993,5.0
65720,1913,5.0
65720,2436,5.0
1113965,9,3.0
1113965,1890,5.0
1113965,1832,5.0
1113965,964,4.0
43413,9,5.0
43413,2057,5.0
43413,197,3.0
43413,1888,5.0
226066,9,5.0
226066,2106,5.0
226066,64,5.0
226066,2447,5.0
226066,1247,4.0
226066,2821,5.0
226066,2779,5.0
226066,2968,4.0
226066,1727,5.0
226066,2110,5.0
226066,1928,5.0
226066,1381,5.0
226066,2255,5.0
226066,129,5.0
226066,2455,5.0
226066,2877,5.0
226066,1256,5.0
226066,2134,5.0
226066,994,5.0
226066,2737,5.0
226066,3065,5.0
226066,2920,5.0
226066,2221,5.0
226066,658,5.0
226066,116,5.0
226066,1893,5.0
226066,1888,5.0
226066,2343,5.0
226066,2616,5.0
226066,2432,5.0
226066,2022,4.0
226066,2429,5.0
226066,105,5.0
226066,1908,5.0
226066,2031,4.0
226066,597,5.0
226066,514,5.0
226066,2841,4.0
226066,2515,5.0
226066,2736,5.0
226066,1349,4.0
226066,65,5.0
226066,2444,5.0
226066,1983,0.0
226066,962,5.0
226066,1313,5.0
92816,9,4.0
92816,1886,5.0
92816,681,5.0
92816,509,5.0
92816,1928,5.0
92816,664,5.0
92816,11,5.0
92816,3,5.0
92816,963,5.0
92816,2164,5.0
92816,60,5.0
92816,1896,5.0
92816,2815,4.0
92816,962,4.0
283483,9,3.0
283483,122,5.0
283483,2,5.0
283483,12,5.0
283483,508,5.0
283483,2459,3.0
283483,2417,5.0
283483,44,5.0
64154,9,5.0
64154,298,5.0
64154,7,5.0
64154,2285,5.0
64154,1961,5.0
64154,659,5.0
64154,5,5.0
64154,157,5.0
64154,43,3.0
64154,901,4.0
64154,83,5.0
64154,48,5.0
64154,1152,5.0
64154,86,5.0
64154,127,5.0
64154,45,5.0
64154,246,5.0
64154,10,4.0
64154,1945,5.0
64154,1051,4.0
64154,2088,4.0
64154,2067,5.0
852529,9,4.0
852529,2452,4.0
852529,291,3.0
852529,590,4.0
852529,2426,4.0
852529,66,4.0
852529,2417,3.0
852529,1892,5.0
59199,9,4.0
59199,2494,4.0
59199,2439,4.0
59199,5,5.0
59199,2785,3.0
59199,722,4.0
143721,9,5.0
143721,1531,5.0
143721,3025,5.0
143721,1810,5.0
143721,1230,4.0
143721,2044,4.0
143721,548,5.0
143721,1607,4.0
143721,2465,5.0
143721,1836,0.0
143721,3151,5.0
143721,1983,4.0
143721,173,5.0
973186,9,5.0
973186,2419,5.0
973186,36,0.0
973186,7,3.0
973186,26,5.0
973186,2441,5.0
973186,2287,0.0
973186,2444,3.0
578233,9,5.0
578233,1531,5.0
578233,1898,5.0
578233,1567,5.0
96177,9,5.0
96177,1886,5.0
96177,2615,5.0
96177,1984,5.0
96177,1943,5.0
96177,862,5.0
96177,2524,5.0
96177,3221,4.0
96177,270,5.0
96177,350,5.0
96177,3126,5.0
96177,2020,5.0
96177,2424,5.0
96177,1,5.0
96177,661,0.0
96177,1935,5.0
96177,2509,5.0
96177,3096,4.0
96177,30,5.0
96177,10,5.0
96177,104,5.0
96177,379,5.0
96177,2071,5.0
96177,173,4.0
96177,2099,5.0
833516,9,4.0
833516,2388,5.0
833516,94,5.0
833516,2426,5.0
833516,2418,5.0
833516,12,5.0
833516,1949,2.0
833516,1902,4.0
833516,2449,5.0
833516,60,5.0
833516,30,5.0
833516,14,5.0
391048,9,5.0
391048,133,5.0
391048,1220,5.0
391048,140,5.0
391048,2,5.0
391048,1256,5.0
391048,2415,5.0
391048,249,5.0
391048,2570,4.0
391048,1633,3.0
391048,1,5.0
391048,1956,4.0
391048,1979,5.0
391048,1284,5.0
391048,101,3.0
391048,1185,5.0
391048,1553,5.0
391048,2187,4.0
391048,2464,5.0
391048,1944,5.0
391048,1535,5.0
55406,9,5.0
55406,413,5.0
55406,1062,5.0
55406,1898,5.0
55406,1906,5.0
55406,3061,5.0
55406,961,5.0
55406,1893,5.0
55406,19,5.0
55406,141,5.0
55406,2082,5.0
55406,1923,5.0
55406,973,5.0
55406,2019,5.0
1510644,9,0.0
1510644,2234,4.0
1510644,132,4.0
1510644,2438,4.0
1510644,2417,5.0
559493,9,5.0
559493,204,5.0
559493,2422,3.0
559493,2685,5.0
559493,297,4.0
1530179,9,4.0
1530179,114,5.0
1530179,40,5.0
1530179,68,5.0
187619,9,5.0
187619,1531,5.0
187619,508,5.0
187619,15,5.0
178742,9,5.0
178742,2285,5.0
178742,12,5.0
178742,658,5.0
178742,21,5.0
178742,66,0.0
178742,371,5.0
178742,300,4.0
178742,1946,5.0
178742,14,5.0
372395,9,5.0
372395,151,5.0
372395,3146,5.0
372395,1920,4.0
372395,2533,5.0
372395,1014,5.0
296050,9,5.0
296050,55,5.0
296050,17,5.0
296050,59,5.0
296050,2586,5.0
296050,12,5.0
296050,134,5.0
296050,2366,5.0
296050,18,5.0
296050,42,5.0
296050,1539,5.0
469895,9,0.0
469895,1904,5.0
469895,961,5.0
469895,12,5.0
540346,9,4.0
540346,25,5.0
540346,1886,4.0
540346,59,5.0
540346,2420,5.0
540346,28,5.0
540346,2738,5.0
540346,361,5.0
540346,2007,4.0
540346,2135,5.0
540346,1908,3.0
540346,666,5.0
540346,45,5.0
540346,1913,4.0
540346,265,5.0
540346,2425,5.0
540346,2001,5.0
860538,9,5.0
860538,509,3.0
860538,95,5.0
860538,3061,5.0
860538,76,5.0
860538,2944,5.0
122878,9,5.0
122878,2511,5.0
122878,2531,5.0
122878,2498,4.0
122878,1812,5.0
122878,238,4.0
122878,91,4.0
122878,1845,5.0
122878,136,5.0
122878,152,4.0
122878,2432,5.0
122878,3,5.0
122878,2443,5.0
122878,49,5.0
122878,60,5.0
122878,10,4.0
1800054678,9,5.0
1800054678,1894,5.0
1800054678,411,5.0
1800054678,671,5.0
1800054678,418,5.0
1800054678,26,5.0
1800054678,1906,5.0
1800054678,67,4.0
1800054678,99,5.0
1800054678,20,5.0
1800054678,427,5.0
1800054678,87,5.0
1800054678,63,5.0
1800054678,83,5.0
1800054678,1888,4.0
1800054678,508,5.0
1800054678,135,4.0
1800054678,2473,5.0
1800054678,1552,5.0
1800054678,127,5.0
1800054678,56,5.0
1800054678,1832,5.0
1800054678,160,5.0
1800054678,2417,5.0
1800054678,657,4.0
1800054678,1153,5.0
1800054678,714,4.0
1800054678,2436,5.0
2426491,9,5.0
2426491,2447,4.0
2426491,67,5.0
2426491,2418,5.0
2426491,214,5.0
2426491,2424,5.0
9869,55,5.0
9869,25,5.0
9869,2494,5.0
9869,131,5.0
9869,1571,5.0
9869,407,5.0
9869,2523,5.0
9869,142,4.0
9869,1960,5.0
9869,2107,5.0
9869,681,4.0
9869,2789,5.0
9869,313,4.0
9869,509,4.0
9869,2077,5.0
9869,339,5.0
9869,1936,5.0
9869,2595,5.0
9869,3071,5.0
9869,2285,5.0
9869,2072,5.0
9869,272,5.0
9869,1937,4.0
9869,58,5.0
9869,3019,5.0
9869,1253,5.0
9869,2748,5.0
9869,188,5.0
9869,1391,5.0
9869,84,4.0
9869,193,5.0
9869,94,5.0
9869,1274,5.0
9869,626,5.0
9869,75,5.0
9869,1851,5.0
9869,742,5.0
9869,1838,4.0
9869,658,5.0
9869,334,5.0
9869,2415,4.0
9869,2442,5.0
9869,1948,5.0
9869,2121,5.0
9869,1947,5.0
9869,2979,4.0
9869,677,5.0
9869,489,5.0
9869,1909,5.0
9869,54,5.0
9869,351,5.0
9869,3146,5.0
9869,53,5.0
9869,1981,5.0
9869,452,5.0
9869,2214,5.0
9869,103,5.0
9869,2923,5.0
9869,3185,4.0
9869,253,5.0
9869,493,5.0
9869,2078,5.0
9869,245,5.0
9869,1194,5.0
9869,1392,4.0
9869,101,5.0
9869,785,5.0
9869,60,5.0
9869,65,5.0
9869,2417,5.0
9869,42,5.0
9869,2276,5.0
9869,2943,5.0
9869,3348,5.0
9869,451,5.0
9869,112,5.0
9869,1887,5.0
9869,123,5.0
9869,1982,5.0
56824,55,5.0
56824,2415,5.0
56824,3,5.0
56824,1914,4.0
56824,2495,5.0
47510,55,5.0
47510,142,5.0
47510,71,4.0
47510,2729,5.0
47510,298,5.0
47510,2456,5.0
47510,1938,3.0
47510,1261,5.0
47510,7,3.0
47510,50,5.0
47510,80,5.0
47510,3063,5.0
47510,139,5.0
47510,200,4.0
47510,1328,5.0
47510,738,0.0
47510,2435,3.0
47510,2478,5.0
47510,2426,5.0
47510,258,5.0
47510,40,5.0
47510,2247,5.0
47510,75,5.0
47510,3047,4.0
47510,2743,3.0
47510,1885,4.0
47510,532,5.0
47510,1,5.0
47510,102,4.0
47510,1192,5.0
47510,127,4.0
47510,78,5.0
47510,1892,5.0
47510,1900,5.0
47510,113,5.0
83400,55,5.0
83400,692,5.0
83400,2163,4.0
83400,1624,5.0
83400,1812,4.0
83400,2285,5.0
83400,1814,5.0
83400,659,5.0
83400,878,4.0
83400,1532,5.0
83400,1909,5.0
83400,2315,5.0
83400,1,4.0
83400,1608,4.0
83400,1536,5.0
83400,3183,5.0
83400,1919,5.0
83400,1650,5.0
83400,1641,5.0
83400,1560,5.0
83400,1639,5.0
7108,55,4.0
7108,25,4.0
7108,17,5.0
7108,2079,5.0
7108,1895,5.0
7108,2027,5.0
7108,77,5.0
7108,7,5.0
7108,31,5.0
7108,405,5.0
7108,2285,5.0
7108,1271,5.0
7108,2822,5.0
7108,236,4.0
7108,1154,5.0
7108,1941,4.0
7108,2415,5.0
7108,1888,5.0
7108,347,5.0
7108,720,5.0
7108,19,5.0
7108,1885,4.0
7108,1026,5.0
7108,1890,5.0
7108,53,5.0
7108,3,5.0
7108,2082,4.0
7108,2441,5.0
7108,1844,5.0
7108,1392,3.0
7108,45,5.0
7108,69,5.0
7108,250,5.0
7108,1278,4.0
7108,2200,2.0
7108,1288,5.0
7108,1914,5.0
7108,1887,5.0
7108,1900,5.0
7108,662,5.0
129082,55,5.0
129082,71,5.0
129082,12,5.0
129082,1885,5.0
129082,1909,5.0
129082,3,5.0
152780,55,5.0
152780,660,5.0
152780,965,5.0
152780,961,5.0
152780,33,5.0
152780,2387,5.0
146486,55,5.0
146486,329,5.0
146486,262,5.0
146486,305,3.0
146486,36,5.0
146486,2110,5.0
146486,961,5.0
146486,2190,5.0
146486,97,5.0
146486,2422,5.0
146486,2415,5.0
146486,508,5.0
146486,704,5.0
146486,1,5.0
146486,281,5.0
146486,325,5.0
146486,1914,5.0
146486,15,5.0
146486,1887,5.0
146486,1900,5.0
160555,55,5.0
160555,89,5.0
160555,3181,5.0
160555,3202,5.0
153067,55,5.0
153067,410,5.0
153067,2174,5.0
153067,2959,5.0
153067,2016,5.0
153067,7,5.0
153067,2670,5.0
153067,2285,5.0
153067,659,5.0
153067,1973,5.0
153067,46,4.0
153067,2161,5.0
153067,594,5.0
153067,349,5.0
153067,1168,5.0
153067,219,5.0
153067,2182,5.0
19051,55,5.0
19051,2419,5.0
19051,7,4.0
19051,98,4.0
19051,1545,4.0
19051,2092,5.0
19051,508,5.0
19051,1885,5.0
19051,1,5.0
19051,2601,5.0
103628,55,3.0
103628,1929,5.0
103628,1885,5.0
103628,3,5.0
103628,34,5.0
103628,2450,5.0
168423,55,5.0
168423,262,5.0
168423,142,5.0
168423,512,5.0
168423,137,4.0
168423,19,5.0
168423,241,5.0
168423,675,5.0
168423,2584,5.0
168423,945,5.0
168423,1892,4.0
164890,55,1.0
164890,25,4.0
164890,2286,5.0
164890,2288,5.0
164890,1536,3.0
164890,2530,2.0
164890,2292,5.0
206101,55,5.0
206101,1975,5.0
206101,2434,4.0
206101,166,5.0
206101,2703,4.0
206101,115,5.0
206101,2601,5.0
206101,85,5.0
206101,2436,5.0
165263,55,5.0
165263,213,5.0
165263,52,5.0
165263,2415,5.0
165263,472,4.0
165263,4,5.0
165263,1887,5.0
165263,119,4.0
360437,55,5.0
360437,2827,5.0
360437,8,5.0
360437,2740,4.0
360437,2374,5.0
360437,240,5.0
360437,52,4.0
360437,97,5.0
360437,663,5.0
360437,508,5.0
360437,1981,5.0
360437,661,4.0
360437,3,5.0
360437,3130,5.0
360437,2597,5.0
360437,34,5.0
360437,15,5.0
360437,1900,0.0
624167,55,5.0
624167,52,5.0
624167,11,5.0
624167,18,5.0
294000,55,5.0
294000,2095,4.0
294000,1924,5.0
294000,1904,5.0
294000,2234,5.0
294000,539,5.0
294000,40,5.0
294000,2060,4.0
294000,725,4.0
294000,3277,5.0
294000,1266,5.0
294000,1885,5.0
294000,1075,5.0
294000,86,5.0
294000,3,3.0
294000,243,5.0
294000,1767,4.0
294000,1151,4.0
294000,656,5.0
294000,44,5.0
294000,510,5.0
294000,1887,5.0
294000,3156,5.0
754827,55,4.0
754827,159,5.0
754827,965,5.0
754827,6,5.0
754827,1932,5.0
754827,367,5.0
754827,2172,5.0
754827,1260,5.0
754827,44,3.0
899007,55,3.0
899007,2045,5.0
899007,13,5.0
899007,2415,4.0
899007,723,5.0
899007,951,4.0
899007,688,4.0
899007,93,4.0
841981,55,2.0
841981,699,5.0
841981,659,5.0
841981,2,4.0
841981,2312,5.0
841981,663,5.0
841981,13,5.0
841981,707,5.0
841981,658,4.0
841981,2415,5.0
841981,723,5.0
841981,184,4.0
841981,688,4.0
841981,667,5.0
804851,55,5.0
804851,1927,5.0
804851,90,5.0
804851,965,5.0
804851,1167,5.0
804851,211,5.0
804851,101,5.0
804851,2112,5.0
294700,55,5.0
294700,2427,5.0
294700,262,5.0
294700,999,5.0
294700,1971,5.0
294700,2659,4.0
294700,3214,5.0
294700,2068,3.0
294700,2453,5.0
294700,670,5.0
294700,1893,5.0
294700,3146,5.0
294700,661,5.0
294700,1278,5.0
294700,656,5.0
294700,676,5.0
294700,289,4.0
589581,55,3.0
589581,2330,4.0
589581,2,4.0
589581,315,4.0
589581,2937,5.0
589581,1538,4.0
589581,2417,5.0
936998,55,5.0
936998,1259,5.0
936998,2953,4.0
936998,84,5.0
936998,21,5.0
936998,1612,5.0
936998,2837,5.0
936998,1685,5.0
993604,55,2.0
993604,1894,4.0
993604,2106,5.0
993604,2466,4.0
993604,1237,5.0
993604,2671,5.0
993604,1362,5.0
993604,6,5.0
993604,1672,4.0
993604,2955,5.0
993604,2381,5.0
993604,1037,5.0
993604,2963,5.0
993604,3085,5.0
993604,2471,5.0
993604,19,5.0
993604,1704,5.0
993604,2194,5.0
993604,731,4.0
993604,2591,4.0
993604,751,5.0
993604,872,5.0
993604,2074,4.0
993604,1951,4.0
993604,235,5.0
993604,14,4.0
993604,1539,5.0
297850,55,5.0
297850,2291,5.0
297850,509,5.0
297850,1976,5.0
297850,100,5.0
645231,55,5.0
645231,3344,5.0
645231,2492,5.0
645231,2124,5.0
645231,2435,5.0
645231,1263,5.0
645231,1919,5.0
437294,55,5.0
437294,2945,5.0
437294,511,5.0
437294,528,5.0
437294,149,5.0
463763,55,5.0
463763,2540,2.0
463763,1847,0.0
463763,34,5.0
463763,60,4.0
384959,55,0.0
384959,58,5.0
384959,3240,4.0
384959,10,5.0
384959,657,4.0
876513,55,5.0
876513,8,5.0
876513,2418,4.0
876513,12,4.0
876513,4,5.0
494084,55,4.0
494084,1894,5.0
494084,8,0.0
494084,2177,4.0
494084,2740,5.0
494084,2506,4.0
494084,1758,4.0
494084,2068,5.0
494084,1997,5.0
494084,689,5.0
494084,2435,5.0
494084,2434,5.0
494084,2418,5.0
494084,1543,5.0
494084,88,5.0
494084,1967,4.0
494084,1955,4.0
494084,3153,4.0
494084,2617,5.0
494084,658,4.0
494084,1893,5.0
494084,38,5.0
494084,2616,4.0
494084,1890,5.0
494084,1395,5.0
494084,3160,5.0
494084,2359,4.0
494084,2448,5.0
494084,49,5.0
494084,2042,5.0
494084,2307,5.0
494084,409,5.0
494084,2358,5.0
494084,657,5.0
494084,714,5.0
494084,2940,4.0
494084,2249,4.0
494084,2423,4.0
1145840,55,5.0
1145840,2380,5.0
1145840,353,5.0
1145840,31,4.0
1145840,663,5.0
1145840,658,4.0
1145840,2368,5.0
1145840,351,5.0
1145840,680,5.0
1145840,3149,3.0
1944859,55,4.0
1944859,201,4.0
1944859,848,5.0
1944859,2462,4.0
1944859,192,5.0
2550554,55,5.0
2550554,64,5.0
2550554,139,5.0
2550554,20,5.0
2550554,62,5.0
2550554,2425,5.0
87023,1054,5.0
87023,1833,5.0
87023,449,5.0
87023,2477,5.0
87023,3226,5.0
87023,2333,4.0
87023,2285,5.0
87023,698,5.0
87023,1814,5.0
87023,689,5.0
87023,448,5.0
87023,2159,5.0
87023,462,4.0
87023,73,5.0
87023,664,5.0
87023,2011,5.0
87023,1643,5.0
87023,720,5.0
87023,3312,5.0
87023,1270,5.0
87023,47,5.0
87023,414,5.0
87023,2144,5.0
87023,441,5.0
87023,1513,5.0
87023,734,5.0
537188,1054,5.0
537188,2842,4.0
537188,2142,5.0
537188,2033,5.0
537188,1967,5.0
537188,2941,4.0
537188,1808,5.0
537188,1795,4.0
537188,2992,5.0
537188,1297,5.0
537188,3329,5.0
774665,1054,5.0
774665,2477,5.0
774665,468,5.0
774665,1886,5.0
774665,2602,5.0
774665,1703,5.0
774665,28,5.0
774665,1992,5.0
774665,3175,5.0
774665,47,5.0
774665,1942,5.0
774665,667,5.0
774665,212,5.0
774665,30,5.0
774665,674,5.0
774665,1913,5.0
774665,962,4.0
774665,2495,5.0
774665,1535,5.0
467492,407,5.0
467492,17,5.0
467492,2418,0.0
467492,3038,5.0
467492,2442,5.0
467492,391,5.0
467492,105,5.0
467492,2443,0.0
467492,401,5.0
85713,1894,5.0
85713,2203,4.0
85713,140,3.0
85713,91,3.0
85713,961,5.0
85713,1968,5.0
85713,2448,4.0
4439,1894,5.0
4439,1259,5.0
4439,1924,5.0
4439,3016,4.0
4439,1277,5.0
4439,2058,5.0
4439,511,4.0
4439,3349,4.0
4439,161,4.0
4439,2531,5.0
4439,1327,5.0
4439,2420,5.0
4439,200,5.0
4439,299,5.0
4439,2536,4.0
4439,3177,5.0
4439,1298,5.0
4439,1256,5.0
4439,2034,5.0
4439,3342,5.0
4439,1285,4.0
4439,2367,5.0
4439,658,5.0
4439,1952,5.0
4439,1188,5.0
4439,508,5.0
4439,2424,5.0
4439,1557,5.0
4439,3160,5.0
4439,3,5.0
4439,706,5.0
4439,3178,5.0
4439,74,5.0
4439,974,5.0
4439,153,5.0
4439,62,5.0
4439,2584,5.0
4439,2390,5.0
4439,1301,5.0
90355,1894,5.0
90355,2285,5.0
90355,2044,5.0
90355,3150,5.0
90355,347,5.0
90355,508,5.0
90355,19,4.0
90355,1885,5.0
90355,3184,5.0
90355,1540,5.0
90355,2441,5.0
90355,65,5.0
90355,2423,5.0
43505,1894,5.0
43505,1921,5.0
43505,1960,5.0
43505,2453,5.0
43505,1256,5.0
43505,1885,5.0
236992,1894,5.0
236992,2285,4.0
236992,664,5.0
236992,27,4.0
236992,1014,5.0
236992,1887,1.0
40961,1894,5.0
40961,6,5.0
40961,2,5.0
40961,961,5.0
40961,1940,5.0
40961,970,5.0
40961,1885,0.0
40961,1915,5.0
40961,1889,5.0
40961,1896,5.0
227750,1894,5.0
227750,1891,5.0
227750,1468,5.0
227750,1265,5.0
227750,31,5.0
227750,1375,5.0
227750,1304,5.0
227750,1372,5.0
227750,1410,5.0
99164,1894,5.0
99164,91,4.0
99164,5,4.0
99164,1939,4.0
99164,270,5.0
99164,2468,4.0
250920,1894,5.0
250920,2554,5.0
250920,52,5.0
250920,33,5.0
250920,171,5.0
250920,2449,5.0
250920,2717,5.0
250920,2017,4.0
105804,1894,4.0
105804,2447,3.0
105804,334,4.0
105804,126,5.0
105804,241,4.0
105804,2474,3.0
105804,22,5.0
153750,1894,5.0
153750,2189,5.0
153750,16,5.0
153750,5,5.0
153750,1256,5.0
153750,21,5.0
153750,1,5.0
153750,666,5.0
153750,217,5.0
153750,656,5.0
153750,160,5.0
153750,10,5.0
153750,1887,5.0
153750,1900,5.0
153750,14,4.0
153750,2436,5.0
291306,1894,4.0
291306,17,4.0
291306,2262,4.0
291306,207,3.0
291306,3061,5.0
291306,60,4.0
63232,1894,4.0
63232,1904,4.0
63232,2960,4.0
63232,2416,5.0
63232,2108,4.0
63232,70,4.0
63232,3150,4.0
63232,664,4.0
63232,182,5.0
63232,678,4.0
63232,1930,4.0
63232,61,5.0
63232,1533,3.0
63232,162,5.0
42367,1894,5.0
42367,2455,5.0
42367,2424,5.0
42367,1889,5.0
247241,1894,5.0
247241,99,5.0
247241,2,5.0
247241,30,5.0
247241,377,5.0
121807,1894,5.0
121807,1927,5.0
121807,1545,5.0
121807,2124,5.0
121807,2726,5.0
169850,1894,4.0
169850,1559,5.0
169850,660,5.0
169850,681,5.0
169850,3167,5.0
169850,699,4.0
169850,2285,5.0
169850,698,5.0
169850,659,5.0
169850,663,5.0
169850,664,5.0
169850,774,3.0
169850,1834,4.0
169850,2366,4.0
169850,1,4.0
169850,1536,4.0
169850,680,5.0
169850,2287,3.0
169850,2815,3.0
260475,1894,5.0
260475,1198,5.0
260475,17,3.0
260475,2416,5.0
260475,1936,5.0
260475,2426,4.0
260475,63,4.0
260475,2441,5.0
239847,1894,5.0
239847,1281,5.0
239847,1988,5.0
239847,31,4.0
119481,1894,5.0
119481,2289,5.0
119481,3147,5.0
119481,2285,3.0
119481,2617,4.0
119481,1885,5.0
119481,2053,4.0
119481,2428,5.0
119481,247,5.0
119481,119,4.0
119481,1900,5.0
192852,1894,5.0
192852,94,4.0
192852,208,5.0
192852,2366,5.0
192852,533,4.0
192852,2421,5.0
192852,261,5.0
192852,22,5.0
203325,1894,4.0
203325,660,5.0
203325,140,3.0
203325,1812,5.0
203325,2050,4.0
203325,50,4.0
203325,1901,5.0
203325,5,5.0
203325,2529,4.0
203325,2759,4.0
203325,12,3.0
203325,70,5.0
203325,664,5.0
203325,392,5.0
203325,658,4.0
203325,2415,5.0
203325,508,5.0
203325,1262,5.0
203325,318,4.0
203325,376,5.0
203325,234,5.0
203325,86,5.0
203325,30,4.0
203325,1309,4.0
203325,2802,5.0
203325,303,5.0
203325,973,5.0
203325,232,4.0
203325,15,4.0
203325,2423,5.0
203325,14,5.0
203325,109,5.0
203325,741,2.0
438645,1894,5.0
438645,140,5.0
438645,1543,4.0
438645,13,4.0
438645,3139,5.0
438645,11,5.0
438645,2421,4.0
228978,1894,5.0
228978,136,5.0
228978,2792,4.0
228978,12,5.0
228978,1888,4.0
228978,202,5.0
228978,162,5.0
228978,1946,5.0
323545,1894,5.0
323545,344,5.0
323545,2439,5.0
323545,1932,5.0
323545,333,4.0
323545,2441,5.0
323545,657,5.0
96796,1894,5.0
96796,1548,5.0
96796,1531,5.0
96796,1265,5.0
96796,1291,5.0
96796,36,5.0
96796,7,5.0
96796,8,5.0
96796,2505,4.0
96796,6,5.0
96796,3012,5.0
96796,3061,4.0
96796,2674,5.0
96796,2434,5.0
96796,2697,4.0
96796,1044,5.0
96796,1298,5.0
96796,967,5.0
96796,332,4.0
96796,256,5.0
96796,1032,5.0
96796,963,5.0
96796,1919,5.0
96796,2815,5.0
96796,112,4.0
96796,1021,5.0
96796,1301,5.0
496315,1894,5.0
496315,36,5.0
496315,2416,5.0
496315,207,5.0
496315,1911,5.0
496315,1554,4.0
496315,2432,5.0
496315,428,5.0
496315,3253,3.0
496315,1309,4.0
496315,4,5.0
78232,1894,5.0
78232,13,2.0
78232,1946,3.0
78232,2417,5.0
357987,1894,4.0
357987,17,4.0
357987,1924,5.0
357987,1886,4.0
357987,2447,3.0
357987,2005,5.0
357987,99,5.0
357987,659,5.0
357987,3061,4.0
357987,2426,5.0
357987,1893,4.0
357987,2030,5.0
357987,661,4.0
357987,180,5.0
357987,44,3.0
370200,1894,4.0
370200,2289,5.0
370200,335,5.0
370200,7,5.0
370200,1929,5.0
370200,716,4.0
370200,52,4.0
370200,2059,5.0
370200,1885,5.0
288351,1894,5.0
288351,2427,5.0
288351,1155,5.0
288351,2419,4.0
288351,92,5.0
288351,1929,5.0
288351,32,5.0
288351,5,5.0
288351,2,5.0
288351,1888,5.0
288351,2688,5.0
288351,1885,5.0
288351,1889,5.0
288351,2446,5.0
288351,1892,5.0
288351,1887,5.0
157102,1894,5.0
157102,2027,5.0
157102,2419,5.0
157102,2029,5.0
157102,36,5.0
157102,2635,5.0
157102,2425,0.0
516537,1894,4.0
516537,660,5.0
516537,667,4.0
516537,3319,3.0
516537,3156,4.0
308434,1894,5.0
308434,1904,5.0
308434,2029,5.0
308434,2959,5.0
308434,3053,5.0
308434,504,5.0
308434,2941,5.0
308434,1080,5.0
327920,1894,5.0
327920,660,5.0
327920,657,5.0
327920,2430,5.0
195750,1894,5.0
195750,340,5.0
195750,91,3.0
195750,2553,4.0
195750,1911,4.0
195750,13,5.0
195750,1152,4.0
195750,118,5.0
195750,2443,5.0
195750,158,5.0
195750,65,5.0
195750,10,5.0
195750,42,5.0
195750,2444,5.0
195750,2430,5.0
195750,705,5.0
195750,3149,3.0
173880,1894,5.0
173880,2709,4.0
173880,983,4.0
173880,3097,0.0
173880,1843,5.0
173880,3083,5.0
173880,2431,5.0
173880,1039,5.0
173880,16,5.0
173880,151,5.0
173880,2286,5.0
173880,2529,5.0
173880,2093,5.0
173880,2241,4.0
173880,1273,5.0
173880,513,5.0
173880,2823,4.0
173880,33,5.0
173880,1439,5.0
173880,3153,3.0
173880,1336,4.0
173880,2248,5.0
173880,2537,0.0
173880,2563,4.0
173880,1199,4.0
173880,1885,5.0
173880,2513,5.0
173880,2208,4.0
173880,3062,5.0
173880,2558,5.0
173880,1889,5.0
173880,2443,5.0
173880,1942,4.0
173880,2857,4.0
173880,1933,5.0
173880,128,5.0
173880,35,5.0
173880,562,5.0
173880,1565,5.0
173880,62,5.0
173880,2319,5.0
173880,284,5.0
744898,1894,5.0
744898,1904,5.0
744898,2027,5.0
744898,509,5.0
744898,904,5.0
744898,6,5.0
744898,513,5.0
744898,3161,5.0
744898,1835,5.0
744898,116,5.0
744898,1948,5.0
744898,2550,5.0
744898,39,5.0
744898,345,5.0
538578,1894,5.0
538578,1265,4.0
538578,8,4.0
538578,2,5.0
538578,1460,4.0
538578,107,4.0
538578,33,4.0
538578,1457,4.0
538578,967,5.0
538578,1407,4.0
538578,3183,4.0
250031,1894,5.0
250031,2309,4.0
250031,142,3.0
250031,511,5.0
250031,167,0.0
250031,12,4.0
250031,314,5.0
250031,658,5.0
250031,2115,5.0
250031,2343,5.0
250031,2002,5.0
250031,253,4.0
250031,127,4.0
250031,1935,5.0
250031,2445,5.0
250031,656,5.0
250031,2421,4.0
250031,1153,5.0
250031,1907,5.0
106105,1894,5.0
106105,25,5.0
106105,2415,4.0
106105,66,5.0
106105,1140,5.0
106105,3170,4.0
106105,2425,5.0
106105,1887,5.0
106105,14,5.0
572462,1894,4.0
572462,3321,5.0
572462,27,5.0
572462,666,3.0
1211187,1894,5.0
1211187,1927,5.0
1211187,660,4.0
1211187,2419,5.0
1211187,2431,5.0
1211187,1261,4.0
1211187,1507,5.0
1211187,3062,5.0
1211187,27,5.0
1211187,3148,4.0
1211187,10,5.0
1211187,1896,5.0
1211187,1539,5.0
265956,1894,5.0
265956,1891,5.0
265956,2458,5.0
265956,16,5.0
265956,659,5.0
265956,1994,5.0
265956,123,5.0
196320,1894,5.0
196320,146,5.0
196320,2029,5.0
196320,52,5.0
196320,33,5.0
196320,1256,5.0
196320,2428,5.0
196320,1892,5.0
33135,1894,3.0
33135,267,3.0
33135,2457,5.0
33135,77,5.0
33135,1810,5.0
33135,50,5.0
33135,713,5.0
33135,2104,3.0
33135,1970,5.0
33135,2589,5.0
33135,2430,5.0
33135,2428,5.0
571308,1894,5.0
571308,17,5.0
571308,1904,5.0
571308,536,5.0
571308,1943,5.0
571308,125,5.0
571308,2426,5.0
571308,1256,4.0
571308,658,5.0
571308,677,5.0
571308,1930,5.0
571308,141,5.0
571308,126,5.0
163241,1894,5.0
163241,25,5.0
163241,2013,5.0
163241,2433,5.0
163241,2415,5.0
163241,656,5.0
163241,15,5.0
501778,1894,5.0
501778,50,5.0
501778,1929,5.0
501778,80,5.0
501778,2566,5.0
501778,19,5.0
501778,194,4.0
501778,86,4.0
501778,27,5.0
501778,2441,5.0
501778,856,0.0
245017,1894,5.0
245017,2129,0.0
245017,1218,3.0
245017,2045,1.0
245017,2005,5.0
245017,20,4.0
245017,2455,3.0
245017,2426,5.0
245017,137,4.0
245017,21,4.0
245017,1893,4.0
245017,1,5.0
245017,3,5.0
245017,10,4.0
361489,1894,4.0
361489,1904,5.0
361489,1156,2.0
361489,2426,5.0
361489,2136,5.0
361489,354,5.0
361489,658,5.0
361489,2424,5.0
361489,2024,5.0
361489,3,5.0
361489,2294,5.0
361489,1983,5.0
361489,1896,5.0
128541,1894,4.0
128541,271,5.0
128541,32,3.0
128541,961,5.0
128541,97,5.0
128541,1889,5.0
128541,1267,5.0
128541,160,5.0
212497,1894,5.0
212497,342,5.0
212497,1434,4.0
212497,1924,4.0
212497,267,5.0
212497,1938,5.0
212497,2447,5.0
212497,1918,5.0
212497,20,1.0
212497,1163,4.0
212497,2499,5.0
212497,1902,5.0
212497,2028,5.0
212497,2812,4.0
212497,327,5.0
212497,246,5.0
212497,510,4.0
545970,1894,3.0
545970,5,5.0
545970,1256,2.0
545970,3342,4.0
545970,1952,5.0
545970,2442,4.0
545970,18,5.0
545970,538,5.0
545970,657,5.0
545970,1892,4.0
545970,14,4.0
140008,1894,5.0
140008,2761,5.0
140008,2483,5.0
140008,171,4.0
140008,661,3.0
140008,162,5.0
140008,2076,2.0
140008,1892,5.0
793359,1894,4.0
793359,2431,5.0
793359,3344,0.0
793359,3347,5.0
793359,3366,5.0
793359,1987,5.0
793359,1834,5.0
793359,2366,5.0
793359,2808,0.0
198154,1894,4.0
198154,1531,3.0
198154,142,3.0
198154,90,4.0
198154,89,3.0
198154,2014,2.0
198154,1904,4.0
198154,114,4.0
198154,1886,3.0
198154,2546,3.0
198154,174,4.0
198154,1929,3.0
198154,2433,5.0
198154,2420,4.0
198154,16,4.0
198154,1943,3.0
198154,2083,4.0
198154,1937,4.0
198154,1901,4.0
198154,57,4.0
198154,524,5.0
198154,20,3.0
198154,299,4.0
198154,2418,5.0
198154,3089,3.0
198154,1940,3.0
198154,1256,4.0
198154,2462,3.0
198154,296,5.0
198154,43,0.0
198154,2471,5.0
198154,1893,4.0
198154,2442,3.0
198154,2059,4.0
198154,19,4.0
198154,677,4.0
198154,54,5.0
198154,1890,4.0
198154,2449,5.0
198154,51,4.0
198154,2589,4.0
198154,1002,4.0
198154,49,4.0
198154,2116,4.0
198154,2534,4.0
198154,2084,3.0
198154,219,3.0
198154,2747,5.0
198154,128,4.0
198154,1153,5.0
198154,1342,0.0
198154,117,4.0
198154,23,5.0
198154,2430,0.0
198154,2428,4.0
198154,247,3.0
198154,2425,0.0
198154,113,4.0
844554,913,5.0
844554,696,5.0
844554,159,5.0
844554,50,5.0
844554,2898,5.0
844554,181,5.0
844554,84,5.0
844554,236,4.0
844554,70,5.0
844554,664,5.0
844554,2304,5.0
844554,2422,5.0
844554,2964,5.0
844554,2985,5.0
844554,2576,5.0
844554,2366,5.0
844554,367,5.0
844554,2542,5.0
844554,18,5.0
844554,2451,5.0
844554,34,5.0
844554,74,5.0
56112,336,5.0
56112,3110,5.0
56112,2729,5.0
56112,512,5.0
56112,99,5.0
56112,3037,4.0
56112,2065,5.0
56112,2064,5.0
56112,1835,5.0
56112,2442,5.0
56112,1075,5.0
56112,3062,5.0
56112,1358,5.0
56112,2733,4.0
56112,3050,5.0
56112,1383,5.0
56112,2559,5.0
56112,325,5.0
288218,336,5.0
288218,1971,5.0
288218,2554,5.0
288218,1356,5.0
288218,2285,5.0
288218,3063,5.0
288218,1179,4.0
288218,94,5.0
288218,258,5.0
288218,529,5.0
288218,2064,5.0
288218,1012,5.0
288218,2975,5.0
288218,3173,5.0
288218,1269,5.0
288218,1473,5.0
288218,773,5.0
288218,561,5.0
288218,1558,5.0
288218,585,5.0
288218,1539,5.0
34025,336,5.0
34025,2427,5.0
34025,1898,5.0
34025,177,5.0
34025,3061,5.0
34025,1888,5.0
34025,53,5.0
34025,35,5.0
34025,2417,5.0
34025,185,5.0
34025,2423,5.0
34025,2001,5.0
34025,14,5.0
55018,336,5.0
55018,155,5.0
55018,2501,5.0
55018,18,5.0
219942,336,5.0
219942,2263,5.0
219942,3167,5.0
219942,215,5.0
219942,484,5.0
219942,1858,5.0
219942,694,5.0
219942,258,5.0
219942,969,5.0
219942,1630,5.0
219942,149,5.0
219942,317,5.0
219942,2442,5.0
219942,38,5.0
219942,1266,5.0
219942,2105,5.0
219942,3160,5.0
219942,3062,5.0
219942,3230,5.0
219942,2520,5.0
219942,96,5.0
219942,562,5.0
219942,1896,5.0
219942,3218,5.0
724631,336,5.0
724631,1596,5.0
724631,2148,5.0
724631,979,3.0
724631,699,5.0
724631,1763,5.0
724631,3030,5.0
724631,57,5.0
724631,911,5.0
724631,375,5.0
724631,3285,4.0
724631,2537,5.0
724631,2171,5.0
724631,506,4.0
724631,54,5.0
724631,2728,5.0
724631,2193,5.0
724631,3001,5.0
724631,1061,4.0
724631,2451,5.0
724631,531,4.0
724631,1267,5.0
724631,2294,4.0
724631,2283,5.0
724631,2231,5.0
724631,2066,5.0
724631,1980,5.0
377499,336,0.0
377499,8,5.0
377499,2500,5.0
377499,1888,5.0
377499,1903,5.0
377499,2940,5.0
377499,15,5.0
377499,662,4.0
421374,336,5.0
421374,114,4.0
421374,3344,5.0
421374,1964,5.0
421374,202,4.0
421374,27,5.0
421374,666,4.0
421374,2474,5.0
1531249,336,5.0
1531249,239,5.0
1531249,524,5.0
1531249,2668,5.0
1531249,1721,5.0
1531249,241,5.0
1531249,1999,5.0
1531249,2018,5.0
47892,1412,5.0
47892,25,5.0
47892,976,5.0
47892,2275,5.0
47892,2652,5.0
47892,2945,4.0
47892,2936,5.0
47892,1261,5.0
47892,2899,4.0
47892,2205,4.0
47892,1411,5.0
47892,1505,5.0
47892,3321,5.0
47892,340,5.0
47892,2932,4.0
47892,1725,5.0
47892,2818,5.0
47892,1672,5.0
47892,3111,5.0
47892,975,4.0
47892,2434,5.0
47892,1264,5.0
47892,1060,5.0
47892,1532,5.0
47892,1365,5.0
47892,1307,4.0
47892,1499,4.0
47892,2833,5.0
47892,2890,5.0
47892,1379,5.0
47892,1132,4.0
47892,2908,5.0
47892,2864,4.0
47892,2891,5.0
47892,1023,5.0
47892,423,0.0
47892,2035,5.0
47892,2972,5.0
47892,2930,5.0
47892,1197,5.0
47892,3008,5.0
47892,2597,5.0
47892,2901,5.0
47892,3223,5.0
47892,2895,5.0
47892,10,5.0
47892,1470,5.0
47892,2939,4.0
47892,3029,5.0
47892,2404,5.0
47892,3325,5.0
47892,22,5.0
47892,522,5.0
421511,1361,5.0
421511,3066,3.0
421511,11,5.0
421511,259,5.0
87236,1361,5.0
87236,41,5.0
87236,1893,5.0
87236,409,5.0
92796,1696,5.0
92796,1640,4.0
92796,140,5.0
92796,3071,5.0
92796,74,5.0
318262,1696,5.0
318262,8,4.0
318262,2274,5.0
318262,1733,4.0
318262,756,5.0
318262,1543,5.0
318262,2726,5.0
318262,2462,5.0
318262,2422,5.0
318262,2059,4.0
318262,516,5.0
318262,2552,4.0
318262,3166,4.0
318262,1552,4.0
318262,2173,5.0
318262,2042,5.0
318262,714,5.0
28201,1289,5.0
28201,1924,5.0
28201,1973,5.0
28201,2847,3.0
28201,324,5.0
28201,1909,5.0
28201,2429,5.0
28201,2158,5.0
28201,974,5.0
32772,1289,5.0
32772,1886,5.0
32772,7,5.0
32772,2124,5.0
32772,2420,5.0
32772,395,5.0
32772,2021,5.0
32772,1991,5.0
32772,2630,5.0
32772,1885,5.0
32772,189,5.0
32772,1,5.0
32772,428,5.0
32772,18,5.0
32772,2075,5.0
32772,1043,5.0
32772,1914,5.0
39733,1289,5.0
39733,222,5.0
39733,154,5.0
39733,985,5.0
39733,393,5.0
39733,395,5.0
39733,961,5.0
39733,156,5.0
39733,1978,5.0
39733,545,5.0
39733,280,5.0
39733,2052,5.0
39733,345,5.0
30594,1289,5.0
30594,31,5.0
30594,1256,5.0
30594,245,5.0
30594,1998,5.0
71463,1289,5.0
71463,2595,5.0
71463,1637,5.0
71463,3,5.0
71463,47,5.0
71463,10,5.0
209255,1289,5.0
209255,999,5.0
209255,239,4.0
209255,1174,4.0
209255,1835,5.0
209255,1930,5.0
209255,514,5.0
209255,1950,5.0
209255,519,5.0
35526,1289,4.0
35526,2260,5.0
35526,3168,5.0
35526,344,5.0
35526,369,5.0
35526,179,5.0
35526,140,5.0
35526,395,5.0
35526,659,5.0
35526,3165,5.0
35526,95,5.0
35526,282,5.0
35526,1973,5.0
35526,13,5.0
35526,1402,5.0
35526,1932,5.0
35526,3342,5.0
35526,111,5.0
35526,670,5.0
35526,2117,5.0
35526,677,5.0
35526,1293,5.0
35526,2366,4.0
35526,1540,5.0
35526,1956,5.0
35526,256,5.0
35526,371,5.0
35526,998,5.0
35526,61,5.0
35526,3,5.0
35526,1979,5.0
35526,2082,5.0
35526,39,5.0
35526,1989,5.0
35526,3088,5.0
35526,1278,5.0
35526,34,4.0
35526,310,4.0
35526,541,5.0
35526,35,5.0
35526,964,5.0
35526,1079,5.0
35526,2428,5.0
35526,3107,5.0
35526,1926,5.0
35526,1887,5.0
35526,1900,5.0
35526,377,5.0
35526,2242,5.0
1056692,1289,5.0
1056692,1886,5.0
1056692,64,5.0
1056692,1272,4.0
1056692,2822,2.0
1056692,1275,4.0
1056692,3215,4.0
1056692,43,4.0
1056692,361,5.0
1056692,668,5.0
1056692,85,5.0
1056692,408,5.0
1056692,23,4.0
1056692,81,5.0
1056692,1300,5.0
1056692,119,3.0
206747,2810,5.0
206747,17,5.0
206747,1490,4.0
206747,161,5.0
206747,1004,4.0
206747,2125,4.0
206747,2044,4.0
206747,1319,4.0
206747,3061,5.0
206747,2434,5.0
206747,2418,4.0
206747,40,4.0
206747,2850,4.0
206747,2060,4.0
206747,1285,4.0
206747,3085,4.0
206747,1486,2.0
206747,2873,5.0
206747,66,5.0
206747,3112,5.0
206747,2432,4.0
206747,1262,5.0
206747,1386,5.0
206747,1095,5.0
206747,1493,4.0
206747,1032,5.0
206747,2168,4.0
206747,1284,5.0
206747,327,3.0
206747,2858,4.0
206747,2211,4.0
206747,1349,5.0
206747,2461,5.0
206747,2940,0.0
206747,1462,5.0
206747,1348,5.0
206747,971,5.0
206747,1326,4.0
175124,2810,5.0
175124,8,5.0
175124,1899,5.0
175124,1582,5.0
175124,2529,5.0
175124,2479,4.0
175124,2527,5.0
175124,3065,5.0
175124,2563,4.0
175124,2973,5.0
175124,1546,5.0
175124,2566,5.0
175124,126,5.0
175124,229,5.0
175124,3180,5.0
175124,962,5.0
175124,312,5.0
194993,2810,5.0
194993,2842,5.0
194993,1843,3.0
194993,2831,5.0
194993,2077,3.0
194993,238,5.0
194993,2433,5.0
194993,398,5.0
194993,1586,5.0
194993,1272,5.0
194993,2553,3.0
194993,524,4.0
194993,2411,3.0
194993,3151,4.0
194993,1274,4.0
194993,1805,5.0
194993,172,5.0
194993,1256,5.0
194993,2604,5.0
194993,1554,5.0
194993,529,5.0
194993,516,5.0
194993,1458,5.0
194993,1557,5.0
194993,3175,5.0
194993,2642,5.0
194993,461,5.0
194993,1625,5.0
194993,1160,4.0
194993,2669,4.0
1925885,2810,5.0
1925885,1357,5.0
1925885,575,5.0
1925885,762,5.0
1925885,3054,5.0
1925885,3060,5.0
1925885,2519,5.0
1925885,2346,5.0
1925885,1439,5.0
1925885,2521,5.0
1925885,2514,5.0
1925885,2147,5.0
1925885,1340,5.0
1925885,2966,5.0
1925885,3309,5.0
1925885,2528,5.0
1925885,1766,5.0
9579,25,4.0
9579,268,4.0
9579,1886,5.0
9579,2457,5.0
9579,295,4.0
9579,20,5.0
9579,2418,5.0
9579,1885,4.0
9579,2735,3.0
9579,178,4.0
9579,185,5.0
9579,14,4.0
24323,25,4.0
24323,1941,4.0
24323,1885,4.0
24323,1920,4.0
28846,25,5.0
28846,213,5.0
28846,1928,5.0
28846,80,5.0
28846,1885,5.0
28846,202,4.0
28846,1897,5.0
25792,25,5.0
25792,17,5.0
25792,142,4.0
25792,7,5.0
25792,1157,5.0
25792,6,5.0
25792,713,5.0
25792,2054,5.0
25792,1964,4.0
25792,2469,5.0
25792,163,5.0
25792,39,5.0
25792,1151,5.0
25792,1926,5.0
24386,25,4.0
24386,90,5.0
24386,1960,5.0
24386,369,5.0
24386,984,5.0
24386,80,4.0
24386,2021,5.0
24386,5,5.0
24386,95,5.0
24386,94,4.0
24386,1972,3.0
24386,1916,5.0
24386,2049,5.0
24386,263,5.0
24386,1885,4.0
24386,371,5.0
24386,1394,4.0
24386,1374,5.0
24386,2031,5.0
24386,2061,5.0
24386,101,5.0
24386,1931,5.0
24386,2276,5.0
24386,1350,5.0
24386,1501,5.0
24386,1910,5.0
24386,78,5.0
24386,2425,5.0
24386,971,3.0
24386,1944,5.0
55827,25,5.0
55827,2439,5.0
55827,230,5.0
55827,2060,4.0
55827,158,5.0
55827,2417,5.0
37036,25,4.0
37036,342,5.0
37036,1924,5.0
37036,965,5.0
37036,985,4.0
37036,665,4.0
37036,170,5.0
37036,1261,5.0
37036,179,4.0
37036,2285,5.0
37036,2044,5.0
37036,207,5.0
37036,659,4.0
37036,5,5.0
37036,713,5.0
37036,2480,5.0
37036,75,5.0
37036,1916,5.0
37036,2415,5.0
37036,1888,5.0
37036,1902,4.0
37036,283,5.0
37036,1885,4.0
37036,2470,5.0
37036,184,5.0
37036,2679,5.0
37036,3062,5.0
37036,105,5.0
37036,3,5.0
37036,2752,5.0
37036,2735,4.0
37036,1897,5.0
37036,39,5.0
37036,93,4.0
37036,264,5.0
37036,740,4.0
37036,964,5.0
37036,1260,5.0
37036,280,5.0
37036,78,5.0
37036,15,5.0
37036,2423,5.0
37036,1887,5.0
37036,2146,5.0
37036,14,3.0
37036,2436,4.0
15851,25,4.0
15851,2497,5.0
15851,1928,5.0
15851,2092,5.0
15851,2033,4.0
15851,726,4.0
15851,87,4.0
15851,3298,4.0
15851,1909,5.0
15851,1,4.0
15851,1933,4.0
15851,34,0.0
15851,1910,5.0
15851,44,0.0
42720,25,5.0
42720,1921,5.0
42720,965,5.0
42720,2452,4.0
42720,2602,5.0
42720,179,5.0
42720,174,5.0
42720,2285,5.0
42720,659,5.0
42720,2092,5.0
42720,94,5.0
42720,658,5.0
42720,670,5.0
42720,1888,5.0
42720,374,5.0
42720,2256,5.0
42720,11,5.0
42720,3,5.0
42720,1976,5.0
42720,39,5.0
42720,1832,5.0
42720,2294,5.0
42720,2450,5.0
42720,15,5.0
122877,25,5.0
122877,1899,5.0
122877,2092,5.0
122877,961,4.0
122877,1007,5.0
122877,1909,5.0
122877,1912,5.0
122877,184,5.0
122877,1294,5.0
122877,3076,5.0
122877,2423,5.0
22898,25,5.0
22898,17,5.0
22898,174,5.0
22898,2483,5.0
22898,1726,4.0
22898,1455,5.0
101034,25,5.0
101034,413,5.0
101034,223,5.0
101034,1904,5.0
101034,221,5.0
101034,77,4.0
101034,7,5.0
101034,179,5.0
101034,2285,5.0
101034,2437,5.0
101034,1845,5.0
101034,67,5.0
101034,2166,3.0
101034,181,5.0
101034,1966,5.0
101034,193,5.0
101034,12,5.0
101034,1298,5.0
101034,13,5.0
101034,658,5.0
101034,2415,5.0
101034,1909,5.0
101034,18,4.0
101034,45,5.0
101034,1855,5.0
101034,1907,5.0
101034,2423,4.0
101034,1887,5.0
101034,662,5.0
101034,14,3.0
101034,2436,5.0
59780,25,5.0
59780,2427,5.0
59780,17,5.0
59780,221,5.0
59780,36,5.0
59780,2799,5.0
59780,1997,5.0
59780,16,5.0
59780,2005,5.0
59780,32,5.0
59780,2553,5.0
59780,1911,5.0
59780,525,5.0
59780,713,5.0
59780,1940,5.0
59780,33,5.0
59780,664,5.0
59780,2160,5.0
59780,742,5.0
59780,3034,3.0
59780,63,5.0
59780,2115,5.0
59780,334,5.0
59780,1905,5.0
59780,1948,5.0
59780,2644,5.0
59780,508,5.0
59780,1003,5.0
59780,1902,5.0
59780,720,5.0
59780,1885,5.0
59780,1075,4.0
59780,126,5.0
59780,1,0.0
59780,102,5.0
59780,988,4.0
59780,2063,4.0
59780,245,5.0
59780,2474,5.0
59780,178,5.0
59780,2417,5.0
59780,2428,5.0
59780,775,5.0
64203,25,5.0
64203,7,5.0
64203,2416,5.0
64203,2748,5.0
64203,3061,5.0
64203,961,5.0
64203,73,5.0
64203,1888,5.0
64203,1986,5.0
64203,508,5.0
64203,2432,5.0
64203,2424,5.0
64203,686,5.0
64203,2569,5.0
64203,11,5.0
64203,2024,5.0
64203,1942,5.0
64203,2417,5.0
64203,10,5.0
64203,2112,5.0
64203,3149,5.0
146310,25,5.0
146310,59,5.0
146310,75,5.0
146310,2838,5.0
47151,25,5.0
47151,227,5.0
47151,77,5.0
47151,770,5.0
47151,1905,5.0
47151,1885,5.0
47151,2017,5.0
47151,10,5.0
150727,25,4.0
150727,2427,5.0
150727,1903,5.0
150727,2024,4.0
150727,1915,5.0
150727,22,5.0
153401,25,3.0
153401,1895,4.0
153401,2433,5.0
153401,19,5.0
153401,76,4.0
153401,682,5.0
153401,2430,5.0
153401,2475,4.0
55380,25,4.0
55380,976,5.0
55380,1265,5.0
55380,8,4.0
55380,6,5.0
55380,961,4.0
55380,1543,4.0
55380,346,5.0
55380,2135,5.0
55380,53,5.0
55380,3240,5.0
55380,1540,5.0
55380,126,0.0
55380,1276,4.0
55380,85,5.0
55380,2816,5.0
55380,237,5.0
55380,1378,0.0
115853,25,4.0
115853,1904,5.0
115853,181,5.0
115853,664,5.0
115853,300,5.0
115853,656,4.0
115853,974,5.0
115853,1910,5.0
115853,14,4.0
142658,25,4.0
142658,2778,4.0
142658,223,5.0
142658,2070,4.0
142658,2457,5.0
142658,16,5.0
142658,5,4.0
142658,94,5.0
142658,2438,5.0
142658,2415,4.0
142658,19,4.0
142658,101,5.0
142658,15,4.0
142658,2423,5.0
142658,1980,5.0
87559,25,5.0
87559,1921,5.0
87559,76,5.0
87559,168,5.0
78808,25,4.0
78808,224,5.0
78808,407,5.0
78808,965,5.0
78808,665,4.0
78808,2420,5.0
78808,659,5.0
78808,1893,5.0
78808,347,5.0
78808,1885,5.0
78808,1912,5.0
78808,414,4.0
78808,169,5.0
78808,1575,5.0
78808,2352,5.0
78808,345,4.0
47907,25,5.0
47907,743,5.0
47907,616,4.0
47907,2456,5.0
47907,170,5.0
47907,1453,5.0
47907,91,5.0
47907,729,5.0
47907,2083,5.0
47907,703,5.0
47907,12,5.0
47907,797,5.0
47907,701,5.0
47907,1262,4.0
47907,1028,5.0
47907,1885,5.0
47907,428,5.0
47907,27,5.0
47907,1915,5.0
47907,3,5.0
47907,2223,5.0
47907,2474,5.0
47907,65,5.0
47907,2719,5.0
47907,160,5.0
47907,2417,5.0
47907,10,5.0
47907,42,5.0
47907,693,5.0
47907,22,5.0
47907,117,5.0
47907,2066,5.0
47907,78,5.0
47907,2001,5.0
47907,2146,5.0
47907,662,5.0
47907,741,4.0
189393,25,4.0
189393,836,4.0
189393,28,5.0
189393,2320,4.0
189393,148,5.0
125411,25,5.0
125411,2285,5.0
125411,228,5.0
125411,659,5.0
125411,176,5.0
125411,94,4.0
125411,12,5.0
125411,670,5.0
125411,1888,5.0
125411,38,5.0
125411,677,5.0
125411,3184,5.0
125411,2473,5.0
125411,3170,5.0
125411,2315,5.0
125411,128,5.0
125411,45,5.0
125411,1989,5.0
25063,25,5.0
25063,1996,4.0
25063,2156,4.0
25063,826,4.0
25063,1157,5.0
25063,26,4.0
25063,3229,5.0
25063,1949,4.0
25063,1885,5.0
25063,2298,5.0
25063,45,4.0
25063,1832,4.0
25063,10,5.0
25063,96,4.0
25063,303,5.0
229850,25,5.0
229850,90,4.0
229850,1895,5.0
229850,1886,4.0
229850,7,4.0
229850,2439,5.0
229850,353,5.0
229850,174,5.0
229850,106,3.0
229850,2285,5.0
229850,6,5.0
229850,5,5.0
229850,2,5.0
229850,2435,5.0
229850,2418,5.0
229850,211,5.0
229850,12,5.0
229850,164,5.0
229850,137,5.0
229850,75,5.0
229850,2415,5.0
229850,1888,5.0
229850,1949,5.0
229850,189,0.0
229850,110,5.0
229850,27,0.0
229850,2658,5.0
229850,656,5.0
229850,2421,5.0
229850,2417,4.0
229850,657,5.0
229850,1153,5.0
229850,2450,5.0
229850,2430,4.0
229850,1910,5.0
229850,2428,5.0
229850,2423,5.0
229850,1887,5.0
229850,14,5.0
108843,25,5.0
108843,1921,5.0
108843,215,5.0
108843,2424,5.0
108843,126,5.0
108843,1915,5.0
108843,3,5.0
108843,2463,5.0
108843,2560,5.0
58836,25,4.0
58836,2431,5.0
58836,64,5.0
58836,271,5.0
58836,2416,4.0
58836,6,5.0
58836,5,5.0
58836,2,4.0
58836,2753,5.0
58836,961,5.0
58836,2418,4.0
58836,211,3.0
58836,2438,5.0
58836,1940,4.0
58836,2442,3.0
58836,2512,5.0
58836,1885,5.0
58836,2487,5.0
58836,2470,5.0
58836,3,5.0
58836,39,5.0
58836,2597,3.0
58836,2025,4.0
58836,30,4.0
58836,10,5.0
58836,1153,4.0
58836,2460,5.0
284904,25,5.0
284904,6,5.0
284904,16,5.0
284904,134,5.0
284904,21,5.0
284904,10,5.0
284904,2629,5.0
207176,25,4.0
207176,1548,5.0
207176,17,0.0
207176,154,4.0
207176,627,5.0
207176,7,5.0
207176,1390,5.0
207176,2005,5.0
207176,2224,4.0
207176,58,4.0
207176,2021,5.0
207176,28,4.0
207176,2,5.0
207176,3061,5.0
207176,84,5.0
207176,1566,4.0
207176,2191,5.0
207176,12,5.0
207176,3177,5.0
207176,392,5.0
207176,363,5.0
207176,38,5.0
207176,3234,5.0
207176,2366,4.0
207176,1934,5.0
207176,1,4.0
207176,3081,5.0
207176,2558,5.0
207176,3,5.0
207176,192,5.0
207176,2038,4.0
207176,1942,5.0
207176,190,5.0
207176,1989,5.0
207176,2939,5.0
207176,1896,5.0
207176,2815,5.0
207176,289,5.0
207176,2088,5.0
207176,645,5.0
120448,25,4.0
120448,47,5.0
120448,128,5.0
120448,235,5.0
223333,25,5.0
223333,38,5.0
223333,1885,5.0
223333,3,5.0
223333,2703,5.0
223333,1284,3.0
223333,514,5.0
223333,100,5.0
223333,2423,5.0
415204,25,5.0
415204,1833,5.0
415204,1904,5.0
415204,1886,3.0
415204,2,5.0
415204,2093,5.0
415204,961,5.0
415204,94,5.0
415204,1180,5.0
415204,1889,5.0
415204,45,5.0
415204,2450,5.0
415204,2041,5.0
415204,1926,5.0
125109,25,4.0
125109,311,5.0
125109,1167,5.0
125109,1606,4.0
125109,3369,5.0
125109,19,5.0
125109,126,5.0
125109,2002,5.0
125109,3,5.0
125109,964,5.0
125109,22,5.0
125109,2428,5.0
125109,4,5.0
125109,1887,5.0
313369,25,0.0
313369,2420,5.0
313369,2286,5.0
313369,44,5.0
171920,25,5.0
171920,2285,5.0
171920,95,3.0
171920,324,5.0
171920,1538,4.0
285041,25,5.0
285041,2174,5.0
285041,16,5.0
285041,3184,0.0
285041,1,5.0
285041,1887,5.0
132383,25,5.0
132383,17,5.0
132383,660,5.0
132383,1904,5.0
132383,669,5.0
132383,1155,5.0
132383,2285,5.0
132383,536,5.0
132383,2524,5.0
132383,1911,5.0
132383,961,5.0
132383,663,5.0
132383,402,5.0
132383,73,5.0
132383,2490,5.0
132383,2537,5.0
132383,2368,5.0
132383,508,5.0
132383,1909,5.0
132383,189,5.0
132383,180,5.0
132383,401,5.0
132383,530,5.0
132383,2430,5.0
132383,973,5.0
132383,4,5.0
132383,1887,5.0
132383,109,5.0
271911,25,5.0
271911,1075,5.0
271911,18,5.0
271911,4,1.0
447123,25,5.0
447123,174,5.0
447123,2285,5.0
447123,1027,5.0
447123,5,5.0
447123,2426,5.0
447123,1994,5.0
447123,658,5.0
447123,11,5.0
447123,1,5.0
447123,2421,5.0
447123,1913,5.0
264339,25,5.0
264339,215,5.0
264339,1885,5.0
264339,2663,5.0
135887,25,5.0
135887,1921,5.0
135887,90,4.0
135887,671,4.0
135887,26,4.0
135887,1929,4.0
135887,1845,0.0
135887,1991,5.0
135887,1156,4.0
135887,1888,3.0
135887,508,5.0
135887,1947,3.0
135887,19,5.0
135887,1184,4.0
135887,1909,4.0
135887,357,5.0
135887,10,4.0
135887,693,2.0
135887,964,4.0
135887,22,5.0
135887,2815,5.0
135887,280,3.0
135887,1910,2.0
135887,2088,4.0
135887,510,3.0
135887,2269,5.0
135887,1900,4.0
281132,25,5.0
281132,671,4.0
281132,676,5.0
281132,2940,5.0
232669,25,5.0
232669,176,5.0
232669,13,5.0
232669,3184,5.0
232669,2168,5.0
232669,1200,5.0
232669,406,5.0
232669,1047,5.0
232669,507,5.0
232669,2711,5.0
133865,25,5.0
133865,2427,5.0
133865,207,5.0
133865,13,4.0
133865,119,5.0
128646,25,2.0
128646,170,5.0
128646,2285,5.0
128646,80,5.0
128646,1256,5.0
128646,1994,5.0
128646,2415,5.0
128646,1885,5.0
100337,25,5.0
100337,501,5.0
100337,820,5.0
100337,66,5.0
159084,25,4.0
159084,509,4.0
159084,2488,5.0
159084,1888,4.0
3288,25,4.0
3288,2154,5.0
3288,59,4.0
3288,2486,5.0
3288,67,4.0
3288,372,4.0
3288,214,5.0
3288,88,4.0
3288,1555,4.0
3288,1455,4.0
3288,508,4.0
3288,189,4.0
3288,1903,5.0
3288,110,5.0
3288,2491,4.0
3288,1536,4.0
3288,103,5.0
3288,2201,5.0
3288,49,5.0
3288,667,5.0
3288,81,5.0
309967,25,4.0
309967,2836,5.0
309967,193,4.0
309967,686,4.0
309967,2817,5.0
309967,18,5.0
309967,1538,4.0
309967,42,5.0
309967,2423,5.0
598519,25,5.0
598519,32,5.0
598519,88,4.0
598519,21,5.0
598519,2489,5.0
598519,1956,5.0
598519,1892,5.0
184530,25,4.0
184530,2274,5.0
184530,1733,4.0
184530,1544,5.0
184530,2149,5.0
184530,2541,5.0
184530,513,0.0
184530,2060,4.0
184530,1955,3.0
184530,1555,5.0
184530,1393,5.0
184530,3062,5.0
184530,1919,5.0
184530,2042,5.0
470799,25,5.0
470799,671,5.0
470799,1281,5.0
470799,659,5.0
470799,3165,5.0
470799,663,5.0
470799,12,5.0
470799,3161,5.0
470799,2471,4.0
470799,2415,4.0
470799,166,5.0
470799,2514,5.0
470799,1885,5.0
470799,171,5.0
470799,2473,5.0
470799,3146,5.0
470799,1954,5.0
470799,128,5.0
470799,1931,5.0
470799,2307,5.0
470799,2528,5.0
470799,657,5.0
470799,2808,5.0
470799,2428,5.0
434952,25,5.0
434952,77,3.0
434952,2416,5.0
434952,3061,5.0
434952,11,5.0
434952,1912,4.0
434952,15,5.0
434952,2001,3.0
744939,25,5.0
744939,2494,5.0
744939,1927,5.0
744939,159,5.0
744939,260,5.0
744939,364,5.0
744939,2190,5.0
744939,79,5.0
744939,1152,5.0
744939,1934,5.0
744939,3062,5.0
744939,668,4.0
744939,22,5.0
744939,1887,5.0
320870,25,4.0
320870,159,4.0
320870,2765,4.0
320870,2456,5.0
320870,402,5.0
320870,2136,5.0
320870,19,5.0
320870,292,5.0
320870,1942,3.0
320870,1933,5.0
186070,25,4.0
186070,17,5.0
186070,6,5.0
186070,16,5.0
186070,5,5.0
186070,95,5.0
186070,528,5.0
186070,2018,5.0
186070,321,5.0
186070,2460,5.0
186070,2428,5.0
364433,25,5.0
364433,961,4.0
364433,21,5.0
364433,1071,5.0
364433,705,4.0
364433,1250,5.0
587892,25,5.0
587892,2419,4.0
587892,952,5.0
587892,2417,5.0
587892,657,5.0
587892,3156,4.0
57042,25,4.0
57042,1891,4.0
57042,267,4.0
57042,92,4.0
57042,2660,3.0
57042,729,5.0
57042,67,5.0
57042,46,3.0
57042,292,3.0
57042,180,5.0
57042,281,5.0
57042,150,4.0
57042,1887,3.0
57042,2278,3.0
386849,25,4.0
386849,2285,5.0
386849,28,5.0
386849,1156,4.0
386849,1885,5.0
386849,2647,4.0
386849,278,4.0
386849,2023,0.0
386849,2463,5.0
386849,656,5.0
386849,108,5.0
386849,945,5.0
386849,1892,4.0
386849,510,4.0
623399,25,5.0
623399,1895,5.0
623399,122,5.0
623399,7,3.0
623399,140,4.0
623399,1961,5.0
623399,226,4.0
623399,2422,4.0
623399,87,4.0
623399,1902,5.0
623399,2161,4.0
623399,1913,5.0
13796,25,5.0
13796,133,4.0
13796,2106,5.0
13796,509,1.0
13796,2285,5.0
13796,1917,3.0
13796,3171,5.0
13796,2572,5.0
13796,3342,5.0
13796,2726,5.0
13796,1994,5.0
13796,658,5.0
13796,2415,5.0
13796,1178,5.0
13796,1909,5.0
13796,3154,4.0
13796,1,5.0
13796,18,5.0
13796,2727,3.0
13796,2440,2.0
13796,693,5.0
13796,2450,5.0
13796,4,5.0
13796,1900,5.0
230834,25,5.0
230834,2641,5.0
230834,2388,5.0
230834,729,5.0
230834,2438,5.0
230834,1263,5.0
230834,12,0.0
230834,1458,5.0
230834,3,5.0
230834,185,5.0
37868,25,5.0
37868,304,5.0
37868,1016,5.0
37868,343,5.0
37868,2419,4.0
37868,1886,4.0
37868,77,5.0
37868,64,4.0
37868,36,5.0
37868,2498,4.0
37868,91,5.0
37868,1943,5.0
37868,129,5.0
37868,368,4.0
37868,70,4.0
37868,2012,4.0
37868,658,4.0
37868,2415,4.0
37868,508,5.0
37868,2366,5.0
37868,86,5.0
37868,371,5.0
37868,163,5.0
37868,533,4.0
37868,93,5.0
37868,45,5.0
37868,515,5.0
37868,2204,5.0
37868,325,5.0
37868,1914,4.0
37868,1900,5.0
37868,356,5.0
569632,25,4.0
569632,89,5.0
569632,1898,5.0
569632,2021,5.0
569632,21,5.0
569632,11,5.0
569632,1889,5.0
569632,219,5.0
569632,1887,5.0
569632,1944,5.0
247802,25,5.0
247802,286,5.0
247802,2604,4.0
247802,2007,4.0
247802,10,5.0
247802,15,5.0
495032,25,4.0
495032,223,4.0
495032,2506,3.0
495032,1545,3.0
495032,240,3.0
495032,1275,3.0
495032,1263,4.0
495032,1543,3.0
495032,13,4.0
495032,2422,3.0
495032,1540,2.0
495032,1,5.0
495032,1976,5.0
495032,1889,5.0
495032,1533,2.0
495032,709,2.0
495032,2445,4.0
495032,34,2.0
495032,60,4.0
495032,117,1.0
425731,25,5.0
425731,1886,5.0
425731,1,5.0
425731,2417,5.0
425731,705,4.0
425731,1926,5.0
530501,25,5.0
530501,1035,5.0
530501,179,5.0
530501,1272,5.0
530501,2435,5.0
530501,2644,5.0
530501,278,5.0
530501,1889,5.0
530501,2078,0.0
530501,3338,5.0
530501,2187,4.0
362986,25,5.0
362986,1895,5.0
362986,689,5.0
362986,2817,5.0
1175362,25,1.0
1175362,3343,4.0
1175362,1971,5.0
1175362,476,4.0
1175362,164,5.0
1175362,1959,5.0
1175362,2366,5.0
1175362,3154,5.0
1175362,968,5.0
1175362,950,5.0
1175362,688,5.0
1175362,1954,4.0
1175362,1268,5.0
1175362,2938,5.0
1175362,23,5.0
1175362,962,5.0
1175362,741,5.0
35488,25,5.0
35488,1277,5.0
35488,1333,5.0
35488,269,5.0
35488,194,5.0
35488,639,5.0
47761,25,5.0
47761,306,5.0
47761,19,5.0
47761,3,5.0
47761,2417,5.0
47761,1896,5.0
371738,25,4.0
371738,262,4.0
371738,17,3.0
371738,1531,5.0
371738,366,5.0
371738,2285,4.0
371738,16,4.0
371738,2453,4.0
371738,364,5.0
371738,40,5.0
371738,12,5.0
371738,236,1.0
371738,1154,5.0
371738,670,4.0
371738,2415,5.0
371738,1889,4.0
371738,47,5.0
371738,93,3.0
371738,668,4.0
371738,60,5.0
371738,1151,5.0
371738,4,5.0
371738,15,4.0
377161,25,5.0
377161,3168,5.0
377161,1318,5.0
377161,80,5.0
377161,6,5.0
377161,181,5.0
377161,2449,5.0
377161,160,5.0
377161,2423,5.0
429955,25,5.0
429955,5,5.0
429955,1888,4.0
429955,54,5.0
429955,2366,5.0
429955,1897,4.0
429955,1153,5.0
416985,25,5.0
416985,2549,5.0
416985,1904,5.0
416985,764,5.0
416985,2418,5.0
416985,1463,5.0
416985,900,5.0
416985,1182,5.0
416985,276,5.0
416985,2009,5.0
416985,1168,5.0
416985,3336,5.0
416985,879,5.0
416985,2862,5.0
416985,1359,5.0
416985,980,5.0
416985,2428,5.0
1823526,25,4.0
1823526,76,4.0
1823526,2796,5.0
1823526,232,4.0
692885,25,3.0
692885,6,5.0
692885,63,3.0
692885,1954,3.0
928301,25,5.0
928301,669,4.0
928301,59,4.0
928301,1901,3.0
928301,1972,5.0
928301,12,5.0
928301,149,3.0
928301,186,4.0
928301,2445,4.0
928301,2815,5.0
928301,1887,3.0
928301,662,3.0
580861,25,5.0
580861,1906,5.0
580861,2540,5.0
580861,666,5.0
580861,1958,5.0
580861,113,0.0
671492,25,4.0
671492,344,5.0
671492,127,5.0
671492,1832,5.0
378710,25,5.0
378710,2433,4.0
378710,791,3.0
378710,2491,5.0
378710,674,5.0
394077,25,5.0
394077,692,5.0
394077,146,5.0
394077,1559,5.0
394077,155,4.0
394077,3343,5.0
394077,2454,5.0
394077,696,4.0
394077,1259,4.0
394077,660,5.0
394077,3168,5.0
394077,1265,5.0
394077,965,5.0
394077,2431,5.0
394077,2452,5.0
394077,3167,5.0
394077,7,5.0
394077,50,5.0
394077,2285,3.0
394077,1929,3.0
394077,3164,5.0
394077,1906,5.0
394077,738,4.0
394077,364,5.0
394077,3165,4.0
394077,28,5.0
394077,2,5.0
394077,209,5.0
394077,188,5.0
394077,2565,4.0
394077,850,5.0
394077,663,4.0
394077,1256,5.0
394077,2096,4.0
394077,3213,4.0
394077,296,5.0
394077,2373,5.0
394077,664,4.0
394077,790,4.0
394077,1280,5.0
394077,3232,5.0
394077,2293,3.0
394077,2228,5.0
394077,2576,5.0
394077,19,5.0
394077,1885,4.0
394077,2366,5.0
394077,51,5.0
394077,3146,5.0
394077,141,5.0
394077,2635,4.0
394077,1106,5.0
394077,3152,5.0
394077,688,5.0
394077,27,5.0
394077,731,4.0
394077,1284,5.0
394077,667,5.0
394077,39,5.0
394077,35,4.0
394077,2417,5.0
394077,10,4.0
394077,3202,5.0
394077,1913,4.0
394077,808,4.0
394077,2815,5.0
394077,2938,5.0
394077,23,5.0
394077,120,5.0
394077,3348,5.0
394077,4,3.0
394077,2436,5.0
969481,25,5.0
969481,304,4.0
969481,7,5.0
969481,2439,5.0
969481,31,5.0
969481,1928,5.0
969481,717,4.0
969481,659,5.0
969481,2621,4.0
969481,1156,4.0
969481,152,5.0
969481,1967,5.0
969481,1932,5.0
969481,70,4.0
969481,658,4.0
969481,2184,4.0
969481,263,5.0
969481,1909,5.0
969481,1930,5.0
969481,102,4.0
969481,401,5.0
969481,1919,5.0
969481,656,5.0
969481,657,5.0
969481,964,5.0
969481,1887,5.0
969481,119,4.0
128473,25,5.0
128473,2219,5.0
128473,224,4.0
128473,2275,5.0
128473,3343,5.0
128473,2396,5.0
128473,268,5.0
128473,3123,5.0
128473,1904,5.0
128473,3308,5.0
128473,36,5.0
128473,764,5.0
128473,902,4.0
128473,3349,5.0
128473,3276,5.0
128473,633,5.0
128473,106,4.0
128473,2188,5.0
128473,933,5.0
128473,1828,5.0
128473,50,5.0
128473,3262,5.0
128473,1898,5.0
128473,520,5.0
128473,854,5.0
128473,2316,5.0
128473,2220,5.0
128473,2083,5.0
128473,684,5.0
128473,484,5.0
128473,3261,4.0
128473,129,5.0
128473,2234,5.0
128473,3313,5.0
128473,991,5.0
128473,961,5.0
128473,193,5.0
128473,94,5.0
128473,525,5.0
128473,2267,5.0
128473,375,5.0
128473,40,5.0
128473,3220,5.0
128473,2134,5.0
128473,3356,5.0
128473,279,5.0
128473,1182,5.0
128473,521,5.0
128473,3245,5.0
128473,497,5.0
128473,3277,4.0
128473,3142,5.0
128473,3035,5.0
128473,1992,5.0
128473,54,5.0
128473,2366,4.0
128473,76,5.0
128473,248,5.0
128473,3282,5.0
128473,234,5.0
128473,382,5.0
128473,3160,5.0
128473,835,5.0
128473,1371,5.0
128473,3336,5.0
128473,253,5.0
128473,3315,5.0
128473,406,5.0
128473,1165,5.0
128473,1889,5.0
128473,987,5.0
128473,49,5.0
128473,667,5.0
128473,158,5.0
128473,1962,5.0
128473,2232,5.0
128473,169,5.0
128473,409,5.0
128473,2283,4.0
128473,3155,5.0
128473,78,5.0
128473,14,5.0
128473,2099,5.0
120891,25,5.0
120891,2497,4.0
120891,230,0.0
120891,2366,5.0
120891,144,5.0
894666,25,5.0
894666,1927,5.0
894666,1909,5.0
894666,2366,5.0
894666,105,5.0
894666,2042,5.0
894666,676,5.0
894666,2417,5.0
894666,81,5.0
894666,15,5.0
2000498330,25,2.0
2000498330,2433,4.0
2000498330,2437,5.0
2000498330,2786,4.0
2000498330,209,5.0
2000498330,1940,5.0
2000498330,1970,3.0
2000498330,3034,5.0
2000498330,2059,5.0
2000498330,1903,3.0
2000498330,2164,5.0
2000498330,2502,4.0
33588,1316,5.0
33588,2309,5.0
33588,1688,5.0
33588,2094,5.0
33588,36,5.0
33588,2285,5.0
33588,6,5.0
33588,360,5.0
33588,2320,5.0
33588,2040,5.0
33588,1335,5.0
33588,3342,5.0
33588,3190,5.0
33588,658,5.0
33588,1986,5.0
33588,1296,5.0
33588,1269,5.0
33588,1023,5.0
33588,439,5.0
33588,3185,5.0
33588,2243,5.0
33588,530,5.0
33588,93,5.0
33588,832,5.0
33588,1913,5.0
33588,1051,5.0
33588,117,5.0
33588,1910,5.0
33588,971,5.0
357554,1316,5.0
357554,671,4.0
357554,2270,3.0
357554,2486,4.0
357554,66,4.0
357554,233,3.0
357554,1152,2.0
357554,1176,4.0
357554,3050,3.0
357554,530,4.0
136997,1316,5.0
136997,329,5.0
136997,2273,5.0
136997,2178,5.0
136997,417,5.0
136997,352,4.0
136997,1208,5.0
136997,1261,5.0
136997,2205,5.0
136997,106,5.0
136997,3321,5.0
136997,2072,5.0
136997,2488,5.0
136997,3063,5.0
136997,1603,4.0
136997,5,5.0
136997,28,5.0
136997,1158,5.0
136997,1500,4.0
136997,1183,5.0
136997,97,4.0
136997,270,5.0
136997,314,5.0
136997,1159,4.0
136997,134,5.0
136997,46,5.0
136997,2096,5.0
136997,257,5.0
136997,658,4.0
136997,2738,5.0
136997,1094,4.0
136997,1074,4.0
136997,1204,5.0
136997,2424,5.0
136997,19,5.0
136997,1885,5.0
136997,1306,4.0
136997,2161,5.0
136997,1890,5.0
136997,498,4.0
136997,248,5.0
136997,234,5.0
136997,1205,5.0
136997,2035,5.0
136997,1954,5.0
136997,320,5.0
136997,3,5.0
136997,2298,5.0
136997,597,3.0
136997,667,5.0
136997,811,5.0
136997,1933,5.0
136997,1978,5.0
136997,656,4.0
136997,3048,4.0
136997,408,5.0
136997,1175,5.0
136997,1839,5.0
136997,3095,5.0
136997,1431,5.0
136997,980,5.0
136997,993,5.0
136997,2036,5.0
136997,990,5.0
136997,2269,5.0
136997,2436,4.0
136997,2526,5.0
136997,1535,5.0
43642,1316,5.0
43642,1259,5.0
43642,238,5.0
43642,1543,5.0
43642,2639,5.0
43642,670,5.0
43642,2372,5.0
43642,351,5.0
43642,74,4.0
43642,1931,4.0
38418,2427,5.0
38418,1174,4.0
38418,1898,5.0
38418,2424,5.0
38418,1885,5.0
38418,685,4.0
38418,252,5.0
38418,2175,5.0
38418,1926,5.0
38418,119,4.0
38418,173,5.0
41738,2427,5.0
41738,304,3.0
41738,1895,5.0
41738,5,4.0
41738,2,5.0
41738,1888,4.0
41738,1885,5.0
41738,202,5.0
41738,47,5.0
41738,15,5.0
41738,1887,5.0
26313,2427,5.0
26313,2543,5.0
26313,2416,5.0
26313,1925,3.0
26313,533,5.0
26313,22,5.0
26313,322,5.0
26313,78,4.0
26313,4,5.0
40939,2427,5.0
40939,2203,5.0
40939,1893,5.0
40939,47,5.0
40939,60,5.0
62191,2427,5.0
62191,659,5.0
62191,5,5.0
62191,111,5.0
62191,87,5.0
62191,63,5.0
62191,1885,5.0
62191,45,5.0
62191,178,5.0
62191,2460,5.0
62191,78,5.0
28455,2427,5.0
28455,142,5.0
28455,268,5.0
28455,1904,5.0
28455,77,5.0
28455,2285,5.0
28455,84,5.0
28455,713,5.0
28455,12,5.0
28455,392,5.0
28455,1888,5.0
28455,2449,5.0
28455,184,5.0
28455,18,5.0
28455,3088,5.0
28455,2306,5.0
28455,3107,5.0
94087,2427,5.0
94087,2014,4.0
94087,2285,5.0
94087,5,5.0
94087,664,5.0
94087,3222,5.0
94087,2817,5.0
94087,920,5.0
94087,1954,5.0
94087,1983,4.0
80079,2427,5.0
80079,1833,5.0
80079,304,5.0
80079,660,5.0
80079,3083,5.0
80079,1281,5.0
80079,2821,5.0
80079,179,5.0
80079,3351,5.0
80079,520,5.0
80079,373,5.0
80079,659,5.0
80079,1271,5.0
80079,1852,5.0
80079,2471,5.0
80079,2011,5.0
80079,1905,5.0
80079,1382,5.0
80079,1949,4.0
80079,110,5.0
80079,105,5.0
80079,1276,5.0
80079,2076,5.0
80079,178,5.0
80079,1914,5.0
80079,734,5.0
80079,1378,5.0
80079,2428,5.0
80079,1009,5.0
80079,662,5.0
103809,2427,5.0
103809,268,3.0
103809,2447,5.0
103809,140,5.0
103809,200,4.0
103809,2092,5.0
103809,241,4.0
103809,162,5.0
103809,280,5.0
160114,2427,3.0
160114,2789,5.0
160114,2285,2.0
160114,1,5.0
160114,10,4.0
95263,2427,4.0
95263,1921,5.0
95263,36,5.0
95263,31,5.0
95263,233,5.0
95263,2293,5.0
95263,1310,5.0
95263,1288,5.0
214034,2427,4.0
214034,3345,5.0
214034,1200,5.0
214034,1889,5.0
214034,1699,4.0
200822,2427,5.0
200822,36,5.0
200822,129,3.0
200822,508,5.0
200822,309,5.0
200822,243,5.0
43083,2427,4.0
43083,142,4.0
43083,2466,4.0
43083,239,5.0
43083,71,3.0
43083,2452,4.0
43083,36,5.0
43083,1624,4.0
43083,50,5.0
43083,1190,3.0
43083,181,4.0
43083,28,5.0
43083,961,4.0
43083,132,5.0
43083,1794,3.0
43083,1298,4.0
43083,1256,4.0
43083,2039,5.0
43083,1515,4.0
43083,1744,4.0
43083,1590,4.0
43083,2825,5.0
43083,2651,5.0
43083,3076,4.0
43083,1622,4.0
43083,1771,4.0
43083,2910,5.0
43083,415,5.0
43083,3166,5.0
43083,27,5.0
43083,163,4.0
43083,2880,4.0
43083,162,5.0
43083,1538,5.0
43083,35,5.0
43083,1900,5.0
192453,2427,4.0
192453,1886,5.0
192453,36,5.0
192453,2624,5.0
192453,2,4.0
192453,1885,5.0
192453,1897,5.0
39194,2427,4.0
39194,17,5.0
39194,2523,5.0
39194,204,5.0
39194,36,5.0
39194,215,5.0
39194,1906,5.0
39194,2453,5.0
39194,2166,4.0
39194,1911,5.0
39194,175,5.0
39194,2503,5.0
39194,70,5.0
39194,707,5.0
39194,1905,5.0
39194,2673,5.0
39194,2512,4.0
39194,189,4.0
39194,2470,5.0
39194,2663,5.0
39194,2024,4.0
39194,1915,5.0
39194,1889,5.0
39194,39,5.0
39194,674,4.0
39194,1896,5.0
39194,322,4.0
39194,2428,5.0
39194,2722,5.0
39194,2423,5.0
195969,2427,5.0
195969,2416,5.0
195969,2492,5.0
195969,32,5.0
195969,2,5.0
195969,20,5.0
195969,21,5.0
195969,508,3.0
195969,2446,5.0
195969,10,5.0
195969,2423,5.0
195969,1887,5.0
195969,119,5.0
132544,2427,4.0
132544,84,4.0
132544,13,5.0
132544,75,5.0
132544,3,5.0
132544,2425,5.0
221810,2427,5.0
221810,961,4.0
221810,21,5.0
221810,1893,5.0
221810,2417,5.0
221810,81,4.0
97950,2427,4.0
97950,2452,4.0
97950,2437,0.0
97950,97,5.0
97950,658,5.0
97950,76,3.0
97950,156,5.0
97950,219,4.0
336177,2427,5.0
336177,36,5.0
336177,91,5.0
336177,1937,4.0
336177,2727,5.0
21841,2427,5.0
21841,97,5.0
21841,1940,0.0
21841,2480,5.0
21841,2415,4.0
208755,2427,4.0
208755,17,5.0
208755,1710,4.0
208755,2416,5.0
208755,2285,4.0
208755,3360,5.0
208755,84,5.0
208755,1543,5.0
208755,2324,4.0
208755,1940,5.0
208755,2737,5.0
208755,1546,5.0
208755,3146,5.0
208755,1536,5.0
208755,661,5.0
208755,3,5.0
208755,18,5.0
208755,2445,4.0
208755,1946,5.0
208755,656,5.0
208755,1685,3.0
208755,1907,5.0
208755,1900,5.0
75497,2427,5.0
75497,224,5.0
75497,2439,5.0
75497,2138,3.0
75497,291,4.0
75497,84,2.0
75497,2519,4.0
75497,1970,4.0
75497,2415,3.0
75497,1888,5.0
75497,2626,4.0
75497,2424,5.0
75497,2647,4.0
75497,1903,5.0
75497,2172,5.0
75497,300,0.0
75497,192,5.0
75497,2680,3.0
75497,2689,5.0
75497,2559,5.0
75497,303,5.0
75497,2450,3.0
75497,2053,3.0
75497,2423,3.0
75497,1892,4.0
282745,2427,5.0
282745,2439,5.0
282745,2,5.0
282745,2282,5.0
282745,47,5.0
282745,2417,5.0
282745,2436,5.0
142559,2427,5.0
142559,2454,5.0
142559,669,4.0
142559,1281,5.0
142559,1886,5.0
142559,2286,5.0
142559,299,5.0
142559,1885,5.0
142559,1152,5.0
418257,2427,2.0
418257,98,5.0
418257,508,5.0
418257,1,5.0
128227,2427,5.0
128227,2416,5.0
128227,1984,5.0
128227,16,5.0
128227,2,4.0
128227,125,5.0
128227,21,5.0
128227,3146,5.0
128227,93,4.0
128227,2482,5.0
128227,2071,3.0
320336,2427,5.0
320336,2285,5.0
320336,663,5.0
320336,172,5.0
320336,508,5.0
320336,124,5.0
320336,102,5.0
320336,675,5.0
455539,2427,5.0
455539,342,5.0
455539,1895,5.0
455539,1299,3.0
455539,2511,5.0
455539,95,5.0
455539,2438,5.0
455539,12,5.0
455539,1256,5.0
455539,1941,5.0
455539,70,5.0
455539,392,5.0
455539,2415,5.0
455539,1893,4.0
455539,2366,5.0
455539,2024,5.0
455539,3,5.0
455539,1933,5.0
455539,992,5.0
455539,78,5.0
455539,973,5.0
455539,722,5.0
357323,2427,5.0
357323,1561,4.0
357323,2285,4.0
357323,136,5.0
357323,5,5.0
357323,1760,5.0
357323,2476,4.0
357323,670,5.0
357323,269,5.0
357323,1555,5.0
357323,1583,5.0
357323,18,5.0
357323,2939,3.0
389431,2427,5.0
389431,17,5.0
389431,99,1.0
389431,1901,5.0
389431,88,5.0
389431,2293,5.0
389431,2424,5.0
389431,2443,5.0
389431,39,5.0
389431,656,5.0
389431,15,3.0
486718,2427,4.0
486718,1886,5.0
486718,509,5.0
486718,2416,5.0
486718,2453,5.0
486718,5,5.0
486718,2600,5.0
486718,12,5.0
486718,3104,3.0
486718,21,4.0
486718,2415,5.0
486718,1834,5.0
486718,1959,5.0
486718,2467,5.0
486718,184,5.0
486718,2443,5.0
486718,2451,4.0
486718,2722,5.0
216664,2427,4.0
216664,1955,4.0
216664,1888,5.0
216664,2417,5.0
253066,2427,5.0
253066,3077,5.0
253066,51,5.0
253066,3231,5.0
373495,2427,5.0
373495,146,5.0
373495,1531,4.0
373495,2263,5.0
373495,2457,3.0
373495,2498,5.0
373495,2437,5.0
373495,1997,5.0
373495,2435,5.0
373495,2089,5.0
373495,1510,5.0
373495,966,5.0
373495,2463,5.0
373495,2574,5.0
373495,657,5.0
508148,2427,5.0
508148,372,5.0
508148,214,4.0
508148,116,5.0
508148,1306,5.0
508148,357,5.0
508148,2444,5.0
508148,1896,5.0
508148,4,5.0
508148,510,4.0
399657,2427,4.0
399657,8,5.0
399657,291,5.0
399657,699,5.0
399657,3342,5.0
399657,51,5.0
399657,2042,5.0
399657,117,5.0
399657,2464,5.0
22504,2427,5.0
22504,122,5.0
22504,1358,4.0
22504,1914,5.0
22504,15,3.0
714956,2427,5.0
714956,17,5.0
714956,2416,5.0
714956,46,5.0
714956,1932,5.0
714956,2537,5.0
714956,2616,4.0
714956,2469,5.0
714956,2638,4.0
714956,1915,5.0
714956,3,5.0
714956,2675,4.0
714956,93,3.0
714956,2440,3.0
714956,2430,5.0
674022,2427,5.0
674022,1531,5.0
674022,2419,5.0
674022,64,5.0
674022,2330,4.0
674022,2418,5.0
674022,134,4.0
674022,2384,5.0
674022,21,4.0
674022,771,5.0
674022,766,4.0
674022,2463,5.0
674022,1962,5.0
674022,42,4.0
350577,2427,4.0
350577,2285,5.0
350577,16,5.0
350577,2429,5.0
350577,964,5.0
348437,2427,5.0
348437,1975,5.0
348437,36,4.0
348437,509,3.0
348437,2416,5.0
348437,99,5.0
348437,2418,4.0
348437,2759,5.0
348437,3104,4.0
348437,219,3.0
348437,30,5.0
348437,185,5.0
348437,4,5.0
250427,2427,5.0
250427,1886,5.0
250427,1898,5.0
250427,16,5.0
250427,5,5.0
250427,2,5.0
250427,93,3.0
250427,2421,5.0
250427,42,5.0
742173,2427,5.0
742173,31,5.0
742173,328,5.0
742173,76,5.0
742173,126,5.0
742173,44,5.0
59163,2427,4.0
59163,271,4.0
59163,254,4.0
59163,2416,5.0
59163,2374,4.0
59163,2572,5.0
59163,2367,4.0
59163,63,5.0
59163,658,5.0
59163,2415,4.0
59163,2288,4.0
59163,1,5.0
59163,1915,3.0
59163,656,5.0
59163,2428,5.0
59163,4,5.0
983723,2427,5.0
983723,965,5.0
983723,264,5.0
983723,2815,5.0
983723,108,5.0
983723,4,5.0
983723,549,5.0
55523,2427,5.0
55523,1975,5.0
55523,2138,5.0
55523,2046,5.0
55523,41,5.0
55523,968,5.0
55523,1976,5.0
55523,113,5.0
155675,2427,5.0
155675,1840,4.0
155675,660,5.0
155675,2289,5.0
155675,1886,3.0
155675,2285,5.0
155675,659,5.0
155675,13,5.0
155675,21,5.0
155675,686,4.0
155675,85,0.0
155675,1887,4.0
155675,2370,5.0
1506604,2427,0.0
1506604,1891,5.0
1506604,1531,4.0
1506604,2140,5.0
1506604,3063,5.0
1506604,1272,4.0
1506604,961,5.0
1506604,2434,5.0
1506604,1263,0.0
1506604,1262,5.0
1506604,594,5.0
1506604,255,4.0
1506604,656,4.0
1506604,2526,4.0
439797,2427,5.0
439797,1895,4.0
439797,239,5.0
439797,1904,5.0
439797,669,5.0
439797,2419,5.0
439797,64,4.0
439797,2615,5.0
439797,36,5.0
439797,1938,5.0
439797,2447,4.0
439797,2416,5.0
439797,2100,5.0
439797,2188,0.0
439797,2109,5.0
439797,50,5.0
439797,91,5.0
439797,1901,5.0
439797,129,5.0
439797,20,5.0
439797,2536,5.0
439797,961,5.0
439797,2418,5.0
439797,513,5.0
439797,2483,5.0
439797,2490,5.0
439797,63,4.0
439797,2372,5.0
439797,1888,4.0
439797,2210,5.0
439797,2368,5.0
439797,19,5.0
439797,2028,5.0
439797,3173,5.0
439797,2113,4.0
439797,1930,5.0
439797,2023,5.0
439797,2429,5.0
439797,3,5.0
439797,2787,5.0
439797,118,5.0
439797,1310,5.0
439797,3079,5.0
439797,2144,5.0
439797,2459,5.0
439797,682,5.0
439797,1151,5.0
439797,2417,5.0
439797,10,5.0
439797,1896,5.0
439797,980,5.0
439797,2053,4.0
439797,2428,5.0
439797,1926,5.0
439797,510,5.0
439797,1887,5.0
439797,113,5.0
1595619,2427,4.0
1595619,307,5.0
1595619,140,5.0
1595619,521,4.0
1595619,229,4.0
1595619,123,5.0
242484,2427,5.0
242484,17,5.0
242484,690,5.0
242484,16,5.0
242484,2286,5.0
242484,961,5.0
242484,2418,4.0
242484,1967,4.0
242484,2432,4.0
242484,2424,5.0
242484,3,5.0
242484,163,2.0
242484,325,4.0
242484,2450,4.0
242484,2423,5.0
242484,1887,5.0
203111,2427,5.0
203111,410,5.0
203111,8,4.0
203111,92,5.0
203111,26,4.0
203111,2420,4.0
203111,387,5.0
203111,1974,0.0
203111,1911,5.0
203111,94,5.0
203111,214,5.0
203111,2825,5.0
203111,1888,4.0
203111,53,5.0
203111,3,5.0
203111,2459,5.0
203111,2813,5.0
1250369,2427,5.0
1250369,2458,5.0
1250369,32,5.0
1250369,21,4.0
1250369,229,5.0
1250369,1153,3.0
346514,2427,5.0
346514,1929,5.0
346514,16,5.0
346514,961,5.0
346514,2418,5.0
346514,1275,5.0
346514,2424,5.0
628076,1135,4.0
628076,736,4.0
628076,933,4.0
628076,1836,4.0
628076,1916,4.0
628076,1949,5.0
628076,2131,5.0
628076,143,4.0
628076,219,4.0
628076,657,4.0
628076,2231,5.0
653438,1102,5.0
653438,1921,5.0
653438,2103,5.0
653438,3274,5.0
653438,983,5.0
653438,410,5.0
653438,1004,5.0
653438,736,5.0
653438,2439,5.0
653438,353,5.0
653438,3074,5.0
653438,290,5.0
653438,2003,5.0
653438,50,5.0
653438,272,5.0
653438,99,5.0
653438,2354,5.0
653438,3163,5.0
653438,2465,5.0
653438,2179,5.0
653438,2128,5.0
653438,129,5.0
653438,40,5.0
653438,2834,5.0
653438,986,5.0
653438,3038,5.0
653438,1154,5.0
653438,3195,5.0
653438,400,5.0
653438,70,5.0
653438,21,5.0
653438,1835,5.0
653438,917,5.0
653438,2758,5.0
653438,2290,5.0
653438,2432,5.0
653438,3305,5.0
653438,2366,5.0
653438,1286,5.0
653438,274,5.0
653438,3119,5.0
653438,53,5.0
653438,1371,5.0
653438,3062,5.0
653438,865,5.0
653438,3315,5.0
653438,1268,5.0
653438,1165,5.0
653438,2596,5.0
653438,2585,5.0
653438,74,5.0
653438,2307,5.0
653438,65,5.0
653438,42,5.0
653438,1153,5.0
653438,585,5.0
653438,100,5.0
653438,962,5.0
653438,4,5.0
653438,284,5.0
280166,1102,4.0
280166,381,4.0
280166,244,4.0
280166,1001,4.0
280166,2044,5.0
280166,16,4.0
280166,5,5.0
280166,2572,5.0
280166,2462,5.0
280166,1916,5.0
280166,2471,5.0
280166,1994,4.0
280166,2011,4.0
280166,2415,4.0
280166,19,4.0
280166,2473,5.0
280166,2090,3.0
280166,110,4.0
280166,2002,5.0
280166,49,5.0
280166,2084,4.0
280166,673,5.0
280166,1151,5.0
280166,693,4.0
280166,185,4.0
280166,964,4.0
280166,2815,4.0
280166,980,4.0
280166,247,4.0
280166,1887,4.0
280166,2436,5.0
953275,1648,5.0
953275,1259,4.0
953275,37,5.0
953275,1886,5.0
953275,2416,4.0
953275,1582,4.0
953275,745,5.0
953275,756,5.0
953275,2363,4.0
953275,68,5.0
953275,3196,5.0
953275,819,5.0
953275,1739,4.0
953275,2694,4.0
953275,1396,5.0
953275,1395,4.0
953275,906,4.0
953275,3265,5.0
953275,615,5.0
953275,3043,5.0
953275,1246,5.0
953275,1663,5.0
953275,30,5.0
953275,1646,5.0
953275,2816,5.0
953275,2066,5.0
953275,559,5.0
953275,1664,5.0
92913,1833,5.0
92913,1895,5.0
92913,2285,5.0
92913,659,5.0
92913,1532,5.0
92913,2368,5.0
92913,93,5.0
2312,1833,5.0
2312,669,5.0
2312,311,5.0
2312,277,3.0
2312,1318,5.0
2312,3187,5.0
2312,1078,5.0
2312,433,5.0
2312,1741,5.0
2312,3190,5.0
2312,3222,5.0
2312,2603,5.0
2312,2948,5.0
2312,1889,5.0
2312,3069,5.0
2312,2407,4.0
2312,2682,5.0
2312,2406,5.0
2312,109,5.0
122001,1833,5.0
122001,2109,5.0
122001,2044,5.0
122001,2006,4.0
122001,1158,5.0
122001,2,5.0
122001,152,5.0
122001,12,5.0
122001,296,5.0
122001,2432,5.0
122001,1885,2.0
122001,675,5.0
122001,2019,5.0
6651,1833,5.0
6651,89,5.0
6651,37,5.0
6651,335,5.0
6651,1886,5.0
6651,2402,5.0
6651,1218,5.0
6651,2497,5.0
6651,509,0.0
6651,3241,5.0
6651,1991,5.0
6651,40,5.0
6651,12,5.0
6651,79,4.0
6651,2518,5.0
6651,1890,5.0
6651,351,5.0
6651,1103,5.0
6651,2687,5.0
6651,2491,5.0
6651,397,3.0
6651,74,5.0
6651,656,5.0
6651,96,5.0
6651,117,5.0
125325,1833,5.0
125325,2494,5.0
125325,2611,4.0
125325,1353,4.0
125325,1886,5.0
125325,2156,5.0
125325,2163,5.0
125325,2953,5.0
125325,3071,5.0
125325,2285,0.0
125325,448,5.0
125325,2159,5.0
125325,1460,4.0
125325,282,5.0
125325,1391,5.0
125325,1973,5.0
125325,2565,5.0
125325,1834,5.0
125325,1270,5.0
125325,39,5.0
125325,463,4.0
125325,35,4.0
125325,2943,5.0
125325,964,5.0
125325,519,5.0
125325,1320,5.0
125325,1887,5.0
125325,2436,5.0
289680,1833,5.0
289680,2405,4.0
289680,995,5.0
289680,3153,4.0
289680,1060,5.0
289680,528,4.0
289680,447,5.0
289680,383,5.0
289680,2319,5.0
250440,1833,5.0
250440,1531,5.0
250440,1929,5.0
250440,697,4.0
250440,13,5.0
250440,19,5.0
250440,1885,5.0
250440,2445,3.0
250440,100,5.0
250440,2428,5.0
87870,1833,5.0
87870,2,5.0
87870,1909,5.0
87870,2366,4.0
87870,42,5.0
87870,1887,5.0
121840,1833,5.0
121840,17,3.0
121840,64,5.0
121840,2016,5.0
121840,5,5.0
121840,1484,5.0
121840,54,5.0
121840,672,0.0
121840,1897,5.0
121840,74,5.0
121840,2417,5.0
121840,1346,5.0
194829,1833,5.0
194829,410,5.0
194829,1936,5.0
194829,2,5.0
194829,188,5.0
65025,1833,5.0
65025,1265,5.0
65025,2432,5.0
65025,1269,5.0
65025,1913,5.0
51613,1833,5.0
51613,50,5.0
51613,1909,5.0
51613,1889,5.0
51613,39,5.0
94168,1833,5.0
94168,1886,5.0
94168,38,4.0
94168,1834,5.0
94168,1,5.0
94168,2528,5.0
94168,22,5.0
121354,1833,4.0
121354,965,5.0
121354,2830,5.0
121354,2541,5.0
121354,13,5.0
121354,508,5.0
121354,2090,4.0
121354,2428,5.0
55392,1833,5.0
55392,242,5.0
55392,1988,3.0
55392,7,4.0
55392,2754,5.0
55392,3061,3.0
55392,2693,5.0
55392,100,5.0
134289,1833,5.0
134289,1891,5.0
134289,3147,4.0
134289,653,2.0
134289,659,5.0
134289,1272,4.0
134289,287,4.0
134289,731,4.0
134289,2144,4.0
74281,1833,5.0
74281,131,5.0
74281,90,5.0
74281,1843,5.0
74281,671,4.0
74281,7,5.0
74281,2416,5.0
74281,2285,5.0
74281,2631,5.0
74281,2437,5.0
74281,874,5.0
74281,1901,5.0
74281,659,5.0
74281,2524,5.0
74281,961,5.0
74281,52,4.0
74281,2438,5.0
74281,46,5.0
74281,3256,5.0
74281,87,5.0
74281,658,4.0
74281,2415,5.0
74281,2009,5.0
74281,2424,5.0
74281,1885,5.0
74281,1909,5.0
74281,2467,5.0
74281,3154,4.0
74281,951,5.0
74281,1908,5.0
74281,1989,5.0
74281,264,5.0
74281,656,5.0
74281,2421,5.0
74281,2423,5.0
74281,123,5.0
341513,1833,5.0
341513,1927,5.0
341513,155,5.0
341513,2285,4.0
341513,755,4.0
341513,1539,4.0
306106,1833,5.0
306106,660,4.0
306106,3064,5.0
306106,1005,4.0
306106,2511,4.0
306106,67,5.0
306106,20,3.0
306106,1273,5.0
306106,1256,4.0
306106,13,3.0
306106,53,4.0
306106,3115,4.0
306106,3062,5.0
306106,2502,5.0
306106,1288,4.0
306106,2464,4.0
306106,4,4.0
580608,1833,5.0
580608,84,4.0
580608,1555,5.0
580608,2424,5.0
580608,1538,4.0
602448,1833,5.0
602448,1924,5.0
602448,1155,5.0
602448,2229,5.0
602448,3206,5.0
601753,1833,5.0
601753,7,5.0
601753,1898,5.0
601753,2512,5.0
718022,1833,5.0
718022,7,5.0
718022,2482,5.0
718022,2496,5.0
73988,1833,5.0
73988,1261,4.0
73988,2389,4.0
73988,52,5.0
73988,19,4.0
73988,1341,5.0
242856,1833,5.0
242856,51,5.0
242856,69,5.0
242856,693,5.0
1128874,1833,5.0
1128874,5,4.0
1128874,2418,5.0
1128874,1993,3.0
841067,1833,1.0
841067,5,5.0
841067,663,5.0
841067,74,5.0
772912,1833,5.0
772912,468,4.0
772912,1886,4.0
772912,2511,4.0
772912,136,5.0
772912,32,4.0
772912,1122,0.0
772912,1330,4.0
772912,2296,5.0
772912,1193,4.0
772912,1992,5.0
772912,2264,5.0
772912,163,4.0
772912,1302,0.0
772912,47,3.0
772912,2421,5.0
772912,108,4.0
772912,4,4.0
451574,1833,5.0
451574,1849,5.0
451574,200,5.0
451574,995,5.0
451574,1262,4.0
451574,19,5.0
451574,1069,5.0
177753,1833,5.0
177753,2199,4.0
177753,7,5.0
177753,8,5.0
177753,1899,5.0
177753,240,5.0
177753,2453,5.0
177753,2455,4.0
177753,697,3.0
177753,2471,5.0
177753,41,5.0
177753,38,4.0
177753,27,5.0
177753,144,5.0
177753,666,4.0
177753,1989,4.0
177753,657,5.0
177753,2826,4.0
177753,1006,5.0
177753,544,5.0
693345,1833,5.0
693345,1548,5.0
693345,89,4.0
693345,1259,5.0
693345,2426,5.0
693345,107,5.0
693345,1574,5.0
693345,2610,5.0
693345,2493,5.0
693345,1968,5.0
693345,2964,5.0
693345,1903,4.0
693345,86,5.0
693345,29,5.0
693345,2002,5.0
693345,1533,4.0
693345,2451,5.0
693345,2421,4.0
693345,2682,4.0
693345,1892,4.0
693345,2242,5.0
319738,1833,5.0
319738,411,4.0
319738,114,5.0
319738,1353,5.0
319738,2416,4.0
319738,1856,5.0
319738,1967,4.0
319738,1851,4.0
319738,1283,4.0
319738,1834,4.0
319738,2042,4.0
319738,2074,4.0
319738,1572,4.0
318028,1833,5.0
318028,2416,5.0
318028,2366,5.0
318028,2445,5.0
318028,100,5.0
318028,2019,5.0
942707,1833,5.0
942707,205,5.0
942707,32,1.0
942707,3148,0.0
104599,1833,5.0
104599,80,5.0
104599,1906,4.0
104599,1905,5.0
104599,2415,4.0
104599,347,4.0
104599,100,5.0
267853,1833,5.0
267853,2094,2.0
267853,225,5.0
267853,1937,5.0
267853,197,5.0
267853,1546,4.0
267853,327,4.0
1686460,1833,5.0
1686460,1287,4.0
1686460,1961,4.0
1686460,1652,5.0
1686460,1098,5.0
1686460,1551,4.0
74904,1833,0.0
74904,92,5.0
74904,1899,5.0
74904,1929,5.0
74904,80,5.0
74904,1973,0.0
74904,19,5.0
74904,2463,5.0
74904,2667,5.0
21487,2260,5.0
21487,1321,5.0
21487,299,5.0
21487,2490,5.0
21487,173,5.0
60231,2260,5.0
60231,2466,5.0
60231,2477,5.0
60231,886,5.0
60231,2497,4.0
60231,2045,5.0
60231,2794,5.0
60231,2498,5.0
60231,2013,5.0
60231,1223,5.0
60231,2739,5.0
60231,5,5.0
60231,2529,5.0
60231,1963,5.0
60231,2753,5.0
60231,70,5.0
60231,1916,5.0
60231,2415,4.0
60231,1948,5.0
60231,1885,4.0
60231,54,5.0
60231,351,5.0
60231,1366,5.0
60231,3115,5.0
60231,1995,5.0
60231,141,5.0
60231,2734,5.0
60231,1915,4.0
60231,922,5.0
60231,47,5.0
60231,1229,5.0
60231,2481,5.0
60231,357,5.0
60231,2445,5.0
60231,2084,5.0
60231,169,5.0
60231,2559,5.0
60231,65,5.0
60231,2417,5.0
60231,10,5.0
60231,2802,5.0
60231,964,5.0
60231,1896,5.0
60231,2430,5.0
60231,1914,5.0
60231,2423,5.0
60231,1887,5.0
325147,2260,5.0
325147,1928,4.0
325147,1546,5.0
325147,2826,5.0
325147,2052,0.0
26719,1921,5.0
26719,369,4.0
26719,7,5.0
26719,174,4.0
26719,2285,4.0
26719,2,0.0
26719,1594,5.0
144021,1921,5.0
144021,1895,5.0
144021,2104,5.0
144021,27,5.0
146047,1921,5.0
146047,2454,5.0
146047,90,5.0
146047,2556,5.0
146047,1904,5.0
146047,339,5.0
146047,3321,5.0
146047,3147,5.0
146047,2285,5.0
146047,272,5.0
146047,2006,5.0
146047,659,5.0
146047,1271,5.0
146047,3165,5.0
146047,5,5.0
146047,20,5.0
146047,3061,5.0
146047,663,5.0
146047,3077,5.0
146047,1256,5.0
146047,75,5.0
146047,658,5.0
146047,182,5.0
146047,2293,5.0
146047,2594,5.0
146047,2290,5.0
146047,2113,5.0
146047,3146,5.0
146047,1811,5.0
146047,769,5.0
146047,1,5.0
146047,1536,4.0
146047,397,5.0
146047,1374,5.0
146047,18,5.0
146047,310,4.0
146047,1594,4.0
146047,2815,5.0
146047,1907,5.0
146047,2428,5.0
146047,1537,5.0
146047,1539,5.0
224235,1921,5.0
224235,290,5.0
224235,286,5.0
224235,99,5.0
224235,724,5.0
224235,3035,4.0
224235,686,5.0
224235,1403,5.0
224235,800,5.0
224235,2481,5.0
224235,2474,5.0
224235,974,5.0
224235,2815,5.0
235751,1921,5.0
235751,2044,5.0
235751,2420,5.0
235751,1156,5.0
235751,778,5.0
235751,3,5.0
235751,2448,5.0
235751,69,5.0
235751,1260,5.0
148068,1921,5.0
148068,2631,5.0
148068,1911,5.0
148068,2368,5.0
148068,1930,5.0
148068,2430,5.0
183524,1921,5.0
183524,20,5.0
183524,663,5.0
183524,1256,5.0
183524,1932,5.0
183524,2096,5.0
183524,70,5.0
183524,38,5.0
183524,2512,5.0
183524,2227,4.0
183524,1907,5.0
163083,1921,5.0
163083,77,5.0
163083,2170,5.0
163083,2420,5.0
163083,137,5.0
163083,2294,5.0
292412,1921,5.0
292412,1997,5.0
292412,1911,5.0
292412,2211,5.0
31261,1921,5.0
31261,1895,5.0
31261,3182,5.0
31261,31,5.0
31261,28,5.0
31261,208,5.0
31261,363,5.0
31261,1885,5.0
31261,18,3.0
31261,78,5.0
172467,1921,5.0
172467,286,3.0
172467,334,5.0
172467,1926,5.0
186674,1921,5.0
186674,512,5.0
186674,2745,5.0
186674,1890,5.0
222055,1921,5.0
222055,2129,5.0
222055,659,5.0
222055,2783,5.0
222055,2434,5.0
222055,258,5.0
222055,33,5.0
222055,46,5.0
222055,68,5.0
222055,707,5.0
222055,2620,5.0
222055,41,5.0
222055,678,5.0
222055,1888,5.0
222055,508,2.0
222055,2491,5.0
222055,243,5.0
222055,1151,5.0
222055,2815,5.0
222055,2423,4.0
222055,1887,4.0
89831,1921,5.0
89831,2588,5.0
89831,3343,5.0
89831,1324,5.0
89831,2945,5.0
89831,2887,5.0
89831,2556,5.0
89831,1904,5.0
89831,1960,5.0
89831,3006,5.0
89831,1001,5.0
89831,2804,4.0
89831,2170,5.0
89831,1453,5.0
89831,323,5.0
89831,470,5.0
89831,2437,5.0
89831,2643,5.0
89831,548,5.0
89831,1504,5.0
89831,1088,5.0
89831,2529,5.0
89831,2,2.0
89831,1566,5.0
89831,94,5.0
89831,3203,5.0
89831,97,5.0
89831,270,5.0
89831,1581,5.0
89831,2136,5.0
89831,2581,5.0
89831,2169,5.0
89831,3195,5.0
89831,1285,5.0
89831,3162,5.0
89831,2737,4.0
89831,87,5.0
89831,803,5.0
89831,2920,5.0
89831,804,5.0
89831,1369,5.0
89831,658,5.0
89831,41,5.0
89831,116,5.0
89831,1080,5.0
89831,391,5.0
89831,2111,5.0
89831,1949,5.0
89831,1266,5.0
89831,2432,5.0
89831,1003,5.0
89831,2900,5.0
89831,1395,4.0
89831,1416,5.0
89831,51,5.0
89831,11,5.0
89831,1345,5.0
89831,1421,5.0
89831,2708,5.0
89831,234,5.0
89831,2666,5.0
89831,1493,5.0
89831,2194,5.0
89831,415,5.0
89831,202,5.0
89831,1040,5.0
89831,1374,5.0
89831,300,5.0
89831,3,5.0
89831,798,5.0
89831,1144,5.0
89831,1433,5.0
89831,2757,5.0
89831,2591,5.0
89831,1002,5.0
89831,2448,5.0
89831,3079,5.0
89831,610,5.0
89831,39,5.0
89831,1514,5.0
89831,2173,5.0
89831,3178,5.0
89831,531,5.0
89831,1660,5.0
89831,1931,5.0
89831,2885,5.0
89831,2474,5.0
89831,1388,5.0
89831,1309,5.0
89831,2444,5.0
89831,3301,4.0
89831,964,5.0
89831,2657,5.0
89831,936,5.0
89831,1529,5.0
89831,585,5.0
89831,1341,5.0
89831,265,5.0
89831,1006,5.0
89831,993,5.0
89831,1320,5.0
89831,457,5.0
89831,1560,5.0
89831,1370,5.0
218516,1921,5.0
218516,16,5.0
218516,296,5.0
218516,283,5.0
218516,2310,4.0
218516,178,5.0
218516,325,5.0
142367,1921,5.0
142367,224,4.0
142367,307,5.0
142367,222,4.0
142367,2579,4.0
142367,2285,4.0
142367,2420,5.0
142367,1906,4.0
142367,52,3.0
142367,94,4.0
142367,214,5.0
142367,2581,5.0
142367,2471,5.0
142367,2745,5.0
142367,658,5.0
142367,21,4.0
142367,1893,5.0
142367,19,5.0
142367,1930,4.0
142367,3,4.0
142367,2468,5.0
142367,3052,3.0
142367,30,4.0
142367,1913,5.0
142367,2423,5.0
142367,2425,4.0
142367,1887,5.0
317560,1921,5.0
317560,2045,4.0
317560,1901,5.0
317560,12,5.0
317560,83,3.0
317560,2028,5.0
317560,964,4.0
377039,1921,4.0
377039,221,5.0
377039,2830,5.0
377039,2285,3.0
377039,16,0.0
377039,84,5.0
377039,961,0.0
377039,40,5.0
377039,13,4.0
377039,2367,4.0
377039,2432,3.0
377039,2294,4.0
377039,2417,5.0
377039,2118,3.0
377039,1914,4.0
377039,14,5.0
377039,168,4.0
242205,1921,5.0
242205,2069,5.0
242205,2285,5.0
242205,2420,5.0
242205,1885,5.0
242205,2473,5.0
242205,61,5.0
242205,2445,5.0
242205,657,5.0
144897,1921,5.0
144897,3037,3.0
144897,2415,5.0
144897,2489,5.0
144897,2817,1.0
144897,1550,5.0
808027,1921,5.0
808027,2431,5.0
808027,244,0.0
808027,170,5.0
808027,1899,5.0
808027,6,5.0
808027,2021,5.0
808027,5,5.0
808027,1968,5.0
808027,38,5.0
808027,19,5.0
808027,1550,5.0
808027,978,5.0
808027,11,5.0
808027,376,5.0
808027,1152,5.0
808027,61,5.0
808027,2165,5.0
808027,2355,5.0
808027,2417,0.0
808027,78,5.0
142335,1921,5.0
142335,2174,4.0
142335,511,5.0
142335,305,3.0
142335,2285,5.0
142335,3171,5.0
142335,2057,4.0
142335,94,5.0
142335,1256,5.0
142335,2846,5.0
142335,2386,5.0
142335,2471,5.0
142335,658,4.0
142335,508,4.0
142335,3154,4.0
142335,49,5.0
142335,667,4.0
142335,2468,4.0
142335,668,4.0
142335,1931,0.0
142335,656,5.0
142335,2816,5.0
142335,1260,5.0
142335,2815,5.0
142335,3348,4.0
142335,2436,5.0
340881,1921,5.0
340881,1924,4.0
340881,20,4.0
340881,402,5.0
340881,377,4.0
431716,1921,5.0
431716,239,5.0
431716,36,5.0
431716,260,5.0
431716,2437,5.0
431716,20,5.0
431716,197,4.0
431716,2434,5.0
431716,51,4.0
431716,2679,5.0
431716,1913,5.0
431716,15,2.0
431716,510,5.0
1242099,1921,5.0
1242099,2188,5.0
1242099,2006,5.0
1242099,287,5.0
1242099,2417,5.0
1242099,2425,4.0
38643,1921,4.0
38643,7,5.0
38643,1928,4.0
38643,2124,5.0
38643,2437,5.0
38643,398,4.0
38643,58,4.0
38643,375,5.0
38643,226,4.0
38643,2415,2.0
38643,1885,5.0
38643,1890,5.0
38643,2277,5.0
38643,2429,5.0
38643,163,4.0
38643,1953,5.0
38643,69,4.0
38643,1914,5.0
38643,44,4.0
38643,15,5.0
38643,1887,5.0
2028532,1921,5.0
2028532,2442,5.0
2028532,29,5.0
2028532,1954,4.0
138686,1921,5.0
138686,660,5.0
138686,3064,5.0
138686,2695,5.0
138686,2026,5.0
138686,80,5.0
138686,16,5.0
138686,659,5.0
138686,2128,5.0
138686,20,5.0
138686,152,0.0
138686,1970,4.0
138686,1888,0.0
138686,248,5.0
138686,27,5.0
138686,49,5.0
138686,767,5.0
138686,22,5.0
138686,14,5.0
47723,1921,5.0
47723,1531,5.0
47723,2416,4.0
47723,26,4.0
47723,2525,1.0
47723,72,5.0
47723,2,3.0
47723,2418,4.0
47723,2823,1.0
47723,1217,4.0
47723,362,5.0
47723,10,3.0
47723,2430,4.0
86394,2494,5.0
86394,215,5.0
86394,1963,5.0
86394,208,5.0
86394,11,5.0
86394,673,5.0
86394,2450,5.0
65308,2494,4.0
65308,2070,3.0
65308,772,5.0
65308,31,5.0
65308,3332,4.0
65308,1917,4.0
65308,2021,5.0
65308,230,3.0
65308,961,5.0
65308,525,5.0
65308,2604,4.0
65308,664,3.0
65308,38,5.0
65308,1262,5.0
65308,11,5.0
65308,2207,0.0
65308,103,3.0
65308,656,5.0
65308,394,5.0
65308,1832,5.0
65308,2417,0.0
65308,96,5.0
65308,657,4.0
130395,2494,5.0
130395,2014,5.0
130395,181,5.0
130395,2527,5.0
130395,2693,5.0
105601,2494,5.0
105601,64,5.0
105601,7,5.0
105601,2416,5.0
105601,2100,5.0
105601,2486,5.0
105601,1961,5.0
105601,2,4.0
105601,193,4.0
105601,2385,5.0
105601,2480,0.0
105601,2620,5.0
105601,2471,5.0
105601,1885,5.0
105601,110,5.0
105601,2443,4.0
105601,264,5.0
105601,42,5.0
105601,1913,5.0
105601,1907,4.0
105601,1887,5.0
105601,312,4.0
685988,2494,5.0
685988,805,5.0
685988,438,5.0
685988,127,4.0
685988,656,5.0
685988,2667,5.0
4740,2494,4.0
4740,131,3.0
4740,335,4.0
4740,1936,1.0
4740,92,5.0
4740,1183,5.0
4740,2418,5.0
4740,40,4.0
4740,88,4.0
4740,46,5.0
4740,2117,5.0
4740,171,5.0
4740,1152,5.0
4740,278,5.0
4740,18,2.0
4740,2076,5.0
4740,108,5.0
246266,2494,4.0
246266,17,3.0
246266,2291,5.0
246266,2388,5.0
246266,2457,5.0
246266,2416,5.0
246266,1279,5.0
246266,16,5.0
246266,2507,5.0
246266,2714,0.0
246266,2438,5.0
246266,172,5.0
246266,13,0.0
246266,63,5.0
246266,658,0.0
246266,2343,3.0
246266,2424,5.0
246266,241,0.0
246266,3,5.0
246266,18,4.0
246266,2421,5.0
246266,297,5.0
246266,22,5.0
246266,2436,4.0
173579,2494,5.0
173579,1891,5.0
173579,146,5.0
173579,1927,5.0
173579,71,5.0
173579,221,5.0
173579,2419,5.0
173579,2457,5.0
173579,77,5.0
173579,64,5.0
173579,36,5.0
173579,2799,3.0
173579,161,5.0
173579,31,5.0
173579,174,5.0
173579,59,5.0
173579,2531,5.0
173579,260,5.0
173579,50,5.0
173579,228,5.0
173579,2437,5.0
173579,16,5.0
173579,167,5.0
173579,2,5.0
173579,975,5.0
173579,961,5.0
173579,2418,5.0
173579,2503,5.0
173579,12,4.0
173579,73,5.0
173579,148,5.0
173579,1940,5.0
173579,172,5.0
173579,1256,5.0
173579,137,5.0
173579,87,4.0
173579,21,3.0
173579,2415,4.0
173579,66,5.0
173579,396,5.0
173579,83,5.0
173579,2442,5.0
173579,1888,5.0
173579,391,4.0
173579,1580,4.0
173579,1949,4.0
173579,508,5.0
173579,1959,5.0
173579,380,3.0
173579,283,5.0
173579,189,5.0
173579,76,5.0
173579,2449,5.0
173579,2708,5.0
173579,53,5.0
173579,1995,5.0
173579,86,5.0
173579,2172,5.0
173579,102,5.0
173579,61,5.0
173579,416,5.0
173579,2606,5.0
173579,3,3.0
173579,1268,5.0
173579,18,5.0
173579,47,5.0
173579,39,5.0
173579,538,5.0
173579,45,5.0
173579,2025,5.0
173579,217,5.0
173579,2474,5.0
173579,261,5.0
173579,85,5.0
173579,160,5.0
173579,10,5.0
173579,42,5.0
173579,1896,5.0
173579,23,5.0
173579,2430,5.0
173579,1950,5.0
173579,120,5.0
173579,78,5.0
173579,4,5.0
173579,384,5.0
173579,2112,5.0
173579,2436,5.0
119956,1975,5.0
119956,36,5.0
119956,2433,5.0
119956,2536,5.0
119956,21,4.0
119956,2121,5.0
119956,1992,5.0
119956,2024,4.0
119956,661,5.0
119956,18,5.0
119956,326,4.0
119956,2474,5.0
119956,178,4.0
119956,153,4.0
37502,1975,5.0
37502,17,5.0
37502,2416,4.0
37502,405,5.0
37502,6,5.0
37502,5,5.0
37502,4,5.0
42231,1975,5.0
42231,2127,4.0
42231,53,5.0
42231,44,5.0
464222,1975,5.0
464222,1261,5.0
464222,32,4.0
464222,966,5.0
464222,18,4.0
464222,2460,5.0
464222,44,5.0
464222,168,5.0
125853,1975,5.0
125853,1593,5.0
125853,1544,5.0
125853,2822,5.0
125853,2673,5.0
242208,1975,5.0
242208,691,5.0
242208,2303,5.0
242208,2285,5.0
242208,763,4.0
242208,2143,5.0
242208,3206,5.0
242208,1317,5.0
242208,1,5.0
242208,868,5.0
242208,1965,5.0
242208,3183,5.0
242208,117,5.0
242208,2436,5.0
1077864,1975,5.0
1077864,660,4.0
1077864,3167,5.0
1077864,57,5.0
1077864,840,5.0
1077864,661,5.0
1077864,2404,3.0
122577,1975,5.0
122577,1996,5.0
122577,2285,5.0
122577,2286,5.0
122577,2521,5.0
122577,1151,5.0
122577,2417,5.0
122577,2430,5.0
122577,662,5.0
292560,2883,5.0
292560,2853,5.0
292560,1315,5.0
292560,2848,5.0
428644,2883,5.0
428644,3151,0.0
428644,1574,3.0
428644,2222,1.0
428644,1535,5.0
594577,2883,5.0
594577,1886,4.0
594577,2884,5.0
594577,3147,4.0
594577,2285,5.0
594577,2878,4.0
594577,2824,5.0
594577,2435,5.0
594577,29,5.0
163112,2883,5.0
163112,2990,5.0
163112,1924,5.0
163112,2263,5.0
163112,3114,5.0
163112,633,5.0
163112,3239,4.0
163112,2836,4.0
163112,1725,5.0
163112,1179,5.0
163112,2876,4.0
163112,1471,5.0
163112,2934,5.0
163112,3310,4.0
163112,995,5.0
163112,3131,5.0
163112,888,5.0
163112,969,5.0
163112,1630,4.0
163112,2598,5.0
163112,967,4.0
163112,1447,5.0
163112,3034,5.0
163112,1369,5.0
163112,658,5.0
163112,2500,5.0
163112,2555,5.0
163112,2875,5.0
163112,2978,5.0
163112,1499,5.0
163112,1557,4.0
163112,2730,5.0
163112,2908,5.0
163112,2864,5.0
163112,2881,5.0
163112,3090,5.0
163112,1197,5.0
163112,49,5.0
163112,2860,4.0
163112,169,5.0
163112,606,5.0
163112,2874,4.0
163112,1438,5.0
163112,2984,5.0
163112,777,4.0
163112,3311,5.0
163112,203,4.0
163112,173,4.0
144490,1495,5.0
144490,2148,5.0
144490,1155,5.0
144490,2434,5.0
144490,1317,5.0
144490,1325,3.0
144490,2441,5.0
144490,1978,5.0
144490,2421,5.0
144490,2300,5.0
144490,104,4.0
144490,1153,5.0
144490,662,5.0
333017,1495,5.0
333017,410,0.0
333017,1057,4.0
333017,2959,5.0
333017,1810,4.0
333017,2670,3.0
333017,2163,5.0
333017,981,5.0
333017,6,4.0
333017,2478,5.0
333017,402,5.0
333017,68,5.0
333017,2490,4.0
333017,1262,3.0
333017,11,5.0
333017,2090,2.0
333017,86,5.0
333017,1270,4.0
333017,2126,5.0
333017,715,4.0
333017,1915,5.0
333017,661,5.0
333017,1920,0.0
333017,1889,5.0
333017,514,5.0
333017,1935,4.0
333017,656,4.0
333017,2446,4.0
333017,657,2.0
333017,962,5.0
37106,213,5.0
37106,131,5.0
37106,757,5.0
37106,2289,5.0
37106,369,5.0
37106,7,5.0
37106,1936,5.0
37106,179,5.0
37106,140,5.0
37106,215,5.0
37106,2595,5.0
37106,136,5.0
37106,395,5.0
37106,200,5.0
37106,659,5.0
37106,1963,5.0
37106,1973,5.0
37106,433,5.0
37106,1932,5.0
37106,157,5.0
37106,75,5.0
37106,2471,5.0
37106,87,5.0
37106,1869,5.0
37106,677,5.0
37106,11,5.0
37106,1331,5.0
37106,110,5.0
37106,1,5.0
37106,3230,5.0
37106,1562,5.0
37106,1979,4.0
37106,252,5.0
37106,35,5.0
37106,78,5.0
37106,2428,5.0
37106,2423,5.0
37106,123,5.0
37106,109,5.0
111163,213,5.0
111163,1901,5.0
111163,2206,5.0
111163,101,4.0
146958,213,5.0
146958,965,5.0
146958,391,5.0
146958,1964,5.0
146958,3184,5.0
146958,2042,5.0
146958,310,5.0
212417,213,5.0
212417,1984,5.0
212417,152,5.0
212417,279,5.0
212417,111,5.0
212417,1896,5.0
164153,213,5.0
164153,1898,5.0
164153,1907,5.0
164153,1887,5.0
28636,907,5.0
28636,223,5.0
28636,3123,5.0
28636,2641,5.0
28636,1252,5.0
28636,3004,5.0
28636,1319,5.0
28636,6,5.0
28636,2286,5.0
28636,1272,5.0
28636,1271,5.0
28636,2479,5.0
28636,1303,5.0
28636,2134,5.0
28636,1283,5.0
28636,2328,5.0
28636,2576,5.0
28636,572,5.0
28636,2837,5.0
28636,1270,5.0
28636,2102,5.0
28636,49,5.0
28636,530,5.0
28636,1935,5.0
28636,2664,5.0
28636,10,5.0
28636,2655,5.0
28636,559,5.0
34834,1150,5.0
34834,398,5.0
34834,95,5.0
34834,1912,5.0
34834,2445,4.0
34834,74,3.0
1271713,1150,4.0
1271713,3035,5.0
1271713,767,3.0
1271713,2287,5.0
1271713,35,5.0
44807,133,5.0
44807,1886,5.0
44807,2579,5.0
44807,1885,5.0
44807,11,5.0
44807,2423,5.0
101043,133,5.0
101043,2527,5.0
101043,2493,5.0
101043,1885,5.0
85714,133,4.0
85714,50,5.0
85714,690,5.0
85714,2285,5.0
85714,21,4.0
85714,11,5.0
85714,297,5.0
85714,22,5.0
54187,133,5.0
54187,2447,5.0
54187,1970,5.0
54187,2448,5.0
54187,1962,5.0
88569,133,5.0
88569,68,4.0
88569,182,3.0
88569,1,5.0
88569,1887,5.0
179642,133,5.0
179642,2079,5.0
179642,287,5.0
179642,149,5.0
359220,133,5.0
359220,3321,4.0
359220,2197,5.0
359220,1969,5.0
359220,659,5.0
359220,2,5.0
359220,132,4.0
359220,315,5.0
359220,1940,3.0
359220,1256,5.0
359220,2367,4.0
359220,2493,5.0
359220,1835,3.0
359220,83,5.0
359220,1893,5.0
359220,1293,4.0
359220,1885,5.0
359220,194,5.0
359220,11,5.0
359220,1,5.0
359220,680,4.0
359220,661,4.0
359220,2520,3.0
359220,255,5.0
359220,1962,5.0
359220,2375,5.0
359220,676,5.0
359220,35,4.0
359220,10,5.0
359220,657,5.0
359220,1896,4.0
359220,2678,5.0
359220,112,5.0
6512,133,5.0
6512,1886,5.0
6512,140,5.0
6512,2285,5.0
6512,1943,5.0
6512,196,5.0
6512,139,5.0
6512,2,5.0
6512,1941,4.0
6512,677,5.0
6512,1912,5.0
6512,27,5.0
6512,18,5.0
6512,109,5.0
613250,133,5.0
613250,2289,5.0
613250,6,5.0
613250,48,5.0
37950,133,4.0
37950,1924,5.0
37950,2419,5.0
37950,47,5.0
37950,22,5.0
146284,133,5.0
146284,89,5.0
146284,2045,5.0
146284,8,5.0
146284,2998,5.0
146284,745,5.0
146284,1614,5.0
146284,11,5.0
146284,1,5.0
146284,29,5.0
146284,310,5.0
146284,2696,5.0
146284,2404,5.0
146284,936,5.0
146284,2406,5.0
146284,1537,5.0
146284,3149,5.0
146284,1019,5.0
146284,1539,5.0
748565,133,5.0
748565,17,5.0
748565,138,5.0
748565,2435,5.0
748565,83,5.0
748565,1262,4.0
748565,532,5.0
748565,126,5.0
748565,3,5.0
748565,49,5.0
748565,1171,5.0
748565,657,5.0
748565,1773,4.0
461724,133,5.0
461724,125,5.0
461724,172,5.0
461724,707,5.0
461724,1888,5.0
461724,2366,4.0
461724,341,3.0
461724,100,4.0
444944,133,5.0
444944,1918,5.0
444944,2835,4.0
444944,102,5.0
174090,133,5.0
174090,690,5.0
174090,2435,4.0
174090,166,5.0
174090,2551,5.0
174090,676,5.0
174090,1910,5.0
352538,133,5.0
352538,1879,5.0
352538,2545,5.0
352538,1563,5.0
352538,1536,5.0
352538,2423,5.0
352538,1887,5.0
352538,2496,5.0
352538,1535,4.0
50509,2219,4.0
50509,2916,5.0
50509,2945,5.0
50509,3324,5.0
50509,1353,5.0
50509,1155,5.0
50509,2068,5.0
50509,2605,4.0
50509,132,4.0
50509,2381,5.0
50509,3356,5.0
50509,2581,4.0
50509,1264,5.0
50509,3342,5.0
50509,3112,4.0
50509,2368,5.0
50509,723,4.0
50509,2892,4.0
50509,865,5.0
50509,3048,4.0
133174,2219,5.0
133174,1220,5.0
133174,2273,5.0
133174,1259,5.0
133174,2648,4.0
133174,1357,5.0
133174,1860,4.0
133174,965,5.0
133174,1960,5.0
133174,1239,4.0
133174,3349,5.0
133174,1261,5.0
133174,509,5.0
133174,2804,5.0
133174,982,5.0
133174,799,5.0
133174,59,5.0
133174,2498,5.0
133174,2645,5.0
133174,1503,4.0
133174,512,5.0
133174,1453,5.0
133174,50,5.0
133174,1112,5.0
133174,854,5.0
133174,2140,5.0
133174,904,5.0
133174,3264,5.0
133174,2507,5.0
133174,1849,5.0
133174,618,5.0
133174,1607,4.0
133174,3165,5.0
133174,975,5.0
133174,2955,5.0
133174,3313,5.0
133174,3067,5.0
133174,1352,5.0
133174,1867,5.0
133174,550,4.0
133174,1530,5.0
133174,1274,5.0
133174,1263,5.0
133174,2073,5.0
133174,2713,5.0
133174,183,5.0
133174,996,5.0
133174,68,5.0
133174,726,5.0
133174,557,5.0
133174,3172,5.0
133174,273,5.0
133174,2339,4.0
133174,1307,4.0
133174,1141,5.0
133174,1546,5.0
133174,2514,5.0
133174,1028,5.0
133174,2979,5.0
133174,1524,4.0
133174,2366,5.0
133174,3291,5.0
133174,1903,5.0
133174,1286,5.0
133174,2684,5.0
133174,51,5.0
133174,966,5.0
133174,1507,5.0
133174,1269,5.0
133174,2139,5.0
133174,1294,5.0
133174,1023,4.0
133174,947,4.0
133174,2837,5.0
133174,1428,4.0
133174,1371,4.0
133174,423,5.0
133174,1536,5.0
133174,2469,5.0
133174,1394,5.0
133174,2542,5.0
133174,103,5.0
133174,3,5.0
133174,3183,5.0
133174,1433,5.0
133174,1165,5.0
133174,1209,4.0
133174,2720,5.0
133174,3210,5.0
133174,1459,5.0
133174,1597,5.0
133174,2463,5.0
133174,2451,5.0
133174,1953,5.0
133174,2879,5.0
133174,1528,4.0
133174,1660,5.0
133174,1151,5.0
133174,541,5.0
133174,1383,4.0
133174,1594,5.0
133174,96,5.0
133174,285,5.0
133174,104,5.0
133174,808,5.0
133174,585,5.0
133174,265,5.0
133174,507,5.0
133174,1431,5.0
133174,1048,5.0
133174,1297,5.0
133174,806,4.0
133174,112,4.0
133174,1083,5.0
133174,14,5.0
133174,2182,5.0
133174,284,5.0
133174,2599,5.0
28087,2219,5.0
28087,3064,5.0
28087,1397,4.0
28087,1167,5.0
28087,2246,5.0
28087,520,5.0
28087,3121,5.0
28087,1207,5.0
28087,2955,5.0
28087,961,5.0
28087,2873,5.0
28087,498,5.0
28087,349,5.0
28087,56,5.0
28087,1216,5.0
28087,1398,5.0
28087,408,5.0
36944,224,5.0
36944,976,5.0
36944,2447,5.0
36944,2650,5.0
36944,179,5.0
36944,225,4.0
36944,2605,5.0
36944,231,4.0
36944,2614,4.0
36944,2949,4.0
36944,2422,5.0
36944,1948,5.0
36944,1949,5.0
36944,1885,5.0
36944,2155,5.0
36944,86,5.0
36944,241,5.0
36944,1915,5.0
36944,2448,5.0
36944,2682,5.0
36944,153,4.0
36944,23,4.0
36944,356,5.0
44383,224,5.0
44383,17,5.0
44383,222,5.0
44383,2447,5.0
44383,2416,5.0
44383,1936,3.0
44383,1812,1.0
44383,1898,5.0
44383,1928,4.0
44383,1943,5.0
44383,1906,5.0
44383,1974,2.0
44383,2517,5.0
44383,5,2.0
44383,129,5.0
44383,2,1.0
44383,961,5.0
44383,52,5.0
44383,12,1.0
44383,2162,5.0
44383,2065,5.0
44383,1888,4.0
44383,2432,5.0
44383,2424,5.0
44383,1885,5.0
44383,3208,3.0
44383,1954,5.0
44383,715,5.0
44383,18,4.0
44383,666,5.0
44383,2287,4.0
44383,656,5.0
44383,2417,5.0
44383,96,5.0
44383,1153,5.0
44383,1914,5.0
44383,4,2.0
44383,15,5.0
44383,1887,5.0
115525,224,5.0
115525,2419,4.0
115525,179,5.0
115525,2448,5.0
115525,2425,4.0
115525,1980,5.0
244817,224,5.0
244817,1559,4.0
244817,1571,5.0
244817,1678,5.0
244817,2285,5.0
244817,1275,5.0
244817,13,5.0
244817,2763,5.0
244817,1612,5.0
244817,1,5.0
244817,192,5.0
244817,2441,5.0
244817,2841,5.0
244817,2815,5.0
244817,119,5.0
297076,224,4.0
297076,669,5.0
297076,1440,3.0
297076,2511,5.0
297076,1303,5.0
297076,2608,5.0
297076,1256,4.0
297076,994,5.0
297076,595,5.0
297076,1865,4.0
297076,2147,4.0
297076,2749,5.0
297076,11,4.0
297076,2135,5.0
297076,1385,5.0
297076,3,5.0
297076,1268,5.0
297076,2352,5.0
297076,1383,4.0
297076,545,5.0
297076,117,5.0
297076,1950,3.0
297076,3014,5.0
297076,510,3.0
278696,224,4.0
278696,215,5.0
278696,1159,5.0
278696,2777,5.0
278696,29,5.0
98867,224,4.0
98867,1966,4.0
98867,2222,4.0
98867,2626,5.0
98867,11,5.0
98867,280,3.0
98867,1892,3.0
131021,224,5.0
131021,1924,5.0
131021,381,5.0
131021,2419,5.0
131021,1334,5.0
131021,2492,5.0
131021,2503,4.0
131021,1940,5.0
131021,33,5.0
131021,21,4.0
131021,324,5.0
131021,1956,5.0
131021,18,5.0
131021,667,5.0
131021,2463,5.0
131021,541,4.0
131021,2421,5.0
131021,160,5.0
131021,1030,5.0
373018,224,4.0
373018,2439,4.0
373018,2830,4.0
373018,209,4.0
373018,299,3.0
373018,372,4.0
373018,2418,4.0
373018,2415,4.0
373018,249,4.0
373018,2449,4.0
373018,11,3.0
373018,376,4.0
373018,243,4.0
373018,2074,4.0
373018,280,3.0
373018,1887,5.0
373018,123,3.0
35140,1891,5.0
35140,1559,5.0
35140,3110,5.0
35140,659,5.0
35140,946,5.0
35140,1941,5.0
35140,2471,5.0
35140,2422,5.0
35140,2415,5.0
35140,1948,5.0
35140,1798,5.0
35140,1947,5.0
35140,380,5.0
35140,1885,5.0
35140,2161,5.0
35140,1414,5.0
35140,1,5.0
35140,105,5.0
35140,1536,5.0
35140,61,5.0
35140,688,5.0
35140,2078,5.0
35140,341,5.0
35140,1538,5.0
35140,1528,5.0
35140,160,5.0
35140,571,5.0
35140,499,5.0
35140,1680,5.0
35140,2423,5.0
35140,662,5.0
35140,14,5.0
51931,1891,5.0
51931,251,3.0
51931,2209,0.0
51931,1609,2.0
51931,3171,4.0
51931,68,4.0
51931,2417,5.0
51931,15,0.0
51931,1887,5.0
51931,1301,4.0
102299,1891,5.0
102299,7,5.0
102299,1901,5.0
102299,1970,5.0
102299,2141,5.0
102299,18,5.0
102299,1260,5.0
58229,1891,5.0
58229,1311,5.0
58229,2285,5.0
58229,1917,5.0
58229,165,5.0
58229,2320,5.0
58229,1957,5.0
58229,663,5.0
58229,2514,5.0
58229,3148,5.0
58229,1454,5.0
58229,3149,5.0
115621,1891,0.0
115621,1928,5.0
115621,360,5.0
115621,1158,5.0
115621,2040,5.0
115621,1915,5.0
115621,3,5.0
115621,2078,5.0
115621,1185,5.0
115621,1153,5.0
115621,1162,5.0
80937,1891,5.0
80937,659,4.0
80937,716,0.0
80937,1911,5.0
80937,1885,5.0
80937,3,5.0
212391,1891,5.0
212391,1046,3.0
212391,2127,5.0
212391,2180,4.0
212391,1920,4.0
230102,1891,5.0
230102,2498,5.0
230102,20,5.0
230102,116,5.0
230102,2449,5.0
230102,841,5.0
230102,281,5.0
230102,656,5.0
230102,104,5.0
230102,81,5.0
230102,962,5.0
230102,120,5.0
230102,203,5.0
230102,2676,5.0
216671,1891,5.0
216671,98,5.0
216671,175,5.0
216671,2432,5.0
145599,1891,5.0
145599,969,5.0
145599,2442,5.0
145599,656,5.0
145599,30,5.0
84657,1891,5.0
84657,16,5.0
84657,1888,5.0
84657,1152,5.0
84657,18,4.0
84657,185,4.0
84657,303,5.0
84657,2428,5.0
100920,1891,5.0
100920,1886,5.0
100920,2416,5.0
100920,52,3.0
100920,12,4.0
100920,2442,5.0
100920,1965,5.0
100920,10,5.0
100920,2430,4.0
100920,1892,5.0
100920,2436,5.0
241241,1891,5.0
241241,696,4.0
241241,2945,4.0
241241,8,4.0
241241,2492,3.0
241241,3293,3.0
241241,2248,4.0
241241,2167,5.0
241241,285,4.0
32058,1891,5.0
32058,17,5.0
32058,90,5.0
32058,37,5.0
32058,71,5.0
32058,1281,5.0
32058,64,5.0
32058,2005,5.0
32058,67,5.0
32058,5,4.0
32058,2,5.0
32058,695,5.0
32058,52,5.0
32058,2434,5.0
32058,1932,5.0
32058,1970,4.0
32058,1893,3.0
32058,54,5.0
32058,76,5.0
32058,2449,5.0
32058,1403,4.0
32058,53,5.0
32058,2015,5.0
32058,243,5.0
32058,47,4.0
32058,49,5.0
32058,1897,4.0
32058,2075,5.0
32058,219,4.0
32058,330,5.0
32058,2815,4.0
32058,4,5.0
32058,15,5.0
239670,1891,4.0
239670,1888,4.0
239670,47,5.0
239670,656,5.0
333545,1891,5.0
333545,2416,5.0
333545,6,4.0
333545,79,1.0
333545,41,4.0
333545,10,4.0
890187,1891,5.0
890187,8,3.0
890187,1545,3.0
890187,225,4.0
890187,3263,5.0
890187,2462,3.0
890187,2817,2.0
890187,1908,5.0
890187,180,5.0
890187,1919,5.0
890187,2658,5.0
890187,1553,5.0
890187,656,4.0
890187,2428,4.0
945847,1891,5.0
945847,5,5.0
945847,2279,5.0
945847,54,5.0
945847,2441,5.0
709548,1891,5.0
709548,2458,5.0
709548,2418,5.0
709548,2415,5.0
771062,1891,5.0
771062,84,5.0
771062,1263,5.0
771062,971,4.0
771062,123,4.0
684840,1891,5.0
684840,985,4.0
684840,2723,5.0
684840,2818,5.0
684840,542,5.0
823189,1891,5.0
823189,89,5.0
823189,1798,5.0
823189,2948,5.0
823189,1542,5.0
823189,1537,0.0
120566,1891,5.0
120566,983,5.0
120566,215,5.0
120566,58,5.0
120566,2101,4.0
120566,183,5.0
120566,649,5.0
120566,666,5.0
120566,656,5.0
120566,2421,5.0
120566,2802,5.0
120566,1020,4.0
120566,519,5.0
300755,1891,5.0
300755,71,4.0
300755,279,5.0
300755,1951,5.0
59588,1891,5.0
59588,71,5.0
59588,47,5.0
59588,2815,5.0
162826,1891,5.0
162826,17,5.0
162826,721,5.0
162826,114,5.0
162826,352,5.0
162826,267,4.0
162826,1004,5.0
162826,2690,5.0
162826,1973,5.0
162826,258,5.0
162826,137,5.0
162826,166,5.0
162826,1117,5.0
162826,234,5.0
162826,1086,5.0
162826,1956,5.0
162826,2168,5.0
162826,1976,5.0
162826,963,5.0
162826,39,5.0
162826,1047,5.0
162826,2116,5.0
162826,1946,5.0
162826,246,5.0
162826,657,3.0
162826,1465,5.0
162826,108,5.0
162826,1043,5.0
162826,881,5.0
1133190,1891,4.0
1133190,1927,5.0
1133190,89,5.0
1133190,7,0.0
1133190,2416,5.0
1133190,1547,5.0
1133190,6,5.0
1133190,1544,3.0
1133190,28,5.0
1133190,1918,5.0
1133190,12,4.0
1133190,1955,5.0
1133190,1532,4.0
1133190,1536,5.0
1133190,1889,5.0
1133190,656,4.0
1133190,657,5.0
1133190,23,5.0
1133190,4,5.0
1196075,1891,5.0
1196075,216,5.0
1196075,206,5.0
1196075,518,5.0
1196075,683,5.0
703661,1891,5.0
703661,1886,5.0
703661,46,4.0
703661,2422,5.0
703661,85,0.0
703661,2475,4.0
703661,2849,5.0
1043221,1891,5.0
1043221,511,5.0
1043221,401,5.0
1043221,4,5.0
67243,1891,0.0
67243,262,4.0
67243,2466,0.0
67243,239,4.0
67243,2285,4.0
67243,796,5.0
67243,1264,5.0
67243,21,5.0
67243,1152,5.0
67243,326,5.0
67243,1564,0.0
1317616,1891,5.0
1317616,2422,5.0
1317616,1890,5.0
1317616,2809,3.0
836165,1891,5.0
836165,2419,5.0
836165,5,5.0
836165,2418,5.0
836165,1832,5.0
566005,1891,5.0
566005,262,4.0
566005,16,4.0
566005,46,4.0
566005,2415,4.0
566005,1903,5.0
566005,656,5.0
2428393,1891,0.0
2428393,20,3.0
2428393,2227,5.0
2428393,1897,3.0
2428393,1962,5.0
54716,976,5.0
54716,3312,4.0
54716,2038,5.0
54716,1370,5.0
54191,976,5.0
54191,2448,5.0
54191,2052,5.0
54191,345,5.0
239808,976,5.0
239808,692,5.0
239808,1212,4.0
239808,1179,5.0
239808,2101,5.0
239808,273,5.0
239808,1643,5.0
239808,1399,5.0
239808,309,5.0
239808,1517,5.0
239808,1297,5.0
225903,976,5.0
225903,1448,5.0
225903,13,5.0
225903,1486,4.0
225903,51,5.0
225903,1920,5.0
225903,358,5.0
145960,976,5.0
145960,1256,5.0
145960,13,5.0
145960,368,5.0
145960,68,5.0
145960,2121,5.0
145960,842,5.0
145960,15,4.0
281701,976,5.0
281701,2619,5.0
281701,2486,5.0
281701,851,5.0
281701,3067,5.0
281701,697,5.0
281701,2247,5.0
281701,248,5.0
281701,2666,5.0
281701,1922,5.0
281701,10,5.0
281701,733,5.0
281701,510,5.0
61660,976,5.0
61660,342,5.0
61660,1265,5.0
61660,552,4.0
61660,2790,4.0
61660,2380,5.0
61660,2456,5.0
61660,2546,5.0
61660,1292,5.0
61660,2003,5.0
61660,50,5.0
61660,2374,5.0
61660,2140,5.0
61660,2224,5.0
61660,3063,4.0
61660,738,5.0
61660,5,5.0
61660,3060,5.0
61660,84,5.0
61660,2478,5.0
61660,3203,5.0
61660,513,5.0
61660,258,5.0
61660,1469,4.0
61660,3195,5.0
61660,1317,5.0
61660,3266,5.0
61660,2064,5.0
61660,658,5.0
61660,1968,5.0
61660,1952,5.0
61660,1262,5.0
61660,374,5.0
61660,3173,5.0
61660,1017,5.0
61660,1,5.0
61660,3166,5.0
61660,2035,5.0
61660,849,5.0
61660,3231,5.0
61660,3198,5.0
61660,963,5.0
61660,1573,5.0
61660,1989,5.0
61660,1309,5.0
61660,2283,4.0
61660,1153,5.0
61660,1389,5.0
61660,1951,5.0
61660,510,4.0
61660,1521,5.0
465911,976,5.0
465911,64,4.0
465911,2554,5.0
465911,8,5.0
465911,2506,5.0
465911,2498,4.0
465911,225,5.0
465911,33,5.0
465911,1967,5.0
465911,1264,4.0
465911,68,5.0
465911,2422,5.0
465911,1835,5.0
465911,1893,5.0
465911,438,5.0
465911,19,5.0
465911,53,5.0
465911,1541,5.0
465911,1976,5.0
465911,1533,5.0
465911,2944,5.0
465911,2696,5.0
465911,1558,4.0
465911,4,5.0
518581,976,5.0
518581,131,4.0
518581,17,5.0
518581,221,4.0
518581,92,4.0
518581,1937,4.0
518581,2541,5.0
518581,63,4.0
518581,1890,5.0
518581,2468,4.0
518581,2066,4.0
537937,976,5.0
537937,1265,5.0
537937,2968,5.0
537937,359,5.0
537937,2220,5.0
537937,1518,5.0
537937,2519,3.0
537937,969,5.0
537937,2134,5.0
537937,2133,5.0
537937,276,5.0
537937,257,5.0
537937,1369,5.0
537937,1407,4.0
537937,2576,5.0
537937,978,5.0
537937,349,5.0
537937,2567,5.0
537937,2268,5.0
537937,2542,5.0
537937,1171,5.0
1197447,976,5.0
1197447,1618,4.0
1197447,2060,4.0
1197447,34,5.0
43327,2199,5.0
43327,660,5.0
43327,1996,5.0
43327,453,5.0
43327,2285,4.0
43327,1911,5.0
43327,1857,5.0
43327,51,5.0
43327,1995,5.0
43327,676,5.0
43327,1913,5.0
97895,2199,5.0
97895,2954,5.0
97895,2282,5.0
97895,163,5.0
97895,3210,5.0
97895,2443,5.0
97895,210,5.0
97895,14,5.0
32143,2199,4.0
32143,223,4.0
32143,7,5.0
32143,92,4.0
32143,2437,5.0
32143,2600,5.0
32143,46,4.0
32143,2415,4.0
32143,2484,4.0
32143,10,5.0
32143,44,4.0
32143,15,5.0
32143,2423,4.0
32143,2425,5.0
32143,2436,4.0
593424,2199,5.0
593424,159,5.0
593424,7,5.0
593424,679,5.0
593424,2266,5.0
593424,1154,5.0
593424,79,5.0
593424,2515,5.0
593424,4,5.0
593424,662,5.0
1213781,2199,3.0
1213781,513,4.0
1213781,12,4.0
1213781,27,4.0
317004,692,5.0
317004,1895,5.0
317004,743,5.0
317004,298,5.0
317004,2507,5.0
317004,136,5.0
317004,2288,5.0
317004,3044,5.0
317004,2445,5.0
93006,692,5.0
93006,965,5.0
93006,2755,5.0
93006,31,4.0
93006,174,4.0
93006,16,4.0
93006,167,5.0
93006,67,4.0
93006,139,3.0
93006,659,5.0
93006,2092,5.0
93006,961,5.0
93006,94,4.0
93006,2617,5.0
93006,87,5.0
93006,2415,5.0
93006,774,5.0
93006,2566,3.0
93006,1947,5.0
93006,19,4.0
93006,1885,4.0
93006,1909,5.0
93006,54,4.0
93006,2024,3.0
93006,2757,4.0
93006,2441,5.0
93006,49,5.0
93006,2025,5.0
93006,74,4.0
93006,85,5.0
93006,2417,4.0
93006,10,5.0
93006,964,5.0
93006,1896,5.0
93006,2815,5.0
93006,2423,4.0
93006,2676,5.0
54697,692,5.0
54697,1119,5.0
54697,2291,5.0
54697,511,0.0
54697,339,5.0
54697,405,5.0
54697,2285,4.0
54697,151,5.0
54697,995,5.0
54697,2503,5.0
54697,12,5.0
54697,1256,3.0
54697,3037,4.0
54697,75,5.0
54697,2521,0.0
54697,3190,5.0
54697,21,5.0
54697,1905,4.0
54697,1893,5.0
54697,2501,5.0
54697,1885,3.0
54697,1909,5.0
54697,3334,3.0
54697,2508,5.0
54697,2820,5.0
54697,29,4.0
54697,61,5.0
54697,667,4.0
54697,2468,5.0
54697,1288,5.0
54697,2496,3.0
54697,14,0.0
54697,168,5.0
37456,692,5.0
37456,512,4.0
37456,2366,5.0
37456,1099,5.0
337120,692,5.0
337120,2479,5.0
337120,188,5.0
337120,2247,5.0
337120,1118,5.0
337120,3076,4.0
337120,2298,5.0
337120,401,5.0
337120,879,5.0
337120,1151,5.0
337120,605,5.0
337120,104,4.0
337120,2815,5.0
337120,2088,5.0
583193,692,5.0
583193,77,0.0
583193,88,5.0
583193,257,4.0
583193,41,5.0
583193,171,5.0
583193,657,5.0
906665,692,5.0
906665,244,3.0
906665,509,2.0
906665,266,5.0
906665,737,4.0
906665,2286,4.0
906665,12,2.0
906665,11,5.0
906665,673,0.0
906665,2815,3.0
906665,81,3.0
906665,2370,5.0
67103,307,5.0
67103,2466,5.0
67103,2522,5.0
67103,2213,3.0
67103,299,5.0
67103,97,5.0
67103,2133,4.0
67103,1893,0.0
67103,2268,5.0
67103,1897,5.0
67103,1313,4.0
39389,307,5.0
39389,1904,5.0
39389,3300,4.0
39389,3342,5.0
39389,686,4.0
39389,19,5.0
39389,897,5.0
39389,109,5.0
42362,307,5.0
42362,165,5.0
42362,141,5.0
42362,34,5.0
394085,307,4.0
394085,2416,5.0
394085,2003,5.0
394085,2050,5.0
394085,176,5.0
394085,991,5.0
394085,350,5.0
394085,3077,5.0
394085,68,5.0
394085,840,4.0
394085,3129,5.0
394085,1032,5.0
394085,2590,5.0
394085,667,5.0
394085,963,5.0
394085,1404,5.0
394085,1267,4.0
394085,1388,5.0
394085,2404,4.0
394085,3323,5.0
394085,2036,5.0
394085,14,5.0
332211,307,5.0
332211,370,5.0
332211,102,5.0
332211,61,5.0
332211,2074,5.0
332211,964,4.0
332211,78,5.0
332211,4,5.0
336058,307,5.0
336058,89,4.0
336058,2133,5.0
336058,934,4.0
336058,568,5.0
336058,2264,4.0
336058,29,4.0
336058,3099,4.0
336058,2558,4.0
336058,533,3.0
336058,667,5.0
336058,909,4.0
336058,2593,4.0
336058,2300,5.0
1219679,307,5.0
1219679,77,5.0
1219679,295,5.0
1219679,21,5.0
383114,307,5.0
383114,8,5.0
383114,1899,4.0
383114,963,4.0
135566,307,4.0
135566,2543,4.0
135566,965,5.0
135566,344,5.0
135566,372,5.0
135566,2490,5.0
135566,466,5.0
135566,2463,5.0
135566,69,4.0
135566,2404,5.0
135566,2187,4.0
135566,2425,4.0
402135,2309,5.0
402135,2289,5.0
402135,512,5.0
402135,1899,2.0
402135,2303,5.0
402135,2285,4.0
402135,698,5.0
402135,3322,5.0
402135,2820,4.0
402135,1541,5.0
402135,2441,4.0
402135,2299,5.0
37305,413,5.0
37305,2203,5.0
37305,131,5.0
37305,1886,4.0
37305,122,5.0
37305,7,4.0
37305,1812,5.0
37305,1929,5.0
37305,659,4.0
37305,2000,4.0
37305,28,5.0
37305,2093,5.0
37305,1973,5.0
37305,1885,5.0
37305,189,5.0
37305,126,5.0
37305,2172,5.0
37305,2317,5.0
37305,253,4.0
37305,1897,5.0
37305,162,5.0
37305,264,5.0
107504,413,5.0
107504,1810,5.0
107504,196,4.0
107504,293,5.0
107504,42,5.0
485728,413,5.0
485728,1531,5.0
485728,2431,5.0
485728,291,5.0
485728,2488,5.0
485728,84,5.0
485728,2191,5.0
485728,2563,5.0
485728,2424,5.0
485728,2366,5.0
485728,2449,5.0
485728,141,5.0
485728,1729,5.0
485728,2421,5.0
485728,459,5.0
485728,555,5.0
485728,1896,5.0
485728,2808,5.0
485728,4,5.0
1298433,413,5.0
1298433,511,5.0
1298433,2416,5.0
1298433,2434,5.0
1298433,2438,5.0
1298433,1909,5.0
1298433,514,5.0
1298433,963,5.0
1298433,2815,5.0
130663,413,5.0
130663,696,4.0
130663,352,4.0
130663,509,5.0
130663,1167,5.0
130663,1356,5.0
130663,512,5.0
130663,690,4.0
130663,698,5.0
130663,6,5.0
130663,426,5.0
130663,5,5.0
130663,84,5.0
130663,314,5.0
130663,1851,5.0
130663,994,5.0
130663,1885,5.0
130663,3076,4.0
130663,2168,5.0
130663,118,5.0
130663,473,4.0
130663,1151,5.0
130663,541,5.0
130663,30,5.0
130663,1993,5.0
130663,932,5.0
130663,1309,4.0
130663,2404,5.0
130663,1006,5.0
47230,2203,5.0
47230,146,5.0
47230,239,5.0
47230,1886,5.0
47230,7,5.0
47230,196,5.0
47230,299,5.0
47230,643,5.0
47230,338,5.0
47230,153,5.0
47230,280,5.0
47230,345,5.0
28604,2203,5.0
28604,665,4.0
28604,286,5.0
28604,2224,5.0
28604,3061,4.0
28604,3037,4.0
28604,658,5.0
28604,1888,5.0
28604,2368,5.0
28604,76,5.0
28604,656,4.0
28604,10,5.0
28604,1914,4.0
28604,15,5.0
28604,1731,2.0
121185,2203,4.0
121185,89,4.0
121185,2285,5.0
121185,2420,3.0
121185,16,4.0
121185,1901,0.0
121185,2453,5.0
121185,659,5.0
121185,1274,3.0
121185,2471,5.0
121185,1912,5.0
121185,1,3.0
121185,2661,2.0
121185,10,5.0
121185,62,4.0
121185,1301,5.0
121185,14,3.0
1102578,2203,4.0
1102578,77,4.0
1102578,2695,5.0
1102578,2554,0.0
1102578,1936,5.0
1102578,31,4.0
1102578,26,5.0
1102578,181,4.0
1102578,1159,5.0
1102578,1940,5.0
1102578,1941,4.0
1102578,261,5.0
262312,931,5.0
262312,2611,5.0
262312,1277,5.0
262312,319,5.0
262312,665,5.0
262312,2531,5.0
262312,2577,5.0
262312,512,5.0
262312,2057,5.0
262312,52,5.0
262312,663,5.0
262312,1940,5.0
262312,46,5.0
262312,1970,5.0
262312,2471,5.0
262312,670,5.0
262312,2555,5.0
262312,2369,5.0
262312,2432,5.0
262312,2007,5.0
262312,532,5.0
262312,2024,5.0
262312,1956,5.0
262312,241,5.0
262312,202,5.0
262312,3,5.0
262312,47,5.0
262312,2441,5.0
262312,210,5.0
262312,1538,5.0
262312,2116,5.0
262312,60,5.0
262312,2232,5.0
262312,2186,5.0
262312,10,5.0
262312,1896,5.0
262312,2053,5.0
262312,990,4.0
262312,3149,5.0
68357,2778,5.0
68357,3027,5.0
68357,2163,5.0
68357,697,5.0
68357,1885,4.0
68357,567,5.0
68357,541,5.0
68357,522,5.0
49482,2778,5.0
49482,1885,5.0
49482,1920,5.0
49482,1588,5.0
65414,342,4.0
65414,669,5.0
65414,71,5.0
65414,2654,5.0
65414,41,5.0
65414,2449,5.0
65414,65,4.0
45737,342,5.0
45737,268,5.0
45737,1812,5.0
45737,18,5.0
237624,342,3.0
237624,17,5.0
237624,8,5.0
237624,2435,5.0
1175380,342,4.0
1175380,71,3.0
1175380,95,4.0
1175380,81,3.0
1248418,342,4.0
1248418,268,5.0
1248418,59,5.0
1248418,1888,3.0
1248418,61,5.0
1769917,342,4.0
1769917,38,4.0
1769917,2618,4.0
1769917,2451,3.0
1769917,1072,2.0
1769917,962,2.0
96357,1308,5.0
96357,2313,5.0
96357,2420,5.0
96357,1007,4.0
96357,508,5.0
96357,516,4.0
96357,1995,5.0
96357,1540,5.0
96357,1063,5.0
96357,2461,5.0
96357,2816,5.0
96357,2425,5.0
25177,1308,5.0
25177,659,5.0
25177,68,5.0
25177,1550,5.0
25177,2815,5.0
66856,1308,4.0
66856,781,4.0
66856,3061,5.0
66856,2143,5.0
66856,1979,5.0
66856,514,5.0
66856,1620,4.0
66856,1896,5.0
222478,833,5.0
222478,721,5.0
222478,1475,5.0
222478,1824,5.0
222478,1411,5.0
222478,916,5.0
222478,2829,5.0
222478,1287,5.0
222478,2869,5.0
222478,3063,5.0
222478,3019,4.0
222478,2353,5.0
222478,2690,5.0
222478,2395,5.0
222478,2896,5.0
222478,850,5.0
222478,3259,5.0
222478,2367,5.0
222478,761,5.0
222478,2326,5.0
222478,3112,5.0
222478,640,5.0
222478,1003,5.0
222478,822,5.0
222478,2032,5.0
222478,498,5.0
222478,3073,5.0
222478,2467,5.0
222478,2035,5.0
222478,652,5.0
222478,2972,4.0
222478,1268,5.0
222478,2130,5.0
222478,1364,5.0
222478,2352,5.0
222478,2300,5.0
125458,2842,5.0
125458,205,5.0
125458,564,4.0
125458,8,5.0
125458,2077,5.0
125458,1547,5.0
125458,1624,5.0
125458,225,5.0
125458,1969,5.0
125458,462,5.0
125458,1653,4.0
125458,2547,5.0
125458,1794,4.0
125458,1599,5.0
125458,1730,5.0
125458,1532,5.0
125458,1590,4.0
125458,1644,5.0
125458,1555,5.0
125458,1986,5.0
125458,1947,5.0
125458,1557,5.0
125458,2152,4.0
125458,1612,5.0
125458,2910,4.0
125458,3127,5.0
125458,2211,5.0
125458,1623,5.0
125458,1779,5.0
125458,1669,5.0
125458,1537,4.0
29014,131,5.0
29014,2447,5.0
29014,7,5.0
29014,5,5.0
29014,1991,5.0
29014,193,5.0
29014,820,5.0
29014,664,5.0
29014,658,5.0
29014,1178,5.0
29014,1885,5.0
29014,428,5.0
29014,144,5.0
29014,69,5.0
29014,2680,5.0
29014,2294,4.0
29014,85,5.0
29014,1983,5.0
29014,100,5.0
29014,2370,5.0
101919,131,5.0
101919,291,5.0
101919,95,5.0
101919,193,5.0
101919,2032,5.0
101919,76,5.0
101919,2559,5.0
57101,131,0.0
57101,2543,5.0
57101,1924,5.0
57101,2492,5.0
57101,99,5.0
57101,200,3.0
57101,946,5.0
57101,88,3.0
57101,2422,5.0
57101,2059,5.0
57101,19,4.0
57101,2552,4.0
57101,2441,5.0
57101,1919,5.0
57101,656,3.0
57101,2421,5.0
57101,2446,4.0
57101,2475,5.0
57101,1900,5.0
116371,131,5.0
116371,95,5.0
116371,580,5.0
116371,680,5.0
116371,250,5.0
116371,2844,5.0
116371,555,5.0
182624,131,5.0
182624,2070,5.0
182624,660,5.0
182624,1904,5.0
182624,2419,5.0
182624,140,5.0
182624,2531,4.0
182624,2595,4.0
182624,2285,4.0
182624,2420,5.0
182624,2453,5.0
182624,2465,5.0
182624,5,4.0
182624,2822,4.0
182624,2438,5.0
182624,1264,4.0
182624,2598,4.0
182624,2462,5.0
182624,658,5.0
182624,3084,4.0
182624,186,5.0
182624,1540,3.0
182624,1,4.0
182624,3281,5.0
182624,2558,4.0
182624,3,5.0
182624,117,5.0
182624,962,5.0
182624,62,5.0
182624,1926,5.0
182624,123,5.0
120108,131,5.0
120108,2417,5.0
120108,1892,5.0
120108,2526,5.0
184723,131,5.0
184723,2291,5.0
184723,2799,5.0
184723,7,3.0
184723,31,5.0
184723,80,5.0
184723,659,5.0
184723,2,5.0
184723,1474,5.0
184723,84,3.0
184723,1156,5.0
184723,52,5.0
184723,3151,5.0
184723,40,5.0
184723,3150,5.0
184723,21,5.0
184723,3154,5.0
184723,301,5.0
184723,1925,5.0
184723,3,5.0
184723,10,5.0
184723,42,5.0
184723,1910,5.0
184723,2436,5.0
26512,131,5.0
26512,1281,5.0
26512,227,5.0
26512,319,4.0
26512,2456,4.0
26512,7,5.0
26512,179,5.0
26512,140,5.0
26512,2486,5.0
26512,1929,5.0
26512,1906,5.0
26512,282,5.0
26512,2438,5.0
26512,2104,5.0
26512,2490,5.0
26512,87,5.0
26512,2537,5.0
26512,1948,5.0
26512,1266,5.0
26512,1262,5.0
26512,2501,5.0
26512,1885,5.0
26512,189,5.0
26512,2470,5.0
26512,351,5.0
26512,376,5.0
26512,2429,4.0
26512,105,5.0
26512,47,5.0
26512,2017,4.0
26512,42,5.0
26512,1153,5.0
26512,1260,5.0
26512,289,4.0
26512,2450,5.0
26512,1910,5.0
26512,78,5.0
26512,1887,5.0
26512,14,5.0
188119,131,5.0
188119,3343,5.0
188119,2289,5.0
188119,985,5.0
188119,681,5.0
188119,3092,0.0
188119,174,5.0
188119,744,5.0
188119,3214,5.0
188119,2285,5.0
188119,2433,5.0
188119,2420,5.0
188119,1544,5.0
188119,3171,5.0
188119,177,5.0
188119,3061,5.0
188119,961,5.0
188119,3151,5.0
188119,663,5.0
188119,2608,5.0
188119,33,5.0
188119,1256,5.0
188119,3207,5.0
188119,233,5.0
188119,83,5.0
188119,1188,5.0
188119,3199,5.0
188119,2368,5.0
188119,2489,5.0
188119,1885,4.0
188119,1890,5.0
188119,1611,5.0
188119,2408,0.0
188119,1811,5.0
188119,1,5.0
188119,105,5.0
188119,397,5.0
188119,3183,5.0
188119,530,5.0
188119,3148,5.0
188119,2533,5.0
188119,2844,5.0
188119,85,4.0
188119,2816,5.0
188119,3217,5.0
188119,1565,5.0
188119,297,5.0
188119,1160,5.0
188119,2502,5.0
188119,2815,5.0
188119,1564,5.0
188119,2464,5.0
188119,78,5.0
188119,2053,5.0
188119,2425,5.0
188119,2370,5.0
188119,3149,4.0
188119,1535,5.0
227039,131,0.0
227039,52,5.0
227039,2312,5.0
227039,46,5.0
227039,1993,5.0
227039,42,5.0
227039,1907,5.0
172369,131,5.0
172369,37,5.0
172369,305,5.0
172369,2016,5.0
172369,2005,5.0
172369,2536,5.0
172369,165,5.0
172369,1893,5.0
172369,1986,5.0
172369,508,5.0
172369,351,5.0
172369,2606,5.0
172369,243,5.0
172369,42,5.0
172369,14,2.0
172369,109,5.0
81611,131,5.0
81611,2497,5.0
81611,5,5.0
81611,3061,5.0
81611,2424,5.0
81611,76,5.0
81611,2002,5.0
81611,1897,5.0
81611,39,3.0
81611,255,5.0
81611,1839,5.0
81611,78,5.0
81611,1297,5.0
81611,2425,5.0
372185,131,5.0
372185,3343,5.0
372185,2522,5.0
372185,2641,5.0
372185,2416,5.0
372185,31,5.0
372185,21,4.0
372185,2415,5.0
372185,1888,5.0
372185,1909,5.0
372185,1890,5.0
372185,3,5.0
372185,514,4.0
372185,219,5.0
372185,2423,5.0
455970,131,4.0
455970,1561,3.0
455970,52,4.0
455970,664,3.0
455970,588,5.0
455970,3,5.0
587766,131,5.0
587766,2791,5.0
587766,2103,5.0
587766,1167,5.0
587766,816,5.0
587766,111,5.0
587766,2580,5.0
587766,2594,4.0
587766,773,5.0
587766,2342,5.0
1383781,131,5.0
1383781,17,5.0
1383781,32,3.0
1383781,21,5.0
223854,1820,4.0
223854,1531,5.0
223854,696,5.0
223854,2990,5.0
223854,434,5.0
223854,3308,5.0
223854,2960,5.0
223854,2156,5.0
223854,739,5.0
223854,3167,5.0
223854,1678,4.0
223854,2829,5.0
223854,2996,5.0
223854,426,5.0
223854,738,5.0
223854,2997,5.0
223854,3165,5.0
223854,188,5.0
223854,2395,5.0
223854,1479,5.0
223854,3068,5.0
223854,1616,5.0
223854,3200,5.0
223854,2970,5.0
223854,724,5.0
223854,3031,5.0
223854,2737,5.0
223854,1282,5.0
223854,819,5.0
223854,568,5.0
223854,41,5.0
223854,2372,5.0
223854,1307,5.0
223854,2875,5.0
223854,2979,5.0
223854,1671,5.0
223854,646,4.0
223854,2032,5.0
223854,843,5.0
223854,3254,5.0
223854,2872,5.0
223854,834,5.0
223854,1536,5.0
223854,3152,5.0
223854,1576,5.0
223854,1268,5.0
223854,1063,5.0
223854,3136,5.0
223854,667,5.0
223854,2593,4.0
223854,1629,5.0
223854,3188,5.0
223854,2375,5.0
223854,541,5.0
223854,1591,4.0
223854,22,5.0
223854,2071,5.0
223854,3329,5.0
223854,662,4.0
52427,146,5.0
52427,239,5.0
52427,282,5.0
52427,392,5.0
52427,38,5.0
52427,156,5.0
52427,1588,5.0
121690,146,5.0
121690,222,5.0
121690,609,5.0
121690,2827,5.0
121690,2506,5.0
121690,2968,5.0
121690,2197,5.0
121690,1733,5.0
121690,1315,5.0
121690,2961,5.0
121690,2040,5.0
121690,1022,5.0
121690,1330,5.0
121690,3266,5.0
121690,1744,5.0
121690,803,5.0
121690,934,4.0
121690,1104,5.0
121690,2372,5.0
121690,3021,5.0
121690,1266,5.0
121690,189,5.0
121690,2812,5.0
121690,2251,5.0
121690,688,5.0
121690,3,5.0
121690,2977,5.0
121690,2591,5.0
121690,3210,5.0
121690,1063,5.0
121690,1459,5.0
121690,2038,5.0
121690,101,5.0
121690,700,5.0
121690,1594,5.0
121690,2816,5.0
121690,585,5.0
121690,112,5.0
110135,146,5.0
110135,64,5.0
110135,2439,4.0
110135,79,5.0
110135,1903,5.0
110135,11,5.0
110135,110,5.0
110135,163,5.0
110135,1889,5.0
55690,146,5.0
55690,1261,5.0
55690,2439,5.0
55690,20,5.0
55690,102,5.0
55690,2042,5.0
55690,1993,5.0
55690,1887,5.0
69752,146,5.0
69752,1879,5.0
69752,509,3.0
69752,1883,5.0
69752,2647,5.0
40495,146,5.0
40495,1962,5.0
40495,2528,5.0
40495,153,5.0
177443,146,5.0
177443,71,5.0
177443,2954,5.0
177443,1154,5.0
177443,46,5.0
177443,2620,5.0
177443,521,5.0
177443,508,5.0
177443,3234,5.0
177443,2684,5.0
177443,1873,5.0
177443,1597,5.0
177443,989,5.0
177443,440,5.0
177443,1535,5.0
534831,146,5.0
534831,13,0.0
534831,1436,5.0
534831,1160,4.0
448933,146,5.0
448933,254,5.0
448933,98,5.0
448933,60,3.0
448933,674,5.0
190402,146,5.0
190402,2754,0.0
190402,2012,4.0
190402,1835,5.0
190402,19,5.0
190402,1953,4.0
190402,210,5.0
190402,1887,5.0
153253,146,4.0
153253,214,5.0
153253,508,5.0
153253,2424,5.0
153253,1,4.0
153253,192,5.0
153253,2423,3.0
59686,146,5.0
59686,204,5.0
59686,36,5.0
59686,7,5.0
59686,92,4.0
59686,1158,5.0
59686,2,5.0
59686,712,5.0
59686,46,3.0
59686,2102,4.0
59686,389,0.0
59686,60,5.0
59686,10,4.0
59686,2464,3.0
117221,146,5.0
117221,2447,5.0
117221,5,5.0
117221,12,5.0
117221,2422,5.0
117221,1905,5.0
117221,2683,5.0
117221,2520,5.0
24995,1198,0.0
24995,2046,4.0
24995,1885,4.0
24995,194,3.0
24995,2282,5.0
24995,483,4.0
351841,1198,5.0
351841,2016,5.0
351841,659,5.0
351841,1,5.0
351841,1933,5.0
351841,1177,5.0
447742,2543,4.0
447742,1520,5.0
447742,1262,4.0
447742,1885,5.0
447742,1953,5.0
447742,656,4.0
447742,1301,5.0
447742,2436,5.0
37721,2543,5.0
37721,154,3.0
37721,177,0.0
37721,1256,5.0
37721,164,5.0
37721,2367,5.0
37721,135,5.0
37721,2467,5.0
37721,2167,0.0
37721,542,5.0
37721,2317,5.0
536962,2543,5.0
536962,1899,5.0
536962,2420,5.0
536962,2081,5.0
536962,13,5.0
599450,1113,5.0
599450,2677,4.0
599450,788,5.0
599450,2615,5.0
599450,2691,4.0
599450,2205,5.0
599450,495,5.0
599450,882,4.0
599450,591,5.0
599450,575,5.0
599450,1647,5.0
599450,2783,5.0
599450,2524,5.0
599450,1972,5.0
599450,1015,5.0
599450,2134,5.0
599450,3296,5.0
599450,2946,5.0
599450,658,5.0
599450,1769,5.0
599450,2978,5.0
599450,1407,4.0
599450,3267,5.0
599450,2975,5.0
599450,2891,5.0
599450,2193,5.0
599450,3370,5.0
599450,1224,5.0
599450,1187,5.0
599450,1002,5.0
599450,2597,5.0
599450,714,5.0
599450,2741,5.0
599450,993,5.0
599450,2099,5.0
2310,329,5.0
2310,1984,5.0
2310,618,5.0
2310,1867,5.0
2310,1467,4.0
2310,2981,5.0
2310,3026,5.0
2310,2432,5.0
2310,2335,4.0
2310,2165,4.0
2310,27,5.0
2310,1919,5.0
2310,2502,5.0
2310,1014,4.0
465080,329,4.0
465080,2805,5.0
465080,946,5.0
465080,1154,5.0
465080,2518,5.0
465080,1888,5.0
297639,329,5.0
297639,2418,5.0
297639,1581,5.0
297639,83,5.0
297639,1993,5.0
297639,2446,5.0
180406,2781,2.0
180406,2831,4.0
180406,2546,5.0
180406,179,5.0
180406,1899,5.0
180406,2455,5.0
180406,13,4.0
180406,1264,5.0
180406,2422,3.0
180406,1608,5.0
180406,1908,5.0
180406,156,5.0
180406,1933,1.0
180406,2444,5.0
180406,168,3.0
15572,304,3.0
15572,1895,4.0
15572,1490,4.0
15572,339,4.0
15572,2257,4.0
15572,2437,4.0
15572,181,4.0
15572,768,3.0
15572,643,4.0
15572,2301,4.0
15572,2449,4.0
15572,843,4.0
15572,141,4.0
15572,2679,5.0
15572,1914,4.0
50472,304,3.0
50472,77,5.0
50472,373,5.0
50472,1901,5.0
50472,75,5.0
50472,2065,5.0
50472,1,5.0
50472,1896,5.0
136511,304,5.0
136511,98,5.0
136511,84,5.0
136511,2096,5.0
136511,1905,5.0
136511,371,5.0
136511,243,3.0
136511,163,3.0
136511,1897,4.0
136511,1887,4.0
2633554,304,5.0
2633554,658,4.0
2633554,332,5.0
2633554,259,4.0
223169,1119,5.0
223169,3106,5.0
223169,2229,5.0
223169,509,5.0
223169,2465,5.0
223169,1339,5.0
223169,3187,5.0
223169,1400,5.0
223169,513,5.0
223169,1011,5.0
223169,2877,5.0
223169,1439,5.0
223169,2228,5.0
223169,3146,5.0
223169,2208,5.0
223169,2635,5.0
223169,2972,5.0
223169,74,5.0
176574,1119,5.0
176574,1645,5.0
176574,1895,5.0
176574,1634,5.0
182010,1119,5.0
182010,2588,5.0
182010,1571,5.0
182010,1259,5.0
182010,3324,4.0
182010,574,5.0
182010,1291,5.0
182010,2831,5.0
182010,1411,5.0
182010,941,5.0
182010,591,5.0
182010,2140,5.0
182010,1315,5.0
182010,3063,5.0
182010,3012,5.0
182010,1609,5.0
182010,3111,5.0
182010,599,5.0
182010,2934,3.0
182010,885,5.0
182010,513,5.0
182010,1274,5.0
182010,3224,5.0
182010,2946,4.0
182010,3058,5.0
182010,1509,5.0
182010,967,5.0
182010,3034,5.0
182010,1570,5.0
182010,1466,5.0
182010,2978,5.0
182010,1382,5.0
182010,1372,5.0
182010,3001,5.0
182010,2635,5.0
182010,2910,5.0
182010,3062,5.0
182010,2168,5.0
182010,1061,5.0
182010,1767,5.0
182010,561,5.0
182010,2962,5.0
182010,3102,5.0
182010,1441,4.0
182010,1470,5.0
182010,1483,5.0
182010,2940,5.0
182010,1669,5.0
182010,1558,5.0
182010,1341,5.0
182010,2984,4.0
182010,2464,4.0
182010,3311,5.0
182010,1320,5.0
182010,2249,5.0
182010,1664,5.0
1530765,1119,5.0
1530765,2439,0.0
1530765,1959,5.0
1530765,2788,0.0
1530765,657,5.0
60124,1468,4.0
60124,744,5.0
60124,2072,5.0
60124,2869,5.0
60124,456,5.0
60124,2218,4.0
60124,2582,5.0
60124,3290,5.0
60124,84,5.0
60124,991,5.0
60124,3068,5.0
60124,12,5.0
60124,2850,5.0
60124,13,5.0
60124,1282,5.0
60124,822,5.0
60124,1416,5.0
60124,1269,5.0
60124,2567,5.0
60124,3152,5.0
60124,661,5.0
60124,1979,5.0
60124,18,5.0
60124,493,5.0
60124,117,5.0
60124,2711,5.0
60124,2428,5.0
60124,3258,5.0
60124,1301,5.0
60124,971,4.0
945233,1058,5.0
945233,3343,5.0
945233,965,5.0
945233,521,5.0
945233,2415,5.0
945233,2469,5.0
945233,1922,5.0
945233,1944,5.0
1900559,1058,5.0
1900559,1208,5.0
1900559,665,3.0
1900559,2768,3.0
1900559,2499,3.0
1900559,2555,4.0
1900559,2788,4.0
1900559,1964,5.0
1900559,401,5.0
1900559,2601,5.0
1900559,2562,4.0
1900559,2741,5.0
2586,262,5.0
2586,3,5.0
2586,60,5.0
2586,15,5.0
9717,262,5.0
9717,36,5.0
9717,1261,5.0
9717,295,4.0
9717,2198,0.0
9717,46,4.0
9717,334,5.0
9717,2777,5.0
9717,538,5.0
9717,45,5.0
9717,264,5.0
9717,2484,5.0
9717,160,5.0
9717,2231,5.0
9717,322,5.0
9717,1887,5.0
109353,262,5.0
109353,155,5.0
109353,2525,5.0
109353,66,5.0
192264,262,5.0
192264,335,5.0
192264,227,5.0
192264,2452,5.0
192264,509,5.0
192264,1969,5.0
192264,67,5.0
192264,58,4.0
192264,1271,5.0
192264,961,5.0
192264,40,5.0
192264,1885,5.0
192264,256,5.0
192264,2551,5.0
192264,2463,5.0
192264,326,5.0
192264,23,5.0
192264,1910,5.0
121311,262,5.0
121311,161,5.0
121311,31,5.0
121311,2285,4.0
130133,262,4.0
130133,2419,5.0
130133,1344,5.0
130133,340,5.0
130133,2433,3.0
130133,99,4.0
130133,211,3.0
130133,558,5.0
130133,433,5.0
130133,471,4.0
130133,2176,5.0
130133,1834,4.0
130133,968,4.0
130133,2558,3.0
130133,243,5.0
130133,2463,5.0
130133,85,5.0
130133,1153,5.0
130133,2495,5.0
288706,262,5.0
288706,277,3.0
288706,276,5.0
288706,11,5.0
288706,1748,5.0
58300,1927,5.0
58300,335,5.0
58300,965,5.0
58300,3092,5.0
58300,179,5.0
58300,1906,5.0
58300,1901,5.0
58300,659,5.0
58300,2503,0.0
58300,75,5.0
58300,2127,5.0
58300,19,5.0
58300,153,5.0
58300,78,5.0
58300,1887,5.0
137231,1927,5.0
137231,366,5.0
137231,1929,5.0
137231,2418,5.0
137231,2415,5.0
137231,1885,5.0
137231,3,5.0
137231,18,4.0
137231,2436,5.0
128447,1927,5.0
128447,50,5.0
128447,2437,5.0
128447,1888,3.0
128447,2441,5.0
128447,337,5.0
128447,2417,5.0
128447,964,5.0
128447,1907,5.0
214855,1927,5.0
214855,1265,5.0
214855,2959,5.0
214855,2595,5.0
214855,2048,5.0
214855,2527,5.0
214855,2471,5.0
214855,83,5.0
214855,1416,5.0
214855,2943,5.0
214855,1998,5.0
101301,1927,0.0
101301,508,5.0
101301,19,5.0
101301,968,5.0
522099,1927,5.0
522099,1343,5.0
522099,1328,5.0
522099,3221,4.0
522099,1618,5.0
522099,172,5.0
522099,3093,5.0
522099,2304,4.0
522099,2367,5.0
522099,1570,5.0
522099,2518,5.0
522099,1902,5.0
522099,2817,5.0
522099,184,4.0
522099,2076,5.0
522099,3301,4.0
522099,100,5.0
522099,856,5.0
522099,1445,5.0
586469,1927,5.0
586469,3355,5.0
586469,114,4.0
586469,1004,4.0
586469,1899,4.0
586469,619,4.0
324677,1927,5.0
324677,1311,3.0
324677,2125,3.0
324677,2718,4.0
324677,2786,4.0
324677,2,4.0
324677,12,5.0
324677,2422,5.0
324677,3,5.0
324677,2421,5.0
324677,42,5.0
591314,1927,5.0
591314,965,5.0
591314,2419,5.0
591314,1901,5.0
591314,2,4.0
591314,1909,5.0
591314,2366,4.0
591314,1152,5.0
591314,27,5.0
591314,2515,5.0
591314,178,4.0
591314,1260,5.0
591314,1313,5.0
783601,1927,4.0
783601,1924,5.0
783601,2419,5.0
783601,7,5.0
783601,98,4.0
783601,1256,5.0
783601,658,3.0
783601,2432,4.0
783601,1959,3.0
783601,2424,4.0
783601,2032,5.0
783601,2071,4.0
573544,1927,4.0
573544,2419,4.0
573544,2416,5.0
573544,32,4.0
573544,961,3.0
573544,2450,4.0
67835,1927,5.0
67835,1016,5.0
67835,2416,5.0
67835,1974,5.0
67835,2057,5.0
67835,84,5.0
67835,88,5.0
67835,2763,5.0
67835,1885,5.0
67835,53,5.0
67835,2024,5.0
67835,3,4.0
67835,2317,5.0
67835,185,5.0
67835,2450,5.0
67835,2516,4.0
1122988,1927,5.0
1122988,1277,5.0
1122988,2829,4.0
1122988,2072,5.0
1122988,961,5.0
1122988,2085,5.0
1122988,13,5.0
1122988,2462,5.0
1122988,2424,5.0
1122988,2803,4.0
1122988,51,5.0
1122988,629,5.0
1122988,78,4.0
421546,1927,5.0
421546,2477,4.0
421546,2587,5.0
421546,3185,5.0
328467,1927,5.0
328467,2821,5.0
328467,2488,3.0
328467,2825,5.0
328467,3036,0.0
328467,1549,3.0
328467,1832,5.0
328467,993,0.0
298981,2275,5.0
298981,164,5.0
298981,2422,4.0
298981,2429,5.0
298981,104,5.0
185139,2275,5.0
185139,37,5.0
185139,3157,5.0
185139,1291,4.0
185139,272,5.0
185139,32,5.0
185139,3200,4.0
185139,1581,4.0
185139,423,4.0
185139,105,3.0
185139,2591,4.0
185139,3216,4.0
185139,2766,5.0
185139,1087,3.0
185139,1151,4.0
185139,2446,4.0
185139,2417,4.0
185139,1950,4.0
185139,2052,4.0
10404,2275,5.0
10404,2103,5.0
10404,399,5.0
10404,1904,5.0
10404,179,5.0
10404,745,5.0
10404,2021,5.0
10404,853,5.0
10404,299,5.0
10404,257,5.0
10404,102,5.0
10404,682,5.0
10404,45,5.0
10404,2421,5.0
10404,2053,5.0
9670,3243,5.0
9670,2107,5.0
9670,36,5.0
9670,1424,5.0
9670,197,5.0
9670,40,5.0
9670,1,5.0
9670,1931,5.0
9670,15,5.0
9670,1887,5.0
9670,356,5.0
945395,2916,5.0
945395,911,5.0
945395,2332,5.0
945395,105,5.0
945395,1908,5.0
474322,2588,5.0
474322,36,5.0
474322,984,5.0
474322,737,5.0
474322,547,5.0
474322,2783,5.0
474322,2465,5.0
474322,1863,5.0
474322,12,5.0
474322,46,5.0
474322,51,5.0
474322,2542,5.0
474322,666,5.0
474322,964,5.0
474322,108,5.0
474322,1019,5.0
296027,2588,5.0
296027,1127,4.0
296027,517,5.0
296027,3114,5.0
296027,1631,5.0
296027,2690,5.0
296027,2565,5.0
296027,149,4.0
296027,2684,5.0
296027,382,5.0
296027,2491,5.0
296027,2298,5.0
296027,2025,4.0
296027,993,5.0
296027,2036,5.0
296027,1014,4.0
1522598,2588,5.0
1522598,2416,5.0
1522598,6,5.0
1522598,175,5.0
1522598,802,5.0
1522598,2462,5.0
1522598,1920,5.0
1522598,18,5.0
1522598,2042,5.0
1522598,2421,5.0
93446,1548,5.0
93446,1259,5.0
93446,1291,5.0
93446,1252,5.0
93446,1390,5.0
93446,2285,5.0
93446,1485,5.0
93446,1304,5.0
93446,539,5.0
93446,3061,4.0
93446,1273,5.0
93446,1967,5.0
93446,1439,5.0
93446,1466,5.0
93446,3035,5.0
93446,2838,5.0
93446,1525,4.0
93446,1236,3.0
93446,1428,5.0
93446,2038,5.0
93446,1441,5.0
93446,1309,5.0
93446,2297,5.0
93446,1694,5.0
652321,1548,5.0
652321,2095,4.0
652321,2435,5.0
652321,2462,5.0
652321,667,5.0
1055699,1548,5.0
1055699,1812,5.0
1055699,1966,5.0
1055699,2085,5.0
1055699,2318,5.0
1055699,1278,5.0
562865,1548,5.0
562865,8,5.0
562865,2437,5.0
562865,2434,4.0
562865,2948,4.0
562865,2475,4.0
562865,2428,4.0
562865,3149,4.0
1575360,1548,5.0
1575360,2420,5.0
1575360,16,2.0
1575360,1901,5.0
1575360,430,5.0
1575360,120,0.0
1575360,4,4.0
240692,1548,5.0
240692,48,5.0
240692,2201,5.0
240692,27,5.0
240692,143,5.0
2000178961,1548,4.0
2000178961,8,4.0
2000178961,20,4.0
2000178961,1967,3.0
2000178961,1955,3.0
2000178961,2448,3.0
2000178961,2475,3.0
594139,1220,5.0
594139,407,5.0
594139,3324,5.0
594139,2230,5.0
594139,92,5.0
594139,984,5.0
594139,981,5.0
594139,2072,5.0
594139,575,5.0
594139,1081,5.0
594139,2348,5.0
594139,2308,4.0
594139,2048,5.0
594139,738,5.0
594139,679,5.0
594139,3165,5.0
594139,404,5.0
594139,2345,5.0
594139,1078,5.0
594139,996,5.0
594139,83,5.0
594139,431,5.0
594139,1118,5.0
594139,3370,4.0
594139,1032,5.0
594139,3251,5.0
594139,1040,5.0
594139,414,5.0
594139,1880,5.0
594139,600,5.0
594139,3348,5.0
594139,2362,5.0
594139,2911,4.0
49304,1559,4.0
49304,227,5.0
49304,1886,5.0
49304,2416,5.0
49304,16,5.0
49304,1906,5.0
49304,3019,4.0
49304,2525,5.0
49304,1158,5.0
49304,2822,5.0
49304,961,5.0
49304,132,5.0
49304,148,5.0
49304,13,5.0
49304,1022,5.0
49304,1949,5.0
49304,53,5.0
49304,29,5.0
49304,2038,5.0
49304,101,5.0
49304,69,5.0
49304,830,5.0
49304,1151,5.0
49304,2417,5.0
49304,96,5.0
49304,2444,5.0
49304,153,5.0
49304,2430,5.0
49304,962,5.0
49304,44,5.0
49304,2423,5.0
49304,2592,5.0
67026,1559,5.0
67026,1587,5.0
67026,569,5.0
67026,3072,5.0
67026,1816,5.0
67026,1029,4.0
67026,1550,5.0
67026,947,5.0
67026,2956,5.0
67026,235,5.0
18391,1559,5.0
18391,1735,5.0
18391,1621,5.0
18391,1886,5.0
18391,36,5.0
18391,681,5.0
18391,7,5.0
18391,1842,5.0
18391,26,5.0
18391,1678,5.0
18391,2818,5.0
18391,2824,4.0
18391,1963,5.0
18391,1918,5.0
18391,1836,5.0
18391,961,5.0
18391,1816,5.0
18391,88,4.0
18391,1554,5.0
18391,1282,5.0
18391,149,5.0
18391,1511,3.0
18391,1269,5.0
18391,2167,4.0
18391,1540,5.0
18391,1,5.0
18391,1536,5.0
18391,1562,5.0
18391,1610,4.0
18391,2206,5.0
18391,1897,5.0
18391,144,4.0
18391,2950,5.0
18391,1946,5.0
18391,34,5.0
18391,545,5.0
18391,1913,5.0
18391,1079,5.0
18391,2867,5.0
18391,1577,5.0
18391,510,5.0
181127,1559,5.0
181127,3345,5.0
181127,2433,5.0
181127,165,5.0
181127,1803,5.0
181127,208,5.0
181127,2415,5.0
181127,1538,5.0
181127,65,5.0
181127,1301,5.0
181127,3149,5.0
181127,522,5.0
171303,1559,5.0
171303,1531,5.0
171303,681,5.0
171303,122,5.0
171303,2189,5.0
171303,509,5.0
171303,732,4.0
171303,770,5.0
171303,1545,5.0
171303,3262,5.0
171303,2285,5.0
171303,2433,5.0
171303,2086,5.0
171303,689,5.0
171303,2902,5.0
171303,151,5.0
171303,1918,5.0
171303,175,5.0
171303,2409,5.0
171303,40,5.0
171303,73,5.0
171303,236,5.0
171303,1532,5.0
171303,1851,4.0
171303,658,4.0
171303,2995,3.0
171303,2866,4.0
171303,2548,5.0
171303,1286,5.0
171303,349,5.0
171303,3154,5.0
171303,1540,5.0
171303,3,5.0
171303,672,5.0
171303,2038,5.0
171303,842,3.0
171303,1278,5.0
171303,1646,5.0
171303,2939,5.0
171303,285,4.0
171303,2502,4.0
171303,555,4.0
171303,2725,5.0
171303,284,4.0
171303,1535,5.0
219733,1559,4.0
219733,1311,4.0
219733,2286,5.0
219733,2312,4.0
219733,1707,4.0
219733,1908,3.0
219733,783,5.0
219733,2295,4.0
219733,1558,5.0
219733,510,5.0
219733,1887,5.0
215898,1559,5.0
215898,17,4.0
215898,2289,5.0
215898,3168,5.0
215898,2416,5.0
215898,3239,5.0
215898,691,4.0
215898,1724,4.0
215898,1911,5.0
215898,125,5.0
215898,599,5.0
215898,2085,5.0
215898,2961,5.0
215898,13,5.0
215898,79,5.0
215898,3150,5.0
215898,3172,5.0
215898,41,5.0
215898,74,4.0
215898,656,4.0
215898,3253,5.0
215898,44,3.0
215898,1009,5.0
55017,1559,5.0
55017,660,5.0
55017,1817,5.0
55017,1585,5.0
55017,1649,5.0
55017,3034,3.0
55017,2422,4.0
55017,658,2.0
55017,2415,5.0
55017,1266,5.0
55017,1885,3.0
55017,51,5.0
55017,2470,4.0
55017,27,5.0
55017,661,4.0
55017,1889,5.0
55017,1556,5.0
55017,23,5.0
55017,2430,5.0
55017,15,4.0
55017,1535,5.0
351789,1559,5.0
351789,6,5.0
351789,3199,4.0
351789,1909,5.0
351789,1260,5.0
227978,1056,5.0
227978,1722,5.0
227978,3110,5.0
227978,3033,5.0
227978,577,5.0
227978,940,5.0
227978,3349,5.0
227978,3059,5.0
227978,323,5.0
227978,1868,5.0
227978,636,5.0
227978,3030,5.0
227978,3138,5.0
227978,3313,5.0
227978,1015,5.0
227978,3068,5.0
227978,3108,5.0
227978,375,5.0
227978,969,5.0
227978,967,5.0
227978,521,5.0
227978,1266,5.0
227978,477,5.0
227978,54,5.0
227978,1604,5.0
227978,234,5.0
227978,680,5.0
227978,2590,5.0
227978,1268,5.0
227978,2243,5.0
227978,1329,5.0
227978,121,5.0
227978,1962,5.0
227978,2025,5.0
227978,2538,5.0
227978,589,5.0
227978,531,5.0
227978,1013,5.0
227978,2664,4.0
227978,2276,5.0
227978,3218,5.0
227978,1048,5.0
227978,2036,5.0
227978,2099,5.0
499050,930,4.0
499050,660,4.0
499050,1886,5.0
499050,36,5.0
499050,7,5.0
499050,59,5.0
499050,6,5.0
499050,16,4.0
499050,1943,5.0
499050,659,4.0
499050,1179,3.0
499050,20,4.0
499050,165,4.0
499050,847,5.0
499050,40,4.0
499050,33,5.0
499050,13,4.0
499050,2415,4.0
499050,508,3.0
499050,720,4.0
499050,2424,5.0
499050,11,5.0
499050,2227,3.0
499050,3,4.0
499050,93,4.0
499050,403,4.0
499050,42,3.0
499050,2200,3.0
499050,2423,4.0
499050,3169,4.0
1052207,930,5.0
1052207,565,5.0
1052207,2011,5.0
1052207,1977,5.0
20371,411,4.0
20371,227,4.0
20371,1036,5.0
20371,36,5.0
20371,31,4.0
20371,139,5.0
20371,193,5.0
20371,2415,5.0
20371,1888,5.0
20371,38,5.0
20371,1948,0.0
20371,2121,5.0
20371,1947,5.0
20371,2424,5.0
20371,686,5.0
20371,11,5.0
20371,1979,5.0
20371,556,5.0
20371,3233,5.0
20371,705,5.0
20371,3149,5.0
266392,411,4.0
266392,72,4.0
266392,52,4.0
266392,3323,4.0
109041,411,4.0
109041,2085,5.0
109041,1,5.0
109041,3,5.0
109041,1887,5.0
280605,411,5.0
280605,1073,5.0
280605,961,5.0
280605,2292,5.0
280605,2944,5.0
258285,411,4.0
258285,352,4.0
258285,176,3.0
258285,2237,4.0
258285,869,4.0
258285,3085,5.0
258285,664,4.0
258285,2817,4.0
258285,1524,4.0
258285,18,4.0
258285,482,5.0
258285,3127,5.0
258285,2283,4.0
258285,1521,4.0
258285,2436,4.0
1411577,411,5.0
1411577,16,5.0
1411577,1905,5.0
1411577,66,4.0
1411577,2366,5.0
1411577,2504,5.0
1411577,18,5.0
142313,411,4.0
142313,136,0.0
142313,2000,5.0
142313,3198,4.0
14823,155,5.0
14823,170,5.0
14823,2490,5.0
14823,2530,4.0
14823,1009,5.0
14823,2495,5.0
106580,155,5.0
106580,2014,4.0
106580,2438,5.0
106580,87,5.0
106580,1885,5.0
106580,45,5.0
106580,78,5.0
106580,2436,5.0
199708,155,5.0
199708,90,5.0
199708,2648,5.0
199708,2368,5.0
199708,1885,5.0
199708,1913,5.0
199708,1900,5.0
129958,155,4.0
129958,239,5.0
129958,36,5.0
129958,1456,5.0
129958,21,5.0
129958,508,5.0
129958,2975,5.0
129958,2152,5.0
129958,102,5.0
129958,988,5.0
129958,2443,5.0
129958,10,5.0
129958,2080,5.0
777092,155,5.0
777092,511,4.0
777092,2416,5.0
777092,2776,5.0
777092,210,5.0
777092,2421,5.0
777092,2430,4.0
777092,15,4.0
321820,155,3.0
321820,3167,5.0
321820,92,5.0
321820,2391,5.0
321820,2437,5.0
321820,16,5.0
321820,658,5.0
321820,670,5.0
321820,110,4.0
321820,3,4.0
321820,35,5.0
321820,65,4.0
321820,2450,4.0
321820,14,3.0
76074,155,5.0
76074,1906,5.0
76074,2024,5.0
76074,2417,5.0
76074,15,5.0
1058174,155,5.0
1058174,1531,5.0
1058174,7,5.0
1058174,209,5.0
1058174,546,2.0
1235236,155,2.0
1235236,2418,5.0
1235236,2438,5.0
1235236,656,5.0
503916,3343,2.0
503916,2376,5.0
503916,2285,5.0
503916,658,4.0
503916,3346,4.0
503916,1003,5.0
503916,2436,4.0
69838,3343,5.0
69838,1840,5.0
69838,999,5.0
69838,1568,5.0
69838,2546,5.0
69838,591,5.0
69838,1545,5.0
69838,2656,4.0
69838,2902,4.0
69838,2266,4.0
69838,1567,0.0
69838,1543,5.0
69838,1256,5.0
69838,2949,5.0
69838,1948,4.0
69838,1807,4.0
69838,1643,5.0
69838,2756,5.0
69838,1811,5.0
69838,27,5.0
69838,811,5.0
69838,2637,4.0
69838,1623,5.0
69838,1998,5.0
69838,289,5.0
69838,2482,5.0
69838,3323,5.0
190421,3343,4.0
190421,63,4.0
190421,436,5.0
190421,3,5.0
442366,3343,2.0
442366,659,4.0
442366,1263,4.0
442366,1151,4.0
45524,3343,5.0
45524,1971,5.0
45524,2405,5.0
45524,2650,5.0
45524,2285,5.0
45524,1901,0.0
45524,2021,5.0
45524,2426,4.0
45524,33,5.0
45524,3237,5.0
45524,2222,5.0
45524,1995,5.0
45524,1276,5.0
45524,3152,0.0
45524,1954,5.0
45524,3,5.0
45524,682,5.0
45524,1558,5.0
45524,1910,5.0
379033,3343,5.0
379033,1895,5.0
379033,2488,5.0
379033,3356,5.0
379033,658,5.0
379033,670,5.0
379033,2382,5.0
379033,18,5.0
379033,3316,5.0
379033,2417,5.0
379033,3156,4.0
29667,3343,5.0
29667,2303,5.0
29667,5,5.0
29667,961,5.0
29667,685,5.0
29667,2474,5.0
29667,1887,5.0
158446,3343,2.0
158446,1895,5.0
158446,699,2.0
158446,659,5.0
158446,2586,3.0
158446,2113,5.0
158446,1908,5.0
158446,667,0.0
158446,2950,5.0
158446,3209,4.0
1052873,2652,5.0
1052873,311,4.0
1052873,940,5.0
1052873,509,4.0
1052873,31,5.0
1052873,2188,5.0
1052873,91,4.0
1052873,67,4.0
1052873,2286,5.0
1052873,57,5.0
1052873,97,3.0
1052873,2610,5.0
1052873,1369,4.0
1052873,1888,5.0
1052873,3346,4.0
1052873,2113,4.0
1052873,1045,5.0
1052873,3160,4.0
1052873,1270,5.0
1052873,2558,4.0
1052873,1920,5.0
1052873,3069,4.0
1052873,1354,5.0
1052873,2445,5.0
1052873,2947,4.0
1052873,85,5.0
1052873,2440,4.0
1052873,693,5.0
1052873,22,5.0
1052873,1877,5.0
1052873,308,5.0
242729,2652,5.0
242729,1173,5.0
242729,1516,5.0
242729,2177,5.0
242729,520,5.0
242729,1419,0.0
242729,3340,5.0
242729,1158,5.0
242729,1046,5.0
242729,1479,5.0
242729,350,5.0
242729,276,5.0
242729,818,5.0
242729,1148,5.0
242729,1010,5.0
242729,2613,5.0
242729,1325,5.0
242729,1226,5.0
242729,1893,5.0
242729,1813,5.0
242729,506,5.0
242729,1142,5.0
242729,1251,5.0
242729,3129,5.0
242729,2570,5.0
242729,1023,5.0
242729,423,5.0
242729,2590,5.0
242729,3216,5.0
242729,3127,5.0
242729,3086,5.0
242729,1514,5.0
242729,1013,5.0
242729,1492,5.0
242729,1483,5.0
242729,2231,5.0
242729,1913,5.0
242729,1048,0.0
242729,2249,5.0
242729,112,5.0
719313,2652,5.0
719313,2466,5.0
719313,2611,4.0
719313,2419,5.0
719313,577,5.0
719313,2621,4.0
719313,2415,5.0
719313,116,5.0
719313,333,4.0
719313,1,5.0
719313,2451,5.0
719313,2417,5.0
719313,2657,5.0
719313,3087,5.0
719313,1892,5.0
65502,2652,5.0
65502,2671,5.0
65502,2691,4.0
65502,1381,5.0
65502,2488,5.0
65502,16,4.0
65502,3141,5.0
65502,5,5.0
65502,97,5.0
65502,2134,5.0
65502,183,5.0
65502,3356,5.0
65502,1010,5.0
65502,248,5.0
65502,234,5.0
65502,1168,5.0
65502,3099,5.0
65502,1576,5.0
65502,1165,5.0
65502,514,4.0
65502,2597,5.0
65502,3096,4.0
65502,531,5.0
65502,2664,5.0
65502,1359,5.0
65502,505,5.0
65502,989,5.0
65502,2678,5.0
65502,365,5.0
65502,2526,5.0
678366,2652,5.0
678366,2905,4.0
678366,2878,5.0
678366,745,5.0
678366,2876,5.0
678366,2955,5.0
678366,2919,5.0
678366,3091,5.0
678366,1972,5.0
678366,2438,4.0
678366,1335,5.0
678366,1968,5.0
678366,2424,5.0
678366,423,5.0
678366,680,5.0
678366,1200,5.0
678366,2966,5.0
678366,2306,5.0
678366,2292,5.0
678366,2295,5.0
678366,112,5.0
678366,2425,5.0
678366,3137,5.0
21752,3027,5.0
21752,1621,4.0
21752,876,5.0
21752,7,5.0
21752,2114,4.0
21752,698,5.0
21752,2316,5.0
21752,2517,5.0
21752,1485,4.0
21752,1973,5.0
21752,3072,5.0
21752,3104,5.0
21752,2039,5.0
21752,664,5.0
21752,543,5.0
21752,2937,5.0
21752,3186,5.0
21752,1269,5.0
21752,948,5.0
21752,2965,5.0
21752,3301,5.0
21752,1983,5.0
21752,1288,5.0
21752,962,5.0
21752,2192,5.0
420929,3027,2.0
420929,2420,5.0
420929,40,4.0
420929,2288,4.0
420929,141,5.0
420929,29,5.0
420929,2146,3.0
790962,2396,5.0
790962,1155,5.0
790962,13,5.0
790962,2288,4.0
790962,19,3.0
790962,27,4.0
790962,3,4.0
790962,1832,5.0
790962,23,5.0
303700,1324,5.0
303700,323,5.0
303700,359,5.0
303700,456,5.0
303700,276,5.0
303700,2261,5.0
303700,1684,5.0
303700,1629,5.0
303700,1556,5.0
303700,408,0.0
537179,1324,5.0
537179,763,5.0
537179,16,5.0
537179,2643,5.0
537179,5,5.0
537179,2426,5.0
537179,986,5.0
537179,1994,5.0
537179,149,5.0
537179,126,5.0
537179,661,5.0
1680722,1324,5.0
1680722,1722,5.0
1680722,2337,5.0
1680722,1996,5.0
1680722,938,5.0
1680722,435,5.0
1680722,2932,5.0
1680722,1647,5.0
1680722,762,5.0
1680722,2955,5.0
1680722,1400,5.0
1680722,3108,5.0
1680722,3292,5.0
1680722,1108,5.0
1680722,3015,5.0
1680722,969,5.0
1680722,3104,5.0
1680722,959,5.0
1680722,1813,5.0
1680722,2973,5.0
1680722,2890,5.0
1680722,1379,5.0
1680722,349,5.0
1680722,1371,5.0
1680722,1270,5.0
1680722,1920,5.0
1680722,3198,5.0
1680722,1329,5.0
1680722,3000,5.0
1680722,3095,5.0
1680722,1410,5.0
1680722,3329,5.0
869184,1324,5.0
869184,2477,5.0
869184,2945,5.0
869184,3167,5.0
869184,1055,4.0
869184,3030,5.0
869184,2,5.0
869184,513,5.0
869184,969,5.0
869184,183,5.0
869184,3356,5.0
869184,3342,4.0
869184,2863,5.0
869184,3161,0.0
869184,658,5.0
869184,2890,5.0
869184,3234,5.0
869184,3146,0.0
869184,415,4.0
869184,1775,5.0
869184,1999,5.0
869184,2298,5.0
869184,2901,5.0
869184,30,5.0
869184,1556,5.0
869184,1300,5.0
17608,1840,5.0
17608,2079,5.0
17608,3153,5.0
17608,2603,5.0
17608,401,5.0
17608,160,5.0
17608,109,5.0
23479,1840,5.0
23479,1640,5.0
23479,227,5.0
23479,664,4.0
23479,2049,5.0
232823,1840,5.0
232823,882,4.0
232823,1849,4.0
232823,1854,4.0
232823,1807,2.0
232823,2819,3.0
232823,537,5.0
232823,1535,5.0
600761,1840,4.0
600761,5,5.0
600761,2467,5.0
600761,112,5.0
33443,747,5.0
33443,1531,5.0
33443,2426,5.0
33443,1274,4.0
33443,380,5.0
33443,2468,5.0
33443,34,5.0
33443,60,5.0
232190,747,5.0
232190,1924,5.0
232190,2376,4.0
232190,2457,4.0
232190,2420,5.0
232190,1190,5.0
232190,52,4.0
232190,1050,5.0
232190,46,5.0
232190,2415,4.0
232190,1188,3.0
232190,1902,4.0
232190,2007,5.0
232190,1890,4.0
232190,1956,5.0
232190,3,4.0
232190,47,3.0
232190,2459,3.0
232190,210,5.0
232190,2017,4.0
232190,2421,5.0
232190,35,4.0
232190,1153,5.0
232190,519,4.0
232190,2464,4.0
232190,1009,4.0
232190,119,3.0
232190,302,5.0
59886,223,5.0
59886,140,5.0
59886,1885,3.0
59886,1910,5.0
59886,78,5.0
202992,223,4.0
202992,699,5.0
202992,16,5.0
202992,2090,4.0
202992,2716,5.0
78466,223,5.0
78466,737,5.0
78466,134,5.0
78466,68,5.0
78466,63,5.0
78466,10,5.0
489929,223,4.0
489929,77,5.0
489929,3061,5.0
489929,1280,0.0
489929,1903,4.0
489929,18,5.0
231507,223,5.0
231507,2285,5.0
231507,1963,5.0
231507,1939,4.0
231507,961,5.0
231507,198,5.0
224170,223,4.0
224170,170,3.0
224170,2453,5.0
224170,5,4.0
224170,2422,5.0
224170,19,5.0
224170,2444,4.0
224170,1914,4.0
224170,284,5.0
291188,223,3.0
291188,142,4.0
291188,534,5.0
291188,3061,5.0
291188,2418,5.0
291188,525,5.0
291188,1955,3.0
291188,21,5.0
291188,2551,4.0
291188,2043,5.0
291188,676,3.0
101732,223,4.0
101732,77,5.0
101732,31,5.0
101732,2072,5.0
101732,95,3.0
101732,3061,5.0
101732,2418,5.0
101732,40,5.0
101732,46,4.0
101732,2368,5.0
101732,184,5.0
101732,709,5.0
101732,2017,5.0
101732,2689,5.0
183968,223,4.0
183968,290,5.0
183968,360,2.0
183968,2426,5.0
183968,148,5.0
183968,2464,3.0
183968,322,4.0
183968,2423,5.0
233398,223,4.0
233398,669,4.0
233398,381,4.0
233398,2416,5.0
233398,2488,5.0
233398,5,5.0
233398,34,5.0
233398,65,5.0
233398,2417,5.0
630268,223,5.0
630268,1904,5.0
630268,172,5.0
630268,2039,5.0
630268,1930,5.0
630268,18,5.0
630268,1887,5.0
67009,223,0.0
67009,1025,5.0
67009,1857,5.0
67009,1336,5.0
67009,1580,5.0
153188,3101,5.0
153188,2188,5.0
153188,2437,4.0
153188,2503,5.0
153188,97,4.0
153188,2561,5.0
153188,2415,5.0
153188,2111,5.0
153188,163,4.0
153188,45,3.0
221855,3101,5.0
221855,694,5.0
221855,432,5.0
221855,1941,5.0
221855,664,5.0
221855,149,5.0
221855,2473,5.0
39636,1571,5.0
39636,239,5.0
39636,2285,5.0
39636,1637,5.0
39636,1737,5.0
39636,2937,5.0
39636,101,5.0
39636,2943,5.0
39636,2634,5.0
179232,1571,5.0
179232,1091,5.0
179232,2085,5.0
179232,419,5.0
179232,790,5.0
179232,1872,5.0
179232,2570,5.0
179232,1690,5.0
179232,1297,5.0
179232,457,5.0
179232,1926,5.0
326540,1571,5.0
326540,1886,5.0
326540,2405,5.0
326540,3152,4.0
363813,1571,5.0
363813,2821,5.0
363813,658,5.0
363813,3149,5.0
380723,1571,5.0
380723,1561,5.0
380723,188,5.0
380723,670,4.0
380723,3197,5.0
380723,10,5.0
380723,657,4.0
252727,1571,5.0
252727,2477,3.0
252727,2426,4.0
252727,1786,5.0
252727,3342,5.0
252727,1554,5.0
252727,2304,4.0
252727,2290,5.0
252727,19,5.0
252727,1542,5.0
252727,321,5.0
252727,1564,3.0
252727,1588,3.0
56498,17,5.0
56498,3345,5.0
56498,344,5.0
56498,161,5.0
56498,388,5.0
56498,75,5.0
56498,2620,5.0
56498,1,5.0
56498,673,5.0
56498,1260,5.0
22724,17,5.0
22724,122,5.0
22724,106,5.0
22724,52,4.0
22724,73,5.0
22724,670,5.0
22724,1869,5.0
22724,1885,5.0
22724,2023,5.0
22724,1,5.0
22724,118,4.0
22724,1897,5.0
22724,2417,5.0
8526,17,4.0
8526,3061,5.0
8526,310,5.0
8526,2329,5.0
8526,1472,5.0
8526,78,5.0
143218,17,5.0
143218,240,4.0
143218,2255,5.0
143218,63,4.0
143218,69,5.0
39334,17,5.0
39334,80,5.0
39334,91,4.0
39334,2005,5.0
39334,207,5.0
39334,183,5.0
39334,41,5.0
39334,2415,5.0
39334,1885,5.0
39334,371,5.0
39334,3,5.0
39334,538,5.0
39334,2451,5.0
39334,45,5.0
39334,185,5.0
39334,2450,5.0
129357,17,4.0
129357,2285,5.0
129357,496,4.0
129357,2672,4.0
129357,1923,4.0
179133,17,5.0
179133,2466,5.0
179133,1434,5.0
179133,1448,5.0
179133,616,4.0
179133,2554,4.0
179133,2505,5.0
179133,2285,5.0
179133,1814,5.0
179133,1961,5.0
179133,2903,3.0
179133,2928,5.0
179133,2547,5.0
179133,2435,4.0
179133,424,5.0
179133,3293,4.0
179133,2714,5.0
179133,2162,5.0
179133,2422,5.0
179133,2537,5.0
179133,1266,4.0
179133,2552,5.0
179133,2449,5.0
179133,1829,5.0
179133,2809,5.0
179133,1371,5.0
179133,423,5.0
179133,1405,5.0
179133,962,5.0
179133,519,5.0
179133,123,5.0
192849,17,5.0
192849,2556,5.0
192849,965,5.0
192849,36,5.0
192849,2829,5.0
192849,2285,5.0
192849,16,5.0
192849,152,5.0
192849,97,5.0
192849,12,5.0
192849,1970,5.0
192849,334,4.0
192849,2161,5.0
192849,2063,5.0
192849,10,5.0
192849,42,5.0
192849,2815,5.0
192849,2019,5.0
168921,17,5.0
168921,1568,2.0
168921,1001,4.0
168921,2285,5.0
168921,1234,5.0
168921,1328,4.0
168921,1437,4.0
168921,1273,4.0
168921,2247,5.0
168921,994,3.0
168921,1447,4.0
168921,1865,5.0
168921,171,3.0
168921,2837,4.0
168921,1536,4.0
168921,3175,5.0
168921,1002,5.0
168921,514,3.0
168921,403,5.0
168921,2885,5.0
168921,1260,5.0
168921,464,5.0
129796,17,5.0
129796,2437,4.0
129796,433,5.0
129796,3,5.0
209942,17,5.0
209942,32,5.0
209942,2598,4.0
209942,325,5.0
105125,17,5.0
105125,142,5.0
105125,52,4.0
105125,2415,5.0
105125,1902,5.0
105125,1909,5.0
97775,17,4.0
97775,972,5.0
97775,3344,5.0
97775,1261,5.0
97775,165,4.0
97775,3342,4.0
97775,35,3.0
97775,96,3.0
97775,1900,4.0
267361,17,5.0
267361,1259,5.0
267361,1311,5.0
267361,1256,5.0
267361,75,5.0
267361,2501,5.0
290994,17,5.0
290994,129,5.0
290994,46,5.0
290994,1887,5.0
57256,17,4.0
57256,142,5.0
57256,2016,5.0
57256,31,5.0
57256,225,5.0
57256,58,5.0
57256,181,5.0
57256,2,4.0
57256,47,5.0
57256,245,5.0
57256,337,5.0
57256,2495,5.0
125512,17,5.0
125512,80,4.0
125512,2426,5.0
125512,1256,5.0
125512,1,5.0
125512,29,5.0
125512,2446,5.0
125512,2417,5.0
125512,4,5.0
305187,17,5.0
305187,205,5.0
305187,2,5.0
305187,2435,5.0
305187,1902,5.0
305187,2417,5.0
246482,17,5.0
246482,267,5.0
246482,50,5.0
246482,1425,5.0
246482,598,3.0
246482,1481,0.0
246482,862,5.0
246482,3054,5.0
246482,1146,5.0
246482,404,5.0
246482,177,5.0
246482,1657,4.0
246482,513,5.0
246482,3046,4.0
246482,3314,5.0
246482,804,5.0
246482,1010,5.0
246482,2613,5.0
246482,1407,5.0
246482,1064,5.0
246482,2684,5.0
246482,1704,3.0
246482,124,3.0
246482,1187,5.0
246482,656,5.0
201762,17,5.0
201762,7,5.0
201762,72,5.0
201762,2,5.0
201762,197,3.0
201762,656,5.0
201762,308,5.0
191047,17,3.0
191047,52,5.0
191047,2415,5.0
191047,2449,5.0
191047,47,4.0
191047,2445,5.0
490142,17,5.0
490142,681,0.0
490142,1263,5.0
490142,70,5.0
490142,48,5.0
490142,2195,5.0
490142,1978,5.0
490142,2474,5.0
490142,23,5.0
490142,308,5.0
136828,17,5.0
136828,2051,5.0
136828,1923,4.0
136828,384,5.0
279722,17,3.0
279722,671,5.0
279722,2437,5.0
279722,1955,2.0
279722,656,5.0
279722,1892,5.0
291226,17,4.0
291226,2,5.0
291226,1677,5.0
291226,3113,5.0
291226,2434,5.0
749562,17,5.0
749562,534,5.0
749562,2296,5.0
749562,3079,5.0
428060,17,4.0
428060,2416,4.0
428060,2433,4.0
428060,225,4.0
428060,404,4.0
428060,2261,4.0
428060,420,4.0
428060,178,5.0
428060,23,1.0
428060,2430,5.0
428060,2464,4.0
362206,17,5.0
362206,753,5.0
362206,2451,4.0
362206,2445,5.0
362206,22,5.0
593159,17,5.0
593159,2458,2.0
593159,12,4.0
593159,385,4.0
593159,1,5.0
593159,661,4.0
593159,2474,3.0
593159,1951,5.0
530731,17,4.0
530731,91,3.0
530731,6,5.0
530731,14,5.0
792538,17,5.0
792538,1895,0.0
792538,164,5.0
792538,38,5.0
750473,17,5.0
750473,2424,5.0
750473,11,5.0
750473,110,5.0
125640,17,4.0
125640,1886,4.0
125640,7,4.0
125640,1842,3.0
125640,31,2.0
125640,3003,5.0
125640,290,5.0
125640,512,5.0
125640,2285,3.0
125640,16,5.0
125640,99,5.0
125640,659,5.0
125640,5,4.0
125640,2,2.0
125640,2565,4.0
125640,1882,3.0
125640,231,3.0
125640,2697,5.0
125640,778,5.0
125640,2877,4.0
125640,1256,4.0
125640,13,3.0
125640,2422,4.0
125640,658,4.0
125640,21,4.0
125640,2415,5.0
125640,678,5.0
125640,1888,5.0
125640,1178,5.0
125640,508,3.0
125640,720,4.0
125640,2424,5.0
125640,1885,4.0
125640,11,5.0
125640,259,5.0
125640,53,3.0
125640,2820,0.0
125640,1,5.0
125640,102,4.0
125640,3,4.0
125640,603,5.0
125640,445,4.0
125640,156,4.0
125640,2421,5.0
125640,35,5.0
125640,10,4.0
125640,962,3.0
125640,15,5.0
125640,2423,4.0
125640,14,3.0
463126,17,5.0
463126,2416,4.0
463126,46,5.0
463126,1942,5.0
463126,10,5.0
463126,1301,5.0
142465,17,5.0
142465,89,5.0
142465,84,5.0
142465,661,5.0
142465,69,4.0
48612,17,5.0
48612,20,5.0
48612,132,5.0
48612,2426,5.0
48612,126,5.0
48612,974,5.0
376098,17,5.0
376098,1936,5.0
376098,2046,5.0
376098,659,5.0
376098,1939,5.0
376098,2426,4.0
376098,2476,4.0
376098,2527,0.0
376098,39,5.0
376098,2451,5.0
376098,700,5.0
376098,673,5.0
376098,10,5.0
376098,662,5.0
456799,17,2.0
456799,32,0.0
456799,33,5.0
456799,1941,5.0
456799,11,5.0
456799,1919,5.0
526810,17,5.0
526810,1960,5.0
526810,2439,5.0
526810,6,5.0
526810,2,3.0
526810,48,5.0
526810,1910,5.0
630176,17,5.0
630176,433,5.0
630176,257,5.0
630176,2415,3.0
368277,17,5.0
368277,2447,4.0
368277,8,4.0
368277,98,4.0
368277,2136,4.0
368277,233,5.0
368277,385,5.0
368277,278,5.0
368277,2448,0.0
368277,1151,4.0
368277,656,5.0
368277,15,4.0
368277,1887,4.0
605921,17,2.0
605921,772,5.0
605921,1943,5.0
605921,1953,5.0
605921,2287,5.0
601529,17,5.0
601529,89,3.0
601529,2190,2.0
601529,967,5.0
601529,2432,5.0
601529,2430,4.0
42217,17,5.0
42217,50,5.0
42217,685,5.0
42217,22,0.0
42217,2815,1.0
42217,962,4.0
227607,17,5.0
227607,2452,5.0
227607,3167,5.0
227607,509,5.0
227607,2420,5.0
227607,32,4.0
227607,1901,5.0
227607,2479,5.0
227607,270,5.0
227607,33,5.0
227607,1941,5.0
227607,157,4.0
227607,1916,4.0
227607,208,5.0
227607,2415,5.0
227607,83,5.0
227607,2032,5.0
227607,1890,5.0
227607,3062,3.0
227607,3,5.0
227607,18,5.0
227607,10,5.0
227607,104,5.0
227607,2940,5.0
227607,22,5.0
227607,3149,3.0
169609,17,5.0
169609,1886,5.0
169609,32,3.0
169609,2424,5.0
169609,2417,5.0
1188656,17,4.0
1188656,2426,5.0
1188656,126,5.0
1188656,115,5.0
1040507,17,5.0
1040507,2621,4.0
1040507,666,5.0
1040507,22,5.0
1040507,2584,5.0
1102585,17,4.0
1102585,295,5.0
1102585,2415,5.0
1102585,1893,5.0
1102585,1153,5.0
484436,17,5.0
484436,8,5.0
484436,11,5.0
484436,914,5.0
484436,15,5.0
53002,17,5.0
53002,98,5.0
53002,405,5.0
53002,99,5.0
53002,664,5.0
53002,1888,5.0
103224,17,4.0
103224,1904,5.0
103224,813,5.0
103224,317,5.0
103224,2415,5.0
103224,1888,5.0
103224,1885,3.0
103224,1,5.0
103224,294,5.0
103224,35,5.0
103224,10,5.0
103224,1896,5.0
46357,17,5.0
46357,2958,4.0
46357,26,4.0
46357,2420,5.0
46357,13,2.0
46357,21,5.0
46357,508,4.0
46357,19,5.0
46357,2446,4.0
46357,2484,4.0
46357,358,4.0
46357,4,4.0
404043,17,5.0
404043,2419,0.0
404043,2050,5.0
404043,2061,5.0
404043,34,5.0
404043,74,4.0
206354,17,5.0
206354,1273,4.0
206354,40,5.0
206354,2451,5.0
206354,2446,5.0
666682,17,5.0
666682,1886,3.0
666682,5,4.0
666682,3342,5.0
666682,1890,3.0
666682,657,2.0
442244,17,5.0
442244,972,5.0
442244,2556,3.0
442244,698,5.0
442244,1939,5.0
314983,17,1.0
314983,138,5.0
314983,961,5.0
314983,338,5.0
120264,17,4.0
120264,311,5.0
120264,1901,5.0
120264,3061,5.0
120264,164,5.0
120264,1905,4.0
120264,508,4.0
120264,300,5.0
120264,1979,5.0
120264,538,0.0
120264,294,5.0
120264,674,4.0
120264,10,5.0
238113,17,4.0
238113,1904,4.0
238113,2416,4.0
238113,2125,4.0
238113,2046,4.0
238113,659,3.0
238113,5,5.0
238113,28,4.0
238113,52,5.0
238113,208,4.0
238113,63,5.0
238113,1835,5.0
238113,2424,5.0
238113,2024,5.0
238113,3,5.0
238113,1920,4.0
238113,2018,4.0
238113,2460,5.0
238113,119,4.0
318235,17,3.0
318235,1886,5.0
318235,2511,4.0
318235,3147,4.0
318235,1929,5.0
318235,136,5.0
318235,32,4.0
318235,534,3.0
318235,175,5.0
318235,1046,5.0
318235,961,5.0
318235,13,4.0
318235,1932,4.0
318235,1060,5.0
318235,3058,5.0
318235,1888,4.0
318235,2059,5.0
318235,1947,5.0
318235,2030,5.0
318235,1915,2.0
318235,2468,3.0
318235,96,2.0
318235,2118,5.0
771965,17,5.0
771965,370,4.0
771965,204,5.0
771965,26,5.0
771965,961,5.0
771965,368,5.0
771965,1893,5.0
771965,2443,5.0
771965,150,5.0
383795,17,4.0
383795,2416,5.0
383795,179,5.0
383795,3333,4.0
383795,2488,5.0
383795,2426,5.0
383795,12,5.0
383795,1256,5.0
383795,19,5.0
383795,1890,5.0
383795,2860,5.0
383795,246,0.0
383795,2502,5.0
383795,1892,5.0
383795,1535,5.0
61525,17,5.0
61525,1157,5.0
61525,129,5.0
61525,1862,5.0
166019,17,5.0
166019,353,5.0
166019,18,5.0
166019,1933,0.0
599741,17,0.0
599741,2552,4.0
599741,1573,5.0
599741,81,5.0
599741,1537,5.0
2687969,17,5.0
2687969,2421,5.0
2687969,674,4.0
2687969,14,3.0
35701,870,5.0
35701,335,5.0
35701,2729,5.0
35701,1938,5.0
35701,2447,5.0
35701,140,5.0
35701,1906,5.0
35701,395,5.0
35701,5,5.0
35701,2785,5.0
35701,3037,5.0
35701,2127,5.0
35701,3084,5.0
35701,1869,5.0
35701,1885,5.0
35701,1964,4.0
35701,727,5.0
35701,2470,5.0
35701,105,5.0
35701,2649,5.0
35701,1889,5.0
35701,2441,5.0
35701,1896,5.0
35701,78,5.0
35701,2319,5.0
35701,522,5.0
29920,870,5.0
29920,80,4.0
29920,5,5.0
29920,1885,5.0
29920,1,5.0
29920,185,4.0
91453,870,5.0
91453,999,5.0
91453,2289,5.0
91453,2313,5.0
91453,1812,5.0
91453,2285,4.0
91453,659,5.0
91453,95,5.0
91453,73,5.0
91453,3162,5.0
91453,3034,4.0
91453,317,5.0
91453,1611,4.0
91453,779,5.0
91453,2299,5.0
91453,2399,5.0
91453,1588,5.0
985795,2106,5.0
985795,2416,5.0
985795,66,5.0
985795,1915,5.0
985795,39,5.0
985795,2515,5.0
985795,1151,5.0
74558,2106,5.0
74558,655,5.0
74558,557,5.0
74558,2160,5.0
74558,3034,5.0
74558,2432,5.0
74558,532,5.0
74558,1270,5.0
74558,988,5.0
74558,510,5.0
37080,2106,5.0
37080,2213,5.0
37080,80,5.0
37080,768,5.0
37080,46,4.0
37080,2368,5.0
37080,3191,4.0
579911,2791,5.0
579911,2709,5.0
579911,2827,5.0
579911,2134,5.0
579911,248,5.0
579911,169,5.0
579911,10,5.0
445492,1645,5.0
445492,140,5.0
445492,1948,5.0
445492,2684,5.0
445492,1,5.0
445492,308,5.0
445492,522,4.0
355282,1645,5.0
355282,965,4.0
355282,313,5.0
355282,1344,5.0
355282,6,5.0
355282,5,5.0
355282,1274,5.0
355282,3075,5.0
355282,1358,5.0
355282,406,0.0
355282,1268,0.0
355282,2417,5.0
355282,2041,0.0
382203,1645,3.0
382203,660,4.0
382203,1971,3.0
382203,1886,5.0
382203,2671,4.0
382203,8,5.0
382203,323,3.0
382203,1305,4.0
382203,6,5.0
382203,1857,4.0
382203,2438,5.0
382203,1741,5.0
382203,3342,4.0
382203,68,4.0
382203,63,3.0
382203,2513,5.0
382203,3146,4.0
382203,1536,5.0
382203,1533,5.0
382203,1832,5.0
382203,2882,5.0
169065,2709,4.0
169065,2123,5.0
169065,3249,5.0
169065,144,5.0
82648,1596,5.0
82648,370,5.0
82648,1640,5.0
82648,1605,4.0
82648,3241,5.0
82648,703,5.0
82648,13,5.0
82648,1414,3.0
82648,966,5.0
82648,1536,5.0
82648,1915,5.0
82648,2423,5.0
227831,1596,5.0
227831,2065,5.0
227831,1486,5.0
227831,1555,5.0
227831,2028,5.0
227831,1954,5.0
227831,1533,5.0
227831,212,5.0
227831,1564,5.0
311625,1596,5.0
311625,660,4.0
311625,1568,5.0
311625,254,5.0
311625,1788,4.0
311625,339,5.0
311625,1547,5.0
311625,58,5.0
311625,659,5.0
311625,3200,5.0
311625,172,4.0
311625,1606,5.0
311625,1193,5.0
311625,1583,4.0
311625,527,5.0
311625,2441,4.0
311625,128,5.0
311625,1931,3.0
311625,1556,5.0
311625,2816,5.0
311625,2331,4.0
311625,2430,4.0
311625,639,4.0
311625,2436,5.0
597546,1596,5.0
597546,159,5.0
597546,6,5.0
597546,750,5.0
597546,52,5.0
597546,1293,4.0
597546,11,5.0
597546,1069,5.0
597546,1889,4.0
597546,2515,5.0
597546,1301,5.0
62562,1134,4.0
62562,972,5.0
62562,2827,5.0
62562,2226,5.0
62562,315,5.0
62562,1457,5.0
62562,2730,4.0
62562,1267,5.0
62562,3357,5.0
62562,1076,5.0
62562,2071,5.0
73769,1531,5.0
73769,671,5.0
73769,2104,5.0
73769,75,5.0
73769,2432,5.0
73769,3,5.0
73769,682,5.0
73769,1907,5.0
274719,1531,5.0
274719,8,4.0
274719,1544,4.0
274719,11,4.0
274719,2575,4.0
206191,1531,5.0
206191,1568,5.0
206191,2,5.0
206191,1835,5.0
206191,259,5.0
206191,1541,5.0
206191,320,5.0
206191,15,4.0
407145,1531,5.0
407145,64,5.0
407145,1888,5.0
407145,1887,5.0
217557,1531,4.0
217557,33,5.0
217557,725,3.0
217557,1538,5.0
217557,15,5.0
217557,2423,4.0
497100,1531,4.0
497100,8,4.0
497100,2821,5.0
497100,364,5.0
497100,2479,5.0
497100,2426,4.0
497100,258,5.0
497100,21,2.0
497100,442,5.0
539781,1531,5.0
539781,2506,5.0
539781,3147,1.0
539781,3342,5.0
38574,1531,5.0
38574,1924,5.0
38574,2447,4.0
38574,509,5.0
38574,1898,5.0
38574,2418,4.0
38574,1256,5.0
38574,670,5.0
38574,283,4.0
38574,1885,4.0
38574,450,5.0
38574,1,5.0
38574,2469,5.0
38574,10,4.0
38574,22,5.0
38574,1887,5.0
136979,1531,5.0
136979,2420,5.0
136979,698,4.0
136979,659,5.0
136979,3165,5.0
136979,524,5.0
136979,12,3.0
136979,2415,5.0
136979,11,4.0
136979,3,4.0
136979,1260,5.0
136979,1896,5.0
136979,23,5.0
136979,1910,4.0
136979,1887,5.0
136979,3149,4.0
486648,1531,5.0
486648,343,4.0
486648,517,5.0
486648,2553,5.0
486648,2,4.0
486648,1973,5.0
486648,658,5.0
486648,21,5.0
486648,11,4.0
486648,163,4.0
486648,1268,4.0
486648,310,5.0
486648,44,4.0
506950,1531,5.0
506950,2,5.0
506950,2415,5.0
506950,2424,5.0
506950,18,5.0
135470,1531,5.0
135470,2289,5.0
135470,552,5.0
135470,1247,5.0
135470,1248,4.0
135470,140,5.0
135470,958,4.0
135470,6,5.0
135470,3140,3.0
135470,1715,5.0
135470,825,4.0
135470,3068,4.0
135470,2834,4.0
135470,969,4.0
135470,1335,5.0
135470,521,5.0
135470,2193,5.0
135470,1290,4.0
135470,3231,5.0
135470,751,5.0
135470,341,1.0
135470,2538,5.0
135470,2292,5.0
135470,1101,3.0
135470,579,4.0
135470,1887,5.0
930470,1531,4.0
930470,2291,5.0
930470,2945,3.0
930470,1676,0.0
930470,1901,2.0
930470,2822,2.0
930470,2212,4.0
930470,3151,5.0
930470,33,4.0
930470,2487,5.0
930470,3146,5.0
930470,948,1.0
930470,2417,5.0
1122474,1531,5.0
1122474,1542,5.0
1122474,617,5.0
1122474,1666,4.0
440735,1531,5.0
440735,1924,4.0
440735,1886,4.0
440735,311,5.0
440735,77,4.0
440735,2189,5.0
440735,1929,5.0
440735,177,5.0
440735,2418,4.0
440735,1274,4.0
440735,2548,4.0
440735,1909,4.0
440735,2028,5.0
440735,2097,5.0
440735,11,5.0
440735,29,4.0
440735,2002,5.0
440735,661,5.0
440735,414,5.0
440735,2448,5.0
440735,49,4.0
440735,667,5.0
440735,2966,5.0
440735,1919,5.0
440735,1978,4.0
440735,2294,4.0
440735,621,4.0
149075,1531,4.0
149075,2480,5.0
149075,767,5.0
149075,128,5.0
149075,2560,5.0
149075,3052,5.0
149075,2444,5.0
149075,3325,5.0
576273,1531,5.0
576273,2189,5.0
576273,7,5.0
576273,2439,5.0
576273,147,5.0
576273,2433,5.0
576273,240,5.0
576273,3061,5.0
576273,152,5.0
576273,46,4.0
576273,53,5.0
576273,1933,5.0
576273,2375,5.0
576273,2475,5.0
576273,120,5.0
576273,1926,5.0
576273,203,5.0
576273,1951,5.0
567976,1531,5.0
567976,2545,5.0
567976,2,5.0
567976,165,5.0
567976,40,5.0
567976,1256,4.0
567976,1834,4.0
567976,11,4.0
567976,2467,4.0
567976,103,5.0
567976,2441,5.0
567976,285,0.0
567976,1887,5.0
567976,1900,5.0
567976,14,3.0
833434,1531,5.0
833434,8,2.0
833434,2416,5.0
833434,140,4.0
833434,2197,5.0
833434,2420,5.0
833434,1303,5.0
833434,1029,3.0
833434,13,5.0
833434,2011,5.0
833434,966,5.0
833434,656,4.0
833434,81,5.0
833434,14,4.0
833434,168,4.0
833434,1535,0.0
396103,1531,5.0
396103,338,5.0
396103,2292,5.0
396103,657,4.0
973916,1531,5.0
973916,1918,5.0
973916,1836,5.0
973916,3159,5.0
973916,1557,4.0
973916,1540,4.0
973916,1556,5.0
796687,1531,5.0
796687,2435,5.0
796687,1981,4.0
796687,180,5.0
222970,1531,4.0
222970,1259,5.0
222970,31,4.0
222970,1634,4.0
222970,3321,4.0
222970,2433,5.0
222970,5,4.0
222970,2,5.0
222970,1263,4.0
222970,2073,5.0
222970,1264,4.0
222970,1885,5.0
222970,1903,5.0
222970,53,5.0
222970,527,4.0
222970,69,5.0
222970,656,5.0
222970,2417,5.0
222970,120,5.0
222970,2423,4.0
1333177,1531,5.0
1333177,2416,5.0
1333177,143,5.0
1333177,673,3.0
122087,1531,5.0
122087,1895,5.0
122087,1886,5.0
122087,70,4.0
122087,2415,3.0
122087,3146,5.0
122087,18,5.0
122087,675,5.0
122087,1887,5.0
310749,1531,5.0
310749,7,5.0
310749,1932,5.0
310749,157,5.0
310749,2293,5.0
310749,514,4.0
310749,2436,3.0
727964,1531,0.0
727964,8,2.0
727964,1917,5.0
727964,1256,5.0
727964,29,5.0
1384367,1531,5.0
1384367,205,5.0
1384367,1911,5.0
1384367,315,5.0
1384367,1543,5.0
1384367,2429,5.0
22174,1531,4.0
22174,2416,5.0
22174,1321,3.0
22174,74,3.0
22174,1896,5.0
22174,81,5.0
373083,1531,5.0
373083,460,5.0
373083,1901,5.0
373083,27,5.0
132010,1531,5.0
132010,1089,5.0
132010,1450,5.0
132010,3151,5.0
132010,137,5.0
132010,1916,5.0
132010,87,5.0
132010,3,5.0
132010,1533,4.0
132010,69,5.0
132010,2445,3.0
132010,656,5.0
132010,2450,5.0
132010,2430,5.0
358698,1531,5.0
358698,899,4.0
358698,1824,5.0
358698,151,5.0
358698,2286,5.0
358698,2302,5.0
358698,354,4.0
358698,1968,5.0
358698,83,0.0
358698,508,4.0
358698,1834,4.0
358698,54,5.0
358698,1915,4.0
358698,661,5.0
358698,1268,5.0
358698,1892,4.0
358698,2425,4.0
2189403,1531,5.0
2189403,2086,4.0
2189403,427,4.0
2189403,3062,3.0
2189403,1908,5.0
2189403,2417,5.0
2324285,1531,4.0
2324285,3274,5.0
2324285,938,5.0
2324285,2447,5.0
2324285,1362,5.0
2324285,1809,5.0
2324285,3074,5.0
2324285,1545,4.0
2324285,1762,5.0
2324285,1763,5.0
2324285,1787,5.0
2324285,1305,5.0
2324285,16,5.0
2324285,3303,3.0
2324285,2904,5.0
2324285,1703,4.0
2324285,2435,5.0
2324285,3365,4.0
2324285,3283,5.0
2324285,2434,5.0
2324285,270,5.0
2324285,3104,5.0
2324285,1686,5.0
2324285,2668,5.0
2324285,3161,5.0
2324285,1532,4.0
2324285,516,5.0
2324285,1604,5.0
2324285,1611,5.0
2324285,2167,5.0
2324285,2930,5.0
2324285,2858,5.0
2324285,2841,5.0
2324285,2557,5.0
2324285,2294,4.0
2324285,2358,5.0
2324285,1556,5.0
2324285,10,5.0
2324285,936,5.0
2324285,3339,5.0
2324285,962,5.0
2324285,1690,5.0
2284691,1531,5.0
2284691,1547,5.0
2284691,1678,5.0
2284691,11,5.0
672534,1531,5.0
672534,2433,5.0
672534,2420,3.0
672534,125,5.0
672534,2081,5.0
672534,73,5.0
672534,2825,5.0
672534,2366,5.0
672534,76,5.0
672534,51,5.0
672534,2734,5.0
672534,1542,5.0
672534,3316,5.0
672534,143,3.0
672534,1049,4.0
672534,2943,5.0
672534,980,4.0
672534,1110,5.0
672534,1572,5.0
672534,1900,3.0
672534,235,4.0
672534,284,5.0
220361,2454,5.0
220361,453,5.0
220361,6,5.0
220361,1911,5.0
220361,165,5.0
360080,2454,4.0
360080,16,5.0
360080,2426,4.0
360080,2941,5.0
360080,3175,4.0
360080,1558,4.0
328235,2454,5.0
328235,1895,5.0
328235,2439,5.0
328235,1898,5.0
328235,2,5.0
328235,125,5.0
328235,52,5.0
328235,670,5.0
328235,149,5.0
328235,2432,5.0
328235,1,5.0
328235,2323,5.0
328235,1919,5.0
328235,2533,5.0
328235,973,5.0
454804,2454,5.0
454804,77,4.0
454804,64,4.0
454804,2456,5.0
454804,961,5.0
454804,258,5.0
454804,2424,5.0
454804,171,5.0
454804,3,5.0
454804,668,5.0
454804,120,5.0
454804,123,5.0
929091,2454,5.0
929091,2149,5.0
929091,2586,5.0
929091,3178,5.0
929091,1832,5.0
426903,2454,5.0
426903,999,5.0
426903,2416,5.0
426903,147,5.0
426903,2498,4.0
426903,729,5.0
426903,20,5.0
426903,2426,5.0
426903,513,4.0
426903,1967,5.0
426903,1905,5.0
426903,2415,5.0
426903,2512,4.0
426903,508,5.0
426903,2432,5.0
426903,19,5.0
426903,2548,5.0
426903,2449,5.0
426903,11,5.0
426903,1152,5.0
426903,1,5.0
426903,61,5.0
426903,3,5.0
426903,250,5.0
426903,60,5.0
426903,10,4.0
426903,96,5.0
426903,657,5.0
426903,1907,5.0
426903,1887,4.0
426903,2436,5.0
914806,2454,5.0
914806,2433,5.0
914806,33,5.0
914806,66,0.0
914806,11,5.0
1445088,2454,5.0
1445088,19,5.0
1445088,677,5.0
1445088,150,5.0
329769,2273,4.0
329769,721,5.0
329769,2945,5.0
329769,3324,5.0
329769,3024,4.0
329769,2980,4.0
329769,1418,5.0
329769,1381,5.0
329769,659,0.0
329769,2690,5.0
329769,3310,5.0
329769,3292,5.0
329769,3151,5.0
329769,2850,5.0
329769,2970,5.0
329769,969,5.0
329769,3134,5.0
329769,3245,5.0
329769,149,4.0
329769,640,5.0
329769,2032,5.0
329769,1017,5.0
329769,1536,5.0
329769,1775,5.0
329769,1329,5.0
329769,531,5.0
329769,1125,4.0
329769,2099,5.0
233583,2273,4.0
233583,1408,5.0
233583,2205,5.0
233583,2072,0.0
233583,975,5.0
233583,3061,5.0
233583,1479,4.0
233583,513,5.0
233583,350,5.0
233583,1940,5.0
233583,2268,5.0
233583,1915,5.0
233583,1288,5.0
233583,108,5.0
233583,1048,5.0
322381,1692,4.0
322381,2677,4.0
322381,2765,3.0
322381,949,4.0
322381,1522,3.0
322381,2957,5.0
322381,1100,3.0
322381,1547,3.0
322381,1727,4.0
322381,699,4.0
322381,2420,3.0
322381,1774,3.0
322381,1816,4.0
322381,1617,3.0
322381,13,2.0
322381,658,4.0
322381,1719,5.0
322381,2415,3.0
322381,1754,3.0
322381,725,3.0
322381,2825,4.0
322381,19,3.0
322381,1632,5.0
322381,1557,5.0
322381,727,3.0
322381,1701,4.0
322381,1540,3.0
322381,2925,3.0
322381,1608,3.0
322381,1533,4.0
322381,3189,5.0
322381,1553,0.0
322381,1646,5.0
322381,1076,4.0
322381,2294,5.0
322381,600,4.0
322381,1752,4.0
322381,2444,4.0
322381,519,5.0
322381,1584,4.0
322381,1560,5.0
322381,123,4.0
322381,1535,3.0
161745,449,5.0
161745,2439,5.0
161745,2739,5.0
161745,659,4.0
161745,2239,5.0
65803,407,5.0
65803,1834,5.0
65803,1919,5.0
65803,409,5.0
65803,441,5.0
65803,486,5.0
56061,407,5.0
56061,2291,5.0
56061,3345,5.0
56061,2137,5.0
56061,1390,5.0
56061,2420,5.0
56061,2437,5.0
56061,16,5.0
56061,1853,5.0
56061,2726,5.0
56061,1916,5.0
56061,1888,5.0
56061,346,5.0
56061,1536,5.0
56061,104,5.0
41706,407,4.0
41706,2058,5.0
41706,2416,5.0
41706,1938,4.0
41706,3153,4.0
41706,1916,4.0
41706,2817,3.0
41706,19,4.0
41706,53,5.0
41706,1933,5.0
100149,407,5.0
100149,373,3.0
100149,52,2.0
100149,75,5.0
1305413,407,5.0
1305413,983,4.0
1305413,1015,5.0
1305413,594,5.0
1305413,2023,4.0
1305413,2158,5.0
1305413,1051,5.0
178504,407,5.0
178504,2051,5.0
178504,250,5.0
178504,2036,5.0
192974,929,5.0
192974,660,5.0
192974,669,5.0
192974,981,5.0
192974,2366,5.0
201614,929,5.0
201614,2291,5.0
201614,1265,0.0
201614,509,5.0
201614,1593,5.0
201614,2433,5.0
201614,2529,5.0
201614,2191,5.0
201614,995,5.0
201614,558,0.0
201614,2060,5.0
201614,1955,5.0
201614,83,5.0
201614,822,5.0
201614,283,5.0
201614,1269,5.0
201614,278,5.0
201614,1,5.0
201614,2956,5.0
201614,47,5.0
201614,143,5.0
201614,1099,5.0
201614,3148,5.0
201614,1569,5.0
201614,662,5.0
201614,123,2.0
201614,284,5.0
201614,1535,5.0
35635,2523,5.0
35635,251,5.0
35635,985,5.0
35635,2571,5.0
35635,1949,5.0
35635,1262,5.0
35635,1902,4.0
35635,2424,5.0
35635,988,4.0
35635,2063,5.0
35635,158,5.0
35635,2802,5.0
35635,78,5.0
35635,2377,5.0
53143,2523,5.0
53143,1888,4.0
53143,2424,4.0
53143,1978,5.0
31364,2523,5.0
31364,1911,5.0
31364,2424,5.0
31364,1885,5.0
31364,2449,5.0
31364,2655,5.0
162466,2523,5.0
162466,2818,5.0
162466,2435,5.0
162466,1256,5.0
86604,2523,5.0
86604,2453,5.0
86604,1256,5.0
86604,41,5.0
346576,2523,5.0
346576,77,5.0
346576,171,5.0
346576,47,5.0
346576,42,5.0
41799,1848,5.0
41799,36,5.0
41799,1938,5.0
41799,2285,4.0
41799,58,5.0
41799,2,5.0
41799,97,0.0
41799,2415,5.0
41799,1947,5.0
41799,533,5.0
41799,158,5.0
41799,162,5.0
41799,69,5.0
41799,556,5.0
41799,1052,0.0
41799,96,5.0
41799,108,4.0
41799,280,5.0
41799,44,5.0
41799,4,4.0
41799,1887,5.0
227454,696,5.0
227454,1756,4.0
227454,2292,5.0
227454,2574,4.0
227454,2622,5.0
213139,696,5.0
213139,983,5.0
213139,1817,5.0
213139,271,3.0
213139,3167,5.0
213139,2968,5.0
213139,1812,5.0
213139,398,4.0
213139,1272,5.0
213139,2478,5.0
213139,724,3.0
213139,595,5.0
213139,761,4.0
213139,1204,5.0
213139,2576,4.0
213139,3056,3.0
213139,2838,5.0
213139,2429,5.0
213139,602,5.0
213139,527,3.0
213139,531,5.0
213139,2689,5.0
213139,656,3.0
213139,3357,4.0
213139,2294,5.0
213139,2815,5.0
213139,962,5.0
213139,579,5.0
213139,537,5.0
213139,2496,5.0
213139,971,5.0
84386,2095,5.0
84386,1849,5.0
84386,40,2.0
84386,523,5.0
84386,1099,5.0
84386,2813,3.0
84386,237,4.0
1480551,2095,5.0
1480551,1842,0.0
1480551,1888,5.0
1480551,38,5.0
1480551,85,0.0
1480551,112,5.0
2407654,2095,5.0
2407654,2553,5.0
2407654,2418,5.0
2407654,2429,3.0
87109,593,5.0
87109,1163,5.0
87109,13,5.0
87109,2382,5.0
87109,2724,5.0
87109,1288,5.0
87109,312,5.0
393426,593,5.0
393426,2511,5.0
393426,175,5.0
393426,13,4.0
393426,68,5.0
393426,2290,5.0
393426,385,5.0
393426,3166,5.0
393426,1562,5.0
393426,78,2.0
393426,4,5.0
803511,2103,5.0
803511,1173,5.0
803511,749,5.0
803511,1207,5.0
803511,624,5.0
803511,2469,5.0
803511,2649,5.0
803511,401,5.0
803511,1942,5.0
803511,751,5.0
803511,605,5.0
144373,2103,5.0
144373,938,5.0
144373,2876,5.0
144373,3221,4.0
144373,596,5.0
144373,1655,5.0
144373,3075,5.0
144373,1064,5.0
144373,2770,5.0
144373,169,5.0
144373,2559,5.0
144373,104,5.0
560491,2103,5.0
560491,417,4.0
560491,59,4.0
560491,355,4.0
560491,3074,5.0
560491,50,4.0
560491,873,5.0
560491,2980,4.0
560491,2316,5.0
560491,3061,5.0
560491,2519,4.0
560491,2628,4.0
560491,97,4.0
560491,46,4.0
560491,2176,5.0
560491,447,4.0
560491,2366,4.0
560491,11,5.0
560491,2567,5.0
560491,416,5.0
560491,18,5.0
560491,1329,4.0
560491,316,5.0
560491,1267,5.0
560491,169,5.0
560491,30,5.0
560491,2417,5.0
560491,505,5.0
560491,827,5.0
560491,1980,5.0
66321,142,5.0
66321,334,5.0
66321,18,5.0
66321,2025,5.0
66321,515,5.0
66321,499,5.0
72017,142,3.0
72017,20,5.0
72017,2426,5.0
72017,1,5.0
34122,142,5.0
34122,1265,5.0
34122,671,5.0
34122,2094,5.0
34122,373,5.0
34122,2057,5.0
34122,1146,5.0
34122,54,5.0
34122,2002,5.0
34122,441,2.0
78770,142,5.0
78770,2845,4.0
78770,301,4.0
78770,1914,5.0
219618,142,5.0
219618,1050,5.0
219618,1546,5.0
219618,3,5.0
219618,1767,5.0
512452,142,5.0
512452,64,5.0
512452,320,5.0
512452,121,5.0
512452,2421,5.0
402559,142,4.0
402559,2556,5.0
402559,221,5.0
402559,1960,5.0
402559,681,5.0
402559,161,5.0
402559,386,5.0
402559,2750,5.0
402559,164,5.0
402559,396,5.0
402559,508,5.0
402559,720,3.0
402559,2032,5.0
402559,1956,5.0
402559,245,5.0
402559,348,5.0
402559,2404,5.0
402559,150,5.0
402559,1260,5.0
481463,142,0.0
481463,1885,5.0
481463,1897,5.0
481463,1887,5.0
317606,142,5.0
317606,399,5.0
317606,2419,4.0
317606,1886,3.0
317606,2488,5.0
317606,368,5.0
317606,10,5.0
810787,142,5.0
810787,681,3.0
810787,2416,4.0
810787,1901,3.0
810787,28,5.0
810787,2418,5.0
810787,513,4.0
810787,1970,5.0
810787,2422,5.0
810787,658,4.0
810787,1890,5.0
810787,2277,5.0
810787,2429,5.0
810787,115,5.0
810787,963,4.0
810787,1931,5.0
810787,2474,4.0
810787,2417,4.0
810787,657,5.0
810787,379,4.0
810787,2496,4.0
810787,2629,5.0
147109,757,4.0
147109,1904,4.0
147109,2416,5.0
147109,729,5.0
147109,32,4.0
147109,2435,4.0
147109,52,5.0
147109,2426,5.0
147109,137,4.0
147109,1970,4.0
147109,2501,5.0
147109,189,5.0
147109,1,4.0
147109,3,5.0
147109,60,5.0
147109,212,4.0
147109,10,5.0
147109,15,5.0
1179773,757,5.0
1179773,106,5.0
1179773,1676,5.0
1179773,2418,5.0
1179773,1264,5.0
1179773,63,5.0
1179773,3248,2.0
1179773,1893,5.0
1179773,19,5.0
1179773,3361,5.0
1179773,661,5.0
1179773,210,5.0
1179773,100,5.0
1179773,1892,5.0
52607,1089,5.0
52607,40,5.0
52607,1905,2.0
52607,1888,5.0
52607,2732,5.0
52607,190,5.0
52607,2698,5.0
52607,394,5.0
52607,1993,5.0
335855,1089,5.0
335855,319,5.0
335855,401,5.0
335855,656,5.0
547750,3124,5.0
547750,3179,5.0
547750,2989,5.0
547750,3321,4.0
547750,1011,5.0
547750,535,5.0
547750,1830,5.0
547750,3022,4.0
125356,3124,5.0
125356,2047,5.0
125356,1917,5.0
125356,2499,4.0
125356,801,5.0
125356,1986,5.0
125356,2681,5.0
125356,1942,5.0
125356,1151,5.0
125356,3233,5.0
125356,2297,5.0
125356,3339,5.0
125356,123,5.0
269521,3124,5.0
269521,222,5.0
269521,2755,5.0
269521,2456,5.0
269521,1228,5.0
269521,2197,5.0
269521,2625,5.0
269521,167,5.0
269521,3261,5.0
269521,2353,5.0
269521,3067,5.0
269521,1156,5.0
269521,2478,5.0
269521,513,5.0
269521,697,5.0
269521,3093,5.0
269521,183,5.0
269521,2064,4.0
269521,1835,5.0
269521,51,5.0
269521,752,5.0
269521,3100,5.0
269521,27,5.0
269521,540,5.0
269521,514,5.0
269521,753,5.0
269521,2509,5.0
269521,1958,5.0
269521,451,5.0
269521,1887,5.0
111296,1642,5.0
111296,520,5.0
111296,975,5.0
111296,29,5.0
111296,3175,5.0
111296,1576,5.0
111296,56,5.0
424762,201,5.0
424762,2054,5.0
424762,1888,5.0
424762,135,5.0
424762,2067,0.0
14042,201,4.0
14042,154,5.0
14042,1157,5.0
14042,148,5.0
14042,13,0.0
128950,201,5.0
128950,2014,4.0
128950,1886,5.0
128950,2457,3.0
128950,2046,5.0
128950,2486,5.0
128950,2492,5.0
128950,16,5.0
128950,1271,3.0
128950,5,4.0
128950,73,5.0
128950,3080,3.0
128950,1994,0.0
128950,535,5.0
128950,2404,0.0
128950,1887,5.0
71324,201,4.0
71324,239,5.0
71324,2831,5.0
71324,1161,5.0
71324,509,5.0
71324,1586,5.0
71324,1963,5.0
71324,1635,5.0
71324,3150,4.0
71324,465,5.0
71324,1550,4.0
71324,3170,4.0
71324,124,5.0
71324,184,5.0
71324,1536,5.0
71324,1717,5.0
71324,1623,5.0
71324,74,5.0
71324,1950,4.0
71324,15,5.0
71324,2425,5.0
71324,2731,4.0
116856,201,5.0
116856,509,4.0
116856,1624,5.0
116856,2109,5.0
116856,1821,4.0
116856,73,5.0
116856,1694,5.0
93997,2466,4.0
93997,512,5.0
93997,91,5.0
93997,70,5.0
93997,86,5.0
93997,2417,5.0
93997,1892,5.0
274212,2466,4.0
274212,40,5.0
274212,508,4.0
274212,1152,4.0
274212,86,5.0
274212,1374,5.0
274212,2520,4.0
274212,2421,5.0
274212,2428,5.0
177435,2466,5.0
177435,1895,5.0
177435,1261,5.0
177435,5,5.0
177435,2,1.0
177435,1940,5.0
177435,1256,5.0
177435,2172,5.0
177435,10,3.0
177435,562,5.0
177435,1887,5.0
177435,3135,5.0
356127,2466,5.0
356127,72,5.0
356127,678,5.0
356127,2688,5.0
356127,190,5.0
356127,2562,5.0
356127,308,5.0
209613,2466,5.0
209613,2419,0.0
209613,36,5.0
209613,2415,5.0
209613,331,5.0
209613,2366,4.0
209613,76,5.0
209613,112,5.0
222433,2466,4.0
222433,1886,5.0
222433,122,5.0
222433,2498,4.0
222433,2486,5.0
222433,1898,4.0
222433,2285,5.0
222433,2437,5.0
222433,659,5.0
222433,961,4.0
222433,107,4.0
222433,3174,5.0
222433,3150,3.0
222433,75,4.0
222433,664,4.0
222433,21,4.0
222433,2415,4.0
222433,19,5.0
222433,2569,5.0
222433,1885,5.0
222433,1184,5.0
222433,171,4.0
222433,11,4.0
222433,2467,5.0
222433,1,5.0
222433,1771,4.0
222433,3166,3.0
222433,1925,3.0
222433,661,4.0
222433,3,5.0
222433,47,4.0
222433,294,5.0
222433,60,4.0
222433,656,5.0
222433,1892,5.0
222433,1887,5.0
222433,3156,5.0
373404,2466,4.0
373404,2792,0.0
373404,1153,5.0
373404,119,3.0
326787,2466,5.0
326787,1155,5.0
326787,267,5.0
326787,2128,5.0
326787,2500,5.0
326787,184,5.0
326787,187,5.0
326787,2436,4.0
531310,2466,5.0
531310,2677,4.0
531310,13,5.0
531310,2039,5.0
531310,2629,5.0
59608,2477,5.0
59608,277,4.0
59608,3206,5.0
59608,2288,5.0
59608,3081,5.0
59608,1270,5.0
59608,310,5.0
59608,1770,5.0
87144,2477,5.0
87144,2285,5.0
87144,2521,5.0
87144,2415,5.0
87144,2760,5.0
453216,2477,5.0
453216,512,4.0
453216,6,5.0
453216,2507,5.0
453216,1630,5.0
453216,306,5.0
453216,1902,4.0
453216,1885,5.0
453216,333,4.0
453216,964,5.0
114356,2477,0.0
114356,739,5.0
114356,70,5.0
114356,1854,5.0
114356,508,5.0
114356,2724,5.0
98511,2477,5.0
98511,2433,5.0
98511,2,5.0
98511,2435,5.0
98511,3,5.0
312081,2477,3.0
312081,1960,5.0
312081,2456,5.0
312081,2478,5.0
312081,2438,5.0
312081,270,5.0
312081,2422,4.0
312081,2642,5.0
1042494,2477,5.0
1042494,2129,3.0
1042494,1810,5.0
1042494,2120,5.0
1042494,2545,4.0
1042494,1676,5.0
1042494,3164,5.0
1042494,1467,1.0
1042494,3151,4.0
1042494,2493,5.0
1042494,1987,5.0
1042494,733,5.0
983595,2477,4.0
983595,1768,4.0
983595,3150,4.0
983595,3146,5.0
187918,2477,2.0
187918,16,5.0
187918,890,2.0
187918,961,4.0
187918,694,0.0
187918,663,5.0
187918,2054,0.0
187918,1885,5.0
187918,1152,5.0
187918,3,4.0
187918,2087,5.0
187918,123,0.0
129333,1705,5.0
129333,511,5.0
129333,584,5.0
129333,780,5.0
129333,864,5.0
129333,51,5.0
129333,2167,5.0
129333,1565,5.0
129333,1694,5.0
129333,1998,5.0
129333,15,5.0
104295,1705,5.0
104295,999,5.0
104295,2077,4.0
104295,3321,5.0
104295,2420,5.0
104295,58,5.0
104295,3061,3.0
104295,2697,4.0
104295,1543,4.0
104295,2981,4.0
104295,1955,4.0
104295,529,4.0
104295,2367,5.0
104295,249,5.0
104295,2817,4.0
104295,2364,5.0
104295,1890,5.0
104295,2552,5.0
104295,927,4.0
104295,2728,5.0
104295,1540,5.0
104295,126,5.0
104295,29,5.0
104295,1061,5.0
104295,158,5.0
104295,2601,5.0
104295,1993,5.0
104295,2502,5.0
104295,22,5.0
104295,23,4.0
104295,168,5.0
262357,1705,5.0
262357,671,5.0
262357,512,5.0
262357,3360,5.0
262357,851,5.0
262357,969,5.0
262357,2493,5.0
262357,947,5.0
262357,3130,5.0
469528,2070,4.0
469528,12,4.0
469528,236,5.0
469528,2415,4.0
469528,2421,5.0
446738,2070,5.0
446738,2452,5.0
446738,3,5.0
446738,919,5.0
894735,2070,5.0
894735,2431,5.0
894735,19,4.0
894735,2168,4.0
894735,1953,4.0
655579,2070,5.0
655579,511,4.0
655579,558,4.0
655579,2424,0.0
284897,721,5.0
284897,3324,5.0
284897,1408,5.0
284897,2072,5.0
284897,911,5.0
284897,967,5.0
284897,2268,5.0
284897,2035,5.0
284897,1889,5.0
64667,721,5.0
64667,2416,5.0
64667,2338,5.0
64667,816,4.0
64667,2266,5.0
64667,125,4.0
64667,1015,5.0
64667,664,5.0
64667,759,5.0
64667,2567,4.0
64667,3076,4.0
64667,401,5.0
64667,2440,4.0
64667,2099,5.0
590105,3179,5.0
590105,1924,5.0
590105,3263,5.0
590105,3295,4.0
590105,1655,5.0
590105,824,5.0
590105,34,5.0
590105,1153,5.0
590105,81,5.0
590105,2071,4.0
590105,1539,5.0
580295,3179,5.0
580295,972,5.0
580295,671,5.0
580295,1263,4.0
580295,73,4.0
580295,658,5.0
580295,38,5.0
580295,656,4.0
2585084,3179,5.0
2585084,1916,5.0
2585084,3148,5.0
2585084,1519,5.0
1265522,3179,5.0
1265522,3011,5.0
1265522,2565,5.0
1265522,111,5.0
1265522,2744,5.0
1265522,27,5.0
1265522,538,5.0
1265522,656,5.0
1265522,1564,5.0
94272,983,4.0
94272,1261,5.0
94272,2090,5.0
94272,2939,5.0
94272,302,5.0
118684,983,4.0
118684,972,5.0
118684,230,5.0
118684,1964,4.0
118684,990,5.0
1177498,983,5.0
1177498,2291,5.0
1177498,3340,5.0
1177498,951,5.0
1177498,1404,5.0
1177498,2816,5.0
200339,983,5.0
200339,399,4.0
200339,147,4.0
200339,208,5.0
200339,362,4.0
48902,1434,4.0
48902,196,4.0
48902,197,4.0
48902,1935,5.0
48902,219,5.0
48902,10,4.0
48902,2430,5.0
48902,1347,4.0
42586,2291,5.0
42586,28,5.0
42586,2750,5.0
42586,1488,5.0
42586,2617,5.0
42586,180,5.0
42586,115,5.0
42586,85,5.0
42586,285,5.0
42586,1945,5.0
86855,2291,5.0
86855,227,5.0
86855,1256,5.0
86855,1948,5.0
86855,11,5.0
86855,2448,5.0
86855,237,5.0
86855,2088,5.0
45162,2291,5.0
45162,2426,5.0
45162,1488,2.0
45162,2949,5.0
45162,2090,5.0
102937,2291,4.0
102937,2285,5.0
102937,3225,5.0
102937,523,5.0
102937,2501,4.0
102937,1909,5.0
102937,2097,5.0
102937,27,5.0
140807,2291,5.0
140807,13,5.0
140807,1540,5.0
140807,1626,0.0
140807,1260,5.0
71531,2291,5.0
71531,1938,3.0
71531,717,4.0
71531,172,1.0
71531,1,5.0
71531,1887,5.0
365507,2291,5.0
365507,12,5.0
365507,33,5.0
365507,1896,5.0
232532,2291,5.0
232532,2230,4.0
232532,2439,4.0
232532,2285,3.0
232532,2286,5.0
232532,2453,5.0
232532,5,5.0
232532,961,5.0
232532,1890,5.0
232532,27,5.0
232532,2298,5.0
232532,180,5.0
232532,2144,5.0
232532,997,5.0
232532,65,4.0
232532,657,5.0
232532,2404,5.0
232532,330,4.0
232532,100,5.0
232532,4,5.0
232532,2423,5.0
200930,2291,4.0
200930,511,5.0
200930,106,5.0
200930,1917,4.0
200930,2435,5.0
200930,2085,5.0
200930,70,5.0
200930,273,5.0
200930,2501,5.0
200930,1533,4.0
200930,682,5.0
200930,3236,0.0
200930,3178,5.0
200930,1578,5.0
200930,1537,5.0
200930,1588,5.0
200930,1900,5.0
1249468,2291,4.0
1249468,2455,4.0
1249468,1968,5.0
1249468,1873,5.0
1249468,1151,5.0
686948,2990,4.0
686948,8,4.0
686948,33,5.0
686948,962,5.0
686948,2425,5.0
27443,2549,5.0
27443,1161,5.0
27443,3344,5.0
27443,3358,0.0
27443,2924,5.0
27443,1899,5.0
27443,2285,5.0
27443,3121,5.0
27443,3061,5.0
27443,883,5.0
27443,2418,0.0
27443,2160,5.0
27443,2217,5.0
27443,391,5.0
27443,894,5.0
27443,2734,5.0
27443,1977,5.0
27443,766,5.0
27443,34,5.0
27443,3335,5.0
27443,1846,5.0
7802,2549,5.0
7802,665,5.0
7802,31,5.0
7802,140,5.0
7802,200,5.0
7802,2418,5.0
7802,713,5.0
7802,2415,5.0
7802,727,4.0
7802,2030,5.0
7802,2450,5.0
7802,2423,5.0
7802,119,5.0
7802,109,5.0
28671,2549,5.0
28671,1991,5.0
28671,2424,5.0
28671,76,5.0
28671,2067,5.0
29177,2549,4.0
29177,370,4.0
29177,2424,5.0
29177,1889,5.0
29177,187,5.0
13029,2549,4.0
13029,2029,5.0
13029,2492,5.0
13029,197,4.0
13029,1941,5.0
13029,392,5.0
13029,2442,5.0
13029,210,5.0
13029,34,4.0
13029,10,5.0
13029,1907,5.0
13029,15,5.0
26041,2549,5.0
26041,36,5.0
26041,3300,5.0
26041,1991,5.0
26041,2415,4.0
26041,1302,5.0
26041,1454,5.0
26041,117,5.0
26041,2146,5.0
106614,2549,5.0
106614,295,5.0
106614,12,5.0
106614,10,5.0
106614,1913,5.0
1287956,2549,3.0
1287956,660,3.0
1287956,2419,5.0
1287956,2154,2.0
1287956,2416,3.0
1287956,215,5.0
1287956,2540,5.0
1287956,2628,3.0
1287956,2418,4.0
1287956,2480,4.0
1287956,2946,5.0
1287956,2162,5.0
1287956,647,5.0
1287956,1398,5.0
217121,2855,4.0
217121,2946,4.0
217121,2407,5.0
217121,2819,5.0
220153,2855,5.0
220153,1292,4.0
220153,2821,4.0
220153,46,2.0
220153,3065,4.0
220153,2937,5.0
220153,2123,5.0
220153,3049,5.0
220153,578,2.0
220153,1537,5.0
164368,2855,5.0
164368,2953,3.0
164368,2,3.0
164368,419,5.0
164368,1916,3.0
164368,233,5.0
164368,1555,5.0
164368,2007,5.0
164368,406,5.0
164368,656,5.0
164368,2417,5.0
164368,1958,5.0
6550,90,5.0
6550,2433,5.0
6550,2841,5.0
6550,34,5.0
6550,1887,5.0
124249,90,4.0
124249,370,5.0
124249,1161,5.0
124249,291,5.0
124249,1174,4.0
124249,1929,5.0
124249,2764,5.0
124249,1885,5.0
124249,978,5.0
124249,2685,5.0
124249,163,5.0
124249,47,5.0
124249,93,5.0
124249,1153,5.0
124249,1260,5.0
124249,2584,5.0
124249,384,5.0
124249,425,5.0
329638,90,5.0
329638,660,5.0
329638,669,5.0
329638,2433,5.0
329638,2437,4.0
329638,2,5.0
329638,152,5.0
329638,697,4.0
329638,279,5.0
329638,63,5.0
329638,41,5.0
329638,1905,4.0
329638,317,5.0
329638,11,5.0
329638,29,5.0
329638,118,4.0
329638,1889,5.0
329638,121,5.0
534142,90,5.0
534142,2366,4.0
534142,662,5.0
534142,14,5.0
439066,90,5.0
439066,2433,5.0
439066,1893,5.0
439066,3298,5.0
439066,3211,5.0
439066,283,5.0
439066,2126,5.0
439066,3,5.0
439066,74,5.0
528098,90,5.0
528098,1971,4.0
528098,2419,5.0
528098,28,5.0
528098,1888,5.0
502222,90,5.0
502222,32,5.0
502222,1159,4.0
502222,3150,5.0
502222,149,5.0
480970,90,5.0
480970,659,5.0
480970,28,5.0
480970,2451,5.0
118163,90,5.0
118163,2654,5.0
118163,41,5.0
118163,705,5.0
776054,90,5.0
776054,2420,5.0
776054,961,5.0
776054,1888,5.0
776054,2423,5.0
202224,90,5.0
202224,335,4.0
202224,2419,4.0
202224,695,4.0
202224,282,4.0
202224,1888,5.0
202224,2424,4.0
202224,656,4.0
1049057,90,5.0
1049057,7,5.0
1049057,2416,5.0
1049057,2439,4.0
1049057,2488,5.0
1049057,16,2.0
1049057,364,5.0
1049057,72,5.0
1049057,658,5.0
1049057,416,5.0
1049057,1267,5.0
64342,90,5.0
64342,2209,5.0
64342,373,4.0
64342,1836,4.0
64342,968,4.0
64342,657,4.0
352271,90,5.0
352271,159,5.0
352271,1261,5.0
352271,183,5.0
352271,87,5.0
352271,116,5.0
352271,1890,5.0
352271,51,5.0
352271,1951,5.0
495793,90,5.0
495793,2431,5.0
495793,2420,4.0
495793,57,5.0
495793,2518,4.0
495793,1888,4.0
495793,2820,4.0
495793,403,3.0
495793,108,5.0
495793,232,4.0
921940,90,5.0
921940,2887,4.0
921940,3061,5.0
921940,111,5.0
921940,1550,5.0
921940,113,5.0
769890,90,5.0
769890,16,5.0
769890,1272,5.0
769890,961,5.0
769890,1888,4.0
769890,263,4.0
769890,69,5.0
769890,2680,5.0
769890,1832,5.0
769890,2417,4.0
677508,90,5.0
677508,2780,4.0
677508,36,5.0
677508,2,4.0
677508,2418,5.0
677508,1655,5.0
677508,331,4.0
677508,1893,5.0
677508,1151,5.0
677508,2815,5.0
2123645,90,5.0
2123645,565,5.0
2123645,665,4.0
2123645,512,5.0
2123645,1906,5.0
2123645,188,5.0
2123645,2500,5.0
2123645,1464,5.0
2123645,978,4.0
2123645,2467,5.0
2123645,61,4.0
2123645,47,4.0
2123645,2720,5.0
2123645,3250,5.0
2123645,42,3.0
2123645,365,4.0
242989,89,5.0
242989,2418,5.0
242989,2476,5.0
242989,2075,5.0
303162,89,5.0
303162,2083,5.0
303162,1974,5.0
303162,107,5.0
303162,2422,4.0
303162,2415,4.0
303162,2206,5.0
303162,656,5.0
303162,4,4.0
303162,2436,5.0
281399,89,5.0
281399,36,5.0
281399,509,5.0
281399,1985,5.0
281399,286,5.0
281399,1911,5.0
281399,188,5.0
281399,658,5.0
281399,21,5.0
281399,508,5.0
281399,2809,5.0
281399,1915,4.0
281399,49,5.0
281399,10,5.0
281399,2404,5.0
281399,2430,5.0
517443,89,5.0
517443,1901,5.0
517443,991,5.0
517443,948,2.0
517443,185,4.0
359553,89,5.0
359553,2958,5.0
359553,91,4.0
359553,13,5.0
359553,1986,5.0
359553,2424,5.0
359553,2428,5.0
390420,89,5.0
390420,114,5.0
390420,2505,4.0
390420,1930,5.0
390420,3166,5.0
390420,3148,5.0
390420,2464,5.0
673444,89,0.0
673444,660,4.0
673444,37,4.0
673444,159,3.0
673444,8,4.0
673444,2505,5.0
673444,2420,5.0
673444,16,4.0
673444,200,4.0
673444,2547,5.0
673444,2541,5.0
673444,2434,5.0
673444,1602,4.0
673444,1805,4.0
673444,924,4.0
673444,3150,3.0
673444,38,5.0
673444,2694,0.0
673444,1949,5.0
673444,2817,4.0
673444,1890,4.0
673444,1557,5.0
673444,2564,4.0
673444,2325,5.0
673444,1956,4.0
673444,1196,5.0
673444,1796,5.0
673444,2451,5.0
673444,2509,4.0
673444,252,4.0
673444,34,3.0
673444,128,5.0
673444,1551,4.0
673444,2398,5.0
673444,1931,5.0
673444,1654,4.0
673444,2682,4.0
673444,2404,3.0
673444,733,4.0
673444,2071,5.0
673444,4,5.0
673444,1560,4.0
728677,89,5.0
728677,271,5.0
728677,73,5.0
728677,1262,5.0
414988,89,5.0
414988,2418,5.0
414988,1909,5.0
414988,2022,4.0
811162,89,5.0
811162,2416,5.0
811162,66,5.0
811162,358,5.0
1381297,89,5.0
1381297,57,5.0
1381297,750,5.0
1381297,1178,5.0
1381297,11,5.0
1381297,1945,5.0
330937,89,5.0
330937,1593,5.0
330937,2420,5.0
330937,5,4.0
330937,991,4.0
330937,3219,4.0
330937,2438,5.0
330937,1264,4.0
330937,678,3.0
330937,1262,5.0
330937,2552,4.0
330937,11,5.0
330937,966,5.0
330937,3249,4.0
330937,1540,3.0
330937,2858,4.0
330937,1533,4.0
330937,3178,3.0
330937,74,4.0
330937,2682,4.0
330937,2200,4.0
330937,2450,4.0
330937,2475,2.0
330937,15,4.0
330937,2112,4.0
330937,2242,4.0
330937,1019,5.0
134145,89,4.0
134145,972,3.0
134145,2419,4.0
134145,2416,4.0
134145,1649,4.0
134145,2438,5.0
134145,1737,5.0
134145,1583,4.0
134145,1553,3.0
723525,89,4.0
723525,1259,5.0
723525,1981,4.0
723525,109,5.0
121193,89,2.0
121193,2420,5.0
121193,1972,5.0
121193,1543,4.0
121193,144,5.0
1620171,89,5.0
1620171,2178,5.0
1620171,2416,4.0
1620171,1672,4.0
1620171,1419,5.0
1620171,404,5.0
1620171,961,5.0
1620171,1011,0.0
1620171,1955,5.0
1620171,19,5.0
1620171,3119,5.0
1620171,2467,5.0
1620171,602,4.0
1620171,1576,5.0
1620171,3070,5.0
1620171,2841,5.0
1620171,1533,5.0
1620171,2173,5.0
1620171,3148,5.0
1620171,2042,5.0
1620171,2421,5.0
1620171,2074,5.0
1620171,2036,5.0
1620171,3149,5.0
176167,89,4.0
176167,2027,4.0
176167,7,5.0
176167,148,5.0
176167,2424,5.0
46545,2157,5.0
46545,1259,5.0
46545,689,5.0
46545,282,5.0
46545,3061,5.0
46545,2434,5.0
46545,1543,5.0
46545,76,5.0
46545,927,5.0
46545,1804,5.0
46545,1745,5.0
46545,1540,5.0
46545,1897,5.0
46545,461,5.0
46545,23,5.0
48136,2157,5.0
48136,3105,5.0
48136,227,5.0
48136,429,5.0
48136,2995,5.0
48136,1345,5.0
48136,2564,5.0
48136,44,5.0
168896,2157,5.0
168896,28,5.0
168896,2092,5.0
168896,1885,4.0
168896,1294,5.0
168896,1908,5.0
168896,2481,5.0
168896,2816,5.0
168896,1926,5.0
168896,1887,5.0
168896,1301,5.0
198129,2157,1.0
198129,511,5.0
198129,154,5.0
198129,36,5.0
198129,1898,5.0
198129,6,5.0
198129,2005,5.0
198129,28,5.0
198129,1916,0.0
198129,45,5.0
198129,1923,5.0
160977,2157,4.0
160977,1747,4.0
160977,8,5.0
160977,1665,4.0
160977,1809,5.0
160977,387,4.0
160977,1544,4.0
160977,1740,4.0
160977,1739,4.0
160977,1813,5.0
160977,2253,4.0
160977,3166,4.0
160977,202,5.0
160977,1729,5.0
160977,1698,4.0
160977,1826,5.0
160977,1578,3.0
160977,936,5.0
160977,1627,4.0
160977,1539,4.0
740534,2157,5.0
740534,1587,4.0
740534,2085,5.0
740534,2127,5.0
740534,2574,5.0
740534,2940,5.0
740534,2888,5.0
246293,999,2.0
246293,2174,3.0
246293,673,5.0
246293,973,5.0
327445,999,5.0
327445,1886,5.0
327445,2029,5.0
327445,2045,4.0
327445,2479,5.0
327445,19,4.0
327445,318,5.0
327445,158,5.0
327445,2430,4.0
327445,2423,5.0
327445,1887,3.0
42309,1259,5.0
42309,3057,5.0
42309,2137,5.0
42309,1460,5.0
42309,3150,4.0
42309,2422,5.0
42309,324,4.0
42309,3166,5.0
42309,2637,5.0
53425,1259,5.0
53425,1121,5.0
53425,8,5.0
53425,691,5.0
53425,765,5.0
53425,492,5.0
53425,723,5.0
58931,1259,5.0
58931,1545,5.0
58931,1928,5.0
58931,2420,5.0
58931,107,5.0
58931,13,5.0
58931,68,5.0
58931,678,5.0
58931,1541,5.0
58931,461,3.0
58931,1933,5.0
58931,34,5.0
58931,2066,5.0
58931,2669,5.0
49360,1259,5.0
49360,277,5.0
49360,601,5.0
49360,2013,5.0
49360,1943,5.0
49360,299,5.0
49360,2033,5.0
49360,157,5.0
49360,392,5.0
49360,2950,5.0
49360,992,5.0
49360,65,5.0
49360,345,5.0
57404,1259,4.0
57404,3342,5.0
57404,664,4.0
57404,2965,5.0
237533,1259,4.0
237533,2285,5.0
237533,1929,5.0
237533,58,5.0
237533,95,5.0
237533,1532,5.0
237533,1885,5.0
237533,247,5.0
148894,1259,5.0
148894,2047,3.0
148894,2149,4.0
148894,1404,5.0
67728,1259,5.0
67728,3366,5.0
67728,2140,5.0
67728,2465,5.0
67728,2529,5.0
67728,2212,5.0
67728,2668,5.0
67728,2988,5.0
67728,804,5.0
67728,1700,5.0
67728,1570,5.0
67728,2603,5.0
67728,349,5.0
67728,2504,5.0
67728,3315,5.0
67728,3189,5.0
308765,1259,5.0
308765,1628,5.0
308765,2416,5.0
308765,3147,4.0
308765,1638,4.0
308765,57,3.0
308765,1476,5.0
308765,40,5.0
308765,2823,4.0
308765,46,5.0
308765,2422,5.0
308765,635,3.0
308765,1890,5.0
308765,791,3.0
308765,1540,5.0
308765,1170,4.0
308765,951,4.0
308765,3,3.0
308765,127,5.0
308765,2865,5.0
308765,1538,4.0
308765,473,4.0
308765,330,5.0
308765,265,4.0
308765,78,4.0
308765,945,5.0
308765,3255,5.0
95763,1259,5.0
95763,2285,5.0
95763,1544,5.0
95763,1952,4.0
95763,2443,5.0
95763,1588,5.0
168158,1259,4.0
168158,1261,5.0
168158,334,4.0
168158,1572,4.0
41560,1259,4.0
41560,5,5.0
41560,1275,5.0
41560,1902,5.0
41560,2687,4.0
505325,1259,5.0
505325,511,5.0
505325,1928,5.0
505325,664,4.0
505325,508,5.0
505325,19,4.0
386585,1259,5.0
386585,1924,4.0
386585,3123,4.0
386585,2380,5.0
386585,2230,5.0
386585,2615,4.0
386585,1239,5.0
386585,7,5.0
386585,2804,4.0
386585,2114,5.0
386585,2240,5.0
386585,2003,5.0
386585,981,5.0
386585,1327,5.0
386585,1053,5.0
386585,6,5.0
386585,636,5.0
386585,2220,5.0
386585,3140,5.0
386585,1607,5.0
386585,825,4.0
386585,1991,5.0
386585,1015,4.0
386585,1108,5.0
386585,1070,5.0
386585,1769,5.0
386585,3142,5.0
386585,2202,4.0
386585,2979,4.0
386585,2681,5.0
386585,19,5.0
386585,1716,5.0
386585,1118,5.0
386585,2193,5.0
386585,1244,5.0
386585,2194,5.0
386585,680,5.0
386585,2018,5.0
386585,3299,5.0
386585,1962,5.0
386585,74,4.0
386585,2232,5.0
386585,1367,5.0
386585,30,5.0
386585,2815,5.0
386585,1438,4.0
386585,303,4.0
386585,1389,4.0
386585,2464,5.0
386585,621,4.0
386585,829,5.0
386585,510,4.0
386585,2377,5.0
386585,2629,4.0
386585,1661,5.0
386585,549,5.0
68904,1259,5.0
68904,2420,5.0
68904,516,5.0
68904,11,5.0
79888,1259,5.0
79888,1318,5.0
79888,41,5.0
79888,1750,5.0
818263,1259,3.0
818263,1904,2.0
818263,6,5.0
818263,2286,5.0
818263,403,2.0
162300,1259,4.0
162300,2473,4.0
162300,403,4.0
162300,74,5.0
704950,1259,5.0
704950,159,5.0
704950,1966,4.0
704950,375,5.0
704950,1618,5.0
704950,969,5.0
704950,208,5.0
704950,19,5.0
704950,328,5.0
704950,171,5.0
704950,1296,5.0
704950,1124,5.0
704950,192,5.0
704950,302,5.0
704950,345,5.0
490200,1259,5.0
490200,2416,5.0
490200,238,5.0
490200,20,5.0
490200,656,5.0
399711,1259,4.0
399711,2434,4.0
399711,2304,5.0
399711,2049,5.0
399711,1660,5.0
399711,289,5.0
941891,1259,5.0
941891,2,5.0
941891,2292,5.0
941891,1913,5.0
1186940,1259,5.0
1186940,1155,5.0
1186940,985,2.0
1186940,6,5.0
1186940,689,4.0
1186940,1937,5.0
1186940,368,5.0
1186940,968,4.0
1186940,2126,5.0
1186940,1533,4.0
1186940,3148,5.0
1186940,120,4.0
522744,1259,4.0
522744,37,5.0
522744,1899,5.0
522744,2422,5.0
522744,3323,5.0
994748,1259,5.0
994748,16,5.0
994748,32,4.0
994748,5,5.0
994748,93,3.0
360471,1259,5.0
360471,8,5.0
360471,1545,5.0
360471,2435,5.0
360471,1543,5.0
360471,1919,5.0
360471,2451,5.0
360471,23,4.0
171210,1259,3.0
171210,1618,5.0
171210,608,5.0
171210,1532,5.0
171210,1262,4.0
171210,2292,5.0
171210,1832,5.0
171210,3323,3.0
1683962,1259,3.0
1683962,2926,4.0
1683962,98,5.0
1683962,1550,5.0
1683962,966,3.0
1683962,1541,0.0
1683962,545,0.0
1683962,962,0.0
1683962,2080,5.0
1800844367,1259,1.0
1800844367,1299,5.0
1800844367,511,3.0
1800844367,2447,5.0
1800844367,2420,5.0
1800844367,372,5.0
1800844367,2467,5.0
1800844367,10,5.0
1800844367,1914,3.0
60694,370,5.0
60694,1886,5.0
60694,129,5.0
60694,658,4.0
60694,1,5.0
60694,2880,5.0
517066,370,5.0
517066,2793,5.0
517066,2416,5.0
517066,1956,5.0
588863,370,5.0
588863,2798,5.0
588863,67,5.0
588863,190,4.0
588863,10,5.0
588863,4,5.0
578914,370,5.0
578914,3114,5.0
578914,681,4.0
578914,810,4.0
578914,50,5.0
578914,2068,4.0
578914,762,3.0
578914,2479,5.0
578914,2085,4.0
578914,52,3.0
578914,3065,5.0
578914,1360,5.0
578914,2576,5.0
578914,2449,5.0
578914,2253,4.0
578914,2024,5.0
578914,1915,5.0
578914,514,5.0
578914,2421,4.0
578914,722,3.0
578914,1887,5.0
578914,1539,5.0
539977,370,0.0
539977,1287,4.0
539977,2434,4.0
539977,1916,4.0
539977,751,4.0
539977,1832,5.0
539977,14,5.0
30534,410,5.0
30534,511,5.0
30534,1450,5.0
30534,1842,5.0
30534,2333,4.0
30534,2285,5.0
30534,1943,5.0
30534,139,5.0
30534,716,5.0
30534,1253,4.0
30534,2822,5.0
30534,1029,5.0
30534,986,0.0
30534,130,0.0
30534,2368,5.0
30534,1331,4.0
30534,1745,5.0
30534,1687,5.0
30534,439,5.0
30534,1933,5.0
30534,2444,5.0
30534,303,5.0
30534,15,0.0
87567,410,5.0
87567,179,4.0
87567,414,5.0
87567,2448,5.0
87567,345,5.0
442988,410,5.0
442988,3110,4.0
442988,1373,5.0
442988,598,4.0
442988,2856,5.0
442988,225,5.0
442988,2822,5.0
442988,3061,5.0
442988,1275,5.0
442988,40,5.0
442988,13,5.0
442988,183,5.0
442988,1554,5.0
442988,1262,5.0
442988,2728,5.0
442988,1394,4.0
442988,3029,5.0
374416,410,5.0
374416,114,5.0
374416,1532,5.0
374416,2868,4.0
374416,3021,5.0
374416,1421,4.0
374416,3073,5.0
374416,667,5.0
374416,1579,5.0
374416,2976,3.0
86512,410,5.0
86512,71,5.0
86512,2316,4.0
86512,1158,5.0
86512,2290,5.0
86512,2368,5.0
86512,2366,5.0
86512,431,5.0
86512,1862,5.0
86512,441,5.0
86512,1926,5.0
626018,410,5.0
626018,2904,5.0
626018,230,3.0
626018,2438,5.0
782307,410,5.0
782307,3061,5.0
782307,12,5.0
782307,2550,5.0
155641,660,5.0
155641,2,0.0
155641,189,5.0
155641,1995,4.0
155641,1,4.0
155641,682,5.0
155641,2019,4.0
160947,660,4.0
160947,2285,5.0
160947,1932,4.0
160947,2422,4.0
160947,1,4.0
160947,1919,4.0
160947,2423,4.0
66899,660,5.0
66899,659,4.0
66899,1885,4.0
66899,688,4.0
66899,657,4.0
66899,168,4.0
42337,660,5.0
42337,227,4.0
42337,193,5.0
42337,21,5.0
42337,898,5.0
42337,1976,5.0
42337,39,4.0
42337,153,5.0
42337,2428,5.0
207478,660,5.0
207478,50,5.0
207478,1561,5.0
207478,2792,5.0
207478,1163,5.0
207478,3061,5.0
207478,199,5.0
207478,1721,5.0
207478,1010,5.0
207478,2288,5.0
207478,2635,5.0
207478,1284,5.0
207478,2757,5.0
207478,963,5.0
207478,101,5.0
207478,554,5.0
207478,3042,5.0
207478,693,5.0
207478,1438,5.0
214974,660,5.0
214974,70,4.0
214974,1511,4.0
214974,1608,5.0
214974,85,5.0
214974,935,5.0
98951,660,5.0
98951,952,5.0
98951,800,5.0
98951,2360,5.0
77488,660,4.0
77488,122,5.0
77488,7,5.0
77488,33,4.0
77488,1885,5.0
77488,657,5.0
279506,660,5.0
279506,31,5.0
279506,2,5.0
279506,658,1.0
279506,2368,5.0
279506,2432,5.0
279506,2501,5.0
279506,686,5.0
279506,1,5.0
279506,3183,5.0
279506,2417,5.0
279506,96,5.0
279506,964,4.0
279506,1162,5.0
63048,660,4.0
63048,2415,3.0
63048,1888,5.0
63048,1,5.0
63048,1887,4.0
63048,662,4.0
63421,660,5.0
63421,8,5.0
63421,1885,5.0
63421,160,5.0
52664,660,5.0
52664,2006,4.0
52664,2,5.0
52664,137,4.0
52664,1374,4.0
311353,660,4.0
311353,1506,4.0
311353,1901,4.0
311353,1256,5.0
311353,2937,4.0
311353,1313,5.0
427101,660,5.0
427101,2285,5.0
427101,2,4.0
427101,1266,4.0
427101,1885,5.0
427101,3,5.0
427101,2243,5.0
427101,127,5.0
300920,660,5.0
300920,2376,5.0
300920,2094,5.0
300920,3147,4.0
300920,5,5.0
300920,3162,5.0
300920,2373,5.0
300920,2368,5.0
300920,2421,5.0
300920,2377,5.0
102672,660,5.0
102672,36,4.0
102672,782,5.0
102672,405,0.0
102672,228,5.0
102672,41,5.0
102672,2432,5.0
102672,1915,5.0
102672,1889,4.0
102672,2299,5.0
102672,401,3.0
102672,45,5.0
102672,656,5.0
102672,657,5.0
102672,2425,5.0
102672,719,5.0
102672,3149,5.0
102672,2436,2.0
462571,660,4.0
462571,1948,5.0
462571,1947,5.0
462571,401,5.0
462571,1910,5.0
366672,660,5.0
366672,2285,5.0
366672,5,5.0
366672,1838,5.0
366672,383,5.0
366672,1542,5.0
366672,420,5.0
366672,1897,5.0
366672,403,4.0
366672,463,5.0
366672,1401,5.0
366672,451,5.0
503743,660,5.0
503743,3159,5.0
503743,54,5.0
503743,10,5.0
146426,660,4.0
146426,2419,0.0
146426,2016,4.0
146426,2710,4.0
146426,2418,4.0
146426,2639,4.0
146426,2675,4.0
146426,662,5.0
534623,660,5.0
534623,1955,5.0
534623,725,2.0
534623,81,5.0
534623,2428,5.0
945289,660,4.0
945289,979,5.0
945289,159,5.0
945289,5,5.0
945289,3237,5.0
945289,2673,5.0
945289,1262,5.0
945289,124,5.0
945289,110,5.0
945289,14,5.0
294215,660,4.0
294215,2419,4.0
294215,2431,5.0
294215,659,5.0
294215,2415,5.0
294215,2028,4.0
294215,1914,4.0
666723,660,0.0
666723,2376,5.0
666723,2416,2.0
666723,98,4.0
666723,2285,5.0
666723,32,5.0
666723,2,5.0
666723,84,2.0
666723,663,5.0
666723,724,5.0
666723,596,5.0
666723,2415,5.0
666723,2616,3.0
666723,508,5.0
666723,135,4.0
666723,2548,5.0
666723,2366,5.0
666723,2467,5.0
666723,769,5.0
666723,3,5.0
666723,127,4.0
666723,530,5.0
666723,93,5.0
666723,2451,4.0
666723,1151,5.0
666723,2404,4.0
666723,289,5.0
666723,962,5.0
1088130,660,5.0
1088130,98,5.0
1088130,2330,3.0
1088130,1012,5.0
1088130,1887,5.0
349446,660,5.0
349446,1924,5.0
349446,1906,4.0
349446,3151,4.0
349446,3190,5.0
349446,149,3.0
349446,2415,5.0
349446,2424,4.0
349446,3255,0.0
364863,660,5.0
364863,577,5.0
364863,436,5.0
364863,401,5.0
364863,1565,5.0
745760,660,4.0
745760,405,5.0
745760,258,5.0
745760,49,5.0
745760,14,5.0
587965,660,5.0
587965,164,5.0
587965,1888,5.0
587965,508,4.0
587965,1,5.0
983811,660,5.0
983811,1895,5.0
983811,2394,5.0
983811,1932,5.0
983811,116,5.0
983811,2440,5.0
983811,62,5.0
537832,660,5.0
537832,417,4.0
537832,671,5.0
537832,2468,5.0
537832,2860,5.0
537832,1913,5.0
352845,660,5.0
352845,1279,5.0
352845,16,5.0
352845,125,5.0
352845,1263,5.0
352845,1990,5.0
352845,38,5.0
352845,110,5.0
352845,2508,5.0
352845,1267,5.0
352845,656,5.0
352845,100,5.0
352845,980,5.0
352845,971,5.0
628779,660,5.0
628779,1520,5.0
628779,7,5.0
628779,5,5.0
628779,12,5.0
628779,523,5.0
628779,964,0.0
628779,675,5.0
628779,44,5.0
283834,660,5.0
283834,1568,4.0
283834,509,4.0
283834,32,5.0
283834,659,5.0
283834,2426,4.0
283834,46,5.0
283834,41,5.0
283834,508,5.0
283834,11,5.0
283834,2429,5.0
283834,2448,4.0
283834,1573,5.0
283834,15,5.0
674484,660,5.0
674484,92,5.0
674484,183,5.0
674484,2056,5.0
674484,367,5.0
674484,987,5.0
674484,1922,5.0
674484,178,5.0
401688,660,5.0
401688,59,3.0
401688,659,5.0
401688,2254,3.0
401688,66,5.0
401688,1187,5.0
401688,18,3.0
401688,1933,5.0
401688,1009,4.0
80219,660,4.0
80219,84,3.0
80219,672,5.0
80219,2459,5.0
516926,660,5.0
516926,582,5.0
516926,967,5.0
516926,2442,5.0
516926,401,5.0
516926,667,5.0
516926,510,5.0
1164689,660,5.0
1164689,2420,4.0
1164689,996,5.0
1164689,1915,4.0
288146,660,4.0
288146,114,5.0
288146,1568,5.0
288146,2827,5.0
288146,7,3.0
288146,1662,5.0
288146,991,5.0
288146,2085,5.0
288146,1957,4.0
288146,663,5.0
288146,12,4.0
288146,3174,5.0
288146,2034,5.0
288146,1970,5.0
288146,557,5.0
288146,111,5.0
288146,1282,4.0
288146,2422,5.0
288146,3222,5.0
288146,1041,5.0
288146,2568,5.0
288146,2432,5.0
288146,516,4.0
288146,1262,4.0
288146,1296,4.0
288146,1399,5.0
288146,51,5.0
288146,2194,5.0
288146,1541,5.0
288146,1374,4.0
288146,1695,5.0
288146,243,5.0
288146,2382,5.0
288146,2074,4.0
288146,657,5.0
288146,297,3.0
288146,2404,4.0
288146,964,5.0
288146,153,5.0
288146,330,5.0
288146,1177,5.0
288146,247,4.0
288146,14,5.0
288146,1539,5.0
288146,1535,4.0
288146,2599,4.0
56492,660,5.0
56492,71,3.0
56492,2506,5.0
56492,2415,5.0
56492,2425,5.0
690623,660,5.0
690623,972,5.0
690623,1208,5.0
690623,985,5.0
690623,2723,5.0
690623,122,5.0
690623,7,5.0
690623,2303,5.0
690623,1315,5.0
690623,2220,5.0
690623,360,5.0
690623,853,5.0
690623,20,4.0
690623,695,5.0
690623,539,5.0
690623,1108,5.0
690623,3220,5.0
690623,969,5.0
690623,3342,5.0
690623,664,5.0
690623,2490,4.0
690623,2578,5.0
690623,1104,5.0
690623,1012,5.0
690623,3129,5.0
690623,2817,5.0
690623,1909,5.0
690623,11,5.0
690623,2239,5.0
690623,1170,5.0
690623,3062,5.0
690623,256,5.0
690623,680,5.0
690623,1165,5.0
690623,18,5.0
690623,316,5.0
690623,1933,0.0
690623,252,5.0
690623,1087,4.0
690623,2232,5.0
690623,30,5.0
690623,408,5.0
690623,104,5.0
690623,1051,5.0
690623,1926,5.0
690623,1887,4.0
690623,1944,5.0
1592049,218,5.0
1592049,145,5.0
1592049,216,5.0
1592049,2010,5.0
1592049,206,0.0
1592049,683,5.0
41525,972,5.0
41525,681,5.0
41525,2439,5.0
41525,3342,5.0
41525,794,5.0
41525,3317,4.0
41525,245,5.0
185721,972,4.0
185721,1744,5.0
185721,87,4.0
185721,2463,4.0
185721,15,5.0
185721,123,5.0
55578,972,5.0
55578,965,5.0
55578,1886,5.0
55578,7,5.0
55578,509,5.0
55578,2439,5.0
55578,2577,4.0
55578,50,5.0
55578,2285,5.0
55578,3061,5.0
55578,12,5.0
55578,523,5.0
55578,2040,5.0
55578,1256,5.0
55578,2056,4.0
55578,658,5.0
55578,21,5.0
55578,182,5.0
55578,391,5.0
55578,2833,5.0
55578,508,5.0
55578,2501,5.0
55578,1885,5.0
55578,2429,5.0
55578,29,5.0
55578,661,4.0
55578,3,4.0
55578,1908,5.0
55578,1999,5.0
55578,2441,5.0
55578,807,5.0
55578,1989,5.0
55578,195,5.0
55578,673,5.0
55578,718,5.0
55578,2484,4.0
55578,2417,5.0
55578,348,5.0
55578,173,5.0
55578,14,4.0
340980,972,2.0
340980,802,5.0
340980,961,3.0
340980,2301,1.0
340980,945,4.0
340980,3149,5.0
258115,972,5.0
258115,2821,5.0
258115,1814,5.0
258115,2438,5.0
258115,2116,5.0
258115,657,5.0
258115,1565,5.0
310953,972,5.0
310953,2531,3.0
310953,33,5.0
310953,2758,5.0
310953,2734,5.0
244595,972,4.0
244595,3071,5.0
244595,2050,5.0
244595,2700,5.0
244595,2379,5.0
244595,41,4.0
244595,127,5.0
244595,2637,2.0
244595,674,5.0
244595,3331,5.0
244595,425,5.0
244595,662,3.0
244595,2849,1.0
55221,1924,5.0
55221,36,5.0
55221,2154,4.0
55221,2498,5.0
55221,2437,5.0
55221,2625,5.0
55221,1901,5.0
55221,2547,5.0
55221,70,4.0
55221,595,5.0
55221,2550,5.0
55221,2773,4.0
55221,2720,5.0
55221,49,5.0
55221,1962,5.0
55221,219,5.0
55221,1887,5.0
55221,2495,5.0
345297,1924,5.0
345297,16,5.0
345297,2759,5.0
345297,1885,5.0
345297,2131,4.0
345297,1,5.0
115053,1924,2.0
115053,50,5.0
115053,1901,5.0
115053,550,4.0
115053,1266,3.0
115053,1562,3.0
115053,112,4.0
115053,15,3.0
115053,719,4.0
290107,1924,5.0
290107,244,5.0
290107,2829,5.0
290107,659,5.0
290107,2547,5.0
290107,580,3.0
290107,455,5.0
290107,63,4.0
290107,2424,5.0
290107,2467,4.0
290107,987,5.0
290107,1850,5.0
290107,74,5.0
290107,60,4.0
290107,30,5.0
290107,44,5.0
290107,1892,5.0
382364,1924,4.0
382364,2,4.0
382364,2033,4.0
382364,2973,5.0
366487,1924,5.0
366487,381,4.0
366487,1893,5.0
366487,3,5.0
366487,10,5.0
366487,1887,5.0
435152,1924,5.0
435152,2285,5.0
435152,2415,4.0
435152,1888,5.0
223135,1924,5.0
223135,1899,5.0
223135,1918,5.0
223135,2180,5.0
713116,1924,5.0
713116,7,5.0
713116,12,5.0
713116,1916,5.0
713116,66,5.0
713116,3145,4.0
713116,18,4.0
713116,1922,5.0
713116,1597,4.0
713116,656,5.0
369363,1924,5.0
369363,2416,5.0
369363,5,5.0
369363,1973,5.0
369363,66,5.0
369363,396,5.0
369363,38,5.0
369363,978,4.0
369363,163,0.0
369363,2528,5.0
722619,1924,5.0
722619,1205,4.0
722619,661,5.0
722619,4,5.0
537578,1924,5.0
537578,140,3.0
537578,2437,4.0
537578,19,4.0
537578,2443,5.0
537578,22,4.0
537578,4,5.0
537578,1887,5.0
800990,1924,5.0
800990,7,5.0
800990,1256,5.0
800990,971,5.0
99624,1924,5.0
99624,154,5.0
99624,2531,5.0
99624,2420,5.0
99624,961,5.0
99624,3203,5.0
99624,2418,5.0
99624,2438,5.0
99624,33,5.0
99624,75,5.0
99624,2422,5.0
99624,1987,5.0
99624,2097,5.0
99624,3062,5.0
99624,61,5.0
99624,1889,5.0
99624,74,5.0
99624,15,5.0
99624,2001,0.0
1535,1924,5.0
1535,221,5.0
1535,352,5.0
1535,509,3.0
1535,1878,5.0
1535,174,5.0
1535,67,5.0
1535,107,4.0
1535,68,4.0
1535,21,5.0
1535,685,4.0
1535,2487,5.0
1535,1976,4.0
1535,2031,4.0
1535,327,4.0
1535,250,4.0
1535,264,5.0
1535,212,5.0
1535,2944,5.0
24928,1924,5.0
24928,344,5.0
24928,2285,5.0
24928,1235,5.0
24928,2075,5.0
24928,2574,5.0
171683,421,5.0
171683,1886,3.0
171683,7,5.0
171683,20,3.0
171683,177,5.0
171683,13,5.0
171683,1630,4.0
171683,2693,4.0
171683,2493,4.0
171683,2415,4.0
171683,2444,5.0
171683,2815,4.0
171683,1129,4.0
171683,2019,4.0
171683,1926,4.0
171683,2112,4.0
315565,2337,5.0
315565,3123,4.0
315565,2148,5.0
315565,1155,4.0
315565,3310,4.0
315565,3224,5.0
315565,529,5.0
315565,1865,5.0
315565,535,4.0
315565,447,5.0
315565,2702,5.0
315565,2872,5.0
315565,2268,4.0
315565,1922,5.0
315565,445,4.0
315565,1329,5.0
315565,753,5.0
315565,169,5.0
315565,1309,4.0
315565,1410,5.0
39277,204,5.0
39277,222,5.0
39277,1886,5.0
39277,2789,5.0
39277,1928,5.0
39277,395,5.0
39277,573,5.0
39277,282,5.0
39277,2971,5.0
39277,148,5.0
39277,2743,5.0
39277,324,5.0
39277,338,5.0
54885,204,4.0
54885,1886,5.0
54885,2415,5.0
54885,96,5.0
92641,204,4.0
92641,511,5.0
92641,2285,5.0
92641,80,5.0
92641,5,5.0
92641,2030,5.0
92641,1915,5.0
92641,45,5.0
92641,1553,5.0
92641,2417,5.0
92641,1887,5.0
153190,204,5.0
153190,2029,5.0
153190,2163,5.0
153190,684,2.0
153190,2160,5.0
153190,1909,4.0
22788,204,5.0
22788,2044,5.0
22788,47,4.0
22788,280,5.0
22788,119,4.0
317696,204,3.0
317696,2677,5.0
317696,3268,5.0
317696,3061,5.0
317696,1007,5.0
317696,3151,5.0
317696,1555,5.0
317696,2366,4.0
317696,3265,4.0
317696,2351,5.0
317696,1063,4.0
317696,3079,4.0
317696,1533,5.0
317696,2284,5.0
317696,1578,4.0
317696,2940,5.0
27961,204,5.0
27961,1888,5.0
27961,38,5.0
27961,76,5.0
27961,101,5.0
27961,10,5.0
27961,2440,5.0
27961,23,5.0
851190,204,5.0
851190,2419,5.0
851190,2458,5.0
851190,5,5.0
851190,2051,5.0
851190,183,5.0
851190,658,5.0
851190,61,5.0
851190,1887,5.0
460058,204,5.0
460058,1960,5.0
460058,1522,5.0
460058,2418,5.0
460058,2817,5.0
460058,1935,5.0
460058,2417,5.0
469786,204,5.0
469786,2438,5.0
469786,2429,5.0
469786,61,5.0
1203830,204,5.0
1203830,1893,5.0
1203830,2449,5.0
1203830,2017,5.0
1203830,44,5.0
124268,204,5.0
124268,2416,2.0
124268,139,5.0
124268,43,1.0
124268,2569,5.0
124268,2113,4.0
124268,964,5.0
124268,109,5.0
19540,3097,5.0
19540,1707,5.0
19540,2201,5.0
19540,2061,5.0
19540,65,4.0
167782,3097,5.0
167782,1810,5.0
167782,7,5.0
167782,8,5.0
167782,536,4.0
167782,57,0.0
167782,2822,1.0
167782,3061,5.0
167782,3166,5.0
167782,610,5.0
167782,2450,5.0
167782,15,3.0
168771,3168,5.0
168771,2764,5.0
168771,978,5.0
168771,1103,5.0
666829,3168,5.0
666829,1899,5.0
666829,346,5.0
666829,49,5.0
666829,144,5.0
666829,446,5.0
666829,657,0.0
426156,3168,4.0
426156,271,4.0
426156,512,2.0
426156,1906,5.0
426156,2,5.0
211577,3168,5.0
211577,7,5.0
211577,1854,4.0
211577,658,5.0
211577,2417,5.0
380275,3168,5.0
380275,2420,4.0
380275,73,5.0
380275,3,5.0
380275,3148,5.0
380275,656,4.0
380275,674,5.0
107583,3355,5.0
107583,468,3.0
107583,2959,5.0
107583,2327,5.0
107583,2671,5.0
107583,1228,5.0
107583,3270,5.0
107583,443,5.0
107583,3262,5.0
107583,1112,5.0
107583,1518,4.0
107583,975,5.0
107583,1046,5.0
107583,3307,5.0
107583,2478,5.0
107583,2896,5.0
107583,1740,5.0
107583,946,5.0
107583,1044,5.0
107583,3046,5.0
107583,2800,5.0
107583,905,5.0
107583,855,5.0
107583,3350,5.0
107583,273,5.0
107583,701,5.0
107583,1583,4.0
107583,2890,5.0
107583,1396,5.0
107583,867,5.0
107583,3056,4.0
107583,2366,5.0
107583,3073,5.0
107583,1709,5.0
107583,3281,5.0
107583,2956,5.0
107583,1922,5.0
107583,3231,5.0
107583,1047,5.0
107583,446,5.0
107583,3178,5.0
107583,2538,5.0
107583,2895,5.0
107583,1556,5.0
107583,714,5.0
107583,2404,5.0
107583,989,5.0
107583,639,5.0
107583,1859,5.0
163576,3355,5.0
163576,2285,5.0
163576,658,5.0
163576,3346,5.0
163576,656,5.0
219291,3105,5.0
219291,2,5.0
219291,663,5.0
219291,1256,5.0
219291,1885,5.0
219291,27,5.0
153919,3105,5.0
153919,1265,5.0
153919,984,4.0
153919,728,5.0
153919,663,5.0
153919,54,5.0
153919,101,5.0
477308,2522,4.0
477308,1545,4.0
477308,58,1.0
477308,2435,3.0
477308,73,1.0
477308,1955,3.0
477308,947,2.0
477308,2444,4.0
477308,980,5.0
477308,15,2.0
574936,2522,5.0
574936,92,5.0
574936,315,5.0
574936,19,3.0
574936,2508,5.0
574936,2520,5.0
574936,187,5.0
574936,2417,5.0
574936,2423,5.0
574936,1892,3.0
403668,2522,5.0
403668,2420,5.0
403668,2286,5.0
403668,3161,5.0
403668,3146,5.0
403668,2264,4.0
403668,3316,5.0
35106,3094,3.0
35106,2641,3.0
35106,1261,4.0
35106,2416,3.0
35106,3147,4.0
35106,207,2.0
35106,659,4.0
35106,2159,4.0
35106,2409,3.0
35106,388,4.0
35106,797,2.0
35106,3229,3.0
35106,735,2.0
35106,3154,2.0
35106,1811,5.0
35106,680,4.0
35106,3148,4.0
35106,700,4.0
35106,3201,4.0
35106,2404,3.0
35106,734,5.0
35106,1958,4.0
35106,2428,4.0
202865,2079,5.0
202865,251,4.0
202865,1893,5.0
202865,18,2.0
213909,2079,5.0
213909,1181,5.0
213909,1173,5.0
213909,200,5.0
213909,2438,5.0
213909,12,5.0
213909,1211,5.0
213909,3034,5.0
213909,658,5.0
213909,2366,5.0
213909,1166,5.0
213909,1187,5.0
213909,1908,5.0
213909,39,5.0
213909,2468,5.0
213909,974,5.0
213909,2584,5.0
213909,971,4.0
213909,14,5.0
25455,1895,5.0
25455,7,5.0
25455,3182,5.0
25455,20,4.0
25455,663,5.0
25455,2104,4.0
25455,1941,4.0
25455,1916,5.0
25455,111,5.0
25455,2121,4.0
25455,1995,5.0
25455,2679,4.0
25455,1979,5.0
25455,1897,5.0
25455,45,4.0
25455,60,4.0
25455,3297,5.0
25455,2430,5.0
25455,1926,5.0
50643,1895,5.0
50643,277,5.0
50643,1886,5.0
50643,2058,5.0
50643,161,5.0
50643,1842,5.0
50643,2971,5.0
50643,156,5.0
50643,65,5.0
59921,1895,5.0
59921,1886,5.0
59921,1898,5.0
59921,323,1.0
59921,6,5.0
59921,2442,5.0
59921,656,5.0
30435,1895,5.0
30435,170,4.0
30435,7,5.0
30435,1812,5.0
30435,2285,4.0
30435,2420,5.0
30435,5,5.0
30435,768,5.0
30435,1686,5.0
30435,508,5.0
30435,2126,5.0
30435,27,5.0
30435,2443,5.0
30435,162,5.0
30435,2417,5.0
30435,1539,5.0
107014,1895,5.0
107014,2490,5.0
107014,2415,5.0
107014,2470,5.0
85018,1895,5.0
85018,965,5.0
85018,298,5.0
85018,1985,5.0
85018,1088,5.0
85018,375,4.0
85018,658,5.0
85018,21,5.0
85018,2049,5.0
85018,110,5.0
85018,18,5.0
85018,49,5.0
85018,2463,5.0
85018,96,5.0
85018,348,5.0
85018,1465,5.0
85018,425,5.0
85018,1900,5.0
36187,1895,5.0
36187,67,5.0
36187,58,5.0
36187,2040,4.0
36187,508,4.0
36187,53,5.0
36187,1278,5.0
36187,34,0.0
36187,74,5.0
36187,1260,5.0
36187,3323,5.0
188204,1895,5.0
188204,1886,5.0
188204,2114,3.0
188204,961,2.0
188204,40,5.0
188204,663,5.0
188204,1912,5.0
188204,3146,5.0
188204,1915,5.0
188204,18,5.0
188204,1290,5.0
188204,49,5.0
188204,2463,5.0
188204,93,5.0
188204,10,5.0
188204,1950,1.0
188204,1914,5.0
193516,1895,5.0
193516,2263,5.0
193516,277,5.0
193516,509,4.0
193516,697,5.0
193516,2064,5.0
193516,3188,5.0
193516,104,5.0
193516,117,5.0
193516,2731,5.0
237330,1895,5.0
237330,434,5.0
237330,1817,5.0
237330,1505,4.0
237330,1418,5.0
237330,1606,4.0
237330,296,5.0
237330,658,5.0
237330,1813,5.0
237330,1345,5.0
237330,255,5.0
237330,1962,5.0
237330,2076,5.0
237330,1465,5.0
237330,962,4.0
237330,2053,4.0
143946,1895,2.0
143946,2442,5.0
143946,1834,5.0
143946,1890,4.0
143946,2590,5.0
527515,1895,4.0
527515,658,3.0
527515,101,5.0
527515,10,5.0
298757,1895,5.0
298757,244,5.0
298757,1126,5.0
298757,937,5.0
298757,1836,5.0
298757,943,5.0
298757,1539,5.0
182358,1895,5.0
182358,965,5.0
182358,170,5.0
182358,1263,5.0
182358,172,5.0
182358,508,5.0
182358,1910,5.0
246844,1895,5.0
246844,1971,4.0
246844,2416,5.0
246844,1425,5.0
246844,3333,4.0
246844,3360,5.0
246844,2465,5.0
246844,851,5.0
246844,703,5.0
246844,2614,4.0
246844,3065,4.0
246844,2422,4.0
246844,2580,5.0
246844,1909,5.0
246844,2684,5.0
246844,2513,5.0
246844,1187,5.0
246844,1268,5.0
246844,2481,4.0
246844,2468,4.0
246844,2451,4.0
246844,881,4.0
246844,3149,5.0
651379,1895,3.0
651379,5,5.0
651379,2426,3.0
651379,21,4.0
651379,2415,4.0
651379,27,5.0
651379,514,5.0
651379,49,5.0
1072669,1895,4.0
1072669,1916,4.0
1072669,685,5.0
1072669,657,3.0
1023050,1895,5.0
1023050,2415,5.0
1023050,2424,5.0
1023050,19,5.0
165217,1895,0.0
165217,2439,0.0
165217,79,0.0
165217,186,0.0
165217,2421,0.0
165217,657,0.0
1122161,1895,5.0
1122161,64,5.0
1122161,366,5.0
1122161,7,5.0
1122161,763,5.0
1122161,16,5.0
1122161,57,5.0
1122161,2212,4.0
1122161,33,5.0
1122161,1256,5.0
1122161,2169,4.0
1122161,3159,5.0
1122161,528,5.0
1122161,2011,5.0
1122161,1949,5.0
1122161,1902,5.0
1122161,2161,5.0
1122161,2097,5.0
1122161,11,5.0
1122161,141,5.0
1122161,243,5.0
1122161,2144,5.0
1122161,2173,5.0
1122161,1151,5.0
1122161,10,5.0
1122161,1910,2.0
1122161,14,5.0
422609,1895,0.0
422609,2827,3.0
422609,681,5.0
422609,52,2.0
422609,2418,3.0
422609,1256,4.0
422609,75,4.0
422609,1306,4.0
422609,1909,5.0
422609,2558,3.0
422609,115,4.0
422609,22,4.0
422609,2430,4.0
422609,1900,4.0
422609,3149,5.0
642310,1895,5.0
642310,92,0.0
642310,2111,5.0
642310,978,0.0
642310,168,5.0
253974,1895,0.0
253974,614,5.0
253974,2619,5.0
253974,2437,5.0
253974,2220,5.0
253974,2128,5.0
253974,70,5.0
253974,2288,5.0
253974,2469,5.0
253974,2425,5.0
253974,2192,5.0
101391,399,5.0
101391,11,5.0
101391,1950,5.0
101391,945,5.0
101391,302,3.0
74652,399,5.0
74652,122,5.0
74652,1997,5.0
74652,181,5.0
74652,2,2.0
74652,2093,5.0
74652,2478,5.0
74652,1488,5.0
74652,2096,5.0
74652,2490,5.0
74652,1952,5.0
74652,1885,5.0
74652,2647,5.0
74652,2195,3.0
74652,1776,5.0
74652,34,5.0
74652,674,5.0
74652,10,4.0
74652,2425,5.0
74652,1900,5.0
3205,399,5.0
3205,3358,5.0
3205,2389,5.0
3205,2757,5.0
448204,399,5.0
448204,32,5.0
448204,1256,5.0
448204,2449,5.0
448204,3,5.0
448204,18,5.0
448204,14,5.0
1198738,399,5.0
1198738,1904,5.0
1198738,181,5.0
1198738,1959,5.0
1198738,100,5.0
1617537,399,5.0
1617537,2439,5.0
1617537,961,4.0
1617537,2418,5.0
1617537,2059,5.0
65197,399,5.0
65197,64,5.0
65197,2554,5.0
65197,2645,5.0
65197,512,5.0
65197,1234,5.0
65197,2507,5.0
65197,1179,5.0
65197,1183,5.0
65197,2969,5.0
65197,1263,5.0
65197,697,5.0
65197,2814,5.0
65197,2415,5.0
65197,2555,5.0
65197,2514,5.0
65197,318,5.0
65197,2570,5.0
65197,2728,5.0
65197,1385,5.0
65197,992,5.0
65197,2698,5.0
65197,815,5.0
65197,2815,5.0
65197,510,5.0
404046,205,5.0
404046,1906,5.0
404046,2632,5.0
404046,11,5.0
404046,4,5.0
824438,205,5.0
824438,2416,5.0
824438,2488,5.0
824438,2426,3.0
824438,2310,5.0
658792,205,5.0
658792,6,5.0
658792,190,5.0
658792,44,5.0
62264,1971,4.0
62264,159,5.0
62264,2388,5.0
62264,1261,5.0
62264,1547,4.0
62264,3261,5.0
62264,134,5.0
62264,3170,5.0
62264,731,5.0
62264,2502,5.0
62264,2192,5.0
62264,844,4.0
214991,1971,4.0
214991,159,5.0
214991,1886,5.0
214991,254,5.0
214991,122,4.0
214991,2416,5.0
214991,2420,5.0
214991,1319,5.0
214991,2,5.0
214991,961,5.0
214991,94,5.0
214991,2426,5.0
214991,1285,5.0
214991,2518,5.0
214991,1893,5.0
214991,2442,5.0
214991,135,4.0
214991,194,4.0
214991,11,5.0
214991,1981,5.0
214991,102,5.0
214991,27,5.0
214991,987,5.0
214991,1313,5.0
214991,308,4.0
2162210,1971,5.0
2162210,3068,5.0
2162210,51,5.0
2162210,406,5.0
153145,1971,5.0
153145,511,5.0
153145,899,5.0
153145,3053,5.0
153145,513,5.0
153145,686,5.0
153145,2496,5.0
515278,2945,5.0
515278,1899,5.0
515278,809,5.0
515278,2843,5.0
515278,1719,5.0
515278,2161,5.0
515278,1908,5.0
515278,2443,5.0
515278,923,5.0
515278,914,4.0
515278,1962,5.0
515278,656,4.0
515278,2976,4.0
515278,2839,4.0
1168148,2945,5.0
1168148,2027,5.0
1168148,1886,5.0
1168148,1261,5.0
1168148,981,5.0
1168148,1898,5.0
1168148,961,5.0
1168148,2228,5.0
1168148,1934,5.0
1168148,2024,5.0
1168148,2735,5.0
1168148,1897,5.0
1168148,1031,5.0
382071,2945,4.0
382071,614,4.0
382071,8,4.0
382071,2455,5.0
382071,946,3.0
382071,183,5.0
382071,3195,5.0
382071,2963,4.0
382071,2949,5.0
382071,116,5.0
382071,1555,0.0
382071,1266,5.0
382071,1764,5.0
382071,1701,5.0
382071,857,5.0
382071,2509,5.0
382071,2879,4.0
382071,3188,5.0
382071,2557,5.0
382071,1349,4.0
382071,1683,5.0
382071,2283,5.0
382071,2852,4.0
382071,1578,5.0
382071,2816,4.0
382071,3335,5.0
382071,519,5.0
382071,1313,5.0
382071,1326,5.0
382071,2974,4.0
112864,2945,4.0
112864,860,4.0
112864,681,5.0
112864,1005,4.0
112864,443,0.0
112864,536,5.0
112864,2086,5.0
112864,1321,4.0
112864,2955,5.0
112864,2438,5.0
112864,1256,0.0
112864,900,5.0
112864,1686,5.0
112864,3176,4.0
112864,3207,5.0
112864,1739,3.0
112864,3199,5.0
112864,720,5.0
112864,450,5.0
112864,1632,3.0
112864,926,4.0
112864,202,5.0
112864,514,5.0
112864,3079,4.0
112864,1684,5.0
112864,807,4.0
112864,357,4.0
112864,1751,4.0
112864,2474,5.0
343228,2945,3.0
343228,3327,4.0
343228,2853,4.0
343228,2869,4.0
343228,3341,4.0
343228,2,1.0
343228,2823,4.0
343228,2865,5.0
401260,2945,5.0
401260,2889,4.0
401260,1256,5.0
401260,68,5.0
401260,2941,4.0
401260,23,4.0
401260,962,2.0
718620,2289,5.0
718620,772,4.0
718620,36,4.0
718620,690,5.0
718620,2420,5.0
718620,427,5.0
718620,13,4.0
718620,3342,5.0
718620,2422,5.0
718620,233,5.0
718620,1952,2.0
718620,2616,4.0
718620,508,4.0
718620,2335,4.0
718620,3211,4.0
718620,19,5.0
718620,1442,5.0
718620,192,5.0
718620,514,5.0
718620,127,3.0
718620,2459,5.0
718620,666,4.0
718620,23,4.0
718620,733,4.0
718620,15,4.0
200728,2289,5.0
200728,1585,5.0
200728,750,5.0
200728,1598,5.0
200728,2296,5.0
200728,526,5.0
200728,2387,4.0
200728,688,5.0
200728,682,5.0
200728,3148,4.0
200728,2306,5.0
200728,3201,4.0
200728,74,5.0
123897,2289,5.0
123897,2286,5.0
123897,664,4.0
123897,2328,5.0
123897,1885,5.0
123897,2147,4.0
123897,2841,5.0
123897,2417,5.0
123897,522,5.0
22642,2289,5.0
22642,2303,5.0
22642,779,5.0
22642,34,5.0
22642,676,4.0
22642,2854,5.0
22642,2019,5.0
22642,705,5.0
72254,2289,5.0
72254,1815,0.0
72254,939,4.0
72254,914,5.0
72254,2939,5.0
254446,2289,5.0
254446,2005,5.0
254446,659,5.0
254446,1888,5.0
254446,2460,5.0
63128,2289,4.0
63128,1033,5.0
63128,1939,5.0
63128,1256,4.0
63128,658,5.0
63128,1952,0.0
63128,2290,4.0
63128,380,5.0
63128,2470,5.0
63128,1276,5.0
63128,2591,5.0
63128,2950,5.0
63128,74,5.0
63128,1454,3.0
63128,2406,5.0
63128,1900,5.0
322548,2289,5.0
322548,2324,5.0
322548,678,4.0
322548,2364,5.0
322548,906,4.0
322548,680,5.0
180463,2289,5.0
180463,2303,5.0
180463,2020,5.0
180463,41,5.0
180463,898,5.0
316717,2289,5.0
316717,671,3.0
316717,2431,5.0
316717,949,5.0
316717,154,5.0
316717,366,5.0
316717,2456,5.0
316717,7,5.0
316717,2439,5.0
316717,2285,5.0
316717,3164,5.0
316717,659,5.0
316717,2159,5.0
316717,2,5.0
316717,3151,5.0
316717,663,5.0
316717,12,5.0
316717,33,4.0
316717,3342,5.0
316717,2369,5.0
316717,2501,4.0
316717,952,5.0
316717,1909,4.0
316717,11,5.0
316717,124,4.0
316717,3146,5.0
316717,1811,5.0
316717,1,5.0
316717,61,5.0
316717,27,5.0
316717,2299,5.0
316717,667,5.0
316717,1897,5.0
316717,2306,5.0
316717,673,5.0
316717,656,5.0
316717,2417,5.0
316717,964,4.0
316717,945,5.0
316717,2322,5.0
316717,1926,5.0
121985,2289,4.0
121985,170,5.0
121985,2285,4.0
121985,136,5.0
121985,1156,5.0
121985,1957,5.0
121985,287,4.0
121985,2065,5.0
121985,1905,4.0
121985,19,4.0
121985,2113,5.0
121985,2773,4.0
121985,1,5.0
121985,105,5.0
121985,1897,5.0
121985,2463,5.0
121985,1953,4.0
121985,2446,5.0
121985,806,3.0
394617,2289,5.0
394617,712,5.0
394617,2415,4.0
394617,2202,4.0
394617,1885,5.0
394617,318,4.0
394617,2306,0.0
494593,2289,5.0
494593,6,5.0
494593,5,5.0
494593,2266,5.0
494593,2096,5.0
494593,110,5.0
494593,367,5.0
494593,2474,5.0
494593,10,5.0
494593,42,5.0
494593,964,5.0
454675,2289,5.0
454675,669,5.0
454675,659,5.0
454675,203,5.0
454675,2436,5.0
598260,2289,5.0
598260,3147,5.0
598260,3342,5.0
598260,2288,5.0
598260,1907,5.0
1676220,2289,5.0
1676220,77,4.0
1676220,6,5.0
1676220,659,3.0
1676220,39,0.0
1676220,919,5.0
190230,2289,0.0
190230,1292,4.0
190230,405,5.0
190230,659,5.0
190230,3061,5.0
190230,694,4.0
190230,1934,5.0
344231,434,5.0
344231,574,5.0
344231,547,5.0
344231,125,5.0
344231,513,5.0
344231,258,5.0
344231,2937,5.0
344231,1396,5.0
344231,2975,4.0
344231,3282,5.0
344231,542,5.0
344231,3062,5.0
344231,540,5.0
344231,1047,4.0
344231,2816,4.0
344231,2249,5.0
344231,2036,5.0
2192609,218,5.0
2192609,145,5.0
2192609,216,5.0
2192609,2010,5.0
2192609,2151,5.0
2192609,2573,5.0
2192609,206,0.0
2192609,518,5.0
2192609,683,5.0
2189849,218,5.0
2189849,2010,5.0
2189849,206,5.0
2189849,518,0.0
2189849,2532,0.0
2189849,683,0.0
225179,2648,5.0
225179,36,5.0
225179,50,5.0
225179,236,5.0
225179,63,5.0
225179,61,5.0
225179,394,5.0
225179,1260,5.0
838356,2648,5.0
838356,276,5.0
838356,11,5.0
838356,356,5.0
314792,2556,5.0
314792,6,5.0
314792,1952,5.0
314792,2950,5.0
314792,74,5.0
208042,2556,5.0
208042,1262,5.0
208042,2022,5.0
208042,662,5.0
227456,2556,5.0
227456,2476,5.0
227456,686,3.0
227456,1,4.0
227456,2421,5.0
227456,2417,5.0
227456,2425,4.0
420177,2556,5.0
420177,13,5.0
420177,1325,5.0
420177,1811,5.0
420177,510,5.0
75173,222,5.0
75173,590,5.0
75173,167,5.0
75173,551,5.0
107308,222,5.0
107308,7,5.0
107308,2650,5.0
107308,174,5.0
107308,2285,4.0
107308,58,5.0
107308,97,3.0
107308,2415,5.0
107308,66,5.0
107308,1931,5.0
107308,14,5.0
59473,222,5.0
59473,2729,5.0
59473,77,5.0
59473,36,5.0
59473,122,5.0
59473,1938,5.0
59473,31,4.0
59473,5,5.0
59473,2426,5.0
59473,2418,5.0
59473,46,4.0
59473,2617,5.0
59473,658,5.0
59473,1885,5.0
59473,171,5.0
59473,11,5.0
59473,184,5.0
59473,1540,5.0
59473,3,5.0
59473,1920,5.0
59473,18,4.0
59473,2031,5.0
59473,34,5.0
59473,60,5.0
59473,1151,5.0
59473,1162,5.0
59473,78,5.0
59473,15,5.0
59473,1887,5.0
124434,222,5.0
124434,1988,4.0
124434,140,5.0
124434,50,5.0
124434,659,5.0
124434,5,4.0
124434,2415,5.0
124434,2470,4.0
124434,1,5.0
124434,29,4.0
124434,3,5.0
124434,1896,5.0
79737,222,5.0
79737,2426,4.0
79737,75,5.0
79737,1948,5.0
79737,2516,5.0
161265,222,5.0
161265,669,5.0
161265,7,5.0
161265,92,5.0
161265,57,5.0
161265,20,5.0
161265,12,5.0
161265,66,5.0
161265,678,3.0
161265,245,5.0
161265,656,5.0
161265,831,5.0
326039,1219,5.0
326039,1843,5.0
326039,352,5.0
326039,985,5.0
326039,618,5.0
326039,2465,5.0
326039,2822,5.0
326039,2418,5.0
326039,1011,4.0
326039,1256,5.0
326039,13,5.0
326039,1415,5.0
326039,1912,5.0
326039,968,5.0
326039,243,5.0
326039,2018,5.0
326039,34,5.0
326039,1076,5.0
326039,108,5.0
326039,2249,4.0
326039,1900,5.0
51881,239,5.0
51881,2058,5.0
51881,21,5.0
51881,2735,5.0
51881,1153,5.0
43846,239,5.0
43846,2125,5.0
43846,20,5.0
43846,2424,4.0
40620,239,5.0
40620,1886,5.0
40620,77,5.0
40620,665,5.0
40620,448,5.0
40620,713,5.0
40620,332,5.0
40620,1538,5.0
45763,239,4.0
45763,669,4.0
45763,512,5.0
45763,6,5.0
45763,16,5.0
45763,1974,5.0
45763,278,4.0
45763,2562,4.0
45763,2819,5.0
219865,239,4.0
219865,277,3.0
219865,512,4.0
219865,58,3.0
219865,2183,4.0
219865,508,5.0
219865,3,5.0
219865,962,2.0
219865,1887,4.0
324136,3064,5.0
324136,3327,5.0
324136,2327,5.0
324136,3147,5.0
324136,1479,5.0
324136,1599,4.0
324136,2970,5.0
324136,3022,5.0
191015,3064,5.0
191015,1928,5.0
191015,904,5.0
191015,240,5.0
191015,1939,5.0
191015,2822,5.0
191015,3061,5.0
191015,388,5.0
191015,2127,5.0
191015,346,5.0
191015,163,5.0
191015,2078,5.0
191015,3043,5.0
910147,3064,5.0
910147,13,5.0
910147,2292,5.0
910147,1931,5.0
181123,3064,5.0
181123,2058,5.0
181123,291,5.0
181123,2820,5.0
181123,1535,4.0
129652,3064,3.0
129652,20,3.0
129652,961,5.0
129652,2914,4.0
129652,29,5.0
129652,1276,4.0
129652,2982,5.0
129652,2844,3.0
384210,3064,5.0
384210,2931,5.0
384210,2649,5.0
384210,1610,5.0
384210,1576,5.0
384210,1826,5.0
384210,3205,5.0
384210,1556,5.0
384210,562,5.0
248115,1735,3.0
248115,2820,5.0
248115,1572,5.0
248115,1887,5.0
395252,1181,4.0
395252,1516,5.0
395252,2827,4.0
395252,2821,4.0
395252,3321,3.0
395252,512,5.0
395252,590,5.0
395252,2,3.0
395252,2946,4.0
395252,2422,4.0
395252,993,4.0
520620,1181,5.0
520620,2903,5.0
520620,13,5.0
520620,2572,5.0
520620,1354,5.0
520620,321,5.0
520620,2196,5.0
520620,675,5.0
44192,268,5.0
44192,20,5.0
44192,1897,5.0
44192,666,5.0
42895,268,5.0
42895,1943,5.0
42895,2476,5.0
42895,53,4.0
42895,1,5.0
42895,15,5.0
38185,268,5.0
38185,1943,5.0
38185,20,5.0
38185,695,5.0
38185,1941,5.0
38185,685,4.0
38185,1897,5.0
45651,268,5.0
45651,20,4.0
45651,1885,5.0
45651,18,5.0
45651,510,5.0
72745,268,5.0
72745,154,5.0
72745,5,5.0
72745,12,5.0
49414,268,5.0
49414,1898,5.0
49414,5,5.0
49414,2415,4.0
49414,66,5.0
49414,4,5.0
38182,268,5.0
38182,95,5.0
38182,309,5.0
38182,4,5.0
1396309,268,4.0
1396309,789,5.0
1396309,1967,5.0
1396309,1941,5.0
1396309,21,5.0
1396309,657,5.0
1396309,1950,3.0
1396309,4,5.0
6357,2832,5.0
6357,1782,5.0
6357,1791,5.0
6357,1605,5.0
6357,1547,4.0
6357,1624,4.0
6357,2836,3.0
6357,1899,5.0
6357,1593,5.0
6357,1928,5.0
6357,2878,5.0
6357,717,5.0
6357,1609,5.0
6357,1653,5.0
6357,1718,5.0
6357,1637,0.0
6357,1740,4.0
6357,1599,3.0
6357,1803,5.0
6357,1711,5.0
6357,1554,5.0
6357,1532,5.0
6357,1590,5.0
6357,1754,4.0
6357,1563,4.0
6357,54,5.0
6357,1550,5.0
6357,927,5.0
6357,1745,5.0
6357,1540,5.0
6357,1687,5.0
6357,1536,4.0
6357,1626,5.0
6357,1541,5.0
6357,2760,5.0
6357,1712,5.0
6357,1666,4.0
6357,1738,4.0
6357,1650,4.0
6357,668,4.0
6357,34,5.0
6357,1732,5.0
6357,1575,4.0
6357,2826,5.0
6357,1669,5.0
6357,1577,4.0
6357,1592,5.0
6357,1731,5.0
6357,1560,5.0
6357,1639,5.0
121553,2832,5.0
121553,2823,5.0
121553,1532,5.0
121553,2921,5.0
121553,1558,5.0
172760,1817,4.0
172760,658,5.0
172760,2817,5.0
172760,1811,5.0
478599,2148,5.0
478599,3321,5.0
478599,2580,5.0
478599,2467,5.0
478599,2534,5.0
143917,2148,5.0
143917,2120,5.0
143917,2298,5.0
143917,1260,4.0
634448,2677,3.0
634448,2270,4.0
634448,1545,5.0
634448,2465,2.0
634448,2541,5.0
634448,2438,0.0
634448,13,5.0
634448,1919,5.0
634448,666,5.0
634448,74,2.0
634448,656,5.0
634448,2421,5.0
634448,2423,5.0
2198132,145,5.0
2198132,218,5.0
2198132,216,5.0
2198132,2010,5.0
2198132,2151,5.0
2198132,2573,5.0
2198132,206,5.0
2198132,130,0.0
2198132,518,5.0
2198132,2532,0.0
2198132,683,5.0
2201427,145,5.0
2201427,218,5.0
2201427,216,5.0
2201427,2010,5.0
2201427,2151,5.0
2201427,2573,5.0
2201427,206,5.0
2201427,2532,5.0
2201427,683,5.0
2171229,145,0.0
2171229,1351,5.0
2171229,216,5.0
2171229,130,5.0
2171229,2532,5.0
306726,145,5.0
306726,218,5.0
306726,2010,5.0
306726,2151,5.0
306726,2573,5.0
306726,206,5.0
306726,130,0.0
306726,518,5.0
2200124,145,5.0
2200124,218,5.0
2200124,216,5.0
2200124,2010,5.0
2200124,2151,5.0
2200124,2573,0.0
2200124,206,5.0
2200124,683,5.0
2430064,145,5.0
2430064,218,5.0
2430064,216,5.0
2430064,2151,5.0
2430064,2573,5.0
2430064,206,5.0
65955,2014,5.0
65955,795,5.0
65955,2821,5.0
65955,1885,5.0
65955,2470,5.0
65955,184,5.0
65955,2448,4.0
65955,3069,5.0
65955,875,5.0
65955,78,5.0
65955,1169,5.0
65955,522,5.0
75998,2014,5.0
75998,179,4.0
75998,360,5.0
75998,3061,5.0
75998,3034,5.0
75998,2551,4.0
41503,2014,5.0
41503,7,5.0
41503,140,5.0
41503,3061,5.0
41503,3342,5.0
41503,672,5.0
41503,2441,5.0
41503,45,5.0
41503,2295,5.0
41503,78,5.0
41503,722,5.0
41503,15,5.0
41503,1887,5.0
84196,2014,5.0
84196,305,5.0
84196,659,5.0
84196,1274,5.0
84196,1932,5.0
84196,2941,5.0
84196,75,5.0
84196,2521,5.0
84196,2471,5.0
84196,41,5.0
84196,2501,5.0
84196,1909,5.0
84196,2470,5.0
84196,178,5.0
84196,2423,4.0
84196,1900,5.0
125808,1033,4.0
125808,251,5.0
125808,1970,5.0
125808,658,5.0
125808,66,5.0
125808,1885,5.0
125808,3184,4.0
125808,727,5.0
125808,110,5.0
125808,2806,4.0
125808,2698,5.0
125808,785,5.0
125808,2425,5.0
40533,37,5.0
40533,1843,5.0
40533,3344,5.0
40533,2954,5.0
40533,41,5.0
40533,1834,5.0
40533,105,5.0
40533,1925,4.0
40533,1196,5.0
40533,3319,5.0
40533,2484,5.0
159243,37,5.0
159243,1960,5.0
159243,2465,5.0
159243,2572,5.0
369047,37,3.0
369047,703,4.0
369047,1543,4.0
369047,1256,4.0
369047,2290,4.0
369047,3062,4.0
369047,1176,5.0
450004,37,5.0
450004,1261,5.0
450004,1425,5.0
450004,454,5.0
450004,1715,5.0
450004,3163,4.0
450004,1492,5.0
450004,3137,5.0
450004,487,5.0
66246,37,5.0
66246,1886,5.0
66246,2100,5.0
66246,272,5.0
66246,659,5.0
66246,1885,5.0
66246,11,5.0
66246,110,5.0
66246,2550,5.0
66246,1,5.0
66246,968,5.0
66246,3152,0.0
66246,1935,5.0
66246,1919,5.0
66246,1978,4.0
450636,37,5.0
450636,2602,5.0
450636,1937,5.0
450636,3067,4.0
450636,2937,3.0
450636,1,4.0
450636,1020,5.0
388414,37,5.0
388414,2455,5.0
388414,1885,5.0
388414,292,4.0
388414,2552,3.0
388414,3154,4.0
388414,656,5.0
388414,2450,3.0
354540,37,5.0
354540,77,5.0
354540,2615,5.0
354540,2416,5.0
354540,32,5.0
354540,659,5.0
354540,2662,5.0
354540,87,5.0
354540,2491,5.0
354540,3,5.0
354540,2664,5.0
354540,10,5.0
354540,487,5.0
92290,37,5.0
92290,3160,4.0
92290,755,5.0
92290,673,4.0
311003,37,5.0
311003,2456,5.0
311003,7,4.0
311003,2240,5.0
311003,2619,5.0
311003,2829,5.0
311003,2044,4.0
311003,2433,5.0
311003,1305,5.0
311003,2316,5.0
311003,129,5.0
311003,2991,5.0
311003,3068,5.0
311003,257,5.0
311003,374,5.0
311003,2035,5.0
311003,1889,5.0
311003,34,5.0
311003,2557,5.0
311003,303,4.0
311003,2482,5.0
311003,113,5.0
583401,37,5.0
583401,2183,3.0
583401,515,5.0
583401,2696,5.0
551498,37,4.0
551498,1448,4.0
551498,8,4.0
551498,340,4.0
551498,1937,5.0
551498,1023,4.0
551498,1536,5.0
551498,2939,5.0
551498,4,4.0
1458822,37,5.0
1458822,2416,2.0
1458822,1890,5.0
1458822,192,5.0
1458822,2428,5.0
369603,37,5.0
369603,68,5.0
369603,508,5.0
369603,2417,5.0
1108707,37,5.0
1108707,43,5.0
1108707,3,5.0
1108707,792,5.0
1108707,408,5.0
491933,37,5.0
491933,98,4.0
491933,11,4.0
491933,103,5.0
491933,2947,4.0
491933,2815,5.0
491933,962,2.0
241696,2178,5.0
241696,2046,5.0
241696,1271,5.0
241696,1273,5.0
241696,152,5.0
241696,40,5.0
241696,1951,5.0
356713,2178,4.0
356713,58,3.0
356713,1419,5.0
356713,134,4.0
89549,2178,5.0
89549,2405,4.0
89549,509,5.0
89549,2101,5.0
89549,917,5.0
89549,380,3.0
89549,861,5.0
89549,303,5.0
1182971,2178,5.0
1182971,426,5.0
1182971,3061,4.0
1182971,1888,4.0
1182971,2432,5.0
1182971,2256,5.0
1182971,11,5.0
614389,2178,4.0
614389,2798,4.0
614389,154,3.0
614389,1938,4.0
614389,2416,4.0
614389,207,5.0
614389,57,5.0
614389,28,5.0
614389,12,5.0
614389,2117,5.0
614389,274,5.0
614389,2017,5.0
614389,108,4.0
165169,2178,5.0
165169,2419,5.0
165169,2452,0.0
165169,1901,5.0
165169,95,4.0
165169,3061,5.0
165169,2042,5.0
165169,15,5.0
165169,2423,5.0
350627,3016,3.0
350627,3164,4.0
350627,287,5.0
350627,2422,5.0
350627,1552,5.0
350627,1533,5.0
350627,2461,5.0
350627,2940,5.0
350627,1577,0.0
64713,1904,5.0
64713,1292,5.0
64713,339,5.0
64713,15,5.0
20754,1904,5.0
20754,335,5.0
20754,154,4.0
20754,36,5.0
20754,2003,5.0
20754,2124,4.0
20754,136,5.0
20754,1911,5.0
20754,2093,5.0
20754,1941,5.0
20754,664,5.0
20754,2065,5.0
20754,658,5.0
20754,1905,5.0
20754,1888,5.0
20754,110,5.0
20754,2035,5.0
20754,1979,5.0
20754,2661,5.0
20754,2310,5.0
20754,1896,5.0
20754,777,5.0
20754,2080,5.0
20754,345,5.0
55166,1904,5.0
55166,179,5.0
55166,1949,5.0
55166,2424,5.0
55166,86,5.0
78682,1904,5.0
78682,277,5.0
78682,46,4.0
78682,1915,5.0
78682,163,5.0
104600,1904,5.0
104600,1810,5.0
104600,2285,5.0
104600,1821,5.0
104600,728,5.0
104600,1905,5.0
104600,2415,0.0
104600,126,5.0
104600,672,5.0
15892,1904,5.0
15892,2285,4.0
15892,20,4.0
15892,2415,2.0
15892,2049,4.0
15892,1885,5.0
15892,1887,3.0
15892,1900,5.0
15892,662,5.0
64934,1904,5.0
64934,2729,5.0
64934,36,5.0
64934,1938,5.0
64934,2285,5.0
64934,1928,5.0
64934,193,5.0
64934,2415,5.0
64934,1888,5.0
64934,2432,5.0
64934,1815,5.0
64934,171,5.0
64934,1666,5.0
64934,15,5.0
64934,1887,5.0
172256,1904,5.0
172256,2424,5.0
172256,677,5.0
172256,2815,5.0
172256,2399,2.0
172256,1900,5.0
110125,1904,5.0
110125,272,5.0
110125,1272,4.0
110125,177,5.0
110125,2814,4.0
110125,2820,5.0
315671,1904,5.0
315671,2285,5.0
315671,91,5.0
315671,2308,5.0
315671,13,5.0
315671,3342,5.0
315671,1659,5.0
315671,658,5.0
315671,21,5.0
315671,249,5.0
315671,1790,4.0
315671,2473,5.0
315671,3146,5.0
315671,1706,5.0
315671,3070,5.0
315671,2819,4.0
315671,1539,5.0
366048,1904,4.0
366048,2285,5.0
366048,2044,5.0
366048,1939,5.0
366048,2409,5.0
366048,2825,4.0
366048,1888,4.0
366048,1,4.0
366048,731,5.0
366048,3109,5.0
366048,990,5.0
414309,1904,4.0
414309,7,5.0
414309,1885,4.0
414309,1889,5.0
294705,1904,5.0
294705,28,4.0
294705,2,5.0
294705,2415,4.0
294705,1902,5.0
294705,29,5.0
294705,47,5.0
294705,2430,5.0
294705,1887,5.0
446403,1904,5.0
446403,2285,5.0
446403,3148,5.0
446403,2417,5.0
446403,1887,5.0
150281,1904,5.0
150281,1343,5.0
150281,2998,5.0
150281,2625,4.0
150281,3118,5.0
150281,2970,5.0
150281,1182,5.0
150281,2462,4.0
150281,3132,5.0
150281,1604,5.0
150281,423,5.0
150281,1377,5.0
150281,2752,4.0
150281,49,5.0
150281,1162,5.0
150281,464,5.0
341338,1904,5.0
341338,106,4.0
341338,1911,5.0
341338,19,3.0
341338,274,5.0
341338,47,5.0
341338,1160,5.0
244082,1904,5.0
244082,3,5.0
244082,2428,3.0
244082,1887,4.0
289292,1904,5.0
289292,70,5.0
289292,2415,5.0
289292,1890,5.0
289292,18,5.0
289292,1962,5.0
289292,2430,5.0
214911,1904,5.0
214911,29,5.0
214911,2417,5.0
214911,1260,5.0
39394,1904,4.0
39394,2861,4.0
39394,1157,1.0
39394,2285,5.0
39394,2954,3.0
39394,5,5.0
39394,2697,4.0
39394,2823,5.0
39394,73,5.0
39394,33,4.0
39394,392,5.0
39394,658,5.0
39394,1885,5.0
39394,1557,5.0
39394,2470,5.0
39394,61,5.0
39394,2443,5.0
39394,2425,4.0
39394,1887,5.0
780028,1904,5.0
780028,2271,4.0
780028,2366,5.0
780028,2269,5.0
156783,1904,5.0
156783,227,5.0
156783,6,5.0
156783,656,4.0
156783,280,5.0
449014,1904,3.0
449014,669,4.0
449014,2439,5.0
449014,32,5.0
449014,66,2.0
449014,333,5.0
1224926,1904,5.0
1224926,3063,5.0
1224926,2434,5.0
1224926,1932,5.0
1224926,63,5.0
1224926,2430,5.0
120121,1904,5.0
120121,2137,5.0
120121,2285,5.0
120121,659,5.0
120121,364,0.0
120121,2092,5.0
120121,961,5.0
120121,1955,5.0
120121,967,5.0
120121,2521,5.0
120121,1947,5.0
120121,2097,5.0
120121,1981,4.0
120121,27,5.0
120121,2061,5.0
120121,2520,5.0
120121,96,5.0
120121,1913,5.0
885979,335,3.0
885979,2416,5.0
885979,2418,5.0
885979,11,3.0
45416,335,5.0
45416,1996,5.0
45416,6,5.0
45416,1336,5.0
45416,1949,5.0
356062,335,5.0
356062,816,5.0
356062,1985,5.0
356062,1849,5.0
356062,32,5.0
356062,1179,5.0
356062,364,5.0
356062,2529,5.0
356062,2266,5.0
356062,1882,5.0
356062,2438,5.0
356062,595,5.0
356062,2561,5.0
356062,1885,5.0
356062,680,5.0
356062,2977,5.0
356062,482,4.0
356062,3130,5.0
356062,2463,5.0
356062,255,5.0
356062,1267,5.0
356062,541,5.0
356062,2446,5.0
356062,2283,5.0
356062,2526,5.0
356062,2599,5.0
726484,335,4.0
726484,2453,4.0
726484,5,5.0
726484,46,4.0
726484,2578,4.0
67270,1996,5.0
67270,2129,5.0
67270,899,3.0
67270,732,5.0
67270,266,5.0
67270,16,3.0
67270,3061,4.0
67270,725,5.0
223651,1996,5.0
223651,2602,5.0
223651,2038,5.0
223651,662,5.0
244365,1996,5.0
244365,1997,5.0
244365,5,5.0
244365,2028,5.0
244365,110,5.0
244365,2061,5.0
244365,100,5.0
244365,2175,5.0
221694,1996,0.0
221694,669,4.0
221694,2431,5.0
221694,2416,5.0
221694,16,4.0
221694,5,4.0
221694,2822,4.0
221694,3162,5.0
221694,3154,5.0
221694,2838,1.0
221694,666,5.0
221694,1538,4.0
221694,656,5.0
169130,1996,4.0
169130,1506,5.0
169130,611,5.0
169130,3160,5.0
169130,1908,5.0
169130,668,5.0
169130,2482,5.0
60362,1996,4.0
60362,659,5.0
60362,1957,5.0
60362,664,5.0
60362,2009,5.0
60362,11,5.0
60362,81,5.0
60362,1914,5.0
283474,1996,5.0
283474,26,5.0
283474,1298,5.0
283474,21,5.0
283474,3035,5.0
283474,1045,5.0
283474,445,4.0
283474,705,5.0
283474,537,4.0
39754,1996,5.0
39754,1353,5.0
39754,1005,5.0
39754,1928,5.0
39754,1287,5.0
39754,402,5.0
39754,33,5.0
39754,1852,5.0
39754,2937,5.0
39754,63,5.0
39754,273,5.0
39754,1003,5.0
39754,720,5.0
39754,1885,5.0
39754,3322,0.0
39754,2909,5.0
39754,1401,5.0
420799,1996,5.0
420799,694,5.0
420799,1888,5.0
420799,546,5.0
61569,1996,5.0
61569,1167,5.0
61569,215,3.0
61569,2768,5.0
61569,1081,5.0
61569,1243,5.0
61569,1831,5.0
61569,404,5.0
61569,1618,5.0
61569,2970,5.0
61569,2847,5.0
61569,917,5.0
61569,812,5.0
61569,1105,5.0
61569,3231,5.0
61569,2300,3.0
61569,2939,4.0
61569,3095,5.0
61569,1723,4.0
61569,2322,5.0
61569,1560,5.0
427184,2397,5.0
427184,2827,4.0
427184,1747,4.0
427184,2047,5.0
427184,736,4.0
427184,3164,5.0
427184,1939,5.0
427184,3061,5.0
427184,703,4.0
427184,1760,4.0
427184,40,4.0
427184,967,5.0
427184,670,4.0
427184,1888,5.0
427184,3035,4.0
427184,2139,4.0
427184,3146,5.0
427184,968,5.0
427184,1268,5.0
427184,500,5.0
427184,767,5.0
427184,128,4.0
427184,3223,5.0
427184,3109,5.0
427184,1896,5.0
427184,2182,4.0
539686,1475,5.0
539686,743,5.0
539686,2027,5.0
539686,352,5.0
539686,1988,5.0
539686,1936,4.0
539686,1809,5.0
539686,2595,5.0
539686,50,5.0
539686,1917,4.0
539686,654,5.0
539686,3163,5.0
539686,28,5.0
539686,539,5.0
539686,2674,5.0
539686,703,4.0
539686,2834,5.0
539686,3015,5.0
539686,1256,5.0
539686,2668,5.0
539686,521,5.0
539686,2693,5.0
539686,273,5.0
539686,2339,5.0
539686,1094,5.0
539686,1888,5.0
539686,2514,5.0
539686,1293,4.0
539686,3160,5.0
539686,2567,5.0
539686,715,5.0
539686,661,5.0
539686,3,4.0
539686,586,5.0
539686,3216,5.0
539686,2515,5.0
539686,3188,5.0
539686,1663,5.0
539686,2358,5.0
539686,2719,5.0
539686,1359,5.0
539686,2444,5.0
539686,285,5.0
539686,265,5.0
539686,2430,5.0
539686,1539,5.0
233780,1475,5.0
233780,2700,5.0
233780,1715,4.0
233780,427,5.0
233780,1037,5.0
233780,1059,4.0
233780,2239,5.0
233780,672,0.0
233780,3000,4.0
233780,2974,5.0
331472,743,5.0
331472,272,5.0
331472,5,5.0
331472,2941,5.0
331472,44,5.0
586291,743,3.0
586291,2419,5.0
586291,418,5.0
586291,1901,4.0
586291,659,5.0
586291,2785,5.0
586291,663,5.0
586291,658,4.0
586291,670,5.0
586291,686,4.0
586291,730,4.0
586291,1,5.0
586291,341,4.0
586291,2084,5.0
1060667,743,5.0
1060667,665,5.0
1060667,254,5.0
1060667,1504,4.0
1060667,2478,5.0
1060667,3228,5.0
1060667,2713,5.0
1060667,2617,4.0
1060667,687,4.0
1060667,2770,3.0
1060667,685,4.0
1060667,2467,5.0
1060667,572,5.0
1060667,141,4.0
1060667,2443,5.0
1060667,2585,5.0
1060667,56,5.0
1060667,2538,5.0
1060667,2559,5.0
1060667,237,5.0
857580,1265,5.0
857580,2471,5.0
857580,186,5.0
857580,389,5.0
857580,2196,5.0
158966,1265,5.0
158966,2416,5.0
158966,2245,5.0
158966,2418,4.0
158966,663,4.0
158966,278,5.0
158966,1,5.0
158966,968,5.0
158966,2757,5.0
158966,143,0.0
158966,1962,5.0
158966,1951,5.0
12882,1265,5.0
12882,151,5.0
12882,2286,5.0
12882,1027,5.0
198962,1265,5.0
198962,8,5.0
198962,1264,5.0
198962,2548,5.0
198962,1977,5.0
198962,2481,4.0
198962,2444,5.0
198962,1998,4.0
198962,2475,5.0
366914,1265,5.0
366914,71,4.0
366914,1261,5.0
366914,67,5.0
366914,3165,4.0
366914,1966,5.0
366914,991,5.0
366914,2519,5.0
366914,513,5.0
366914,2438,5.0
366914,2379,4.0
366914,3342,5.0
366914,1606,4.0
366914,1532,5.0
366914,2288,0.0
366914,1323,5.0
366914,2681,3.0
366914,19,5.0
366914,450,5.0
366914,2366,5.0
366914,11,5.0
366914,3146,5.0
366914,1170,5.0
366914,2299,5.0
366914,1597,5.0
366914,2939,5.0
366914,964,5.0
366914,1896,5.0
366914,2423,5.0
366914,425,5.0
366914,662,5.0
366914,1539,5.0
366914,1535,4.0
124416,1265,5.0
124416,28,4.0
124416,43,5.0
124416,1028,5.0
124416,19,4.0
124416,2366,5.0
124416,3,4.0
124416,210,5.0
124416,310,5.0
124416,108,4.0
124416,1907,5.0
485996,1265,5.0
485996,1885,5.0
485996,494,5.0
485996,401,5.0
485996,42,5.0
485996,408,5.0
579228,1265,5.0
579228,352,5.0
579228,659,5.0
579228,63,4.0
579228,3,5.0
579228,2815,4.0
226788,1265,5.0
226788,225,4.0
226788,2941,5.0
226788,247,5.0
717221,1265,4.0
717221,480,5.0
717221,1886,4.0
717221,1899,2.0
717221,1913,2.0
717221,2815,3.0
717221,1501,5.0
895132,1265,5.0
895132,1681,5.0
895132,1387,5.0
895132,98,5.0
895132,1762,5.0
895132,575,5.0
895132,3163,5.0
895132,2928,5.0
895132,1352,5.0
895132,525,5.0
895132,1657,5.0
895132,2834,5.0
895132,2981,5.0
895132,3015,5.0
895132,969,5.0
895132,1335,5.0
895132,2863,5.0
895132,521,5.0
895132,1813,5.0
895132,3075,5.0
895132,3211,5.0
895132,349,5.0
895132,2891,5.0
895132,835,5.0
895132,2590,5.0
895132,514,4.0
895132,2858,4.0
895132,2538,5.0
895132,1751,5.0
895132,169,5.0
895132,2862,5.0
895132,1483,5.0
895132,1565,5.0
895132,490,5.0
1271506,1265,5.0
1271506,2827,5.0
1271506,2545,5.0
1271506,2903,5.0
1271506,2822,5.0
1271506,3151,0.0
1271506,3034,4.0
1271506,2868,5.0
1271506,658,5.0
1271506,765,5.0
1271506,2049,5.0
1271506,1266,5.0
1271506,3175,5.0
1271506,1533,5.0
1271506,3189,5.0
1271506,2962,5.0
1271506,34,0.0
1271506,3000,4.0
1271506,3217,5.0
1271506,1431,5.0
1271506,2119,5.0
1271506,1900,5.0
1271506,235,5.0
1271506,741,5.0
15609,669,4.0
15609,344,5.0
15609,31,5.0
15609,88,4.0
15609,2056,5.0
15609,677,5.0
15609,60,0.0
15609,657,0.0
168922,669,5.0
168922,1886,5.0
168922,161,5.0
168922,509,5.0
168922,2416,4.0
168922,2539,5.0
168922,12,5.0
168922,126,5.0
168922,951,5.0
168922,2460,5.0
168922,22,5.0
168922,120,5.0
343668,669,5.0
343668,2439,5.0
343668,1888,5.0
343668,1885,5.0
343668,15,4.0
423778,669,5.0
423778,2434,4.0
423778,2424,5.0
423778,990,4.0
493002,669,3.0
493002,2437,5.0
493002,2621,4.0
493002,1925,2.0
493002,2430,3.0
493002,44,5.0
493002,15,4.0
133680,669,5.0
133680,2492,5.0
133680,19,0.0
133680,2446,5.0
681067,669,5.0
681067,28,5.0
681067,2415,5.0
681067,667,5.0
681067,2421,5.0
608500,669,5.0
608500,12,5.0
608500,2415,5.0
608500,3,5.0
1055243,669,5.0
1055243,1810,5.0
1055243,7,5.0
1055243,2441,5.0
685701,669,5.0
685701,2439,5.0
685701,16,5.0
685701,20,5.0
685701,46,5.0
685701,1330,5.0
685701,87,5.0
685701,2424,5.0
685701,184,5.0
685701,964,5.0
685701,2175,5.0
685701,2516,3.0
754772,669,5.0
754772,2419,5.0
754772,2480,5.0
754772,1932,5.0
754772,2673,5.0
31420,2376,5.0
31420,663,5.0
31420,735,5.0
31420,2084,5.0
299531,2376,5.0
299531,3034,4.0
299531,2369,5.0
299531,2378,5.0
299531,3205,5.0
50778,114,5.0
50778,2419,5.0
50778,3214,5.0
50778,1899,5.0
50778,2285,5.0
50778,5,5.0
50778,1614,5.0
50778,1966,5.0
50778,1275,4.0
50778,1852,5.0
50778,670,4.0
50778,3191,5.0
50778,3166,5.0
50778,192,5.0
50778,185,4.0
50778,2882,5.0
50778,14,5.0
242733,114,5.0
242733,361,5.0
242733,1510,5.0
242733,18,4.0
242733,1551,5.0
1017242,114,5.0
1017242,404,5.0
1017242,1304,3.0
1017242,1193,4.0
1017242,2967,5.0
1017242,1151,5.0
1017242,289,5.0
1017242,4,5.0
733902,114,4.0
733902,1126,5.0
733902,1918,4.0
733902,1532,5.0
733902,2937,5.0
733902,2335,4.0
733902,1536,4.0
733902,401,5.0
733902,39,5.0
458462,114,5.0
458462,2418,5.0
458462,712,5.0
458462,1888,5.0
458462,2424,5.0
458462,27,5.0
458462,1915,0.0
431813,565,5.0
431813,2831,5.0
431813,2072,4.0
431813,1582,4.0
431813,2179,5.0
431813,3306,5.0
431813,1011,5.0
431813,3224,5.0
431813,724,5.0
431813,474,5.0
431813,658,5.0
431813,2339,5.0
431813,149,4.0
431813,812,5.0
431813,2555,5.0
431813,1583,4.0
431813,2290,5.0
431813,1003,5.0
431813,2007,5.0
431813,1632,5.0
431813,3250,4.0
431813,310,5.0
431813,1752,5.0
431813,936,5.0
431813,2071,5.0
431813,1021,5.0
431813,2974,5.0
431813,1539,5.0
302486,480,5.0
302486,2431,5.0
302486,716,5.0
302486,2426,5.0
302486,3151,5.0
302486,349,5.0
302486,416,5.0
302486,667,5.0
302486,430,5.0
414777,2611,5.0
414777,2710,5.0
414777,1901,4.0
414777,974,5.0
314825,3324,4.0
314825,1304,3.0
314825,1532,5.0
314825,1262,4.0
314825,2414,5.0
314825,1646,5.0
314825,78,3.0
451700,3324,5.0
451700,2853,5.0
451700,2953,5.0
451700,406,5.0
451700,1619,5.0
451700,430,5.0
451700,442,5.0
451700,2944,5.0
451700,600,5.0
451700,2816,5.0
451700,2404,5.0
889914,3324,3.0
889914,1886,5.0
889914,1547,5.0
889914,1561,3.0
889914,2492,4.0
889914,13,5.0
889914,3162,5.0
889914,1532,5.0
889914,1947,5.0
889914,1815,5.0
889914,1269,5.0
889914,3322,5.0
889914,1552,5.0
889914,74,5.0
889914,1693,5.0
889914,1539,4.0
229448,3324,1.0
229448,1852,2.0
229448,1872,5.0
229448,1846,4.0
229448,1900,4.0
865936,1357,5.0
865936,3349,5.0
865936,3011,5.0
865936,1206,4.0
865936,1053,5.0
865936,636,5.0
865936,654,5.0
865936,679,5.0
865936,2267,4.0
865936,969,5.0
865936,1335,5.0
865936,437,4.0
865936,1570,5.0
865936,1429,5.0
865936,518,5.0
865936,3305,4.0
865936,1064,4.0
865936,2325,4.0
865936,1340,4.0
865936,1213,3.0
865936,39,5.0
865936,1406,5.0
865936,589,4.0
865936,2557,5.0
865936,2747,5.0
865936,2292,5.0
865936,475,4.0
865936,2232,5.0
865936,2862,4.0
865936,3095,4.0
865936,507,5.0
865936,3122,5.0
865936,3014,5.0
865936,827,3.0
59087,795,5.0
59087,965,5.0
59087,2285,5.0
59087,659,5.0
59087,1910,5.0
49856,609,5.0
49856,5,5.0
49856,2,5.0
49856,1978,5.0
49856,1169,5.0
313633,609,5.0
313633,2415,5.0
313633,1870,5.0
313633,675,5.0
313633,2425,5.0
30080,1843,5.0
30080,1997,5.0
30080,165,5.0
30080,1948,5.0
30080,686,5.0
30080,439,5.0
30080,45,5.0
30080,1887,5.0
30080,123,5.0
34146,1843,5.0
34146,1834,5.0
34146,2180,5.0
34146,23,5.0
34146,15,5.0
202589,1843,5.0
202589,105,5.0
202589,2463,5.0
202589,1962,5.0
202589,1914,3.0
262090,1843,5.0
262090,2405,5.0
262090,689,5.0
262090,1154,5.0
262090,3212,0.0
262090,759,5.0
262090,1885,0.0
262090,957,5.0
262090,27,5.0
262090,120,5.0
340141,1843,5.0
340141,2671,5.0
340141,732,5.0
340141,1787,4.0
340141,3116,5.0
340141,1849,3.0
340141,99,4.0
340141,2499,3.0
340141,3046,5.0
340141,2581,4.0
340141,2913,5.0
340141,1851,4.0
340141,664,2.0
340141,1838,3.0
340141,615,5.0
340141,1209,5.0
340141,2720,4.0
340141,281,5.0
340141,3216,4.0
340141,2421,5.0
340141,3286,5.0
9748,1121,5.0
9748,2546,5.0
9748,1005,5.0
9748,1261,5.0
9748,140,5.0
9748,1899,5.0
9748,1593,5.0
9748,2285,5.0
9748,659,5.0
9748,1238,5.0
9748,1885,5.0
9748,966,5.0
9748,1269,4.0
9748,3312,5.0
9748,439,5.0
9748,2819,4.0
9748,2053,5.0
9748,2423,5.0
9748,2592,5.0
9748,2242,5.0
400817,1587,4.0
400817,2831,5.0
400817,1271,4.0
400817,107,5.0
400817,3153,3.0
400817,3265,5.0
201584,2798,5.0
201584,1689,5.0
201584,58,5.0
201584,1638,5.0
201584,1918,5.0
201584,3267,5.0
201584,800,5.0
201584,1578,5.0
53368,2798,5.0
53368,2458,5.0
53368,1886,5.0
53368,2016,5.0
53368,2447,3.0
53368,7,5.0
53368,2624,5.0
53368,2884,4.0
53368,2285,3.0
53368,136,5.0
53368,32,5.0
53368,2525,5.0
53368,1991,4.0
53368,193,2.0
53368,52,5.0
53368,1932,5.0
53368,1948,5.0
53368,2424,5.0
53368,677,3.0
53368,2032,5.0
53368,47,3.0
53368,156,1.0
53368,2299,5.0
53368,740,4.0
53368,1565,5.0
53368,325,3.0
53368,15,4.0
53368,1232,4.0
53368,2425,5.0
53368,2001,5.0
53368,14,5.0
439174,1688,5.0
439174,658,5.0
439174,3001,5.0
439174,22,5.0
636006,1688,5.0
636006,967,5.0
636006,2534,5.0
636006,30,5.0
1579905,1688,5.0
1579905,536,5.0
1579905,3118,5.0
1579905,137,5.0
1579905,66,5.0
1579905,346,5.0
1579905,2678,5.0
897778,2174,5.0
897778,2416,5.0
897778,818,5.0
897778,2642,5.0
897778,30,5.0
34357,1487,5.0
34357,2419,5.0
34357,2439,5.0
34357,2420,5.0
34357,1303,5.0
34357,2438,5.0
34357,3150,5.0
34357,2424,5.0
34357,1890,5.0
34357,2575,5.0
34357,163,5.0
34357,118,4.0
34357,2421,5.0
531163,552,5.0
531163,2539,5.0
531163,151,5.0
531163,20,1.0
531163,152,5.0
531163,12,5.0
531163,2689,5.0
531163,2528,5.0
531163,510,5.0
531163,2496,5.0
512309,417,4.0
512309,1452,4.0
512309,2829,5.0
512309,1314,5.0
512309,3268,5.0
512309,3012,5.0
512309,738,4.0
512309,2963,5.0
512309,2133,5.0
512309,1280,4.0
512309,1968,5.0
512309,436,4.0
512309,2951,5.0
512309,1557,5.0
512309,1132,4.0
512309,948,5.0
512309,2986,5.0
512309,657,5.0
512309,544,4.0
512309,1462,4.0
512309,2974,5.0
2597942,417,5.0
2597942,3182,3.0
2597942,59,4.0
2597942,2220,5.0
2597942,1096,5.0
2597942,2483,5.0
2597942,169,5.0
2597942,3095,5.0
2597942,2526,5.0
57397,3157,0.0
57397,41,5.0
57397,1949,5.0
57397,380,5.0
57397,2408,5.0
57397,383,4.0
57397,710,0.0
57397,1770,5.0
57397,775,0.0
216999,3157,5.0
216999,1261,5.0
216999,3366,5.0
216999,1884,5.0
216999,1352,5.0
216999,2544,5.0
216999,1275,5.0
216999,13,5.0
216999,1070,5.0
216999,678,4.0
216999,2449,5.0
216999,1954,4.0
216999,1354,5.0
466582,3157,5.0
466582,2285,5.0
466582,2288,5.0
466582,1382,5.0
318236,3157,5.0
318236,125,5.0
318236,1602,5.0
318236,1717,4.0
738401,3157,5.0
738401,3147,5.0
738401,58,4.0
738401,52,5.0
738401,2409,5.0
738401,315,5.0
738401,3038,4.0
738401,2825,4.0
738401,3248,4.0
738401,1893,4.0
738401,1550,5.0
738401,1933,5.0
738401,128,4.0
738401,78,4.0
738401,2849,5.0
1352950,3157,5.0
1352950,3147,5.0
1352950,664,4.0
1352950,3152,4.0
624345,3157,5.0
624345,509,5.0
624345,2433,4.0
624345,2843,5.0
624345,513,5.0
624345,675,5.0
134164,343,4.0
134164,3150,5.0
134164,1893,5.0
134164,3,5.0
336540,343,4.0
336540,2129,5.0
336540,77,3.0
336540,139,5.0
336540,2064,5.0
336540,2415,5.0
345380,343,4.0
345380,58,5.0
345380,2453,5.0
345380,659,0.0
345380,2236,4.0
345380,97,2.0
345380,183,5.0
345380,87,2.0
345380,21,4.0
345380,162,4.0
345380,4,5.0
345380,662,3.0
1195537,979,5.0
1195537,3061,5.0
1195537,1908,5.0
1195537,2425,5.0
512472,1035,5.0
512472,129,5.0
512472,2649,5.0
512472,879,5.0
29291,481,5.0
29291,2929,5.0
29291,2517,5.0
29291,1609,5.0
29291,1852,5.0
29291,2476,5.0
29291,15,5.0
59064,481,5.0
59064,1281,4.0
59064,1937,0.0
59064,429,5.0
59064,2971,5.0
59064,1530,5.0
59064,1376,4.0
59064,2981,5.0
59064,1805,5.0
59064,2324,4.0
59064,1264,5.0
59064,1916,5.0
59064,1590,5.0
59064,2217,4.0
59064,1511,5.0
59064,1948,5.0
59064,1986,5.0
59064,1393,5.0
59064,1964,5.0
59064,3197,5.0
59064,1525,5.0
59064,2214,5.0
59064,2575,4.0
59064,3045,4.0
59064,2854,5.0
59064,2816,4.0
59064,1945,5.0
59064,44,4.0
59064,247,5.0
59064,1537,5.0
59064,1301,5.0
65631,671,5.0
65631,278,5.0
65631,103,5.0
65631,1194,5.0
65631,23,4.0
65631,120,5.0
65631,1900,5.0
222696,671,5.0
222696,1545,5.0
222696,58,4.0
222696,1332,4.0
222696,23,4.0
222696,662,4.0
152995,671,5.0
152995,33,5.0
152995,1071,5.0
152995,656,5.0
152995,1907,5.0
152995,2436,4.0
91698,671,5.0
91698,6,5.0
91698,2366,5.0
91698,3,5.0
91698,1832,5.0
297761,671,5.0
297761,2419,5.0
297761,1566,5.0
297761,27,5.0
297761,1954,5.0
297761,668,5.0
297761,203,5.0
451301,671,5.0
451301,1070,0.0
451301,2474,2.0
451301,1832,5.0
451301,2502,5.0
344938,671,4.0
344938,7,0.0
344938,31,5.0
344938,1905,4.0
344938,3,5.0
344938,666,5.0
344938,2421,5.0
350812,671,4.0
350812,393,4.0
350812,28,4.0
350812,2596,5.0
350812,2815,4.0
350812,113,5.0
194953,671,5.0
194953,509,5.0
194953,177,5.0
194953,157,5.0
194953,81,5.0
297705,671,4.0
297705,177,4.0
297705,107,5.0
297705,412,4.0
297705,1577,4.0
297705,2019,4.0
297705,1535,5.0
743849,671,4.0
743849,2790,5.0
743849,1886,5.0
743849,1845,5.0
743849,1974,5.0
743849,776,4.0
743849,1939,5.0
743849,1972,5.0
743849,2009,5.0
743849,102,4.0
743849,2417,5.0
743849,2731,5.0
168451,671,4.0
168451,147,5.0
168451,1286,5.0
168451,1,5.0
168451,128,4.0
168451,1347,5.0
97073,671,4.0
97073,390,5.0
97073,1905,5.0
97073,105,5.0
97073,232,1.0
97073,14,5.0
763856,671,5.0
763856,91,5.0
763856,41,5.0
763856,1905,0.0
763856,18,4.0
763856,1892,5.0
229619,2641,5.0
229619,267,5.0
229619,1334,4.0
229619,3167,4.0
229619,340,4.0
229619,2,5.0
229619,125,5.0
229619,75,4.0
229619,664,5.0
229619,208,5.0
229619,87,4.0
229619,3084,4.0
229619,508,5.0
229619,2432,5.0
229619,2366,4.0
229619,51,5.0
229619,124,5.0
229619,253,5.0
229619,18,5.0
229619,60,4.0
229619,10,5.0
229619,42,5.0
229619,1983,5.0
229619,22,5.0
229619,2423,5.0
171321,2641,5.0
171321,6,5.0
171321,2541,5.0
171321,12,5.0
49561,2641,5.0
49561,271,5.0
49561,2439,5.0
49561,98,5.0
49561,1917,5.0
49561,151,5.0
49561,3221,5.0
49561,3159,5.0
49561,658,5.0
49561,1902,2.0
49561,2030,5.0
49561,1930,5.0
49561,1536,5.0
49561,2558,5.0
49561,705,4.0
49561,1537,4.0
49561,2370,5.0
49561,2119,4.0
49561,1588,5.0
49561,1900,5.0
49561,3149,5.0
1607893,2936,5.0
1607893,1899,5.0
1607893,1647,5.0
1607893,3111,5.0
1607893,1264,5.0
1607893,2115,5.0
1607893,1398,5.0
220348,2936,5.0
220348,2225,5.0
220348,1375,5.0
220348,1703,5.0
220348,2108,5.0
220348,3131,5.0
220348,116,5.0
220348,1734,5.0
220348,2357,5.0
220348,2482,5.0
443975,574,5.0
443975,1271,4.0
443975,1273,5.0
443975,3159,5.0
10113,71,5.0
10113,1743,5.0
10113,2426,5.0
10113,111,5.0
10113,292,5.0
10113,168,5.0
137302,71,5.0
137302,31,5.0
137302,2262,5.0
137302,1221,5.0
137302,682,5.0
173306,71,5.0
173306,2419,5.0
173306,2420,5.0
173306,2815,5.0
144798,71,2.0
144798,2458,5.0
144798,2426,5.0
144798,79,5.0
144798,287,5.0
246145,71,5.0
246145,161,5.0
246145,106,5.0
246145,32,2.0
246145,1888,5.0
246145,2424,5.0
246145,2032,5.0
246145,1915,5.0
246145,2421,5.0
310162,71,5.0
310162,659,5.0
310162,1902,5.0
310162,3,5.0
259021,71,5.0
259021,1911,5.0
259021,12,5.0
259021,1905,5.0
259021,39,5.0
259021,2417,5.0
248023,71,4.0
248023,1886,5.0
248023,509,5.0
248023,2416,3.0
248023,2439,4.0
248023,2285,5.0
248023,80,4.0
248023,228,5.0
248023,16,5.0
248023,659,4.0
248023,2159,4.0
248023,84,5.0
248023,3342,4.0
248023,1994,4.0
248023,21,4.0
248023,66,5.0
248023,3234,4.0
248023,686,4.0
248023,677,4.0
248023,1995,5.0
248023,1,4.0
248023,1889,5.0
248023,706,4.0
248023,672,5.0
248023,2463,5.0
248023,668,5.0
248023,656,4.0
248023,10,4.0
248023,1260,5.0
248023,2450,4.0
248023,2423,5.0
248023,1926,4.0
248023,1887,5.0
248023,2112,5.0
248023,302,5.0
395482,71,5.0
395482,272,5.0
395482,3063,4.0
395482,27,5.0
395482,1976,5.0
395482,2292,5.0
395482,657,4.0
297913,71,4.0
297913,2431,5.0
297913,2047,5.0
297913,3177,5.0
297913,1256,5.0
297913,2483,5.0
297913,38,5.0
297913,1919,5.0
297913,656,3.0
297913,1153,5.0
297913,2428,5.0
286006,71,4.0
286006,2138,5.0
286006,92,3.0
286006,2410,4.0
286006,2123,5.0
286006,546,5.0
286006,2956,4.0
286006,1533,4.0
286006,112,4.0
957625,2780,5.0
957625,244,4.0
957625,2434,4.0
957625,1893,5.0
957625,514,5.0
957625,4,0.0
957625,1892,5.0
957625,2526,5.0
451456,2780,5.0
451456,810,4.0
451456,2691,5.0
451456,1841,5.0
451456,3215,5.0
451456,1532,4.0
451456,1750,5.0
451456,1442,5.0
451456,2448,4.0
451456,2066,5.0
444132,2780,5.0
444132,3196,5.0
444132,3022,5.0
444132,1556,5.0
444132,1664,5.0
121581,221,5.0
121581,2431,5.0
121581,1420,4.0
121581,3004,5.0
121581,1636,5.0
121581,1899,0.0
121581,13,5.0
121581,3153,5.0
121581,347,5.0
121581,3146,5.0
121581,1981,5.0
121581,2982,5.0
121581,3210,5.0
121581,180,5.0
121581,2901,5.0
121581,2407,5.0
121581,2815,4.0
340503,221,5.0
340503,1155,2.0
340503,2511,4.0
340503,2554,5.0
340503,387,5.0
340503,3118,5.0
340503,2057,5.0
340503,2541,5.0
340503,2104,5.0
340503,994,3.0
340503,2422,5.0
340503,677,5.0
340503,1885,5.0
340503,2429,4.0
340503,389,5.0
340503,1915,4.0
340503,661,5.0
340503,2642,5.0
340503,49,5.0
340503,1897,5.0
340503,341,5.0
340503,2574,4.0
340503,2425,4.0
340503,510,5.0
291344,221,2.0
291344,2535,5.0
291344,2418,4.0
291344,21,5.0
291344,2518,5.0
377581,221,4.0
377581,1886,5.0
377581,7,4.0
377581,1984,4.0
377581,2285,2.0
377581,16,4.0
377581,2792,5.0
377581,99,5.0
377581,659,5.0
377581,129,4.0
377581,293,2.0
377581,664,4.0
377581,43,4.0
377581,2422,4.0
377581,21,5.0
377581,2415,5.0
377581,1888,5.0
377581,720,5.0
377581,1147,5.0
377581,2424,5.0
377581,328,5.0
377581,11,4.0
377581,1,5.0
377581,3,4.0
377581,445,5.0
377581,403,4.0
377581,515,4.0
377581,60,4.0
377581,2417,5.0
377581,10,4.0
377581,15,5.0
377581,1232,4.0
377581,2423,4.0
597538,159,5.0
597538,2419,5.0
597538,6,5.0
597538,2426,5.0
597538,2302,5.0
597538,183,5.0
597538,1902,5.0
597538,263,5.0
597538,2515,5.0
597538,30,5.0
597538,1913,5.0
597538,1910,5.0
597538,2041,5.0
597538,4,5.0
597538,1951,5.0
597538,308,5.0
730763,159,5.0
730763,2517,5.0
730763,364,5.0
730763,2598,5.0
730763,66,5.0
730763,371,5.0
730763,49,5.0
730763,39,5.0
730763,45,5.0
730763,2430,5.0
868654,159,5.0
868654,116,5.0
868654,110,5.0
868654,3146,5.0
868654,1956,5.0
868654,2404,5.0
868654,989,5.0
400420,159,4.0
400420,36,4.0
400420,1261,5.0
400420,8,5.0
400420,2619,4.0
400420,3321,5.0
400420,3147,4.0
400420,2631,5.0
400420,139,4.0
400420,5,4.0
400420,299,4.0
400420,2565,5.0
400420,2418,4.0
400420,3342,5.0
400420,1285,4.0
400420,1835,4.0
400420,2415,4.0
400420,1266,4.0
400420,656,4.0
400420,1465,0.0
400420,2428,5.0
400420,2436,4.0
786065,159,4.0
786065,2046,5.0
786065,1178,5.0
786065,963,5.0
786065,2284,5.0
786065,15,5.0
954139,159,5.0
954139,98,5.0
954139,2753,5.0
954139,1890,5.0
954139,110,5.0
593431,159,5.0
593431,2003,5.0
593431,664,5.0
593431,83,5.0
593431,39,5.0
593431,662,5.0
494589,159,5.0
494589,2266,5.0
494589,2415,5.0
494589,116,5.0
494589,1949,5.0
494589,401,5.0
804931,159,5.0
804931,965,5.0
804931,2650,5.0
804931,1972,5.0
804931,2627,5.0
804931,79,5.0
804931,149,5.0
804931,822,5.0
804931,2470,5.0
804931,2491,5.0
804931,1954,5.0
804931,2038,5.0
804931,39,5.0
804931,2515,5.0
804931,2520,5.0
804931,4,5.0
58469,159,2.0
58469,36,4.0
58469,1834,4.0
58469,1947,5.0
58469,11,5.0
58469,1,5.0
58469,29,3.0
58469,1302,5.0
58469,2211,5.0
58469,2146,4.0
35848,159,5.0
35848,2420,5.0
35848,1991,5.0
35848,12,5.0
35848,87,5.0
35848,701,5.0
35848,2640,5.0
35848,1844,5.0
35848,15,4.0
35848,14,3.0
933008,159,5.0
933008,1898,5.0
933008,2818,5.0
933008,188,5.0
933008,1380,5.0
933008,183,5.0
141569,3083,4.0
141569,1261,5.0
141569,444,5.0
141569,3007,5.0
141569,1439,5.0
141569,2247,5.0
141569,149,4.0
141569,1012,5.0
141569,2973,5.0
141569,773,5.0
141569,540,4.0
141569,987,5.0
141569,1002,5.0
141569,1350,5.0
141569,3258,5.0
141898,3083,4.0
141898,1845,5.0
141898,2083,5.0
141898,781,5.0
141898,219,5.0
141898,2938,5.0
57695,1173,5.0
57695,2313,5.0
57695,1863,5.0
57695,1183,5.0
57695,2620,5.0
57695,2064,5.0
57695,658,5.0
57695,1942,5.0
57695,49,5.0
57695,1151,5.0
57695,541,5.0
57695,3255,5.0
83093,1173,5.0
83093,1397,5.0
83093,1174,5.0
83093,3321,5.0
83093,1179,5.0
83093,2479,4.0
83093,13,5.0
83093,183,5.0
83093,1447,5.0
83093,2662,5.0
83093,2064,4.0
83093,658,5.0
83093,2432,5.0
83093,3035,5.0
83093,3173,5.0
83093,2570,5.0
83093,184,5.0
83093,814,5.0
83093,415,5.0
83093,1925,5.0
83093,414,5.0
83093,2520,5.0
83093,1953,5.0
83093,1349,5.0
83093,160,5.0
83093,1020,4.0
83093,2450,5.0
83093,3331,5.0
83093,1910,5.0
83093,1887,5.0
83093,1900,5.0
83093,123,5.0
83093,2599,5.0
422893,1173,3.0
422893,2804,4.0
422893,2072,5.0
422893,2656,5.0
422893,2674,5.0
422893,2418,5.0
422893,1282,5.0
422893,2217,5.0
422893,2011,5.0
422893,1003,5.0
422893,2728,4.0
422893,2227,4.0
422893,2491,4.0
422893,2035,5.0
422893,1367,4.0
422893,1539,5.0
39762,1520,5.0
39762,1264,5.0
39762,2470,4.0
39762,3,5.0
39762,755,5.0
39762,2464,5.0
39762,1347,5.0
273842,1520,4.0
273842,2058,4.0
273842,3,5.0
273842,2084,5.0
273842,15,5.0
11461,517,5.0
11461,2458,5.0
11461,267,4.0
11461,2416,5.0
11461,1936,3.0
11461,28,5.0
11461,19,5.0
11461,1478,4.0
11461,2491,5.0
11461,29,5.0
11461,1889,5.0
11461,160,5.0
11461,78,5.0
51089,517,5.0
51089,2419,5.0
51089,2,5.0
51089,1902,5.0
51089,1992,5.0
51089,29,5.0
1168939,517,3.0
1168939,8,4.0
1168939,2418,5.0
1168939,2422,4.0
1168939,34,4.0
1168939,2461,5.0
222096,517,5.0
222096,298,5.0
222096,699,5.0
222096,167,5.0
222096,193,5.0
222096,664,5.0
222096,1458,5.0
222096,2513,5.0
222096,35,5.0
222096,2423,5.0
222096,2526,5.0
185446,517,3.0
185446,1886,4.0
185446,64,5.0
185446,2154,4.0
185446,92,5.0
185446,31,5.0
185446,2285,4.0
185446,91,3.0
185446,698,4.0
185446,1272,5.0
185446,2524,5.0
185446,28,5.0
185446,2400,5.0
185446,2418,4.0
185446,97,4.0
185446,12,4.0
185446,368,5.0
185446,528,4.0
185446,2415,4.0
185446,508,5.0
185446,2366,4.0
185446,51,5.0
185446,2022,4.0
185446,1152,5.0
185446,2195,4.0
185446,1512,5.0
185446,428,5.0
185446,2417,5.0
185446,10,4.0
185446,78,5.0
185446,2423,5.0
185446,1887,3.0
185446,2436,4.0
38181,1621,5.0
38181,1886,4.0
38181,7,4.0
38181,2753,5.0
38181,1464,5.0
38181,2165,5.0
38181,2204,4.0
232886,1621,5.0
232886,2366,5.0
232886,397,3.0
232886,793,5.0
232886,15,4.0
232886,2436,5.0
81511,1281,5.0
81511,2040,5.0
81511,110,5.0
81511,3,5.0
81511,2443,4.0
38865,1281,5.0
38865,2124,3.0
38865,28,5.0
38865,95,5.0
38865,94,5.0
38865,533,5.0
38865,2425,5.0
38865,2001,5.0
148903,381,5.0
148903,2650,5.0
148903,2285,5.0
148903,698,5.0
148903,1598,5.0
148903,523,4.0
148903,1365,5.0
148903,15,5.0
148903,2436,5.0
152393,381,0.0
152393,2457,5.0
152393,161,4.0
152393,2055,5.0
152393,961,5.0
152393,94,4.0
152393,1885,5.0
152393,76,5.0
152393,327,5.0
152393,2655,5.0
152393,2425,5.0
183964,2263,5.0
183964,1038,5.0
183964,1984,5.0
183964,2285,4.0
183964,2140,5.0
183964,2818,5.0
183964,689,5.0
183964,2507,5.0
183964,659,5.0
183964,2218,5.0
183964,72,5.0
183964,1884,5.0
183964,2190,5.0
183964,1274,5.0
183964,2073,5.0
183964,724,5.0
183964,2247,5.0
183964,2064,5.0
183964,2561,5.0
183964,568,0.0
183964,362,5.0
183964,812,5.0
183964,1478,5.0
183964,2473,5.0
183964,110,5.0
183964,680,5.0
183964,39,5.0
183964,3299,5.0
183964,1364,5.0
183964,10,5.0
183964,2939,5.0
183964,22,5.0
183964,1564,5.0
183964,510,5.0
183964,2377,5.0
176481,2263,5.0
176481,1628,3.0
176481,1062,4.0
176481,443,4.0
176481,5,3.0
176481,1973,4.0
176481,2471,5.0
176481,2056,3.0
176481,391,5.0
176481,2432,5.0
176481,2489,3.0
176481,1293,4.0
176481,2708,4.0
176481,2282,4.0
176481,202,3.0
176481,554,4.0
176481,212,5.0
176481,100,5.0
176481,2052,4.0
176481,2428,5.0
176481,2425,5.0
176481,384,4.0
176481,312,4.0
2206320,218,5.0
2206320,1164,5.0
2206320,216,5.0
2206320,206,5.0
2206320,518,5.0
2206320,683,0.0
1112848,218,5.0
1112848,2151,5.0
1112848,2573,5.0
1112848,206,5.0
2440395,218,5.0
2440395,216,5.0
2440395,2010,5.0
2440395,2151,5.0
2440395,2573,5.0
2440395,206,5.0
2440395,518,5.0
2440395,683,5.0
2420655,218,0.0
2420655,216,5.0
2420655,2010,5.0
2420655,2151,5.0
2420655,2573,5.0
2420655,683,5.0
2204786,218,5.0
2204786,216,5.0
2204786,2010,5.0
2204786,206,0.0
2204786,518,5.0
2204786,683,5.0
2423302,218,5.0
2423302,216,5.0
2423302,2010,5.0
2423302,206,0.0
2415384,218,5.0
2415384,216,5.0
2415384,2010,5.0
2415384,206,5.0
2415384,683,5.0
418718,218,5.0
418718,216,5.0
418718,2010,0.0
418718,206,5.0
1359842,218,5.0
1359842,2010,5.0
1359842,216,0.0
1359842,518,5.0
1359842,683,5.0
1772643,218,5.0
1772643,206,0.0
1772643,130,5.0
1772643,518,5.0
2428011,218,5.0
2428011,216,5.0
2428011,2010,5.0
2428011,518,5.0
2211242,218,5.0
2211242,2010,5.0
2211242,2573,5.0
2211242,683,5.0
2210843,218,0.0
2210843,216,5.0
2210843,2010,5.0
2210843,206,5.0
2210843,130,5.0
2210843,518,5.0
2210843,683,5.0
2414156,218,0.0
2414156,216,5.0
2414156,2010,5.0
2414156,206,5.0
2414156,683,0.0
68942,2094,5.0
68942,395,5.0
68942,1262,5.0
68942,1540,5.0
68942,156,5.0
170386,2094,5.0
170386,534,5.0
170386,83,5.0
170386,22,5.0
179456,311,5.0
179456,305,5.0
179456,170,5.0
179456,337,5.0
179456,2882,5.0
297811,311,5.0
297811,665,4.0
297811,2695,5.0
297811,770,5.0
297811,3173,5.0
203674,311,5.0
203674,1918,5.0
203674,2608,5.0
203674,1902,5.0
56680,311,5.0
56680,179,5.0
56680,659,5.0
56680,175,5.0
56680,496,5.0
56680,13,5.0
56680,184,5.0
56680,401,0.0
56680,1989,5.0
56680,964,5.0
56680,2187,5.0
56680,22,5.0
56680,2428,5.0
56680,1313,5.0
94031,311,5.0
94031,2539,5.0
94031,524,5.0
94031,263,5.0
94031,198,5.0
23466,311,5.0
23466,1886,5.0
23466,2416,5.0
23466,1899,5.0
23466,1918,5.0
23466,2418,5.0
23466,1581,5.0
23466,49,5.0
23466,1533,5.0
23466,1538,5.0
264017,311,5.0
264017,1936,5.0
264017,2125,5.0
264017,2420,5.0
264017,136,5.0
264017,1156,5.0
264017,88,5.0
264017,2169,4.0
264017,276,5.0
264017,2176,5.0
264017,508,5.0
264017,2609,5.0
264017,110,5.0
264017,86,5.0
264017,752,4.0
264017,2806,4.0
264017,2445,4.0
264017,10,4.0
1783373,1237,5.0
1783373,938,5.0
1783373,1343,5.0
1783373,659,4.0
1783373,525,5.0
1783373,269,5.0
1783373,624,5.0
1783373,30,5.0
1783373,2421,5.0
27643,965,5.0
27643,2624,5.0
27643,272,0.0
27643,1906,5.0
27643,196,5.0
27643,139,5.0
27643,230,5.0
27643,1256,5.0
27643,2476,5.0
27643,2512,5.0
27643,2424,5.0
27643,677,5.0
27643,1885,5.0
27643,51,5.0
27643,1,5.0
27643,1541,5.0
27643,1925,4.0
27643,3,5.0
27643,156,5.0
27643,2841,5.0
27643,45,5.0
27643,1978,5.0
27643,1480,5.0
27643,1153,5.0
27643,1887,5.0
27643,113,5.0
27643,345,5.0
27643,109,5.0
121178,965,5.0
121178,208,5.0
121178,1885,5.0
121178,1153,5.0
122235,965,5.0
122235,2670,5.0
122235,28,4.0
122235,129,4.0
122235,2628,5.0
122235,1888,5.0
122235,51,4.0
122235,349,5.0
122235,533,4.0
122235,2297,5.0
238617,965,5.0
238617,2046,4.0
238617,2167,3.0
238617,30,5.0
126104,965,5.0
126104,267,5.0
126104,1984,5.0
126104,2,5.0
126104,87,5.0
126104,1262,4.0
126104,283,5.0
126104,1912,5.0
126104,29,4.0
126104,47,3.0
126104,2481,5.0
126104,93,5.0
126104,168,3.0
328099,1155,5.0
328099,2120,5.0
328099,27,5.0
328099,661,5.0
328099,321,5.0
328099,1926,5.0
226989,1155,3.0
226989,3066,5.0
226989,341,4.0
226989,185,5.0
676702,1155,5.0
676702,732,5.0
676702,2416,4.0
676702,5,5.0
676702,2441,5.0
676702,4,5.0
676702,1951,5.0
1739723,1155,3.0
1739723,79,5.0
1739723,1538,4.0
1739723,2287,3.0
71288,277,5.0
71288,154,5.0
71288,2013,5.0
71288,2420,5.0
71288,65,5.0
71288,2450,5.0
230557,277,3.0
230557,2416,3.0
230557,2,3.0
230557,52,5.0
230557,152,4.0
230557,75,4.0
230557,658,4.0
230557,184,4.0
230557,1,4.0
230557,1907,5.0
166636,277,5.0
166636,961,4.0
166636,124,5.0
166636,1907,5.0
471652,1397,5.0
471652,3302,5.0
471652,3160,5.0
471652,2417,5.0
471652,2938,0.0
471652,2819,5.0
379453,1277,5.0
379453,3071,5.0
379453,164,5.0
379453,2610,4.0
379453,48,5.0
379453,617,5.0
379453,2530,5.0
379453,2382,5.0
689332,1277,5.0
689332,16,5.0
689332,5,5.0
689332,70,5.0
689332,1987,5.0
689332,23,5.0
689332,44,5.0
816764,1277,5.0
816764,1886,5.0
816764,2414,5.0
816764,3148,5.0
1088637,1277,5.0
1088637,5,5.0
1088637,3342,5.0
1088637,685,5.0
1088637,705,5.0
322326,2027,5.0
322326,404,5.0
322326,2872,5.0
322326,1950,5.0
322326,15,4.0
60486,2027,5.0
60486,1874,4.0
60486,11,5.0
60486,243,4.0
60486,34,2.0
60486,108,5.0
169712,2027,4.0
169712,36,5.0
169712,1898,5.0
169712,1997,5.0
169712,1939,4.0
169712,2435,5.0
169712,1967,5.0
169712,70,5.0
169712,1893,4.0
169712,1959,5.0
169712,202,5.0
169712,1935,4.0
169712,15,4.0
169712,1887,5.0
325703,2027,5.0
325703,1607,5.0
325703,1508,5.0
325703,234,5.0
325703,1556,5.0
325703,1537,5.0
2001362355,2027,5.0
2001362355,2452,4.0
2001362355,2497,5.0
2001362355,418,4.0
2001362355,2420,5.0
2001362355,13,5.0
2001362355,21,5.0
2001362355,1888,5.0
2001362355,2467,5.0
2001362355,2429,5.0
2001362355,676,5.0
2001362355,2484,5.0
28346,227,5.0
28346,1936,5.0
28346,106,4.0
28346,33,5.0
28346,1885,4.0
28346,403,5.0
195977,227,5.0
195977,260,5.0
195977,432,5.0
195977,39,5.0
195977,2623,5.0
249374,227,4.0
249374,2156,5.0
249374,286,5.0
249374,2285,3.0
249374,40,5.0
249374,44,5.0
249374,537,5.0
164610,227,4.0
164610,2003,5.0
164610,3061,4.0
164610,3,4.0
164610,3036,5.0
1206803,227,5.0
1206803,32,3.0
1206803,38,5.0
1206803,3146,5.0
1206803,2429,3.0
1206803,30,5.0
1206803,178,5.0
930552,227,5.0
930552,271,5.0
930552,386,5.0
930552,2547,5.0
930552,3154,5.0
930552,102,5.0
930552,2542,5.0
930552,414,5.0
930552,2658,5.0
930552,2284,5.0
930552,2417,5.0
930552,657,5.0
16459,3057,5.0
16459,659,5.0
16459,2501,5.0
16459,324,5.0
16459,657,4.0
16459,2495,5.0
16459,109,5.0
28649,2419,5.0
28649,298,4.0
28649,1936,4.0
28649,2138,5.0
28649,31,5.0
28649,1314,4.0
28649,2285,5.0
28649,659,5.0
28649,193,5.0
28649,2750,5.0
28649,134,5.0
28649,596,4.0
28649,149,4.0
28649,1885,4.0
28649,2298,5.0
28649,667,5.0
28649,45,5.0
28649,341,4.0
28649,34,5.0
28649,1839,5.0
28649,1907,5.0
28649,15,5.0
28649,662,5.0
28649,109,5.0
184762,2419,4.0
184762,1918,0.0
184762,2442,4.0
184762,15,4.0
148316,2419,5.0
148316,2492,5.0
148316,233,5.0
148316,1041,4.0
148316,1811,5.0
148316,1,5.0
148316,682,5.0
148316,1933,5.0
148316,104,4.0
148316,2067,5.0
148316,662,5.0
282079,2419,5.0
282079,2,5.0
282079,1911,5.0
282079,42,5.0
333840,2419,5.0
333840,16,0.0
333840,1915,5.0
333840,93,5.0
333840,962,4.0
333549,2419,5.0
333549,273,4.0
333549,3183,4.0
333549,2299,5.0
228876,2419,5.0
228876,1810,5.0
228876,240,5.0
228876,317,5.0
413880,2419,5.0
413880,20,5.0
413880,2455,4.0
413880,33,5.0
413880,119,5.0
463231,2419,5.0
463231,2,5.0
463231,46,5.0
463231,1,5.0
463231,2417,5.0
393923,2419,5.0
393923,286,5.0
393923,5,5.0
393923,324,5.0
393923,1885,5.0
393923,1,5.0
393923,962,5.0
580030,2419,5.0
580030,2,5.0
580030,12,5.0
580030,1987,5.0
580030,18,2.0
681465,2419,4.0
681465,2,5.0
681465,211,1.0
681465,658,5.0
681465,2469,5.0
681465,14,5.0
411567,2419,5.0
411567,3342,5.0
411567,2367,5.0
411567,2424,5.0
411567,11,5.0
411567,2815,5.0
411567,2423,5.0
411567,1944,5.0
28729,2419,5.0
28729,2107,5.0
28729,982,5.0
28729,31,5.0
28729,916,5.0
28729,40,5.0
28729,2096,5.0
28729,2064,5.0
28729,1903,5.0
28729,309,5.0
28729,1040,5.0
28729,1290,5.0
28729,446,5.0
28729,3052,5.0
28729,1018,5.0
28729,65,5.0
28729,96,5.0
28729,1950,5.0
526547,2419,5.0
526547,665,5.0
526547,2447,5.0
526547,509,2.0
526547,2426,4.0
526547,2415,5.0
526547,1893,5.0
526547,1888,5.0
522275,2419,5.0
522275,2433,5.0
522275,20,4.0
522275,2133,5.0
522275,2386,5.0
522275,27,5.0
522275,3,5.0
522275,403,5.0
522275,2417,5.0
522275,10,5.0
733833,2419,5.0
733833,1898,5.0
733833,188,5.0
733833,967,5.0
733833,823,5.0
733833,3,5.0
733833,987,5.0
733833,10,4.0
818109,2419,5.0
818109,91,5.0
818109,354,5.0
818109,2421,5.0
818109,2428,5.0
804978,2419,5.0
804978,2517,5.0
804978,5,5.0
804978,961,5.0
804978,97,5.0
804978,116,5.0
804978,1262,5.0
804978,3146,5.0
804978,310,5.0
804978,1913,4.0
804978,1944,5.0
822893,2419,5.0
822893,3147,5.0
822893,63,5.0
822893,510,5.0
437237,2419,5.0
437237,2418,5.0
437237,134,4.0
437237,2415,5.0
437237,2117,5.0
437237,1902,5.0
437237,2090,5.0
437237,2601,5.0
437237,185,1.0
437237,2450,5.0
437237,1950,4.0
437237,4,5.0
437237,2425,4.0
85826,2419,5.0
85826,509,5.0
85826,1131,5.0
85826,1586,5.0
85826,2453,5.0
85826,659,5.0
85826,1532,5.0
85826,1893,5.0
85826,38,5.0
85826,1028,5.0
85826,786,5.0
85826,156,5.0
85826,85,5.0
85826,2182,5.0
544275,2419,5.0
544275,16,5.0
544275,84,5.0
544275,2415,5.0
544275,2417,5.0
544275,1896,5.0
686926,2419,4.0
686926,1902,3.0
686926,2421,5.0
686926,2053,4.0
899120,2419,5.0
899120,2615,5.0
899120,22,5.0
899120,62,5.0
899120,1926,5.0
719181,2419,5.0
719181,2415,5.0
719181,1888,5.0
719181,47,5.0
63858,2419,5.0
63858,64,5.0
63858,106,5.0
63858,1905,5.0
63858,1949,4.0
63858,2161,5.0
63858,124,5.0
63858,18,4.0
63858,45,4.0
63858,2404,5.0
63858,112,5.0
63858,123,5.0
212268,2419,4.0
212268,2497,5.0
212268,2418,5.0
212268,2415,4.0
212268,119,1.0
633027,2419,4.0
633027,20,3.0
633027,1263,5.0
633027,10,4.0
633027,1896,5.0
633027,1892,5.0
324621,2419,5.0
324621,2458,5.0
324621,36,3.0
324621,369,5.0
324621,3321,5.0
324621,80,5.0
324621,2437,5.0
324621,58,2.0
324621,99,5.0
324621,2057,5.0
324621,28,5.0
324621,2535,4.0
324621,2541,5.0
324621,12,3.0
324621,2490,5.0
324621,2415,3.0
324621,2372,5.0
324621,1986,5.0
324621,2866,3.0
324621,2626,5.0
324621,180,5.0
324621,2463,5.0
324621,93,4.0
324621,2417,5.0
324621,964,3.0
324621,22,5.0
324621,2001,5.0
324621,2436,5.0
165206,2419,5.0
165206,3344,5.0
165206,3164,5.0
165206,2465,0.0
165206,12,5.0
165206,1532,5.0
165206,1536,5.0
165206,3169,5.0
843372,2419,5.0
843372,7,5.0
843372,31,2.0
843372,2092,5.0
843372,987,5.0
843372,1922,5.0
843372,1260,5.0
27366,2419,5.0
27366,2511,5.0
27366,2420,5.0
27366,129,5.0
27366,2536,5.0
27366,961,5.0
27366,2418,5.0
27366,2422,5.0
27366,970,5.0
27366,667,5.0
27366,15,4.0
800414,2419,5.0
800414,2525,2.0
800414,2415,5.0
800414,1887,5.0
950577,2419,5.0
950577,7,5.0
950577,2686,5.0
950577,2418,5.0
950577,1902,5.0
950577,119,4.0
1210365,2419,5.0
1210365,7,5.0
1210365,1256,5.0
1210365,66,5.0
1210365,29,5.0
1210365,27,5.0
1210365,657,5.0
475484,2419,5.0
475484,2156,0.0
475484,749,4.0
475484,2991,3.0
475484,13,4.0
475484,2194,4.0
475484,783,4.0
475484,1623,4.0
475484,656,4.0
475484,657,5.0
475484,962,4.0
475484,3149,4.0
766961,2419,5.0
766961,2418,5.0
766961,2417,5.0
766961,1556,5.0
766961,408,5.0
766961,1945,5.0
766961,2423,5.0
766961,1887,5.0
1338684,2419,5.0
1338684,2420,5.0
1338684,961,5.0
1338684,1955,5.0
1338684,19,5.0
1338684,141,5.0
1338684,1908,5.0
1338684,1907,5.0
1338684,1300,5.0
1338684,44,5.0
1154939,2419,5.0
1154939,511,5.0
1154939,106,5.0
1154939,2435,4.0
241697,2419,5.0
241697,6,5.0
241697,2434,5.0
241697,111,5.0
241697,22,0.0
443633,2419,5.0
443633,1886,5.0
443633,2416,5.0
443633,139,5.0
443633,2529,4.0
443633,587,5.0
443633,1893,5.0
443633,51,4.0
443633,2311,4.0
812096,2419,4.0
812096,2438,3.0
812096,2473,4.0
812096,661,5.0
198419,2419,5.0
198419,1810,5.0
198419,20,5.0
198419,1152,5.0
1206650,2419,5.0
1206650,8,5.0
1206650,117,5.0
1206650,1887,5.0
1761123,2419,0.0
1761123,87,3.0
1761123,1914,0.0
1761123,2436,5.0
1339114,2419,5.0
1339114,946,5.0
1339114,3342,5.0
1339114,656,3.0
2920332,2419,5.0
2920332,64,5.0
2920332,2131,4.0
2920332,1890,5.0
2920332,2601,5.0
141654,2419,4.0
141654,129,5.0
141654,73,4.0
141654,1888,5.0
141654,2215,5.0
141654,49,5.0
141654,2446,5.0
141654,10,3.0
69587,1568,5.0
69587,2285,5.0
69587,659,5.0
69587,2892,4.0
69587,120,5.0
315500,1568,5.0
315500,8,5.0
315500,3146,5.0
315500,510,5.0
52401,2765,5.0
52401,2,5.0
52401,2422,5.0
52401,2816,5.0
52401,4,5.0
594204,2765,5.0
594204,2456,5.0
594204,539,5.0
594204,18,5.0
594204,676,5.0
183533,2765,5.0
183533,2426,5.0
183533,46,3.0
183533,63,2.0
183533,2415,4.0
183533,1178,5.0
183533,667,5.0
183533,60,5.0
779699,2765,5.0
779699,1500,5.0
779699,3195,5.0
779699,1407,5.0
779699,2429,5.0
779699,423,5.0
779699,3189,5.0
779699,668,5.0
779699,169,5.0
779699,1260,4.0
548406,352,5.0
548406,16,5.0
548406,207,5.0
548406,1025,5.0
548406,1968,5.0
548406,2425,5.0
59302,352,5.0
59302,99,5.0
59302,1262,5.0
59302,1909,5.0
59302,101,5.0
59302,1926,5.0
666681,352,5.0
666681,2433,5.0
666681,1906,4.0
666681,79,5.0
666681,1890,5.0
666681,385,2.0
33159,352,4.0
33159,509,5.0
33159,982,4.0
33159,92,4.0
33159,1505,4.0
33159,512,5.0
33159,1901,4.0
33159,2604,4.0
33159,46,5.0
33159,1955,5.0
33159,1066,3.0
33159,508,4.0
33159,11,4.0
33159,278,5.0
33159,103,5.0
33159,158,5.0
33159,409,5.0
33159,2815,4.0
33159,1326,5.0
40047,242,4.0
40047,290,4.0
40047,111,4.0
40047,896,4.0
212801,3308,4.0
212801,2511,4.0
212801,3065,5.0
212801,1262,4.0
212801,3086,4.0
212801,3180,5.0
212801,358,5.0
332670,2129,5.0
332670,20,5.0
332670,2418,5.0
332670,19,5.0
332670,346,5.0
332670,29,5.0
332670,403,5.0
736554,2790,5.0
736554,1167,4.0
736554,2003,4.0
736554,2081,5.0
736554,908,4.0
736554,172,5.0
736554,658,4.0
736554,2487,5.0
736554,1908,4.0
736554,2520,5.0
736554,656,4.0
736554,96,5.0
736554,2283,4.0
736554,1910,5.0
936601,2790,5.0
936601,36,5.0
936601,2327,5.0
936601,2220,5.0
936601,2255,5.0
936601,57,5.0
936601,2007,5.0
936601,2032,5.0
936601,234,5.0
936601,1999,5.0
936601,538,5.0
936601,2336,5.0
936601,2557,5.0
936601,1913,5.0
936601,4,4.0
936601,14,5.0
241601,2458,5.0
241601,20,5.0
241601,52,5.0
241601,18,4.0
241601,326,4.0
86072,2458,5.0
86072,7,5.0
86072,2437,5.0
86072,2516,5.0
86072,119,5.0
457661,2458,5.0
457661,2433,5.0
457661,2374,5.0
457661,778,5.0
457661,419,3.0
457661,658,4.0
457661,2243,5.0
457661,667,5.0
457661,2173,4.0
457661,2444,5.0
457661,2404,4.0
457661,2976,3.0
130219,2458,5.0
130219,88,3.0
130219,21,3.0
130219,116,4.0
130219,278,4.0
130219,1294,5.0
130219,661,5.0
130219,156,5.0
130219,2807,5.0
130219,2417,5.0
130219,2819,4.0
130219,1900,5.0
253710,2458,5.0
253710,393,5.0
253710,2288,5.0
253710,2214,0.0
253710,14,4.0
74342,2458,4.0
74342,2415,4.0
74342,2815,5.0
74342,2430,5.0
709542,2458,5.0
709542,36,5.0
709542,5,5.0
709542,73,5.0
709542,2521,5.0
709542,116,5.0
709542,1888,5.0
709542,2432,5.0
709542,4,5.0
505873,2458,5.0
505873,2457,4.0
505873,136,3.0
505873,961,0.0
505873,2418,5.0
505873,21,5.0
505873,325,4.0
505873,973,4.0
762742,2458,5.0
762742,83,5.0
762742,128,5.0
762742,657,5.0
762742,108,4.0
486139,2069,5.0
486139,98,5.0
486139,181,4.0
486139,281,5.0
486139,326,5.0
28811,2069,5.0
28811,28,5.0
28811,961,5.0
28811,21,5.0
446143,2069,5.0
446143,339,5.0
446143,136,5.0
446143,20,5.0
446143,1263,5.0
446143,1851,5.0
446143,1713,5.0
446143,48,5.0
446143,1262,5.0
446143,1902,5.0
446143,2467,5.0
446143,769,5.0
446143,766,4.0
446143,3,5.0
446143,578,5.0
446143,127,4.0
446143,1573,5.0
446143,2451,5.0
446143,210,5.0
446143,2076,5.0
446143,246,5.0
446143,718,5.0
446143,1297,5.0
446143,856,5.0
446143,2112,5.0
446143,1900,5.0
204705,2069,5.0
204705,1893,5.0
204705,23,5.0
204705,2425,4.0
93438,2069,5.0
93438,147,5.0
93438,1555,5.0
93438,1192,5.0
93438,473,5.0
93438,1175,5.0
93438,2819,0.0
460048,2069,5.0
460048,1898,5.0
460048,2653,5.0
460048,5,5.0
460048,2529,5.0
460048,171,5.0
460048,54,5.0
460048,2272,5.0
460048,2491,4.0
460048,2446,5.0
460048,104,5.0
460048,2428,5.0
460048,2036,5.0
51641,3345,5.0
51641,3034,3.0
51641,3232,5.0
51641,759,4.0
51641,2408,5.0
51641,1804,4.0
51641,1270,4.0
51641,3158,5.0
51641,710,5.0
180087,3345,5.0
180087,83,5.0
180087,1834,5.0
180087,1885,5.0
180087,693,4.0
180087,2815,4.0
180087,15,5.0
180087,510,4.0
490713,3345,5.0
490713,2285,5.0
490713,663,5.0
490713,1948,2.0
490713,3346,4.0
138861,251,5.0
138861,33,5.0
138861,685,4.0
138861,245,4.0
138861,1897,4.0
525149,251,5.0
525149,2285,4.0
525149,58,4.0
525149,15,5.0
220433,251,5.0
220433,2457,5.0
220433,2132,5.0
220433,292,3.0
220433,1507,5.0
220433,18,4.0
220433,2430,5.0
220433,962,5.0
220433,2425,4.0
220433,425,5.0
1661670,251,5.0
1661670,2439,5.0
1661670,2498,5.0
1661670,46,4.0
1661670,2445,1.0
1661670,2421,5.0
2000431901,938,5.0
2000431901,2768,5.0
2000431901,1561,4.0
2000431901,548,4.0
2000431901,282,5.0
2000431901,2055,4.0
2000431901,199,5.0
2000431901,2628,4.0
2000431901,12,4.0
2000431901,2238,5.0
2000431901,257,4.0
2000431901,317,4.0
2000431901,135,4.0
2000431901,1934,4.0
2000431901,1981,4.0
2000431901,2956,5.0
2000431901,1443,0.0
2000431901,1922,5.0
2000431901,672,5.0
2000431901,403,0.0
2000431901,1049,4.0
2000431901,1538,5.0
2000431901,2747,5.0
2000431901,2460,5.0
2000431901,2428,5.0
2000431901,173,0.0
19198,1886,5.0
19198,7,4.0
19198,16,5.0
19198,2021,5.0
19198,695,5.0
19198,132,5.0
19198,1916,5.0
19198,1888,5.0
19198,1948,5.0
19198,1,5.0
19198,27,5.0
19198,101,5.0
19198,85,5.0
19198,78,5.0
53378,1886,5.0
53378,2426,5.0
53378,2415,5.0
53378,1888,4.0
53378,156,5.0
53378,1897,5.0
53378,1896,5.0
67491,1886,5.0
67491,511,5.0
67491,340,5.0
67491,2420,5.0
67491,1943,5.0
67491,905,4.0
67491,2039,5.0
67491,3162,5.0
67491,2367,4.0
67491,1885,5.0
67491,11,5.0
67491,18,3.0
67491,160,5.0
67491,2815,5.0
52074,1886,5.0
52074,32,5.0
52074,2453,5.0
52074,684,5.0
52074,2266,5.0
52074,2418,5.0
52074,13,5.0
52074,48,5.0
52074,1885,5.0
52074,189,5.0
52074,11,5.0
52074,1,5.0
52074,27,5.0
52074,1915,5.0
82367,1886,4.0
82367,122,4.0
82367,1888,5.0
82367,1887,5.0
82367,1169,4.0
22995,1886,5.0
22995,1888,5.0
22995,118,4.0
22995,2516,4.0
63070,1886,5.0
63070,2452,4.0
63070,154,5.0
63070,1194,5.0
63070,160,5.0
63070,10,5.0
63070,280,5.0
174740,1886,5.0
174740,52,4.0
174740,2415,5.0
174740,396,5.0
174740,1956,5.0
174740,250,4.0
174740,4,5.0
220403,1886,5.0
220403,2439,5.0
220403,2656,4.0
220403,2279,5.0
220403,2418,5.0
220403,1256,5.0
220403,2422,5.0
220403,678,5.0
220403,1691,5.0
220403,361,5.0
220403,192,5.0
220403,1887,5.0
8239,1886,5.0
8239,3147,4.0
8239,66,5.0
8239,1368,5.0
8239,1887,5.0
309368,1886,5.0
309368,64,4.0
309368,6,5.0
309368,2415,5.0
309368,1885,3.0
309368,264,5.0
309368,15,4.0
429769,1886,5.0
429769,7,4.0
429769,16,5.0
429769,2,5.0
429769,164,5.0
429769,115,5.0
429769,39,5.0
429769,656,4.0
329618,1886,5.0
329618,1949,5.0
329618,380,5.0
329618,1885,4.0
329618,39,5.0
231935,1886,5.0
231935,2123,5.0
231935,3211,4.0
231935,112,5.0
495821,1886,5.0
495821,92,5.0
495821,2215,5.0
495821,2430,5.0
15077,1886,4.0
15077,3067,4.0
15077,1276,5.0
15077,2445,5.0
15077,808,5.0
311926,1886,3.0
311926,1906,5.0
311926,20,4.0
311926,961,5.0
311926,2415,3.0
311926,29,5.0
311926,2593,4.0
346883,1886,4.0
346883,1742,4.0
346883,1615,5.0
346883,1578,5.0
346883,897,5.0
346883,44,4.0
461283,1886,5.0
461283,3327,3.0
461283,1883,5.0
461283,1899,5.0
461283,2030,5.0
461283,3022,5.0
461283,4,5.0
461283,1887,5.0
818606,1886,4.0
818606,2416,4.0
818606,167,5.0
818606,663,5.0
818606,2937,4.0
818606,508,4.0
818606,330,5.0
818606,2496,4.0
589394,1886,4.0
589394,8,3.0
589394,92,5.0
589394,1898,4.0
589394,12,5.0
589394,2941,3.0
589394,1916,5.0
589394,2002,5.0
589394,1976,4.0
589394,1919,5.0
589394,2019,5.0
589394,2423,3.0
18745,1886,5.0
18745,2285,5.0
18745,2265,5.0
18745,961,5.0
18745,2288,5.0
18745,1885,5.0
18745,1887,5.0
18745,377,5.0
379985,1886,5.0
379985,12,5.0
379985,2366,5.0
379985,2469,5.0
379985,2443,5.0
985766,1886,4.0
985766,2302,5.0
985766,1890,5.0
985766,3154,5.0
985766,1889,4.0
985766,2520,5.0
985766,108,5.0
985766,1951,5.0
839452,1886,3.0
839452,5,5.0
839452,726,5.0
839452,116,5.0
839452,2515,5.0
839452,14,5.0
962975,1886,4.0
962975,698,4.0
962975,2128,5.0
962975,1267,5.0
376122,1886,5.0
376122,31,5.0
376122,41,5.0
376122,2732,5.0
457829,1886,5.0
457829,77,5.0
457829,6,5.0
457829,2,5.0
457829,11,4.0
457829,1,5.0
457829,14,5.0
324062,1886,5.0
324062,1901,5.0
324062,2,4.0
324062,2519,5.0
324062,21,5.0
324062,15,3.0
258528,1886,5.0
258528,1885,5.0
258528,1908,5.0
258528,30,5.0
274467,1886,5.0
274467,32,5.0
274467,1264,5.0
274467,61,5.0
274467,2002,5.0
274467,657,5.0
274467,1006,3.0
274467,232,4.0
274467,1887,5.0
274467,109,5.0
486888,1886,0.0
486888,267,4.0
486888,2285,1.0
486888,5,4.0
486888,2,3.0
486888,404,4.0
486888,2435,4.0
486888,1543,5.0
486888,2462,4.0
486888,2415,2.0
486888,53,5.0
486888,2459,3.0
486888,2938,2.0
25356,1886,5.0
25356,31,5.0
25356,197,5.0
25356,1941,5.0
25356,18,4.0
25356,22,5.0
25356,15,3.0
113509,1886,5.0
113509,2497,5.0
113509,659,5.0
113509,756,4.0
113509,2,4.0
113509,2426,4.0
113509,2571,5.0
113509,986,5.0
113509,1211,4.0
113509,1515,5.0
113509,2610,5.0
113509,970,5.0
113509,2429,4.0
113509,2061,4.0
113509,45,5.0
113509,2421,5.0
113509,657,4.0
113509,62,4.0
113509,3255,5.0
497288,1886,5.0
497288,2447,5.0
497288,2416,5.0
497288,317,5.0
497288,10,5.0
125524,1886,5.0
125524,2354,4.0
125524,2254,5.0
125524,1889,5.0
125524,150,4.0
1048246,1886,4.0
1048246,1261,5.0
1048246,684,5.0
1048246,659,5.0
1048246,664,5.0
1048246,761,5.0
1048246,1405,5.0
1048246,2474,5.0
1048246,4,5.0
1494593,1886,5.0
1494593,694,5.0
1494593,1536,5.0
1494593,1556,5.0
1494593,4,4.0
159488,1886,5.0
159488,36,5.0
159488,2046,5.0
159488,3053,2.0
159488,1911,5.0
159488,1939,5.0
159488,2011,4.0
159488,19,5.0
159488,109,5.0
159488,522,5.0
654995,1886,5.0
654995,2420,5.0
654995,16,0.0
654995,42,5.0
1035327,1886,5.0
1035327,129,3.0
1035327,1918,4.0
1035327,1903,5.0
1035327,308,2.0
335571,1886,5.0
335571,1963,5.0
335571,41,5.0
335571,2446,5.0
577249,1886,4.0
577249,7,5.0
577249,16,4.0
577249,1885,3.0
577249,3,4.0
577249,1908,4.0
577249,127,4.0
1701315,1886,5.0
1701315,940,4.0
1701315,350,5.0
1701315,967,5.0
1701315,1909,5.0
1701315,349,5.0
1701315,3146,5.0
1701315,184,5.0
1701315,2638,5.0
1701315,1165,5.0
1701315,1922,5.0
1701315,667,5.0
1701315,39,5.0
1701315,2018,5.0
1701315,674,5.0
98994,1886,5.0
98994,1898,5.0
98994,2055,5.0
98994,19,5.0
98994,1832,4.0
109547,1886,5.0
109547,122,5.0
109547,7,5.0
109547,95,5.0
109547,134,4.0
109547,2415,5.0
109547,998,4.0
109547,661,5.0
109547,49,5.0
109547,22,5.0
109547,2175,5.0
398160,1886,5.0
398160,64,5.0
398160,2491,5.0
398160,212,5.0
398160,1153,5.0
469903,1886,5.0
469903,2047,5.0
469903,810,5.0
469903,1292,3.0
469903,8,5.0
469903,2968,5.0
469903,3352,5.0
469903,2980,5.0
469903,1991,5.0
469903,1275,4.0
469903,2237,4.0
469903,1967,5.0
469903,13,5.0
469903,3342,5.0
469903,1574,5.0
469903,2367,5.0
469903,2221,5.0
469903,2020,5.0
469903,116,5.0
469903,1555,5.0
469903,1890,5.0
469903,2366,5.0
469903,2473,5.0
469903,1377,5.0
469903,1268,5.0
469903,180,5.0
469903,1533,4.0
469903,1962,5.0
469903,3188,5.0
469903,2944,5.0
469903,2444,5.0
469903,2940,5.0
469903,379,5.0
469903,1341,5.0
469903,23,4.0
469903,112,5.0
174854,1202,5.0
174854,36,5.0
174854,2368,5.0
174854,508,5.0
174854,1885,5.0
174854,2450,2.0
118161,2058,5.0
118161,154,5.0
118161,2416,5.0
118161,961,5.0
118161,87,3.0
641300,2058,4.0
641300,547,5.0
641300,2478,5.0
641300,2426,5.0
641300,73,5.0
641300,19,5.0
641300,10,5.0
113894,1299,5.0
113894,2,4.0
113894,2503,5.0
113894,2697,5.0
113894,2020,4.0
113894,1890,5.0
113894,11,5.0
113894,120,4.0
65573,1299,4.0
65573,92,5.0
65573,3061,3.0
65573,2386,5.0
65573,1916,4.0
65573,1888,5.0
65573,19,5.0
65573,1885,5.0
65573,3,3.0
65573,1302,4.0
65573,1976,5.0
65573,514,5.0
65573,538,5.0
65573,1383,4.0
65573,1914,4.0
65573,2249,5.0
65573,1892,3.0
65573,173,5.0
65573,662,3.0
65573,14,5.0
564310,267,5.0
564310,2457,5.0
564310,2285,5.0
564310,43,5.0
564310,2422,5.0
564310,285,5.0
227024,267,3.0
227024,684,5.0
227024,177,5.0
227024,2503,5.0
227024,2750,5.0
227024,2555,5.0
227024,194,5.0
227024,2146,5.0
227024,14,5.0
44642,267,5.0
44642,95,4.0
44642,2098,5.0
44642,18,5.0
44642,1942,5.0
44642,93,5.0
44642,403,5.0
44642,10,5.0
362038,267,5.0
362038,3342,5.0
362038,2424,4.0
362038,1,5.0
362038,661,5.0
362038,656,4.0
362038,1900,4.0
423494,267,2.0
423494,2086,5.0
423494,1901,5.0
423494,3150,5.0
423494,1632,0.0
423494,978,5.0
423494,974,3.0
423494,2815,4.0
423494,2430,3.0
423494,14,4.0
22720,267,5.0
22720,28,5.0
22720,129,5.0
22720,14,2.0
518572,2805,5.0
518572,5,5.0
518572,2366,5.0
518572,1896,5.0
160497,2029,5.0
160497,8,5.0
160497,79,5.0
160497,829,5.0
130531,2029,5.0
130531,2416,5.0
130531,215,5.0
130531,290,5.0
130531,2220,5.0
130531,805,5.0
130531,1834,0.0
130531,110,0.0
130531,389,5.0
130531,1954,3.0
130531,715,5.0
130531,540,4.0
130531,661,5.0
130531,2441,5.0
130531,2468,3.0
130531,668,5.0
130531,673,5.0
130531,2417,5.0
130531,657,5.0
130531,22,5.0
227932,2029,5.0
227932,2420,5.0
227932,151,5.0
227932,1303,5.0
227932,2415,5.0
227932,38,5.0
227932,166,4.0
227932,1393,5.0
227932,217,4.0
1216585,2029,5.0
1216585,7,5.0
1216585,8,3.0
1216585,2433,5.0
1216585,1536,4.0
1216585,1551,5.0
1216585,2074,4.0
1216585,150,5.0
1216585,4,4.0
205783,2156,4.0
205783,1261,5.0
205783,2989,4.0
205783,2285,4.0
205783,1481,5.0
205783,547,5.0
205783,1446,5.0
205783,1439,5.0
205783,1211,5.0
205783,1473,5.0
205783,1560,4.0
51652,511,3.0
51652,238,5.0
51652,32,5.0
51652,63,5.0
51652,18,4.0
51652,47,3.0
51652,514,3.0
51652,2421,5.0
129217,511,4.0
129217,1,5.0
129217,102,5.0
129217,798,4.0
129217,1919,5.0
129217,162,5.0
129217,2423,5.0
373178,511,5.0
373178,1899,5.0
373178,2435,5.0
373178,1947,5.0
373178,19,5.0
280696,511,4.0
280696,3344,5.0
280696,2420,4.0
280696,105,5.0
280696,2417,4.0
248913,511,5.0
248913,1906,5.0
248913,2092,3.0
248913,2422,5.0
248913,1909,4.0
248913,1942,5.0
248913,2417,5.0
248913,1910,5.0
248913,44,5.0
478451,511,5.0
478451,1005,4.0
478451,2776,5.0
478451,5,5.0
478451,2136,5.0
478451,1403,5.0
478451,29,5.0
478451,3,5.0
478451,2206,5.0
478451,23,5.0
478451,81,4.0
478451,62,5.0
228032,511,4.0
228032,299,5.0
228032,1888,5.0
228032,656,5.0
228032,10,4.0
369001,511,5.0
369001,19,5.0
369001,2252,4.0
369001,709,5.0
721832,511,5.0
721832,2420,5.0
721832,2547,4.0
721832,521,5.0
721832,516,5.0
721832,889,5.0
721832,27,5.0
721832,1915,5.0
721832,414,4.0
721832,144,5.0
721832,656,5.0
1015482,511,5.0
1015482,681,5.0
1015482,7,5.0
1015482,5,4.0
1015482,663,4.0
1015482,670,5.0
1015482,61,5.0
1015482,27,5.0
1015482,1172,4.0
1015482,2461,4.0
1015482,674,3.0
1015482,112,5.0
1015482,662,3.0
1015482,1539,5.0
185113,511,5.0
185113,36,4.0
185113,1581,5.0
185113,172,4.0
185113,1550,5.0
185113,811,5.0
185113,1480,5.0
185113,2815,5.0
185113,3135,5.0
913636,511,4.0
913636,2416,5.0
913636,2433,5.0
913636,13,5.0
913636,2514,5.0
382999,1136,5.0
382999,3063,5.0
382999,2808,5.0
382999,2249,5.0
531029,2380,5.0
531029,2247,5.0
531029,624,5.0
531029,3075,5.0
531029,1168,5.0
531029,1040,5.0
531029,1922,5.0
531029,604,5.0
531029,3096,5.0
531029,993,5.0
207616,2380,5.0
207616,2394,5.0
207616,2506,5.0
207616,547,5.0
207616,3067,5.0
207616,2345,5.0
207616,850,5.0
207616,1274,5.0
207616,2339,5.0
207616,1675,5.0
207616,212,5.0
852554,2380,5.0
852554,2671,5.0
852554,3074,5.0
852554,748,5.0
852554,1481,5.0
852554,521,5.0
852554,3305,5.0
852554,2590,5.0
852554,2712,5.0
284180,2230,5.0
284180,2026,5.0
284180,2241,4.0
284180,1303,5.0
284180,2302,5.0
284180,1285,4.0
284180,116,5.0
284180,1675,5.0
284180,963,5.0
284180,2451,5.0
225096,2431,5.0
225096,1988,5.0
225096,1272,5.0
225096,5,5.0
225096,214,5.0
225096,2288,5.0
225096,1885,5.0
225096,880,5.0
225096,2430,5.0
225096,1958,5.0
225096,119,4.0
377202,2431,5.0
377202,1500,5.0
377202,12,5.0
377202,1256,5.0
168069,2431,5.0
168069,659,4.0
168069,13,4.0
168069,2422,5.0
168069,1422,5.0
168069,439,5.0
168069,202,3.0
168069,15,0.0
199657,2431,5.0
199657,1004,4.0
199657,1917,5.0
199657,2312,3.0
199657,2056,5.0
199657,54,5.0
199657,704,0.0
199657,42,4.0
199657,285,4.0
199657,1913,4.0
442276,2431,5.0
442276,2483,5.0
442276,2421,5.0
442276,1896,5.0
1335166,2431,5.0
1335166,2416,5.0
1335166,2438,5.0
1335166,2594,5.0
289117,2431,5.0
289117,3147,5.0
289117,57,5.0
289117,3162,4.0
289117,334,4.0
289117,2441,5.0
289117,401,5.0
289117,85,4.0
289117,2425,4.0
289117,3169,5.0
1445414,2431,5.0
1445414,51,5.0
1445414,2441,5.0
1445414,2355,5.0
1445414,2307,5.0
508949,2431,5.0
508949,2416,4.0
508949,179,5.0
508949,32,5.0
508949,2438,5.0
508949,13,5.0
508949,2424,5.0
508949,1956,5.0
508949,61,3.0
508949,1915,4.0
2293361,2431,5.0
2293361,2288,5.0
2293361,2007,5.0
2293361,53,5.0
406741,2431,5.0
406741,1988,3.0
406741,3066,4.0
406741,1547,0.0
406741,2420,4.0
406741,2068,2.0
406741,1544,4.0
406741,756,4.0
406741,72,4.0
406741,2434,5.0
406741,2426,3.0
406741,2438,5.0
406741,1543,4.0
406741,1613,4.0
406741,2422,4.0
406741,2366,5.0
406741,966,3.0
406741,2208,3.0
406741,61,4.0
406741,2575,4.0
406741,1908,3.0
406741,3050,4.0
406741,2597,3.0
406741,2233,5.0
406741,210,4.0
406741,2445,5.0
406741,128,5.0
406741,35,5.0
406741,1651,4.0
406741,2816,4.0
406741,2066,4.0
406741,733,4.0
406741,120,5.0
406741,2839,4.0
406741,1537,5.0
406741,2592,5.0
406741,2370,5.0
406741,356,3.0
870569,788,5.0
870569,291,5.0
870569,59,5.0
870569,2418,5.0
870569,670,4.0
870569,3036,5.0
870569,104,5.0
124030,2457,5.0
124030,2758,5.0
124030,1889,5.0
124030,962,4.0
124030,1043,4.0
116401,2457,5.0
116401,2437,5.0
116401,16,5.0
116401,28,5.0
116401,2550,5.0
116401,93,5.0
116401,22,5.0
116401,14,5.0
97686,2457,5.0
97686,233,5.0
97686,727,5.0
97686,2591,5.0
199879,2457,5.0
199879,2582,5.0
199879,961,5.0
199879,13,5.0
199879,791,5.0
199207,2457,5.0
199207,2492,5.0
199207,689,5.0
199207,966,5.0
199207,2885,5.0
75973,2457,5.0
75973,2439,5.0
75973,194,4.0
75973,14,5.0
181447,2457,5.0
181447,8,2.0
181447,2772,5.0
181447,2420,5.0
181447,5,5.0
181447,1941,5.0
181447,1885,5.0
181447,2430,5.0
51109,2457,5.0
51109,291,5.0
51109,1856,5.0
51109,2471,5.0
51109,3285,5.0
51109,1909,5.0
51109,3184,4.0
51109,2708,5.0
51109,1152,5.0
51109,2508,4.0
51109,2504,5.0
51109,27,5.0
51109,672,5.0
51109,2448,5.0
51109,2319,5.0
345234,2457,5.0
345234,77,4.0
345234,260,5.0
345234,12,5.0
345234,2581,5.0
345234,3,5.0
345234,2421,5.0
345234,10,4.0
345234,2430,5.0
1237790,2457,4.0
1237790,6,5.0
1237790,2512,3.0
1237790,283,5.0
1237790,115,4.0
37275,244,5.0
37275,7,5.0
37275,2021,5.0
37275,2293,5.0
37275,1844,5.0
37275,666,5.0
37275,109,5.0
189156,244,5.0
189156,1981,5.0
189156,35,5.0
189156,160,5.0
719083,244,5.0
719083,1810,5.0
719083,2248,5.0
719083,1893,5.0
399465,244,5.0
399465,2823,5.0
399465,273,5.0
399465,1012,5.0
399465,1976,5.0
399465,1897,5.0
57162,244,5.0
57162,690,5.0
57162,961,5.0
57162,11,5.0
57162,2370,5.0
57162,109,5.0
904655,244,5.0
904655,2478,5.0
904655,1296,5.0
904655,1564,5.0
368572,244,5.0
368572,1210,5.0
368572,12,5.0
368572,51,5.0
368572,3156,5.0
49918,2452,5.0
49918,28,5.0
49918,1865,5.0
49918,1893,5.0
49918,1925,4.0
49918,515,5.0
49918,10,5.0
254805,2452,5.0
254805,509,5.0
254805,961,5.0
254805,1066,5.0
254805,76,5.0
254805,2206,5.0
254805,180,5.0
254805,2950,5.0
254805,356,5.0
192554,2452,5.0
192554,961,5.0
192554,1967,5.0
192554,1285,5.0
192554,382,5.0
192554,2066,5.0
164867,2452,5.0
164867,2486,5.0
164867,508,4.0
164867,438,5.0
164867,2640,5.0
164867,15,5.0
254909,2452,5.0
254909,1899,5.0
254909,287,5.0
254909,157,5.0
254909,2470,5.0
254909,2585,5.0
254909,1900,5.0
2574795,2452,4.0
2574795,2000,5.0
2574795,12,4.0
2574795,134,5.0
2574795,2366,4.0
2574795,2730,4.0
2574795,49,5.0
2574795,246,5.0
361621,2452,5.0
361621,77,5.0
361621,197,5.0
361621,46,5.0
361621,29,5.0
361621,2459,5.0
361621,2446,5.0
31611,77,4.0
31611,2405,5.0
31611,1321,0.0
31611,945,5.0
38745,77,5.0
38745,295,5.0
38745,2013,5.0
38745,2636,5.0
38745,376,5.0
38745,2017,5.0
38745,2428,5.0
25941,77,5.0
25941,961,5.0
25941,94,5.0
25941,40,5.0
25941,2096,5.0
25941,117,5.0
29300,77,5.0
29300,72,5.0
29300,433,5.0
29300,73,5.0
29300,2572,5.0
29300,2164,5.0
29300,119,5.0
36056,77,5.0
36056,826,5.0
36056,1247,5.0
36056,2162,5.0
36056,2415,5.0
36056,1417,5.0
36056,1896,5.0
462013,77,4.0
462013,64,5.0
462013,2416,5.0
462013,41,5.0
462013,2424,5.0
462013,2459,4.0
462013,10,4.0
462013,22,5.0
462013,44,3.0
462013,2495,5.0
603831,77,5.0
603831,95,4.0
603831,2415,4.0
603831,171,5.0
603831,2294,5.0
603831,2001,5.0
167277,77,2.0
167277,1812,5.0
167277,2418,3.0
167277,124,5.0
167277,10,5.0
167277,2450,5.0
737593,77,5.0
737593,5,5.0
737593,357,5.0
737593,294,5.0
187507,77,5.0
187507,2439,3.0
187507,2437,4.0
187507,2513,5.0
187507,2024,5.0
187507,673,5.0
680579,77,4.0
680579,2426,4.0
680579,2418,4.0
680579,46,3.0
680579,1888,3.0
680579,1950,4.0
680579,15,4.0
498481,77,5.0
498481,6,5.0
498481,20,5.0
498481,2368,5.0
498481,18,3.0
498481,964,1.0
658542,77,5.0
658542,2453,5.0
658542,48,5.0
658542,110,5.0
658542,1,5.0
658542,1896,5.0
658542,980,5.0
658542,2088,5.0
658542,1926,5.0
48388,77,5.0
48388,739,5.0
48388,952,5.0
48388,1296,4.0
115088,64,0.0
115088,2,5.0
115088,1972,5.0
115088,1932,5.0
115088,2131,5.0
115088,3,5.0
115088,47,5.0
115088,2642,5.0
126547,64,5.0
126547,28,5.0
126547,658,5.0
126547,2415,5.0
126547,11,5.0
126547,1152,5.0
126547,22,5.0
126547,510,5.0
129314,64,5.0
129314,1938,5.0
129314,372,5.0
129314,1930,5.0
129314,3,5.0
129314,65,4.0
129314,160,5.0
129314,2423,5.0
129314,119,5.0
282678,64,5.0
282678,176,5.0
282678,233,5.0
282678,2491,5.0
282678,751,5.0
282678,294,5.0
282678,2430,5.0
282678,2436,5.0
398487,64,4.0
398487,2107,4.0
398487,2619,4.0
398487,1928,4.0
398487,12,4.0
398487,2060,4.0
398487,2422,5.0
398487,1885,5.0
398487,2445,3.0
398487,10,5.0
398487,1887,5.0
362734,64,5.0
362734,2416,5.0
362734,125,5.0
362734,2222,5.0
362734,2424,5.0
362734,60,5.0
114681,64,4.0
114681,1261,3.0
114681,1961,5.0
114681,2218,5.0
114681,1911,5.0
114681,2418,4.0
114681,643,3.0
114681,687,5.0
114681,257,5.0
114681,635,4.0
114681,1949,5.0
114681,1902,3.0
114681,677,5.0
114681,124,5.0
114681,409,5.0
114681,42,0.0
114681,441,3.0
114681,198,4.0
83642,64,5.0
83642,154,5.0
83642,31,4.0
83642,32,4.0
83642,20,5.0
83642,2190,5.0
83642,40,5.0
83642,12,5.0
83642,137,5.0
83642,1885,5.0
83642,110,0.0
83642,39,4.0
83642,2450,5.0
741494,64,5.0
741494,20,5.0
741494,2418,5.0
741494,63,5.0
741494,1888,5.0
417332,64,5.0
417332,2170,5.0
417332,301,5.0
417332,415,4.0
417332,10,5.0
417332,1923,5.0
914720,64,5.0
914720,99,5.0
914720,175,5.0
914720,2490,5.0
914720,1893,5.0
914720,1262,5.0
914720,2948,4.0
914720,49,5.0
914720,666,5.0
914720,212,5.0
914720,2417,5.0
914720,408,5.0
914720,2423,5.0
914720,14,4.0
914720,1535,5.0
1900301,64,5.0
1900301,1763,4.0
1900301,402,5.0
1900301,43,4.0
1900301,1574,3.0
1900301,2828,3.0
1900301,629,4.0
1900301,2102,5.0
1900301,950,4.0
1900301,2601,4.0
1900301,195,4.0
1900301,1153,5.0
1900301,22,5.0
1900301,1288,4.0
78754,298,5.0
78754,31,5.0
78754,2,5.0
78754,2076,5.0
50313,298,5.0
50313,2789,4.0
50313,7,5.0
50313,230,1.0
50313,2514,5.0
50313,1902,3.0
50313,1914,5.0
165755,298,5.0
165755,31,5.0
165755,2418,5.0
165755,2727,5.0
165755,14,5.0
152021,298,5.0
152021,16,5.0
152021,20,5.0
152021,2415,5.0
152021,1885,5.0
369386,298,5.0
369386,154,5.0
369386,2,5.0
369386,419,5.0
369386,21,5.0
369386,382,5.0
879716,298,5.0
879716,2416,5.0
879716,2660,5.0
879716,2286,5.0
879716,32,0.0
879716,1272,5.0
879716,1918,5.0
879716,94,5.0
879716,2418,5.0
879716,75,5.0
879716,658,4.0
879716,2432,4.0
879716,126,5.0
879716,1889,5.0
879716,2451,0.0
879716,2417,5.0
879716,10,5.0
879716,1191,4.0
879716,1892,5.0
879716,1887,5.0
269575,3327,5.0
269575,1605,5.0
269575,2904,5.0
269575,1754,5.0
269575,2951,5.0
269575,546,5.0
269575,2891,5.0
269575,29,5.0
269575,1626,5.0
269575,2214,5.0
269575,1542,5.0
269575,1915,5.0
269575,2986,0.0
269575,1553,5.0
269575,1565,5.0
469021,746,5.0
469021,2644,5.0
469021,473,5.0
469021,120,5.0
66983,319,4.0
66983,1963,4.0
66983,63,5.0
66983,189,5.0
66983,2366,4.0
66983,3130,4.0
66983,656,5.0
66983,112,5.0
66983,2399,5.0
53959,319,5.0
53959,36,5.0
53959,260,5.0
53959,2625,5.0
53959,386,5.0
53959,28,5.0
53959,2503,5.0
53959,1145,5.0
53959,51,3.0
53959,2618,5.0
53959,974,5.0
53959,113,5.0
53959,2526,4.0
366781,319,5.0
366781,2456,5.0
366781,2447,4.0
366781,2418,5.0
366781,2366,5.0
366781,11,5.0
366781,53,5.0
366781,102,3.0
366781,27,5.0
366781,2382,4.0
366781,2585,5.0
366781,2421,4.0
366781,1900,5.0
30503,319,5.0
30503,3347,5.0
30503,175,5.0
30503,40,5.0
30503,1834,5.0
171924,1291,5.0
171924,225,5.0
171924,33,5.0
171924,11,4.0
171924,2618,4.0
726142,1291,5.0
726142,2420,4.0
726142,1264,4.0
726142,2481,3.0
953691,1291,5.0
953691,1547,4.0
953691,946,5.0
953691,19,5.0
953691,1897,5.0
953691,3148,5.0
953691,2425,3.0
953691,1535,5.0
111678,1988,5.0
111678,3037,5.0
111678,2020,5.0
111678,2758,5.0
111678,1262,5.0
111678,1885,5.0
111678,1421,4.0
111678,551,5.0
111678,1354,5.0
111678,2425,5.0
111678,2495,5.0
254614,949,5.0
254614,3358,5.0
254614,2303,5.0
254614,2285,5.0
254614,2433,5.0
254614,765,5.0
254614,1992,5.0
254614,978,5.0
254614,3076,5.0
254614,987,5.0
254614,2443,5.0
254614,3178,5.0
254614,261,5.0
254614,856,5.0
78848,1810,5.0
78848,2154,5.0
78848,1845,5.0
78848,2822,5.0
78848,197,5.0
78848,1414,5.0
472074,1810,3.0
472074,2447,3.0
472074,1985,5.0
472074,1263,3.0
472074,2415,4.0
472074,1,5.0
472074,3,5.0
472074,10,3.0
437727,1810,5.0
437727,13,5.0
437727,1832,5.0
437727,2444,5.0
437727,945,5.0
304290,1810,5.0
304290,7,5.0
304290,1933,4.0
304290,1896,4.0
304290,2815,4.0
291292,1810,5.0
291292,2433,5.0
291292,13,5.0
291292,134,5.0
291292,2630,5.0
291292,2432,5.0
60385,154,5.0
60385,395,5.0
60385,73,5.0
60385,2201,5.0
41874,154,5.0
41874,665,4.0
41874,393,5.0
41874,3150,5.0
41874,41,5.0
41874,2630,3.0
41874,249,5.0
41874,1834,5.0
41874,556,5.0
57475,154,5.0
57475,2021,5.0
57475,2415,5.0
57475,2430,5.0
65936,154,5.0
65936,2531,5.0
65936,282,5.0
65936,663,4.0
65936,2432,5.0
65936,1,5.0
65936,2655,5.0
119250,154,5.0
119250,174,5.0
119250,79,5.0
119250,2500,5.0
2206637,154,4.0
2206637,1574,5.0
2206637,1024,4.0
2206637,30,5.0
58430,985,4.0
58430,67,5.0
58430,2438,5.0
58430,2640,5.0
58430,18,5.0
58430,2448,4.0
58430,69,5.0
229962,1628,5.0
229962,3321,5.0
229962,697,5.0
229962,1085,5.0
224740,1628,5.0
224740,512,5.0
224740,659,5.0
224740,72,4.0
224740,3068,4.0
224740,1274,5.0
224740,817,5.0
224740,529,5.0
224740,182,4.0
224740,1386,4.0
224740,1557,5.0
224740,3062,5.0
224740,514,4.0
224740,1151,5.0
224740,1401,5.0
224740,1913,4.0
224740,1950,4.0
306897,1628,5.0
306897,1917,5.0
306897,74,5.0
306897,3155,5.0
306897,2819,5.0
306897,1535,5.0
1426364,860,4.0
1426364,7,5.0
1426364,658,4.0
1426364,401,5.0
1426364,2826,5.0
1426364,2404,5.0
28442,2723,5.0
28442,2021,5.0
28442,40,5.0
28442,2012,5.0
28442,1931,5.0
28442,15,5.0
28442,1169,5.0
644191,271,5.0
644191,665,5.0
644191,359,5.0
644191,58,5.0
644191,1544,5.0
644191,5,5.0
644191,2341,4.0
644191,2572,5.0
644191,2987,3.0
644191,2368,5.0
644191,11,4.0
644191,1922,5.0
644191,3127,5.0
644191,963,5.0
644191,150,5.0
644191,3155,4.0
644191,1658,5.0
114027,271,5.0
114027,355,4.0
114027,3024,5.0
114027,3163,5.0
114027,1972,5.0
114027,2846,5.0
114027,2012,5.0
114027,1909,4.0
114027,2509,4.0
114027,751,5.0
198612,2831,4.0
198612,3164,5.0
198612,3364,5.0
198612,3153,0.0
198612,3146,3.0
198612,672,4.0
198612,830,5.0
366559,2831,5.0
366559,402,5.0
366559,126,5.0
366559,1889,5.0
1018029,2831,5.0
1018029,359,5.0
1018029,2616,5.0
1018029,235,5.0
965764,2831,5.0
965764,8,5.0
965764,19,4.0
965764,1533,4.0
965764,1341,4.0
1356721,2831,5.0
1356721,136,5.0
1356721,1544,5.0
1356721,2639,5.0
1356721,162,5.0
1356721,656,4.0
1356721,2634,5.0
1356721,14,5.0
293757,366,5.0
293757,295,4.0
293757,125,0.0
293757,2415,5.0
293757,661,4.0
293757,2880,3.0
293757,656,5.0
293757,14,5.0
1677154,1218,5.0
1677154,50,5.0
1677154,1154,5.0
1677154,1986,5.0
1677154,3325,5.0
1677154,1572,5.0
106867,2579,5.0
106867,3174,5.0
106867,2468,5.0
106867,1260,4.0
141980,2579,5.0
141980,2189,5.0
141980,7,5.0
141980,302,5.0
130678,1782,5.0
130678,1005,5.0
130678,509,5.0
130678,1416,5.0
130678,1542,5.0
130678,1619,5.0
130678,2939,5.0
285011,1782,4.0
285011,1532,3.0
285011,2482,5.0
285011,3158,4.0
398333,344,5.0
398333,7,5.0
398333,16,5.0
398333,664,4.0
398333,3,5.0
398333,1950,2.0
120298,2602,5.0
120298,2056,5.0
120298,327,5.0
120298,153,5.0
327989,344,5.0
327989,2447,5.0
327989,2057,5.0
327989,2553,4.0
327989,2418,4.0
327989,375,5.0
327989,2415,4.0
327989,171,4.0
327989,126,5.0
327989,162,5.0
327989,4,4.0
327989,2425,5.0
121275,2137,5.0
121275,2753,5.0
121275,2513,5.0
121275,351,5.0
160981,2497,4.0
160981,2420,4.0
160981,1953,4.0
160981,693,5.0
1187622,2497,5.0
1187622,659,5.0
1187622,789,5.0
1187622,2434,5.0
1187622,12,4.0
1187622,447,4.0
1187622,1958,5.0
1675225,2497,5.0
1675225,167,3.0
1675225,12,5.0
1675225,88,4.0
1675225,2548,4.0
1675225,195,4.0
138174,3227,5.0
138174,2286,5.0
138174,952,5.0
138174,27,5.0
138174,47,5.0
138174,1625,4.0
138174,675,4.0
138174,1914,4.0
196038,1960,5.0
196038,577,3.0
196038,2416,5.0
196038,1271,4.0
196038,13,5.0
196038,1306,4.0
196038,1915,5.0
196038,3,4.0
196038,45,4.0
196038,668,4.0
196038,96,4.0
196038,2423,5.0
157248,1960,5.0
157248,1318,5.0
157248,2285,5.0
157248,539,5.0
157248,193,5.0
157248,1532,0.0
157248,791,5.0
157248,1177,5.0
157248,522,5.0
282731,1960,5.0
282731,3147,5.0
282731,1901,5.0
282731,694,5.0
282731,2028,5.0
282731,2022,4.0
282731,2417,5.0
353485,3013,4.0
353485,8,5.0
353485,2506,4.0
353485,1547,4.0
353485,1678,4.0
353485,1545,3.0
353485,1652,4.0
353485,476,4.0
353485,2435,4.0
353485,3061,5.0
353485,1007,5.0
353485,529,5.0
353485,508,3.0
353485,1674,5.0
353485,2552,4.0
353485,2696,3.0
353485,2417,4.0
353485,897,4.0
27711,305,5.0
27711,54,5.0
27711,2640,5.0
27711,1564,5.0
27711,1900,5.0
184469,305,4.0
184469,50,5.0
184469,2389,5.0
184469,703,4.0
184469,607,5.0
184469,508,4.0
184469,1947,4.0
184469,11,5.0
184469,14,2.0
163688,1161,0.0
163688,799,5.0
163688,754,5.0
163688,1896,5.0
48692,1161,5.0
48692,2700,5.0
48692,2366,4.0
48692,514,5.0
1320105,1161,5.0
1320105,2447,2.0
1320105,2416,5.0
1320105,2426,3.0
1320105,2418,5.0
1320105,163,5.0
1320105,18,5.0
1320105,2252,3.0
1320105,49,5.0
1320105,2459,5.0
1320105,178,5.0
1320105,2446,5.0
1320105,10,3.0
1320105,280,2.0
1320105,1892,5.0
1320105,119,5.0
241882,2755,5.0
241882,260,5.0
241882,663,5.0
241882,1369,5.0
84272,665,5.0
84272,2513,5.0
84272,27,0.0
84272,160,5.0
84272,1914,5.0
302961,665,5.0
302961,509,5.0
302961,20,5.0
302961,209,5.0
302961,2136,5.0
294455,665,5.0
294455,1159,5.0
294455,2422,5.0
294455,41,5.0
294455,27,5.0
294455,656,5.0
424008,665,5.0
424008,59,5.0
424008,46,5.0
424008,257,5.0
424008,2825,5.0
424008,163,3.0
424008,668,3.0
424008,1983,3.0
289328,665,4.0
289328,2416,5.0
289328,1902,5.0
289328,47,5.0
289328,187,5.0
289328,81,5.0
720912,665,5.0
720912,520,5.0
720912,28,5.0
720912,3150,5.0
720912,2906,5.0
720912,2288,5.0
720912,2299,5.0
720912,1558,5.0
634257,665,5.0
634257,1909,3.0
634257,322,4.0
634257,1535,5.0
141610,665,5.0
141610,16,5.0
141610,2527,5.0
141610,1890,5.0
141610,1384,5.0
30716,36,5.0
30716,2686,5.0
30716,690,5.0
30716,717,5.0
30716,3171,5.0
30716,1391,5.0
30716,869,5.0
30716,3342,5.0
30716,2476,4.0
30716,75,3.0
30716,780,5.0
30716,1888,5.0
30716,1423,2.0
30716,2214,5.0
30716,1276,5.0
30716,3251,5.0
30716,118,5.0
30716,992,4.0
30716,3348,5.0
30716,722,5.0
30716,15,5.0
30716,775,5.0
49312,36,5.0
49312,970,5.0
49312,1885,5.0
49312,1897,5.0
49312,2423,5.0
49312,2067,5.0
52026,36,5.0
52026,11,5.0
52026,2164,5.0
52026,1565,5.0
52026,1191,5.0
94856,36,4.0
94856,5,4.0
94856,3072,3.0
94856,1952,5.0
82663,36,5.0
82663,2439,4.0
82663,1943,3.0
82663,2636,5.0
82663,2426,5.0
82663,677,4.0
82663,2698,5.0
153866,36,5.0
153866,33,5.0
153866,75,5.0
153866,21,5.0
153866,1885,4.0
153866,127,4.0
153866,10,4.0
110210,36,5.0
110210,1292,5.0
110210,2821,5.0
110210,2125,5.0
110210,323,4.0
110210,139,5.0
110210,165,5.0
110210,75,5.0
110210,508,5.0
110210,1983,5.0
102135,36,5.0
102135,1940,5.0
102135,2760,5.0
102135,2551,5.0
177085,36,3.0
177085,122,5.0
177085,2424,5.0
177085,1,4.0
177085,1889,5.0
177085,18,5.0
177085,45,3.0
177085,10,4.0
177085,1945,5.0
343039,36,5.0
343039,58,5.0
343039,2349,5.0
343039,2115,5.0
343039,126,5.0
343039,2355,5.0
283251,36,4.0
283251,512,4.0
283251,2006,5.0
283251,2286,4.0
283251,1179,4.0
283251,1939,4.0
283251,3153,4.0
283251,595,4.0
283251,780,5.0
283251,2367,4.0
283251,3,4.0
283251,2857,4.0
283251,2766,4.0
283251,2375,4.0
283251,472,4.0
283251,348,5.0
283251,2404,5.0
283251,3325,5.0
283251,2711,3.0
283251,733,4.0
283251,3169,4.0
283251,1900,4.0
284533,36,5.0
284533,1547,5.0
284533,3,4.0
284533,1538,4.0
1339655,36,4.0
1339655,1938,5.0
1339655,2488,5.0
1339655,2627,4.0
1339655,2493,0.0
1339655,2730,3.0
134903,36,5.0
134903,1427,5.0
134903,2434,5.0
134903,2651,5.0
134903,241,5.0
381047,36,5.0
381047,80,5.0
381047,6,5.0
381047,2418,5.0
381047,2176,5.0
381047,38,0.0
381047,1947,5.0
381047,53,4.0
381047,1,5.0
381047,103,5.0
381047,39,5.0
381047,261,4.0
381047,65,4.0
381047,42,5.0
381047,2112,5.0
381047,1900,3.0
381047,2436,5.0
37022,36,5.0
37022,31,5.0
37022,2166,5.0
37022,20,5.0
37022,287,5.0
37022,1893,5.0
37022,2155,5.0
37022,1977,5.0
37022,15,3.0
119322,2456,5.0
119322,2546,5.0
119322,2115,5.0
119322,1555,5.0
119322,2948,4.0
119322,1919,5.0
276833,2456,5.0
276833,2140,5.0
276833,1273,5.0
276833,1948,5.0
276833,2773,5.0
392230,2456,5.0
392230,2529,5.0
392230,2565,5.0
392230,424,5.0
392230,801,5.0
392230,2500,5.0
392230,149,5.0
392230,2222,5.0
392230,2035,5.0
453440,2456,5.0
453440,174,4.0
453440,59,5.0
453440,813,5.0
453440,868,5.0
453440,1284,5.0
453440,2682,5.0
453440,117,5.0
1322004,2456,5.0
1322004,1402,5.0
1322004,2941,5.0
1322004,2470,5.0
135377,2456,4.0
135377,16,4.0
135377,79,3.0
135377,1885,4.0
135377,27,5.0
135377,661,5.0
57437,2456,5.0
57437,1961,5.0
57437,354,5.0
57437,678,5.0
57437,11,5.0
57437,2570,5.0
57437,117,5.0
335520,3344,4.0
335520,1123,5.0
335520,2438,4.0
335520,516,4.0
335520,1885,5.0
335520,1872,3.0
335520,2925,4.0
1661468,3344,3.0
1661468,1256,5.0
1661468,3342,4.0
1661468,19,4.0
1293707,2047,0.0
1293707,1899,4.0
1293707,2081,5.0
1293707,2115,5.0
1293707,1541,5.0
1293707,1533,5.0
1293707,1919,5.0
1293707,2444,5.0
23119,764,5.0
23119,902,5.0
23119,3071,5.0
23119,20,5.0
23119,350,5.0
23119,2012,5.0
23119,658,5.0
23119,2630,4.0
23119,2964,5.0
23119,3208,5.0
23119,2392,5.0
23119,2404,0.0
23119,962,5.0
23119,2496,5.0
23119,549,5.0
1085428,764,5.0
1085428,2258,5.0
1085428,2587,5.0
1085428,372,5.0
1085428,269,5.0
1085428,771,5.0
1085428,403,4.0
1085428,379,5.0
1821813,764,5.0
1821813,6,5.0
1821813,2628,0.0
1821813,15,5.0
163441,681,5.0
163441,2270,5.0
163441,2681,5.0
163441,988,5.0
163441,2173,5.0
559283,681,4.0
559283,50,5.0
559283,1888,5.0
559283,508,5.0
559283,19,4.0
559283,53,5.0
559283,229,3.0
559283,22,5.0
559283,962,4.0
172410,681,3.0
172410,512,4.0
172410,1217,4.0
172410,658,0.0
172410,970,3.0
172410,1286,4.0
172410,1176,3.0
172410,2475,4.0
172410,1900,4.0
56919,1311,5.0
56919,2486,5.0
56919,3351,5.0
56919,659,3.0
56919,3165,5.0
56919,728,5.0
56919,3225,4.0
56919,1785,4.0
56919,2521,5.0
56919,2471,5.0
56919,38,5.0
56919,2501,5.0
56919,2152,5.0
56919,779,4.0
56919,2468,5.0
56919,2816,5.0
66987,1311,5.0
66987,1938,5.0
66987,512,4.0
66987,80,2.0
66987,2124,5.0
66987,20,3.0
66987,1887,0.0
95044,1311,5.0
95044,1936,4.0
95044,1902,3.0
95044,3,4.0
95044,78,5.0
95044,2053,5.0
126435,1311,5.0
126435,369,5.0
126435,509,5.0
126435,147,5.0
126435,2438,5.0
126435,670,5.0
126435,678,5.0
126435,1888,5.0
126435,970,5.0
126435,1956,5.0
126435,2530,5.0
126435,219,5.0
126435,676,5.0
126435,100,5.0
54243,170,0.0
54243,157,3.0
54243,3185,5.0
54243,104,4.0
54243,2067,5.0
54243,123,5.0
242503,170,5.0
242503,982,4.0
242503,1,4.0
242503,217,5.0
242503,10,3.0
69927,170,5.0
69927,7,2.0
69927,2285,4.0
69927,32,5.0
69927,659,5.0
69927,658,4.0
69927,2423,4.0
340130,170,5.0
340130,1547,5.0
340130,1969,5.0
340130,1804,5.0
340130,1540,5.0
340130,105,5.0
340130,661,5.0
340130,2796,5.0
340130,2826,5.0
340130,117,5.0
198356,170,5.0
198356,16,5.0
198356,390,5.0
198356,294,5.0
198356,673,5.0
198356,2440,5.0
237951,170,5.0
237951,1522,4.0
237951,874,5.0
237951,2162,5.0
237951,3062,5.0
237951,18,5.0
237951,1008,5.0
755869,170,4.0
755869,1543,5.0
755869,166,4.0
755869,2557,5.0
755869,4,5.0
197374,826,4.0
197374,2279,0.0
197374,1909,4.0
197374,3160,5.0
197374,578,5.0
197374,1889,5.0
197374,2297,5.0
510313,810,5.0
510313,8,5.0
510313,1649,5.0
510313,1471,5.0
510313,1530,5.0
510313,2963,5.0
510313,2863,5.0
510313,2864,5.0
510313,2992,5.0
510313,2300,5.0
510313,15,5.0
510313,1892,5.0
494867,810,5.0
494867,2225,5.0
494867,8,5.0
494867,2435,5.0
494867,1007,5.0
494867,13,5.0
494867,2160,5.0
494867,1124,5.0
494867,2461,5.0
494867,2066,5.0
494867,1958,5.0
213547,3246,5.0
213547,286,5.0
213547,1969,5.0
213547,2717,5.0
213547,3,4.0
213547,2482,5.0
945269,254,5.0
945269,116,5.0
945269,2515,5.0
945269,2088,5.0
945269,1887,5.0
1803005318,254,5.0
1803005318,50,5.0
1803005318,16,5.0
1803005318,1384,5.0
1803005318,11,2.0
1803005318,39,5.0
1803005318,2401,5.0
34206,3092,5.0
34206,2013,4.0
34206,2438,5.0
34206,301,5.0
34206,2105,5.0
34206,1,5.0
12118,2546,5.0
12118,200,5.0
12118,391,5.0
12118,156,4.0
12118,210,5.0
12118,348,5.0
12118,14,4.0
12118,2242,5.0
201581,902,5.0
201581,295,5.0
201581,1167,5.0
201581,138,5.0
201581,2391,5.0
201581,809,5.0
201581,323,5.0
201581,1206,5.0
201581,375,5.0
201581,908,5.0
201581,164,5.0
201581,68,5.0
201581,2296,5.0
201581,1307,5.0
201581,248,5.0
201581,2268,5.0
201581,800,5.0
201581,603,5.0
201581,2299,5.0
201581,963,5.0
201581,879,5.0
201581,932,5.0
178738,2546,5.0
178738,59,3.0
178738,2034,4.0
178738,2153,5.0
170440,1710,5.0
170440,3276,5.0
170440,1899,3.0
170440,762,5.0
170440,3061,5.0
170440,2040,5.0
170440,1932,5.0
170440,1082,5.0
170440,3178,5.0
385678,1681,5.0
385678,8,4.0
385678,1665,5.0
385678,2420,5.0
385678,756,5.0
385678,2455,5.0
385678,1543,5.0
385678,3215,5.0
385678,2614,5.0
385678,2020,5.0
385678,2127,5.0
385678,1729,5.0
385678,1552,5.0
385678,1405,5.0
385678,1660,5.0
385678,1683,5.0
385678,2444,5.0
385678,104,5.0
385678,2071,5.0
385678,2425,5.0
347124,2045,5.0
347124,6,5.0
347124,1467,5.0
347124,1256,5.0
347124,127,5.0
347124,1832,4.0
347124,2583,5.0
347124,3156,4.0
1211385,2045,5.0
1211385,2434,5.0
1211385,241,5.0
1211385,1887,4.0
328542,2045,4.0
328542,1874,5.0
328542,2429,2.0
328542,1976,5.0
328542,1993,3.0
29244,1789,5.0
29244,1,4.0
29244,1889,5.0
29244,2067,5.0
570804,1789,4.0
570804,2447,5.0
570804,1375,5.0
570804,1901,5.0
570804,991,5.0
570804,107,5.0
570804,995,5.0
570804,474,5.0
570804,3035,5.0
570804,966,5.0
570804,3043,5.0
570804,656,5.0
570804,1832,5.0
570804,284,4.0
795588,3167,5.0
795588,2426,3.0
795588,211,5.0
795588,1268,4.0
795588,1445,5.0
207907,3167,5.0
207907,2745,5.0
207907,508,0.0
207907,1717,5.0
207907,1309,5.0
591307,3167,5.0
591307,92,5.0
591307,1901,5.0
591307,116,5.0
591307,1888,5.0
591307,51,5.0
591307,1,5.0
312208,3167,5.0
312208,1261,5.0
312208,20,5.0
312208,3062,5.0
312208,10,5.0
668205,1791,5.0
668205,1742,5.0
668205,1801,5.0
668205,1625,5.0
668205,1579,5.0
136726,627,5.0
136726,1157,5.0
136726,2829,5.0
136726,6,5.0
136726,3063,5.0
136726,94,5.0
136726,2237,5.0
136726,458,5.0
136726,2326,5.0
136726,1267,5.0
136726,2300,5.0
136726,1896,5.0
136726,2428,5.0
56087,122,5.0
56087,28,4.0
56087,2,3.0
56087,334,5.0
56087,1885,5.0
56087,189,4.0
56087,685,5.0
56087,39,5.0
56087,1962,4.0
56087,2158,5.0
56087,10,4.0
56087,2722,5.0
257563,122,4.0
257563,7,4.0
257563,38,4.0
257563,128,5.0
257563,2436,5.0
217657,122,5.0
217657,1966,5.0
217657,33,5.0
217657,41,5.0
217657,1,5.0
217657,3062,5.0
217657,666,5.0
217657,657,4.0
217657,23,4.0
217657,510,5.0
217657,1887,5.0
261510,122,5.0
261510,8,5.0
261510,2759,5.0
261510,1256,5.0
261510,508,5.0
261510,1947,5.0
261510,1885,5.0
261510,966,5.0
261510,3,5.0
261510,10,5.0
261510,1892,5.0
261510,425,5.0
77458,122,5.0
77458,174,5.0
77458,86,5.0
77458,394,5.0
7422,122,5.0
7422,2447,5.0
7422,5,5.0
7422,12,5.0
257941,122,5.0
257941,2416,5.0
257941,1906,4.0
257941,2,5.0
257941,111,5.0
257941,2372,2.0
257941,2673,5.0
257941,3267,5.0
257941,45,5.0
257941,2041,4.0
465056,1055,5.0
465056,355,4.0
465056,1847,4.0
465056,234,5.0
465056,667,5.0
465056,3043,3.0
465056,861,5.0
465056,1823,5.0
465056,104,5.0
465056,2036,5.0
1609858,1055,4.0
1609858,200,4.0
1609858,20,4.0
1609858,2845,5.0
1609858,952,3.0
1609858,2028,4.0
1609858,2144,4.0
1609858,1533,4.0
1609858,2287,3.0
1609858,3051,3.0
1609858,1535,3.0
355702,2799,5.0
355702,2540,5.0
355702,1093,5.0
355702,1813,5.0
355702,346,5.0
355702,1014,5.0
490931,2799,2.0
490931,1901,5.0
490931,38,5.0
490931,2121,2.0
490931,56,2.0
490931,212,5.0
490931,656,5.0
490931,962,0.0
857489,2189,5.0
857489,2013,5.0
857489,2631,5.0
857489,2083,5.0
857489,2600,5.0
857489,2365,5.0
857489,2491,5.0
857489,415,5.0
857489,1915,5.0
857489,2733,5.0
857489,255,5.0
55882,435,0.0
55882,1936,5.0
55882,2265,5.0
55882,20,5.0
55882,1893,5.0
55882,2022,5.0
55882,2470,5.0
55882,2078,5.0
55882,992,4.0
55882,326,5.0
175574,435,4.0
175574,2953,5.0
175574,2046,4.0
175574,2,5.0
175574,656,4.0
55655,1005,5.0
55655,736,5.0
55655,2420,5.0
55655,2822,5.0
55655,3151,5.0
55655,2961,4.0
55655,2949,5.0
55655,273,5.0
55655,3248,5.0
55655,968,5.0
55655,3152,5.0
55655,1933,5.0
55655,2939,5.0
55655,1588,5.0
55655,662,5.0
9580,369,5.0
9580,1261,5.0
9580,181,5.0
9580,2822,5.0
9580,1932,5.0
9580,87,5.0
9580,1947,5.0
9580,118,5.0
9580,47,5.0
9580,45,5.0
9580,2204,5.0
9580,1887,5.0
9580,109,5.0
124190,369,5.0
124190,2,5.0
124190,2108,4.0
124190,2418,4.0
124190,2503,5.0
124190,1987,5.0
124190,361,5.0
124190,2432,5.0
124190,1959,4.0
124190,2809,5.0
124190,2746,4.0
124190,397,5.0
124190,3,4.0
124190,2451,5.0
124190,1945,5.0
124190,2423,4.0
28345,1938,4.0
28345,92,5.0
28345,31,5.0
28345,1898,5.0
28345,5,4.0
28345,177,4.0
28345,1939,5.0
28345,1932,5.0
28345,21,4.0
28345,110,5.0
98861,1938,5.0
98861,2028,5.0
98861,2470,5.0
98861,153,5.0
40211,1938,4.0
40211,1271,5.0
40211,193,5.0
40211,2443,5.0
357257,1938,5.0
357257,272,4.0
357257,725,4.0
357257,3170,5.0
357257,2429,5.0
357257,715,3.0
357257,656,5.0
882556,1938,5.0
882556,2433,5.0
882556,10,5.0
882556,1907,5.0
882556,2425,5.0
59077,1938,5.0
59077,2429,5.0
59077,3152,5.0
59077,96,4.0
12657,1605,5.0
12657,2836,5.0
12657,2124,5.0
12657,2517,5.0
12657,1797,2.0
12657,2434,5.0
12657,1864,4.0
12657,1554,5.0
12657,1546,5.0
12657,1550,5.0
12657,2575,5.0
12657,2597,5.0
12657,3045,4.0
12657,210,5.0
12657,34,5.0
12657,44,5.0
713045,1605,5.0
713045,1561,5.0
713045,659,5.0
713045,2099,0.0
148715,1502,5.0
148715,7,5.0
148715,1936,2.0
148715,690,4.0
148715,2285,4.0
148715,272,5.0
148715,2,5.0
148715,550,5.0
148715,41,5.0
148715,2415,5.0
148715,1293,4.0
148715,45,5.0
148715,2637,3.0
148715,42,5.0
148715,2370,5.0
148715,1535,5.0
588529,2695,5.0
588529,874,5.0
588529,28,5.0
588529,118,5.0
588529,409,5.0
1676,2405,5.0
1676,1793,5.0
1676,1086,5.0
1676,256,5.0
1676,680,5.0
1676,3152,5.0
1676,1374,5.0
1676,672,5.0
215969,1819,5.0
215969,3250,5.0
215969,1477,5.0
215969,1553,5.0
482933,3349,5.0
482933,418,5.0
482933,3352,5.0
482933,1787,4.0
482933,454,5.0
482933,1607,4.0
482933,762,5.0
482933,2234,5.0
482933,2499,5.0
482933,1463,4.0
482933,400,5.0
482933,726,5.0
482933,529,5.0
482933,3065,5.0
482933,1739,4.0
482933,640,5.0
482933,1992,5.0
482933,1604,5.0
482933,3291,4.0
482933,631,4.0
482933,1379,5.0
482933,248,5.0
482933,1494,5.0
482933,2702,5.0
482933,2429,5.0
482933,3100,5.0
482933,602,5.0
482933,2977,5.0
482933,586,5.0
482933,2551,5.0
482933,3309,5.0
482933,3096,5.0
482933,861,5.0
482933,321,5.0
482933,160,5.0
482933,675,5.0
482933,1227,5.0
482933,579,5.0
84660,161,5.0
84660,2941,5.0
84660,2031,5.0
84660,2533,5.0
378624,161,2.0
378624,2415,5.0
378624,126,5.0
378624,1,5.0
378624,1887,5.0
292308,161,4.0
292308,2433,4.0
292308,32,5.0
292308,2426,4.0
292308,63,0.0
292308,2500,5.0
292308,1540,3.0
292308,3,4.0
292308,65,0.0
607558,161,5.0
607558,16,4.0
607558,67,5.0
607558,99,5.0
607558,2700,5.0
607558,2,4.0
607558,13,4.0
607558,1907,5.0
72748,161,5.0
72748,2433,0.0
72748,2005,5.0
72748,200,4.0
72748,13,5.0
72748,2483,4.0
72748,63,5.0
72748,317,5.0
72748,380,5.0
72748,1903,4.0
72748,2429,5.0
72748,178,4.0
72748,65,5.0
72748,10,5.0
664225,2225,5.0
664225,7,5.0
664225,1898,4.0
664225,63,5.0
664225,980,5.0
1460013,2225,5.0
1460013,1225,4.0
1460013,46,4.0
1460013,661,5.0
2178,1261,5.0
2178,1662,5.0
2178,3222,5.0
2178,194,4.0
2178,3170,4.0
175492,1261,5.0
175492,1179,4.0
175492,97,5.0
175492,3017,5.0
175492,2598,5.0
175492,111,0.0
175492,1386,5.0
175492,234,5.0
175492,2469,5.0
175492,2724,5.0
175492,2984,5.0
115957,1261,4.0
115957,534,4.0
115957,176,5.0
115957,73,5.0
457690,1261,5.0
457690,2285,5.0
457690,3007,5.0
457690,2415,5.0
457690,2512,5.0
457690,141,5.0
457690,1295,3.0
457690,3323,5.0
457690,4,4.0
137838,1261,5.0
137838,2853,5.0
137838,46,5.0
137838,63,5.0
137838,1555,5.0
137838,2973,5.0
137838,2721,5.0
137838,2082,5.0
137838,2939,5.0
137838,519,5.0
137838,2669,5.0
463858,1261,5.0
463858,1899,5.0
463858,225,5.0
463858,99,5.0
463858,2628,5.0
463858,1916,5.0
463858,43,5.0
463858,2131,5.0
463858,1540,5.0
463858,1428,5.0
463858,2944,5.0
463858,989,5.0
463858,356,5.0
262272,1261,5.0
262272,2285,5.0
262272,2954,4.0
262272,52,5.0
262272,2483,5.0
262272,658,4.0
262272,69,5.0
262272,212,5.0
262272,2417,5.0
262272,10,5.0
618715,1261,5.0
618715,1356,5.0
618715,1898,4.0
618715,1974,4.0
618715,2426,4.0
618715,2795,5.0
618715,528,5.0
618715,3112,5.0
618715,1990,5.0
618715,894,4.0
618715,2469,5.0
618715,3100,5.0
618715,406,4.0
618715,604,4.0
618715,401,4.0
618715,42,5.0
618715,408,5.0
618715,173,5.0
724593,1261,5.0
724593,2416,5.0
724593,2,3.0
724593,2266,5.0
724593,40,4.0
724593,508,5.0
724593,110,5.0
724593,39,5.0
724593,10,5.0
724593,1313,5.0
237783,1261,5.0
237783,3333,5.0
237783,1273,5.0
237783,2483,4.0
151325,1001,5.0
151325,2818,5.0
151325,2085,5.0
151325,1376,5.0
151325,2969,4.0
151325,1050,5.0
151325,2616,5.0
151325,3173,5.0
151325,2666,5.0
151325,2837,4.0
151325,2910,4.0
151325,1082,5.0
151325,2879,5.0
151325,1732,5.0
151325,1470,5.0
151325,1558,5.0
359724,1001,5.0
359724,7,5.0
359724,2285,5.0
359724,1273,5.0
359724,3146,5.0
359724,2706,5.0
359724,1913,5.0
359724,2815,5.0
359724,100,5.0
359724,4,5.0
359724,510,5.0
52800,2447,5.0
52800,2013,5.0
52800,2535,5.0
52800,2104,5.0
52800,2042,5.0
29450,2447,5.0
29450,360,5.0
29450,2476,5.0
29450,2424,5.0
29450,1885,5.0
240001,2447,4.0
240001,31,5.0
240001,2285,4.0
240001,3176,4.0
240001,192,5.0
240001,656,4.0
240001,65,5.0
95522,2447,4.0
95522,240,5.0
95522,2524,5.0
95522,2040,4.0
95522,3146,5.0
95522,2474,5.0
717164,2447,5.0
717164,1888,5.0
717164,110,4.0
717164,1907,5.0
79617,2447,5.0
79617,8,5.0
79617,1532,5.0
79617,2446,5.0
415907,2447,1.0
415907,26,5.0
415907,2386,5.0
415907,1980,5.0
738763,2447,5.0
738763,2524,5.0
738763,12,5.0
738763,183,5.0
738763,664,5.0
738763,116,5.0
738763,367,5.0
738763,2430,5.0
29956,3226,5.0
29956,3272,5.0
29956,1737,5.0
29956,3342,5.0
29956,1611,4.0
29956,992,5.0
29956,3148,5.0
29956,3202,5.0
29956,3348,5.0
27922,7,5.0
27922,2437,5.0
27922,200,5.0
27922,670,5.0
27922,252,5.0
27385,7,5.0
27385,1279,5.0
27385,1991,5.0
27385,2078,5.0
27385,1406,5.0
27385,109,5.0
20214,7,4.0
20214,2285,4.0
20214,20,4.0
20214,1295,3.0
35588,7,5.0
35588,2120,4.0
35588,1388,4.0
35588,2196,5.0
38937,7,5.0
38937,2,5.0
38937,1991,4.0
38937,1885,5.0
38937,11,5.0
38937,53,5.0
38937,656,5.0
38937,2417,5.0
38937,2815,3.0
35193,7,5.0
35193,140,5.0
35193,1906,5.0
35193,2387,5.0
35193,3086,5.0
35193,2018,5.0
35193,875,5.0
35193,321,5.0
35193,2495,5.0
15820,7,5.0
15820,147,5.0
15820,98,4.0
15820,1888,5.0
27395,7,5.0
27395,347,5.0
27395,367,5.0
27395,478,5.0
27395,105,5.0
27395,798,5.0
27395,672,5.0
27395,162,5.0
27395,34,5.0
27395,1153,5.0
27395,1295,5.0
27395,44,5.0
34986,7,5.0
34986,1897,5.0
34986,158,5.0
34986,394,5.0
62672,7,5.0
62672,2654,5.0
62672,677,4.0
62672,1885,5.0
62672,672,5.0
62672,662,5.0
94243,7,5.0
94243,140,5.0
94243,393,5.0
94243,2535,5.0
94243,12,4.0
94243,2626,5.0
94243,657,5.0
158087,7,5.0
158087,658,5.0
158087,93,3.0
158087,2667,5.0
158087,1260,5.0
91867,7,4.0
91867,139,4.0
91867,28,4.0
91867,1973,4.0
91867,87,5.0
91867,1888,5.0
91867,1948,4.0
91867,1885,4.0
91867,2063,5.0
91867,358,5.0
104827,7,5.0
104827,31,5.0
104827,961,5.0
104827,47,5.0
145125,7,2.0
145125,1932,5.0
145125,2210,0.0
145125,2022,5.0
145125,1930,5.0
145125,1896,5.0
145125,78,5.0
136645,7,5.0
136645,2,5.0
136645,508,5.0
136645,1,5.0
50579,7,5.0
50579,1936,5.0
50579,1898,5.0
50579,320,5.0
50579,47,5.0
50579,2450,5.0
50579,2019,5.0
50579,15,5.0
50579,14,5.0
110905,7,3.0
110905,2285,0.0
110905,3186,5.0
110905,2366,5.0
110905,2135,0.0
110905,998,4.0
110905,3158,4.0
161282,7,5.0
161282,31,5.0
161282,350,5.0
161282,658,4.0
161282,1909,5.0
161282,530,5.0
161282,1151,5.0
161282,2417,3.0
161282,42,5.0
161282,1260,5.0
161282,1887,5.0
238662,7,5.0
238662,128,0.0
238662,657,4.0
238662,117,4.0
123321,7,5.0
123321,1903,5.0
123321,2152,5.0
123321,1,5.0
123321,18,5.0
123321,60,5.0
466291,7,5.0
466291,2191,5.0
466291,3177,3.0
466291,645,5.0
505723,7,5.0
505723,40,5.0
505723,658,4.0
505723,1885,5.0
505723,2417,5.0
94769,7,5.0
94769,1,3.0
94769,18,5.0
94769,2443,5.0
94769,656,4.0
220166,7,5.0
220166,1901,5.0
220166,79,5.0
220166,19,5.0
220166,61,5.0
220166,121,5.0
220166,656,5.0
220166,150,5.0
220166,2436,5.0
52262,7,5.0
52262,3321,5.0
52262,1179,4.0
52262,5,5.0
52262,3061,5.0
52262,1303,4.0
52262,967,5.0
52262,898,5.0
52262,508,5.0
52262,11,5.0
52262,53,5.0
52262,1,5.0
52262,61,5.0
52262,42,5.0
52262,1896,5.0
52262,2815,5.0
529278,7,4.0
529278,31,3.0
529278,1561,4.0
529278,2433,4.0
529278,28,5.0
529278,2,4.0
529278,52,5.0
529278,664,4.0
529278,63,5.0
529278,2415,4.0
529278,1902,5.0
529278,1903,4.0
529278,1394,4.0
529278,2063,5.0
529278,1920,4.0
529278,1880,5.0
361238,7,5.0
361238,1929,4.0
361238,2418,4.0
361238,2442,5.0
361238,1885,5.0
361238,685,5.0
141012,7,5.0
141012,2285,4.0
141012,1743,5.0
141012,2,5.0
141012,1674,5.0
141012,2253,4.0
141012,1594,5.0
141012,2871,4.0
21399,7,5.0
21399,215,5.0
21399,2595,5.0
21399,16,5.0
21399,659,5.0
21399,1128,5.0
21399,70,4.0
21399,111,5.0
21399,1897,5.0
292175,7,5.0
292175,2197,5.0
292175,689,0.0
292175,3165,5.0
292175,2379,4.0
292175,3170,4.0
292175,1540,4.0
292175,1552,5.0
292175,1533,4.0
292175,1953,5.0
292175,128,3.0
292175,2292,5.0
292175,2297,5.0
151418,7,5.0
151418,1885,5.0
151418,219,4.0
151418,217,5.0
151418,35,5.0
151418,109,5.0
362919,7,5.0
362919,664,5.0
362919,2415,5.0
362919,2432,5.0
362919,332,5.0
362919,105,0.0
362919,1896,5.0
362919,108,0.0
362919,4,5.0
569951,7,5.0
569951,12,5.0
569951,2537,5.0
569951,3,5.0
569951,144,0.0
569951,656,5.0
569951,2423,5.0
497152,7,5.0
497152,2,5.0
497152,79,5.0
497152,1885,4.0
497152,194,5.0
497152,18,4.0
497152,14,5.0
578353,7,5.0
578353,6,5.0
578353,5,4.0
578353,29,3.0
578353,61,5.0
1052827,7,2.0
1052827,2433,0.0
1052827,1889,4.0
1052827,18,5.0
1052827,56,5.0
1052827,4,5.0
156891,7,2.0
156891,66,5.0
156891,685,5.0
156891,1930,5.0
350471,7,5.0
350471,291,5.0
350471,2490,5.0
350471,2440,5.0
350471,14,5.0
747477,7,4.0
747477,2416,5.0
747477,31,5.0
747477,2418,5.0
747477,4,5.0
675265,7,5.0
675265,1898,5.0
675265,6,5.0
675265,41,5.0
675265,10,5.0
340776,7,5.0
340776,2274,5.0
340776,3147,3.0
340776,32,5.0
340776,1,5.0
340776,968,5.0
1173570,7,5.0
1173570,2026,5.0
1173570,1910,4.0
1173570,15,0.0
442070,7,5.0
442070,2416,4.0
442070,16,5.0
442070,2,5.0
442070,2535,3.0
442070,368,5.0
442070,1268,5.0
442070,1900,3.0
149748,7,4.0
149748,72,5.0
149748,299,4.0
149748,2570,4.0
135805,7,5.0
135805,5,5.0
135805,2301,5.0
135805,11,5.0
135805,2187,5.0
18424,7,5.0
18424,136,5.0
18424,20,5.0
18424,100,5.0
18424,322,5.0
18424,1887,5.0
817017,7,5.0
817017,982,3.0
817017,73,5.0
817017,656,4.0
63098,7,5.0
63098,5,0.0
63098,132,2.0
63098,1,2.0
63098,18,4.0
63098,657,5.0
63098,289,4.0
63098,980,5.0
63098,62,5.0
63098,1944,0.0
63098,14,2.0
195589,7,5.0
195589,2437,0.0
195589,6,5.0
195589,139,5.0
195589,1207,5.0
195589,2876,5.0
195589,20,5.0
195589,12,5.0
195589,986,5.0
195589,1968,5.0
195589,86,5.0
195589,2194,5.0
195589,968,5.0
195589,1915,5.0
195589,2441,5.0
195589,1171,5.0
195589,45,5.0
195589,675,5.0
195589,22,5.0
195589,1110,5.0
195589,2041,5.0
930510,7,5.0
930510,670,5.0
930510,22,5.0
930510,322,5.0
199792,7,5.0
199792,92,5.0
199792,106,5.0
199792,1373,5.0
199792,16,5.0
199792,776,3.0
199792,2636,4.0
199792,12,5.0
199792,1940,5.0
199792,664,5.0
199792,1282,4.0
199792,1280,5.0
199792,1365,5.0
199792,678,5.0
199792,3035,3.0
199792,2028,5.0
199792,259,4.0
199792,126,5.0
199792,2035,5.0
199792,667,5.0
199792,531,4.0
199792,2287,4.0
199792,2664,5.0
199792,10,5.0
199792,22,5.0
199792,108,4.0
199792,44,4.0
199792,4,4.0
199792,719,4.0
199792,2731,4.0
199792,14,4.0
689367,7,5.0
689367,1788,5.0
689367,749,5.0
689367,360,5.0
689367,194,5.0
689367,3146,5.0
591302,7,5.0
591302,1271,5.0
591302,2160,5.0
591302,116,5.0
591302,1885,5.0
1734327,7,4.0
1734327,2418,4.0
1734327,962,5.0
1734327,1892,3.0
583967,7,5.0
583967,1262,5.0
583967,1,5.0
583967,2417,5.0
838118,7,5.0
838118,2426,5.0
838118,2415,5.0
838118,3,5.0
275889,509,5.0
275889,2465,5.0
275889,2438,5.0
275889,18,5.0
83907,509,5.0
83907,2420,5.0
83907,126,5.0
83907,29,5.0
55623,509,5.0
55623,16,5.0
55623,5,5.0
55623,2490,5.0
55623,2423,5.0
301487,509,5.0
301487,2438,5.0
301487,41,5.0
301487,1888,5.0
301487,2649,5.0
301487,49,5.0
301487,3158,5.0
301487,2001,5.0
301487,3194,5.0
408707,509,4.0
408707,1256,5.0
408707,2417,5.0
408707,1887,5.0
846154,509,5.0
846154,20,4.0
846154,2432,5.0
846154,19,3.0
846154,1903,5.0
846154,2448,4.0
846154,2664,5.0
846154,2417,5.0
846154,1892,4.0
632249,509,2.0
632249,291,4.0
632249,26,4.0
632249,50,4.0
632249,1969,0.0
632249,1186,4.0
632249,196,5.0
632249,2055,4.0
632249,197,5.0
632249,40,4.0
632249,12,3.0
632249,314,4.0
632249,164,5.0
632249,2133,4.0
632249,1280,4.0
632249,21,4.0
632249,2825,4.0
632249,171,4.0
632249,2366,4.0
632249,248,5.0
632249,2261,5.0
632249,102,5.0
632249,18,5.0
632249,2585,5.0
632249,403,4.0
632249,2534,4.0
632249,515,4.0
632249,1832,4.0
632249,1896,5.0
632249,4,5.0
632249,2080,5.0
427952,509,3.0
427952,16,5.0
427952,20,5.0
427952,12,5.0
427952,2552,4.0
427952,10,4.0
203467,1344,5.0
203467,2465,5.0
203467,1857,4.0
203467,1449,5.0
203467,2442,5.0
203467,1393,5.0
203467,2277,5.0
203467,964,5.0
203467,22,5.0
460854,1788,5.0
460854,13,5.0
460854,157,5.0
460854,1532,5.0
460854,1262,5.0
460854,3158,4.0
159093,3066,5.0
159093,2285,4.0
159093,91,5.0
159093,13,5.0
159093,124,5.0
159093,2716,5.0
159093,2646,5.0
159093,556,4.0
159093,2797,5.0
171854,3066,5.0
171854,1997,5.0
171854,1659,5.0
171854,287,5.0
171854,1916,5.0
171854,2155,5.0
171854,2207,4.0
171854,117,5.0
171854,1887,5.0
60650,3066,5.0
60650,2181,5.0
60650,328,4.0
60650,2193,5.0
60650,300,5.0
60650,144,5.0
60650,394,5.0
591608,3066,4.0
591608,2274,4.0
591608,1319,5.0
591608,2493,5.0
591608,1262,5.0
89420,1292,5.0
89420,360,5.0
89420,200,5.0
89420,2415,5.0
89420,2022,5.0
89420,2470,5.0
184986,1292,5.0
184986,138,3.0
184986,1912,4.0
184986,195,5.0
184986,153,3.0
146187,1292,4.0
146187,2525,4.0
146187,2473,5.0
146187,2584,5.0
146187,1887,5.0
685017,1292,3.0
685017,2138,5.0
685017,3147,1.0
685017,1,5.0
685017,1919,5.0
685017,112,4.0
765518,1292,5.0
765518,1256,5.0
765518,121,5.0
765518,676,5.0
521933,1689,5.0
521933,995,5.0
521933,2413,4.0
521933,649,5.0
1802535091,1689,5.0
1802535091,2434,5.0
1802535091,12,5.0
1802535091,508,0.0
1802535091,1926,5.0
1058097,1039,5.0
1058097,3332,5.0
1058097,1828,5.0
1058097,1133,5.0
1058097,1607,5.0
1058097,3046,4.0
1058097,116,5.0
1058097,1499,5.0
1058097,572,5.0
1058097,865,5.0
1058097,1165,5.0
1058097,514,5.0
1058097,3050,5.0
1058097,2559,5.0
1058097,562,5.0
1058097,104,5.0
1058097,379,5.0
1058097,2192,4.0
122276,2258,4.0
122276,1985,5.0
122276,2420,5.0
122276,2367,5.0
122276,2687,4.0
339260,2205,5.0
339260,2072,5.0
339260,1969,5.0
339260,1158,5.0
339260,2478,5.0
339260,12,5.0
339260,724,5.0
339260,967,5.0
339260,1835,4.0
339260,3119,5.0
339260,2872,5.0
339260,102,5.0
339260,1377,5.0
339260,2035,5.0
339260,1908,4.0
339260,1922,5.0
339260,39,5.0
339260,158,5.0
339260,1962,5.0
339260,2300,5.0
339260,408,5.0
339260,2815,5.0
339260,829,5.0
339260,1951,5.0
339260,971,4.0
542159,2205,5.0
542159,2996,5.0
542159,456,5.0
542159,2142,5.0
542159,1432,5.0
542159,3275,4.0
542159,1526,5.0
542159,3291,5.0
542159,771,5.0
542159,2702,5.0
542159,1197,5.0
542159,895,3.0
542159,1367,4.0
542159,2444,5.0
542159,14,4.0
1109280,2205,5.0
1109280,166,4.0
1109280,2489,5.0
1109280,1908,5.0
804550,2205,5.0
804550,266,5.0
804550,196,4.0
804550,975,5.0
804550,970,5.0
804550,2256,5.0
804550,792,5.0
804550,101,5.0
804550,1945,3.0
804550,1982,5.0
417605,3276,5.0
417605,1616,5.0
417605,1752,5.0
417605,1723,5.0
220195,2989,4.0
220195,398,0.0
220195,3143,5.0
220195,2060,4.0
220195,11,4.0
220195,997,4.0
220195,1020,0.0
220195,247,4.0
26535,2511,5.0
26535,1901,5.0
26535,111,5.0
26535,1905,5.0
26535,18,0.0
798181,2511,5.0
798181,2389,5.0
798181,2252,3.0
798181,96,5.0
59753,444,4.0
59753,1885,5.0
59753,2423,4.0
59753,1900,5.0
323389,2554,4.0
323389,174,5.0
323389,1985,5.0
323389,91,5.0
323389,32,3.0
323389,58,5.0
323389,2553,4.0
323389,197,4.0
323389,2422,3.0
323389,1835,2.0
323389,1888,5.0
323389,249,4.0
323389,2760,5.0
323389,2752,5.0
323389,2459,3.0
323389,101,5.0
323389,2404,4.0
445711,2554,5.0
445711,2044,2.0
445711,28,5.0
445711,20,4.0
445711,2418,5.0
445711,2784,5.0
445711,1847,4.0
445711,2548,5.0
445711,1933,5.0
445711,1260,5.0
445711,14,5.0
185387,2554,5.0
185387,2285,5.0
185387,2426,5.0
185387,110,5.0
185387,428,5.0
185387,2589,5.0
185387,162,5.0
185387,2287,5.0
335737,2554,1.0
335737,2418,1.0
335737,293,5.0
335737,558,4.0
335737,523,1.0
335737,285,5.0
2001047423,418,0.0
2001047423,276,5.0
2001047423,508,5.0
2001047423,1562,5.0
2001047423,121,0.0
2001047423,365,5.0
459426,1827,4.0
459426,3147,4.0
459426,1,3.0
459426,661,4.0
459426,3,4.0
459426,668,5.0
459426,656,3.0
459426,3158,4.0
459426,971,4.0
725332,1827,5.0
725332,2308,4.0
725332,3171,5.0
725332,13,5.0
725332,3159,5.0
725332,11,4.0
725332,349,4.0
725332,962,4.0
58515,8,5.0
58515,1544,5.0
58515,11,5.0
58515,2948,0.0
248292,2416,5.0
248292,2415,5.0
248292,324,5.0
248292,2105,5.0
248292,162,5.0
248292,34,4.0
248292,4,5.0
248292,1900,5.0
39311,2213,5.0
39311,13,5.0
39311,76,5.0
39311,657,5.0
290985,2213,5.0
290985,2301,5.0
290985,10,4.0
290985,1160,5.0
115654,8,5.0
115654,2285,3.0
115654,13,5.0
115654,283,5.0
115654,11,3.0
115654,34,5.0
115654,104,4.0
115654,935,5.0
355944,8,4.0
355944,1609,4.0
355944,535,4.0
355944,2461,5.0
355944,4,4.0
355944,168,5.0
95697,8,5.0
95697,689,5.0
95697,2422,5.0
95697,2054,5.0
95697,2180,5.0
8377,8,5.0
8377,273,5.0
8377,2987,5.0
8377,3129,5.0
8377,978,5.0
8377,1667,4.0
8377,1576,5.0
8377,44,5.0
8377,2974,5.0
57788,8,5.0
57788,2437,5.0
57788,2603,5.0
57788,2640,5.0
237123,8,4.0
237123,3133,5.0
237123,2506,5.0
237123,3164,5.0
237123,2818,5.0
237123,2465,5.0
237123,3263,5.0
237123,1841,5.0
237123,924,4.0
237123,2527,5.0
237123,803,5.0
237123,2115,0.0
237123,2817,5.0
237123,1615,5.0
237123,2728,4.0
237123,1540,5.0
237123,2972,5.0
237123,1061,5.0
237123,2357,5.0
237123,2917,5.0
237123,519,5.0
237123,733,5.0
237123,2428,5.0
237123,1537,5.0
237123,1664,5.0
192809,8,5.0
192809,1678,5.0
192809,2525,4.0
192809,1532,5.0
192809,1536,5.0
192809,3039,5.0
192809,463,5.0
197496,8,5.0
197496,2286,5.0
197496,1918,5.0
197496,2941,5.0
353381,8,5.0
353381,291,5.0
353381,2257,5.0
353381,2285,5.0
353381,2818,5.0
353381,67,5.0
353381,2367,5.0
353381,1893,5.0
353381,2183,5.0
353381,706,5.0
353381,2459,5.0
353381,1946,5.0
353381,44,5.0
388044,8,5.0
388044,691,4.0
388044,1937,4.0
388044,2434,5.0
388044,156,4.0
500860,8,5.0
500860,2286,5.0
500860,1337,5.0
500860,4,5.0
500860,1537,4.0
274913,8,4.0
274913,2506,5.0
274913,2768,5.0
274913,3164,5.0
274913,1749,5.0
274913,2949,5.0
274913,1555,5.0
274913,3146,5.0
274913,2468,5.0
274913,3180,4.0
8606,8,5.0
8606,2821,5.0
8606,1279,5.0
8606,1905,5.0
8606,3084,5.0
8606,2449,5.0
8606,2708,5.0
8606,3,5.0
8606,2448,5.0
8606,1278,5.0
8606,2844,5.0
591894,8,5.0
591894,16,5.0
591894,249,4.0
591894,2820,5.0
591894,1417,5.0
591894,2425,5.0
464253,8,5.0
464253,3153,5.0
464253,1297,5.0
464253,1887,5.0
599284,8,5.0
599284,2285,4.0
599284,70,3.0
599284,670,5.0
599284,3120,4.0
599284,2299,5.0
599284,2331,5.0
599284,168,4.0
686329,8,5.0
686329,2420,5.0
686329,1065,4.0
686329,2971,5.0
686329,2244,5.0
686329,1543,5.0
686329,1554,5.0
686329,2948,5.0
686329,1619,1.0
686329,2766,5.0
686329,2940,5.0
686329,1341,5.0
956843,8,5.0
956843,1899,5.0
956843,240,5.0
956843,51,5.0
956843,1162,5.0
609026,8,1.0
609026,1543,5.0
609026,296,5.0
609026,23,4.0
394592,8,5.0
394592,529,5.0
394592,2616,5.0
394592,2684,5.0
394592,2564,5.0
394592,1406,5.0
394592,2944,5.0
394592,2461,5.0
394592,2464,5.0
358284,8,5.0
358284,937,3.0
358284,13,5.0
358284,3162,5.0
358284,1933,0.0
358284,3205,5.0
358284,2066,5.0
358284,2839,5.0
302689,8,5.0
302689,529,5.0
302689,1633,4.0
302689,1442,4.0
302689,1061,4.0
302689,3188,5.0
302689,2357,5.0
302689,648,4.0
155943,8,5.0
155943,1545,5.0
155943,2285,5.0
155943,13,5.0
155943,2937,5.0
155943,3346,5.0
922623,8,5.0
922623,1544,5.0
922623,1578,5.0
922623,2425,5.0
451226,8,4.0
451226,937,4.0
451226,3147,4.0
451226,3153,2.0
451226,2521,4.0
451226,658,3.0
451226,1889,5.0
293349,8,5.0
293349,1967,5.0
293349,70,5.0
293349,978,5.0
173085,8,3.0
173085,31,5.0
173085,2459,3.0
173085,1945,1.0
879769,8,3.0
879769,5,5.0
879769,1908,5.0
879769,49,5.0
879769,81,5.0
780046,8,5.0
780046,1649,3.0
780046,756,5.0
780046,2435,4.0
780046,1532,5.0
780046,3159,5.0
780046,2846,5.0
780046,2462,4.0
228672,8,2.0
228672,2240,5.0
228672,2541,5.0
228672,970,5.0
228672,3240,4.0
961578,8,4.0
961578,338,3.0
961578,1260,5.0
961578,81,5.0
229375,8,4.0
229375,2433,5.0
229375,5,5.0
229375,1557,5.0
229375,2915,4.0
229375,1,5.0
229375,3148,5.0
647558,8,5.0
647558,1673,4.0
647558,2838,5.0
647558,442,5.0
37584,8,4.0
37584,107,5.0
37584,30,5.0
37584,23,4.0
1252036,8,4.0
1252036,252,5.0
1252036,1014,5.0
1252036,113,5.0
325318,8,5.0
325318,1545,5.0
325318,3147,5.0
325318,3163,5.0
325318,5,5.0
325318,2435,5.0
325318,3153,5.0
325318,3211,0.0
325318,500,5.0
325318,1887,5.0
987323,8,3.0
987323,1898,5.0
987323,2085,5.0
987323,172,4.0
987323,2560,4.0
252514,8,4.0
252514,355,5.0
252514,1582,5.0
252514,1305,5.0
252514,1647,5.0
252514,2643,5.0
252514,2435,5.0
252514,2941,5.0
252514,400,5.0
252514,2937,5.0
252514,516,5.0
252514,29,5.0
252514,1552,5.0
252514,1935,5.0
1641717,8,3.0
1641717,2455,5.0
1641717,226,5.0
1641717,2429,5.0
1641717,103,5.0
1641717,2448,5.0
1641717,2593,5.0
430507,8,5.0
430507,107,5.0
430507,2817,5.0
430507,1933,5.0
430507,2741,5.0
430507,519,5.0
2533143,8,2.0
2533143,270,5.0
2533143,156,5.0
2533143,668,5.0
2533143,1832,5.0
186802,1004,5.0
186802,1985,5.0
186802,12,5.0
186802,2806,5.0
186802,2223,5.0
186802,1962,5.0
186802,112,5.0
186802,377,5.0
1553243,1004,4.0
1553243,1182,5.0
1553243,661,4.0
1553243,2370,5.0
107231,2416,5.0
107231,28,5.0
107231,664,5.0
107231,324,4.0
107231,3,5.0
107231,2428,4.0
279989,2416,3.0
279989,2003,5.0
279989,2,5.0
279989,13,4.0
279989,21,5.0
279989,248,5.0
279989,60,5.0
279989,600,5.0
94646,2416,5.0
94646,347,5.0
94646,1,5.0
94646,554,5.0
331918,2416,4.0
331918,2748,4.0
331918,12,2.0
331918,2490,5.0
331918,2415,5.0
331918,1834,4.0
331918,3,4.0
331918,10,4.0
331918,2815,5.0
308049,2416,4.0
308049,28,4.0
308049,2547,5.0
308049,2422,5.0
308049,2415,5.0
308049,2049,5.0
308049,2424,5.0
308049,60,4.0
308049,15,4.0
724305,2416,5.0
724305,1532,4.0
724305,516,5.0
724305,135,5.0
724305,1584,5.0
247473,2416,5.0
247473,1545,5.0
247473,51,5.0
247473,10,5.0
247473,657,5.0
247473,1887,5.0
185142,2416,5.0
185142,58,4.0
185142,107,4.0
185142,2415,5.0
185142,2518,5.0
729598,2416,5.0
729598,21,5.0
729598,1888,5.0
729598,11,5.0
729598,1934,5.0
54067,2416,5.0
54067,106,4.0
54067,91,5.0
54067,99,5.0
54067,20,4.0
54067,259,5.0
54067,47,3.0
54067,2446,5.0
54067,693,4.0
54067,280,5.0
28553,2416,5.0
28553,2255,5.0
28553,2503,5.0
28553,658,1.0
28553,2487,5.0
28553,3,5.0
28553,2585,5.0
420166,2416,5.0
420166,32,5.0
420166,2582,5.0
420166,41,5.0
420166,3,5.0
420166,15,5.0
256021,2416,5.0
256021,1940,5.0
256021,13,5.0
256021,70,5.0
256021,2704,5.0
256021,1888,5.0
256021,2566,4.0
256021,292,5.0
256021,2513,5.0
256021,3,5.0
256021,2443,5.0
256021,2474,4.0
256021,10,5.0
837152,2416,5.0
837152,3147,5.0
837152,961,5.0
837152,3077,5.0
837152,1266,4.0
837152,3305,5.0
837152,54,5.0
837152,2550,5.0
203741,2416,5.0
203741,260,5.0
203741,50,5.0
203741,46,5.0
203741,1,5.0
203741,2450,5.0
203741,15,5.0
225114,2416,4.0
225114,57,5.0
225114,1930,4.0
225114,963,4.0
225114,2474,5.0
225114,657,5.0
225114,2404,4.0
600105,2416,5.0
600105,98,5.0
600105,2420,5.0
600105,2435,5.0
600105,664,4.0
600105,19,5.0
600105,2082,5.0
600105,666,5.0
600105,2417,5.0
600105,123,5.0
425154,2416,3.0
425154,2561,5.0
425154,3148,5.0
425154,656,4.0
425154,2269,5.0
39782,2416,5.0
39782,1969,4.0
39782,1275,5.0
39782,1744,4.0
39782,1968,5.0
39782,1893,5.0
39782,3146,5.0
39782,2812,4.0
39782,2597,5.0
39782,1953,4.0
39782,74,5.0
39782,1151,4.0
39782,1560,4.0
980899,2416,4.0
980899,1940,5.0
980899,19,5.0
980899,1976,4.0
980899,2430,2.0
980899,2526,5.0
1048425,2416,5.0
1048425,2418,4.0
1048425,2609,4.0
1048425,1930,3.0
1048425,2445,5.0
1048425,2417,5.0
1048425,2430,4.0
1048425,1887,5.0
1048425,109,5.0
597054,2416,5.0
597054,196,4.0
597054,118,4.0
597054,963,5.0
631970,2416,5.0
631970,1984,4.0
631970,659,5.0
631970,4,5.0
137854,2416,5.0
137854,3215,5.0
137854,3260,5.0
137854,2295,5.0
165953,2416,5.0
165953,16,5.0
165953,402,5.0
165953,2429,5.0
176671,2416,4.0
176671,16,5.0
176671,32,4.0
176671,961,5.0
176671,1955,5.0
176671,1888,4.0
378488,2416,5.0
378488,2710,5.0
378488,149,4.0
378488,1905,5.0
378488,3,5.0
378488,656,0.0
378488,321,5.0
378488,10,4.0
378488,1892,5.0
985729,2416,5.0
985729,684,5.0
985729,679,5.0
985729,1911,5.0
985729,1622,5.0
140806,2416,5.0
140806,1545,4.0
140806,58,5.0
140806,52,5.0
140806,13,5.0
140806,1835,4.0
140806,1546,4.0
140806,103,5.0
140806,755,4.0
140806,656,4.0
140806,23,5.0
140806,1892,5.0
140806,2425,5.0
123871,2416,5.0
123871,2125,5.0
123871,2005,5.0
123871,136,5.0
123871,5,5.0
123871,2418,5.0
123871,33,5.0
123871,46,5.0
123871,1902,5.0
123871,2424,5.0
123871,1890,5.0
123871,124,5.0
123871,29,5.0
123871,682,5.0
123871,2450,4.0
123871,1914,5.0
123871,15,5.0
123871,2425,5.0
784827,2416,5.0
784827,2439,5.0
784827,984,5.0
784827,83,5.0
784827,2111,5.0
784827,688,4.0
784827,27,5.0
784827,1889,5.0
784827,144,5.0
784827,294,5.0
784827,657,5.0
784827,962,5.0
784827,2319,5.0
369525,2416,4.0
369525,2439,5.0
369525,43,5.0
369525,4,5.0
1340977,2416,4.0
1340977,16,5.0
1340977,32,5.0
1340977,4,5.0
458738,2416,5.0
458738,2411,4.0
458738,33,5.0
458738,157,5.0
458738,685,4.0
458738,661,5.0
485151,2416,5.0
485151,5,5.0
485151,20,4.0
485151,12,5.0
485151,41,4.0
485151,1888,5.0
485151,69,0.0
485151,60,4.0
485151,10,3.0
485151,2430,5.0
485151,2423,5.0
765437,2416,3.0
765437,106,2.0
765437,26,5.0
765437,2539,5.0
765437,5,4.0
765437,2434,5.0
765437,1108,5.0
765437,41,5.0
765437,1184,5.0
765437,74,5.0
765437,2719,5.0
765437,3137,2.0
765437,2080,5.0
244264,2416,5.0
244264,283,5.0
244264,93,5.0
244264,30,5.0
1241836,2416,5.0
1241836,1888,5.0
1241836,39,5.0
1241836,2430,5.0
755277,2416,5.0
755277,2438,5.0
755277,208,5.0
755277,2007,5.0
755277,124,5.0
755277,656,5.0
755277,22,5.0
348402,2416,3.0
348402,3164,4.0
348402,5,4.0
348402,3146,5.0
348402,2078,5.0
348402,65,5.0
1616963,2416,4.0
1616963,1865,5.0
1616963,2443,5.0
1616963,1919,5.0
1616963,656,5.0
1436075,2416,5.0
1436075,1543,5.0
1436075,3161,5.0
1436075,1533,4.0
1436075,1953,5.0
200875,2416,4.0
200875,2517,4.0
200875,84,3.0
200875,46,4.0
200875,670,5.0
200875,334,5.0
200875,1536,5.0
200875,2287,4.0
200875,1162,4.0
200875,1584,5.0
200875,1535,5.0
1349170,2416,5.0
1349170,2421,5.0
1349170,62,5.0
1349170,14,3.0
502418,2416,5.0
502418,405,5.0
502418,661,5.0
502418,2560,4.0
1974680,2416,4.0
1974680,3116,5.0
1974680,670,5.0
1974680,2451,3.0
1405615,2416,5.0
1405615,404,5.0
1405615,2389,5.0
1405615,2367,5.0
1405615,2417,5.0
93095,2077,4.0
93095,3197,5.0
93095,1034,5.0
93095,2481,5.0
93095,35,5.0
40114,2077,5.0
40114,1928,5.0
40114,2217,5.0
40114,1541,3.0
40114,2575,4.0
40114,3045,3.0
53448,339,4.0
53448,28,5.0
53448,2415,5.0
53448,1655,4.0
862099,339,5.0
862099,1561,5.0
862099,1929,5.0
862099,2818,5.0
862099,1961,5.0
862099,1544,5.0
862099,1743,5.0
862099,657,5.0
862099,964,5.0
862099,1913,5.0
785848,339,4.0
785848,1901,5.0
785848,2415,5.0
785848,81,4.0
143318,495,5.0
143318,2246,5.0
143318,2286,5.0
143318,845,5.0
143318,745,5.0
143318,975,5.0
143318,2108,5.0
143318,2714,5.0
143318,3151,4.0
143318,3174,5.0
143318,1599,5.0
143318,944,5.0
143318,2572,4.0
143318,608,5.0
143318,3150,4.0
143318,2373,5.0
143318,2339,5.0
143318,887,5.0
143318,3146,5.0
143318,2180,5.0
143318,1780,5.0
143318,192,5.0
143318,3260,5.0
143318,2807,5.0
143318,1723,4.0
143318,153,4.0
143318,2871,5.0
491440,3004,5.0
491440,73,5.0
491440,2288,4.0
491440,2815,5.0
491440,1910,5.0
446523,295,5.0
446523,2829,5.0
446523,491,5.0
446523,1630,5.0
446523,414,5.0
446523,531,5.0
446523,3258,5.0
29404,295,4.0
29404,1885,5.0
29404,2366,5.0
29404,11,5.0
29404,2481,5.0
55122,601,5.0
55122,1256,0.0
55122,53,5.0
55122,530,5.0
142878,1411,5.0
142878,2952,5.0
142878,1901,5.0
142878,3261,5.0
142878,3259,5.0
142878,273,5.0
142878,1935,5.0
142878,2939,5.0
418915,1411,5.0
418915,2420,5.0
418915,2437,5.0
418915,13,5.0
418915,2061,4.0
418915,1533,4.0
361931,2794,5.0
361931,2,5.0
361931,97,5.0
361931,2567,5.0
361931,1,5.0
361931,2491,4.0
361931,29,4.0
361931,358,4.0
377504,2177,5.0
377504,1545,5.0
377504,1899,3.0
377504,1918,5.0
317195,2177,5.0
317195,744,5.0
317195,3113,5.0
317195,1166,4.0
317195,10,5.0
317195,3029,5.0
317195,2436,5.0
51199,1842,5.0
51199,1067,5.0
51199,28,5.0
51199,1029,5.0
51199,324,5.0
51199,189,5.0
51199,3348,4.0
51199,1639,5.0
139475,1842,4.0
139475,238,5.0
139475,513,5.0
139475,40,5.0
139475,663,5.0
139475,628,5.0
139475,3158,4.0
268888,1842,5.0
268888,1609,5.0
268888,2271,5.0
268888,697,5.0
268888,1386,4.0
268888,178,5.0
209983,1842,4.0
209983,1936,5.0
209983,92,5.0
209983,1038,5.0
209983,2125,4.0
209983,716,5.0
209983,2969,5.0
209983,2961,5.0
209983,2105,5.0
209983,126,5.0
209983,914,4.0
209983,93,5.0
209983,1151,5.0
209983,974,5.0
209983,1896,5.0
209983,2815,5.0
209983,806,5.0
209983,510,5.0
209983,2001,5.0
209983,1169,4.0
36124,2114,5.0
36124,1279,5.0
36124,87,4.0
36124,18,4.0
197746,2114,5.0
197746,717,5.0
197746,73,5.0
197746,508,4.0
197746,1152,5.0
197746,3,5.0
197746,35,5.0
51224,2114,5.0
51224,5,5.0
51224,534,5.0
51224,282,5.0
51224,2536,3.0
51224,2418,5.0
51224,12,5.0
51224,1893,5.0
51224,1888,3.0
51224,2432,5.0
51224,374,5.0
51224,27,5.0
51224,1844,5.0
51224,96,5.0
51224,675,5.0
51224,280,5.0
51224,1887,5.0
144431,2114,5.0
144431,2437,5.0
144431,33,5.0
144431,1154,5.0
144431,532,5.0
144431,101,5.0
144431,676,0.0
144431,42,5.0
19683,2100,5.0
19683,2265,5.0
19683,388,5.0
19683,292,4.0
19683,2570,5.0
19683,2508,5.0
19683,18,5.0
19683,14,4.0
185684,2100,5.0
185684,2418,5.0
185684,88,5.0
185684,1885,5.0
185684,2430,4.0
136004,2100,5.0
136004,2878,4.0
136004,2420,3.0
136004,2923,5.0
136004,42,5.0
178452,2100,5.0
178452,2048,5.0
178452,2617,5.0
178452,1888,5.0
178452,27,0.0
178452,1965,5.0
178452,2446,5.0
178452,42,5.0
178452,441,5.0
159532,2100,5.0
159532,323,5.0
159532,2,5.0
159532,1156,5.0
159532,1256,5.0
159532,43,5.0
159532,3,5.0
159532,1889,5.0
159532,1260,5.0
159532,2815,5.0
159532,2370,5.0
912791,2897,4.0
912791,2821,5.0
912791,2570,5.0
912791,2816,5.0
1145194,1343,5.0
1145194,2302,5.0
1145194,183,5.0
1145194,39,5.0
1145194,4,5.0
1891,1936,4.0
1891,2442,5.0
1891,1885,4.0
1891,81,5.0
35965,1936,4.0
35965,1812,5.0
35965,3351,5.0
35965,1845,5.0
35965,1849,5.0
35965,85,5.0
71653,1936,4.0
71653,1928,5.0
71653,75,5.0
71653,1887,5.0
113493,1936,5.0
113493,52,4.0
113493,29,5.0
113493,1887,5.0
573772,1936,4.0
573772,5,5.0
573772,94,1.0
573772,3,5.0
573772,1900,4.0
724218,2686,4.0
724218,661,5.0
724218,2530,5.0
724218,2451,5.0
91584,2619,4.0
91584,16,5.0
91584,20,5.0
91584,2627,0.0
91584,2438,5.0
91584,1902,5.0
91584,1306,5.0
91584,988,0.0
91584,2392,5.0
91584,246,5.0
91584,96,5.0
377070,1167,5.0
377070,982,5.0
377070,1356,5.0
377070,512,3.0
377070,1120,5.0
377070,3063,5.0
377070,513,5.0
377070,12,5.0
377070,1413,4.0
377070,2613,5.0
377070,1632,5.0
377070,2139,0.0
377070,3076,4.0
377070,3090,4.0
377070,3036,5.0
377070,2520,5.0
377070,3357,4.0
377070,2041,5.0
14613,2439,5.0
14613,2040,5.0
14613,1264,5.0
14613,2422,5.0
14613,1952,4.0
14613,76,5.0
14613,1979,4.0
14613,837,5.0
14613,101,5.0
332909,2439,5.0
332909,2433,5.0
332909,1256,5.0
332909,2296,5.0
332909,233,5.0
332909,1893,4.0
332909,2424,5.0
332909,1,4.0
332909,2469,5.0
332909,661,3.0
332909,2736,5.0
332909,2421,5.0
332909,2484,3.0
332909,10,4.0
332909,119,4.0
468146,2439,5.0
468146,2140,5.0
468146,2465,4.0
468146,2093,0.0
468146,2438,5.0
468146,2367,5.0
468146,3331,5.0
460687,2439,5.0
460687,236,5.0
460687,21,5.0
460687,2415,5.0
460687,327,4.0
460687,185,4.0
460687,2428,5.0
381612,2439,5.0
381612,18,5.0
381612,657,5.0
381612,1260,4.0
381612,2067,5.0
229787,2439,5.0
229787,147,5.0
229787,1898,5.0
229787,2426,5.0
229787,2418,5.0
229787,1932,5.0
229787,2415,5.0
229787,10,5.0
229787,1980,5.0
1802568568,982,5.0
1802568568,1586,5.0
1802568568,1939,5.0
1802568568,3346,5.0
1802568568,2432,0.0
1802568568,19,0.0
1802568568,27,5.0
1802568568,3158,4.0
1802568568,1539,5.0
832773,2659,5.0
832773,301,4.0
832773,333,5.0
832773,1295,5.0
680448,2138,5.0
680448,1970,0.0
680448,48,5.0
680448,194,5.0
61204,3182,3.0
61204,717,5.0
61204,3342,4.0
61204,1052,4.0
55906,3182,5.0
55906,50,3.0
55906,228,5.0
55906,2418,5.0
55906,1916,5.0
55906,2183,5.0
55906,39,5.0
55906,69,5.0
226867,2246,5.0
226867,2003,5.0
226867,520,5.0
226867,582,5.0
226867,575,4.0
226867,1647,5.0
226867,2761,5.0
226867,655,5.0
226867,1677,5.0
226867,3098,4.0
226867,1007,5.0
226867,2970,5.0
226867,1285,5.0
226867,3065,5.0
226867,3245,4.0
226867,66,5.0
226867,1962,5.0
226867,2938,5.0
226867,3087,5.0
226867,2067,5.0
226867,109,5.0
1376928,1679,5.0
1376928,50,3.0
1376928,66,5.0
1376928,166,5.0
1376928,11,5.0
1376928,245,4.0
1376928,2331,3.0
612413,1665,5.0
612413,2864,5.0
612413,656,5.0
612413,2816,5.0
1008796,2170,5.0
1008796,140,5.0
1008796,2441,5.0
1008796,657,5.0
14410,92,5.0
14410,2255,4.0
14410,776,5.0
14410,29,5.0
14410,3,4.0
14410,60,5.0
14410,1982,5.0
587756,92,5.0
587756,2498,4.0
587756,2776,4.0
587756,49,5.0
587756,101,5.0
587756,30,5.0
983863,92,5.0
983863,1932,5.0
983863,2580,5.0
983863,1888,5.0
983863,19,5.0
983863,2195,5.0
983863,4,5.0
716215,92,2.0
716215,32,0.0
716215,157,5.0
716215,43,5.0
716215,2428,3.0
292812,92,5.0
292812,32,5.0
292812,5,5.0
292812,270,4.0
292812,2460,5.0
278118,92,5.0
278118,2271,4.0
278118,2422,5.0
278118,2590,5.0
278118,2417,5.0
1020948,92,5.0
1020948,20,5.0
1020948,2462,5.0
1020948,1887,5.0
447487,92,4.0
447487,1881,5.0
447487,1013,5.0
447487,104,5.0
1662660,92,5.0
1662660,72,5.0
1662660,2614,4.0
1662660,2440,4.0
76535,2650,5.0
76535,16,4.0
76535,211,5.0
76535,2697,4.0
76535,3153,4.0
76535,2424,5.0
76535,2366,4.0
76535,1976,5.0
76535,2658,5.0
76535,3040,3.0
76535,2711,4.0
76535,2436,4.0
29655,1100,4.0
29655,1363,5.0
29655,1966,5.0
29655,1655,5.0
29655,1276,5.0
29655,2606,5.0
29655,672,5.0
29655,85,5.0
29655,1153,5.0
29655,1260,5.0
350099,2624,5.0
350099,2426,4.0
350099,2550,5.0
350099,2938,4.0
1256820,2884,5.0
1256820,11,4.0
1256820,1541,5.0
1256820,1267,5.0
1256820,2938,4.0
75442,353,5.0
75442,2092,5.0
75442,61,5.0
75442,2436,5.0
437991,1248,5.0
437991,1672,5.0
437991,3043,5.0
437991,2664,4.0
437991,1501,4.0
10332,31,5.0
10332,88,5.0
10332,383,5.0
10332,60,2.0
7798,31,5.0
7798,2420,5.0
7798,53,5.0
7798,2676,5.0
145448,31,5.0
145448,2453,5.0
145448,231,5.0
145448,45,5.0
145448,1910,5.0
97579,31,5.0
97579,32,5.0
97579,5,5.0
97579,2,4.0
97579,663,5.0
97579,33,5.0
97579,13,5.0
97579,75,5.0
97579,658,4.0
97579,2415,5.0
97579,661,5.0
97579,47,5.0
97579,156,4.0
97579,2428,5.0
97579,1892,4.0
97579,1887,5.0
97579,109,4.0
234912,31,5.0
234912,396,5.0
234912,1885,5.0
234912,1151,5.0
287313,31,4.0
287313,512,0.0
287313,465,5.0
287313,2566,4.0
287313,119,5.0
360730,31,5.0
360730,2285,5.0
360730,20,5.0
360730,226,5.0
360730,2421,5.0
59679,31,5.0
59679,177,5.0
59679,2372,4.0
59679,970,5.0
59679,144,5.0
383504,31,5.0
383504,225,5.0
383504,1391,5.0
383504,1436,5.0
383504,141,5.0
383504,1565,4.0
296085,31,3.0
296085,59,5.0
296085,1888,4.0
296085,2117,4.0
296085,383,0.0
296085,2819,5.0
296085,2629,3.0
296085,109,4.0
1436918,31,5.0
1436918,961,4.0
1436918,1832,2.0
1436918,178,5.0
1436918,108,5.0
247007,31,5.0
247007,2437,5.0
247007,12,5.0
247007,318,5.0
247007,1896,5.0
62494,291,5.0
62494,52,5.0
62494,1,5.0
62494,2597,5.0
62494,34,4.0
62494,153,5.0
94618,179,5.0
94618,106,5.0
94618,40,5.0
94618,2480,4.0
94618,1409,4.0
94618,87,5.0
94618,1141,5.0
94618,1885,4.0
94618,1964,4.0
94618,2470,5.0
94618,1896,5.0
94618,1923,5.0
94618,1914,5.0
94618,2425,3.0
108902,291,5.0
108902,2286,5.0
108902,3219,5.0
108902,88,5.0
108902,13,5.0
108902,3159,5.0
108902,1968,5.0
108902,2206,5.0
155807,179,4.0
155807,2569,5.0
155807,2680,5.0
155807,15,5.0
715542,179,5.0
715542,2433,5.0
715542,139,5.0
715542,2449,5.0
715542,2404,5.0
29418,174,5.0
29418,20,5.0
29418,52,5.0
29418,148,5.0
29418,1900,5.0
184312,174,5.0
184312,16,5.0
184312,33,5.0
184312,79,5.0
184312,391,5.0
184312,241,5.0
184312,2172,4.0
184312,303,3.0
184312,1887,2.0
105459,140,5.0
105459,2954,5.0
105459,2544,4.0
105459,3176,5.0
105459,22,5.0
465829,1195,5.0
465829,2517,4.0
465829,2238,5.0
465829,248,5.0
465829,126,5.0
465829,589,5.0
332843,984,4.0
332843,658,5.0
332843,53,5.0
332843,1976,5.0
332843,192,4.0
332843,2841,4.0
334648,984,5.0
334648,1158,5.0
334648,1854,5.0
334648,2424,5.0
196614,2740,5.0
196614,529,5.0
196614,1897,5.0
196614,247,5.0
196614,1537,5.0
219318,2262,4.0
219318,3003,5.0
219318,272,5.0
219318,2519,4.0
219318,2133,4.0
219318,2873,5.0
219318,640,4.0
219318,1262,5.0
219318,2032,3.0
219318,857,5.0
219318,2417,5.0
219318,2071,5.0
185105,2262,4.0
185105,364,5.0
185105,1835,5.0
185105,110,5.0
185105,2618,5.0
185105,3062,5.0
185105,60,5.0
185105,964,5.0
185105,1558,5.0
185105,325,5.0
185105,322,4.0
1278514,2262,4.0
1278514,2420,5.0
1278514,682,5.0
1278514,15,4.0
41409,2506,5.0
41409,1585,5.0
41409,2969,4.0
41409,1925,5.0
41409,310,5.0
41409,1592,5.0
1623265,2506,4.0
1623265,1243,5.0
1623265,2824,5.0
1623265,20,4.0
1623265,1183,4.0
1623265,2111,5.0
1623265,1993,0.0
1623265,2696,0.0
1623265,1579,4.0
1623265,1923,0.0
246344,59,4.0
246344,3,5.0
246344,963,5.0
246344,1892,3.0
62005,59,4.0
62005,2050,5.0
62005,228,5.0
62005,151,5.0
62005,3318,5.0
62005,1196,5.0
62005,285,5.0
652568,59,5.0
652568,167,4.0
652568,679,5.0
652568,83,5.0
652568,1872,5.0
652568,45,5.0
652568,30,5.0
175827,59,5.0
175827,2952,5.0
175827,199,5.0
175827,1154,5.0
175827,408,5.0
946146,59,4.0
946146,2003,5.0
946146,2479,5.0
946146,975,5.0
946146,3224,5.0
946146,3047,5.0
946146,1379,5.0
946146,3189,5.0
296546,59,5.0
296546,363,5.0
296546,149,5.0
296546,18,5.0
296546,162,5.0
1163252,59,4.0
1163252,188,0.0
1163252,79,5.0
1163252,61,5.0
1163252,2441,5.0
1139501,59,5.0
1139501,6,5.0
1139501,1901,4.0
1139501,664,0.0
1350082,59,5.0
1350082,656,5.0
1350082,35,5.0
1350082,1887,5.0
95810,215,5.0
95810,2994,5.0
95810,1662,5.0
95810,2422,4.0
95810,2115,5.0
95810,2011,5.0
95810,704,5.0
95810,105,5.0
95810,3,5.0
95810,2329,5.0
95810,2939,5.0
95810,3331,5.0
130970,3347,5.0
130970,2286,0.0
130970,996,5.0
130970,3342,5.0
130970,1888,4.0
167225,3347,5.0
167225,691,4.0
167225,2924,4.0
167225,2836,5.0
167225,272,4.0
167225,3264,4.0
167225,2931,5.0
167225,2020,5.0
167225,492,5.0
167225,2817,5.0
167225,3152,5.0
167225,706,5.0
167225,2398,5.0
167225,1765,5.0
167225,1998,5.0
167225,1846,4.0
167225,1577,5.0
167225,1731,5.0
167225,3169,5.0
151445,147,4.0
151445,2438,5.0
151445,38,5.0
151445,508,5.0
151445,2421,5.0
151445,15,4.0
253370,1792,2.0
253370,2498,3.0
253370,1260,1.0
253370,1537,5.0
971800,147,5.0
971800,2420,5.0
971800,148,5.0
971800,2504,5.0
971800,246,5.0
971800,2940,4.0
971800,1910,2.0
648882,147,5.0
648882,67,5.0
648882,5,5.0
648882,508,5.0
648882,29,5.0
648882,2417,5.0
2001297534,147,5.0
2001297534,95,5.0
2001297534,2055,5.0
2001297534,94,5.0
2001297534,1166,5.0
2001297534,2574,5.0
28339,2257,4.0
28339,2197,5.0
28339,175,5.0
28339,1262,0.0
28339,162,4.0
28339,153,4.0
186071,2257,4.0
186071,1624,4.0
186071,2941,5.0
186071,1034,2.0
186071,2417,5.0
1169750,1362,0.0
1169750,2524,5.0
1169750,2586,5.0
1169750,3342,5.0
1169750,3181,5.0
1169750,49,0.0
203717,1390,5.0
203717,98,4.0
203717,1212,3.0
203717,1917,5.0
203717,2843,5.0
203717,3322,5.0
203717,256,5.0
203717,1076,5.0
72489,1390,3.0
72489,670,5.0
72489,1885,4.0
72489,351,5.0
72489,234,5.0
72489,2679,4.0
72489,3078,4.0
72489,173,5.0
512834,941,5.0
512834,1446,5.0
512834,2434,5.0
512834,947,4.0
303545,1390,4.0
303545,1256,4.0
303545,13,5.0
303545,529,4.0
303545,2985,3.0
303545,141,5.0
303545,1388,3.0
303545,284,4.0
67899,2125,5.0
67899,1966,3.0
67899,97,5.0
67899,1655,4.0
67899,397,5.0
67899,1954,5.0
67899,162,5.0
197971,2125,4.0
197971,1867,5.0
197971,2449,5.0
197971,1152,0.0
167527,2587,5.0
167527,3321,5.0
167527,58,0.0
167527,175,5.0
167527,11,5.0
167527,1915,5.0
167527,2707,4.0
167527,2200,5.0
167527,14,5.0
167527,2526,5.0
398275,2531,5.0
398275,2653,4.0
398275,862,5.0
398275,2565,5.0
398275,1932,5.0
398275,658,4.0
398275,269,4.0
398275,1,5.0
398275,2599,5.0
209318,3326,5.0
209318,3150,5.0
209318,1555,5.0
209318,2948,0.0
209318,1683,4.0
209318,2816,5.0
209318,23,5.0
209318,519,5.0
86764,633,4.0
86764,2,5.0
86764,132,5.0
86764,97,5.0
86764,510,5.0
587597,2498,5.0
587597,967,5.0
587597,1045,5.0
587597,3062,5.0
587597,15,4.0
551883,1809,5.0
551883,2462,5.0
551883,53,5.0
551883,1,5.0
173030,2498,5.0
173030,1905,5.0
173030,2195,5.0
173030,1913,5.0
24565,2498,4.0
24565,1943,4.0
24565,2580,5.0
24565,153,4.0
24565,1907,5.0
24565,15,5.0
24565,168,5.0
90086,1157,5.0
90086,16,5.0
90086,2250,5.0
90086,1304,5.0
90086,2169,5.0
90086,2620,5.0
90086,1994,5.0
90086,658,5.0
90086,306,5.0
90086,1949,5.0
90086,61,5.0
90086,1109,5.0
90086,668,5.0
90086,2196,5.0
90086,150,5.0
90086,936,5.0
90086,14,5.0
90086,2436,5.0
356850,1157,5.0
356850,946,5.0
356850,1154,5.0
356850,63,5.0
356850,34,4.0
356850,2292,5.0
117467,1547,5.0
117467,526,4.0
117467,2387,5.0
117467,2874,5.0
117467,1846,5.0
117467,1535,4.0
260911,266,5.0
260911,148,5.0
260911,13,5.0
260911,1026,5.0
260911,1964,5.0
260911,2043,5.0
243089,1547,4.0
243089,2525,4.0
243089,1541,4.0
243089,3148,4.0
289510,1547,5.0
289510,3328,5.0
289510,404,5.0
289510,465,5.0
289510,2825,5.0
1122311,1547,5.0
1122311,1911,5.0
1122311,27,5.0
1122311,30,5.0
1122311,1983,3.0
1122311,1535,4.0
528197,2013,5.0
528197,372,5.0
528197,3146,5.0
528197,2460,4.0
528197,3158,2.0
354295,106,5.0
354295,1156,4.0
354295,2212,5.0
354295,1,4.0
354295,656,5.0
95114,106,4.0
95114,2420,5.0
95114,2465,5.0
95114,52,5.0
95114,2471,5.0
95114,1336,5.0
95114,1902,5.0
95114,1172,5.0
95114,2939,4.0
95114,100,5.0
209763,106,4.0
209763,2434,5.0
209763,2941,5.0
209763,2366,3.0
250812,106,5.0
250812,1941,5.0
250812,309,5.0
250812,124,4.0
250812,2459,4.0
196059,106,5.0
196059,13,4.0
196059,27,5.0
196059,1320,4.0
173558,2577,5.0
173558,21,5.0
173558,15,4.0
173558,2423,5.0
228172,1634,4.0
228172,512,4.0
228172,716,5.0
228172,20,3.0
228172,331,3.0
228172,2366,5.0
228172,1541,3.0
228172,992,4.0
228172,2464,5.0
228172,1900,5.0
716314,942,1.0
716314,2875,3.0
716314,2838,5.0
716314,4,1.0
171328,2188,5.0
171328,2828,5.0
171328,29,5.0
171328,85,5.0
68727,2718,5.0
68727,1586,5.0
68727,299,4.0
68727,73,5.0
68727,3162,5.0
68727,2471,5.0
68727,1644,4.0
68727,1990,5.0
68727,2673,5.0
68727,1885,5.0
68727,11,5.0
68727,3247,5.0
68727,2661,5.0
68727,3148,4.0
68727,65,5.0
68727,42,5.0
63526,3117,4.0
63526,713,5.0
63526,3085,5.0
63526,808,5.0
102859,744,5.0
102859,2285,4.0
102859,193,5.0
102859,658,5.0
102859,791,5.0
102859,688,5.0
102859,2816,5.0
211184,3332,5.0
211184,3321,5.0
211184,512,5.0
211184,50,5.0
211184,3333,5.0
211184,2140,5.0
211184,1906,5.0
211184,2507,5.0
211184,1222,5.0
211184,1437,5.0
211184,2519,5.0
211184,1159,5.0
211184,2809,5.0
211184,1068,4.0
211184,2773,5.0
211184,680,5.0
211184,300,5.0
211184,47,5.0
211184,2675,5.0
211184,2724,5.0
211184,96,5.0
41509,956,5.0
41509,2285,5.0
41509,63,5.0
41509,1,5.0
98063,691,5.0
98063,689,5.0
98063,1653,5.0
98063,1659,5.0
98063,2956,5.0
98063,1910,5.0
98063,1297,5.0
373245,691,5.0
373245,1444,5.0
373245,287,5.0
373245,157,5.0
373245,2616,5.0
341142,691,5.0
341142,296,5.0
341142,535,5.0
341142,2404,5.0
82616,260,5.0
82616,566,5.0
82616,28,4.0
82616,3160,5.0
82616,815,5.0
82616,1169,5.0
440047,260,5.0
440047,20,5.0
440047,2418,4.0
440047,3342,3.0
440047,658,4.0
440047,334,4.0
440047,1979,5.0
440047,18,4.0
440047,1160,4.0
440047,1723,5.0
440047,1923,3.0
440047,1926,5.0
440047,119,4.0
129836,2953,5.0
129836,2941,4.0
129836,317,4.0
129836,1384,5.0
129836,11,4.0
129836,3322,4.0
129836,3160,5.0
129836,2948,5.0
129836,2923,5.0
129836,515,4.0
129836,1558,5.0
37873,2953,5.0
37873,748,5.0
37873,3342,5.0
37873,2995,4.0
37873,1930,5.0
1989227,1062,5.0
1989227,996,0.0
1989227,1532,4.0
1989227,1551,5.0
313120,26,5.0
313120,1943,5.0
313120,1970,5.0
313120,169,5.0
512904,26,5.0
512904,50,2.0
512904,363,3.0
512904,1903,3.0
512904,332,4.0
512904,1,5.0
835173,26,4.0
835173,33,5.0
835173,1256,4.0
835173,1266,4.0
835173,1176,4.0
835173,4,5.0
283611,26,5.0
283611,516,5.0
283611,1533,4.0
283611,104,5.0
126146,26,5.0
126146,2254,5.0
126146,1965,5.0
126146,533,5.0
363055,26,5.0
363055,2433,5.0
363055,197,5.0
363055,402,5.0
363055,73,5.0
363055,11,5.0
363055,2467,5.0
363055,53,5.0
363055,61,5.0
363055,357,5.0
363055,69,5.0
363055,169,5.0
363055,247,5.0
573325,1149,5.0
573325,1864,5.0
573325,97,4.0
573325,1044,5.0
573325,423,0.0
573325,1999,5.0
573325,3045,5.0
354628,98,5.0
354628,2,5.0
354628,1888,5.0
354628,93,5.0
235074,98,3.0
235074,40,5.0
235074,1386,2.0
235074,1269,5.0
115178,98,4.0
115178,2285,5.0
115178,1918,5.0
115178,87,4.0
115178,1897,5.0
115178,1625,5.0
233495,98,3.0
233495,1898,5.0
233495,2605,5.0
233495,5,0.0
233495,961,5.0
233495,83,5.0
233495,2644,5.0
233495,508,4.0
233495,2576,5.0
233495,1946,4.0
233495,2417,5.0
694088,98,5.0
694088,1969,4.0
694088,68,5.0
694088,2018,4.0
694088,2736,5.0
323355,3321,4.0
323355,2971,4.0
323355,1967,5.0
323355,233,4.0
323355,2442,5.0
323355,54,5.0
323355,2417,5.0
323355,44,5.0
606850,3321,5.0
606850,283,5.0
606850,29,4.0
606850,403,5.0
39568,960,4.0
39568,3187,5.0
39568,742,5.0
39568,2370,5.0
39568,662,5.0
337399,960,5.0
337399,12,0.0
337399,3152,5.0
337399,10,5.0
184491,2998,5.0
184491,3165,5.0
184491,658,4.0
184491,2446,5.0
679429,2776,5.0
679429,19,5.0
679429,3322,5.0
679429,2464,5.0
138429,2829,5.0
138429,5,5.0
138429,12,5.0
138429,2877,5.0
138429,13,5.0
138429,1992,5.0
138429,2126,5.0
138429,1268,5.0
138429,667,5.0
138429,1018,5.0
138429,2118,5.0
343180,1624,4.0
343180,286,5.0
343180,2450,4.0
343180,662,5.0
187927,2505,5.0
187927,1315,5.0
187927,2833,0.0
187927,2155,5.0
187927,420,5.0
187927,49,5.0
187927,2461,5.0
187927,1388,5.0
187927,2001,5.0
38281,2768,5.0
38281,1955,4.0
38281,620,5.0
38281,4,5.0
1396798,2768,0.0
1396798,6,5.0
1396798,1901,5.0
1396798,2048,5.0
236378,1812,4.0
236378,659,5.0
236378,735,4.0
236378,348,4.0
236378,1913,5.0
1307164,1812,5.0
1307164,139,5.0
1307164,2561,5.0
1307164,1919,5.0
4500,443,5.0
4500,818,5.0
4500,658,5.0
4500,2421,5.0
4500,1254,5.0
200862,1314,4.0
200862,981,0.0
200862,1015,5.0
200862,424,5.0
200862,2409,5.0
200862,644,5.0
200862,2963,4.0
200862,1317,5.0
200862,967,5.0
200862,1143,5.0
200862,1251,5.0
200862,1416,3.0
200862,2982,5.0
200862,1031,5.0
200862,409,0.0
200862,1350,3.0
200862,579,5.0
200862,109,5.0
200862,1982,5.0
200862,2974,3.0
649173,290,5.0
649173,132,5.0
649173,354,5.0
649173,720,5.0
868673,1314,5.0
868673,83,5.0
868673,3042,5.0
868673,2041,5.0
66322,405,5.0
66322,2285,5.0
66322,1901,5.0
66322,961,5.0
66322,132,5.0
66322,3150,5.0
66322,1838,5.0
66322,53,5.0
66322,2017,5.0
66322,1896,5.0
636124,405,5.0
636124,3147,5.0
636124,1,5.0
636124,2468,5.0
134011,1828,4.0
134011,16,5.0
134011,659,5.0
134011,2,5.0
134011,13,5.0
134011,3342,5.0
134011,2941,5.0
134011,1532,5.0
134011,658,5.0
134011,1546,5.0
134011,646,4.0
134011,2467,5.0
134011,2816,5.0
134011,2938,5.0
134011,1320,5.0
134011,1887,5.0
455010,2046,5.0
455010,5,5.0
455010,424,5.0
455010,2101,5.0
455010,1550,5.0
455010,1290,5.0
105780,2046,5.0
105780,2435,5.0
105780,2244,5.0
105780,2422,0.0
105780,1930,5.0
105780,2061,5.0
105780,2017,5.0
105780,2444,5.0
493276,1545,4.0
493276,2539,5.0
493276,2422,5.0
493276,1890,5.0
493276,2294,5.0
776876,1545,5.0
776876,107,5.0
776876,2422,5.0
776876,2575,4.0
776876,1533,5.0
776876,2696,5.0
476796,1545,5.0
476796,3164,4.0
476796,3237,3.0
476796,247,5.0
228229,2486,5.0
228229,40,5.0
228229,2367,4.0
228229,2368,5.0
228229,11,5.0
384041,2836,4.0
384041,2869,5.0
384041,1307,4.0
384041,14,4.0
942758,2109,4.0
942758,2366,4.0
942758,2287,5.0
942758,662,5.0
869532,2003,5.0
869532,995,5.0
869532,513,5.0
869532,2020,5.0
869532,29,4.0
869532,1922,5.0
869532,531,5.0
40135,1984,5.0
40135,297,4.0
40135,78,5.0
40135,1887,5.0
883837,1984,5.0
883837,1279,5.0
883837,2442,5.0
883837,1080,5.0
883837,1902,5.0
883837,1563,5.0
883837,51,5.0
883837,1908,4.0
883837,987,0.0
883837,39,5.0
883837,212,5.0
247368,512,5.0
247368,199,5.0
247368,2324,2.0
247368,1426,5.0
327600,512,3.0
327600,2415,4.0
327600,2272,4.0
327600,1,5.0
327600,320,4.0
327600,661,3.0
327600,2459,4.0
327600,2421,4.0
327600,974,5.0
327600,2436,2.0
170972,512,5.0
170972,1256,5.0
170972,656,5.0
170972,2430,5.0
467341,512,4.0
467341,698,5.0
467341,2434,5.0
467341,12,5.0
467341,546,5.0
467341,29,5.0
467341,551,5.0
467341,1897,4.0
467341,45,5.0
467341,1900,4.0
128945,2751,5.0
128945,2,5.0
128945,3307,5.0
128945,2716,5.0
128945,1099,5.0
128945,2815,5.0
514331,2751,5.0
514331,2700,5.0
514331,2544,4.0
514331,2565,5.0
514331,2767,4.0
514331,2585,5.0
514331,1151,0.0
514331,2797,4.0
1021308,2110,5.0
1021308,207,5.0
1021308,187,5.0
1021308,656,5.0
453856,2110,5.0
453856,2604,5.0
453856,707,4.0
453856,1905,5.0
453856,1903,5.0
453856,3,5.0
453856,2857,5.0
453856,15,5.0
19129,2026,5.0
19129,13,5.0
19129,3065,5.0
19129,2422,5.0
19129,1540,5.0
19129,2947,5.0
296434,1899,5.0
296434,2552,0.0
296434,1296,5.0
296434,2445,5.0
296434,1079,5.0
296434,1560,5.0
240449,1899,5.0
240449,1888,4.0
240449,54,3.0
240449,105,4.0
240449,22,5.0
240449,14,5.0
112560,1899,2.0
112560,684,5.0
112560,419,5.0
112560,1550,5.0
112560,1270,2.0
112560,2292,5.0
112560,2461,5.0
112560,14,5.0
430254,1899,5.0
430254,2420,4.0
430254,1294,4.0
430254,1552,4.0
63306,1899,5.0
63306,2822,5.0
63306,3204,5.0
63306,1742,5.0
63306,2443,5.0
512532,1899,5.0
512532,1264,3.0
512532,1890,5.0
512532,1533,4.0
234925,1899,5.0
234925,2285,5.0
234925,16,5.0
234925,299,5.0
234925,63,5.0
234925,2415,5.0
234925,1533,5.0
234925,2370,5.0
538098,1899,5.0
538098,2115,5.0
538098,438,5.0
538098,966,5.0
538098,2448,5.0
538098,1998,5.0
538098,81,5.0
782050,1899,5.0
782050,1898,4.0
782050,1888,5.0
782050,968,5.0
782050,2153,5.0
687302,1899,5.0
687302,2286,5.0
687302,2438,5.0
687302,1532,4.0
687302,208,4.0
687302,1540,4.0
687302,1558,4.0
687302,4,5.0
2041603,1899,3.0
2041603,3147,3.0
2041603,32,5.0
2041603,2426,3.0
2041603,13,3.0
2041603,2422,4.0
2041603,19,5.0
2041603,144,5.0
2041603,3148,5.0
2041603,656,5.0
2041603,2421,5.0
2041603,23,5.0
2041603,44,3.0
2041603,15,5.0
2041603,3149,3.0
595194,1899,5.0
595194,11,5.0
595194,3166,5.0
595194,3090,5.0
475397,1899,5.0
475397,3303,5.0
475397,40,5.0
475397,3146,5.0
475397,2451,4.0
475397,676,5.0
475397,3158,5.0
338686,1279,5.0
338686,20,5.0
338686,48,5.0
338686,2445,4.0
424741,1279,5.0
424741,2824,5.0
424741,2434,5.0
424741,1574,5.0
424741,2422,4.0
424741,2123,3.0
424741,2564,4.0
424741,2816,5.0
424741,2066,5.0
94226,699,5.0
94226,3174,4.0
94226,1700,5.0
94226,83,5.0
94226,1750,4.0
94226,622,4.0
94226,1533,5.0
388907,699,1.0
388907,2470,4.0
388907,2287,5.0
388907,2417,5.0
371672,2050,5.0
371672,2823,4.0
371672,2113,5.0
371672,1783,5.0
371672,714,5.0
371672,662,5.0
68692,1593,5.0
68692,5,5.0
68692,76,5.0
68692,1,5.0
68692,289,5.0
746803,1593,5.0
746803,427,5.0
746803,2381,5.0
746803,2863,4.0
746803,2908,5.0
746803,1115,4.0
746803,1227,5.0
746803,2974,5.0
130447,981,5.0
130447,2818,5.0
130447,2517,4.0
130447,659,5.0
130447,694,5.0
130447,2379,4.0
130447,46,3.0
130447,2393,5.0
130447,194,5.0
130447,2593,5.0
130447,23,5.0
156946,50,5.0
156946,573,5.0
156946,2432,5.0
156946,2450,5.0
156946,3158,5.0
394810,50,5.0
394810,1985,5.0
394810,748,5.0
394810,1928,4.0
394810,40,4.0
394810,2368,5.0
609521,50,5.0
609521,2420,5.0
609521,2143,4.0
609521,513,4.0
609521,2422,3.0
609521,2445,5.0
628753,50,5.0
628753,1908,5.0
628753,65,5.0
628753,1913,5.0
628753,330,5.0
815198,50,5.0
815198,975,5.0
815198,3080,5.0
815198,2415,5.0
815198,2432,5.0
815198,3,5.0
815198,245,5.0
815198,112,4.0
815198,1892,5.0
583877,1120,5.0
583877,1093,5.0
583877,963,5.0
583877,1030,5.0
583877,1245,5.0
583877,1910,5.0
931656,2209,4.0
931656,749,5.0
931656,2437,4.0
931656,2524,5.0
1415433,2209,5.0
1415433,129,5.0
1415433,2018,5.0
1415433,128,5.0
1415433,1931,5.0
878311,2209,4.0
878311,54,0.0
878311,1922,5.0
878311,2025,5.0
878311,2808,5.0
121582,3147,4.0
121582,151,5.0
121582,28,5.0
121582,1885,5.0
121582,3154,4.0
340576,3147,4.0
340576,2902,3.0
340576,1256,5.0
340576,13,5.0
340576,664,5.0
340576,83,5.0
340576,2369,4.0
340576,189,5.0
340576,2307,5.0
340576,409,5.0
268955,3147,5.0
268955,16,5.0
268955,2372,5.0
268955,110,5.0
268955,2441,5.0
280576,3147,5.0
280576,2824,5.0
280576,428,5.0
280576,988,5.0
280576,1892,4.0
486680,3147,4.0
486680,401,4.0
486680,3069,4.0
486680,2423,0.0
325154,3147,5.0
325154,1854,4.0
325154,529,4.0
325154,2422,4.0
325154,1270,4.0
325154,1962,5.0
325154,23,5.0
325154,1378,5.0
325154,2425,2.0
317712,3147,5.0
317712,963,5.0
317712,1919,5.0
317712,1896,5.0
317712,1887,5.0
998226,3147,5.0
998226,656,5.0
998226,1052,4.0
998226,62,5.0
306193,3147,5.0
306193,57,3.0
306193,83,5.0
306193,2512,5.0
306193,2470,4.0
306193,61,5.0
306193,3086,5.0
306193,2144,3.0
306193,173,4.0
244809,1898,5.0
244809,2285,4.0
244809,1917,5.0
244809,398,5.0
244809,176,5.0
244809,2988,5.0
244809,2972,5.0
244809,656,5.0
244809,545,5.0
244809,1175,5.0
244809,2815,5.0
64780,1898,5.0
64780,6,5.0
64780,38,5.0
64780,2001,5.0
309360,1898,5.0
309360,508,0.0
309360,1959,5.0
309360,1953,4.0
309360,23,5.0
485915,1898,5.0
485915,2418,5.0
485915,70,5.0
485915,1935,4.0
485915,403,5.0
599466,1898,5.0
599466,2596,4.0
599466,143,5.0
599466,2509,5.0
259154,1898,5.0
259154,136,5.0
259154,293,4.0
259154,97,3.0
627420,1898,4.0
627420,961,5.0
627420,2432,5.0
627420,2366,5.0
627420,51,5.0
627420,1896,5.0
994030,1898,5.0
994030,656,5.0
994030,14,5.0
994030,1982,5.0
106608,1898,5.0
106608,66,5.0
106608,1893,5.0
106608,401,5.0
106608,23,5.0
894563,1898,4.0
894563,12,4.0
894563,1932,5.0
894563,2784,5.0
894563,2451,3.0
894563,656,5.0
351811,1985,5.0
351811,2108,4.0
351811,2133,5.0
351811,2580,5.0
351811,1902,5.0
351811,2574,5.0
351811,2622,5.0
351811,1993,5.0
232270,1561,5.0
232270,1626,5.0
232270,1717,5.0
232270,1553,5.0
232270,1690,5.0
232270,1535,3.0
224013,1561,5.0
224013,1532,5.0
224013,83,5.0
224013,2838,5.0
224013,1542,5.0
224013,1558,5.0
365429,1561,5.0
365429,667,5.0
365429,4,0.0
365429,1537,4.0
585176,1561,5.0
585176,167,5.0
585176,3165,5.0
585176,3061,5.0
585176,2434,5.0
585176,3151,4.0
585176,670,5.0
585176,1573,5.0
585176,3148,5.0
468351,1985,5.0
468351,20,4.0
468351,12,5.0
468351,2097,4.0
468351,104,5.0
142038,1985,5.0
142038,2418,5.0
142038,171,5.0
142038,2311,5.0
142866,2333,4.0
142866,2285,5.0
142866,689,5.0
142866,1558,5.0
142866,1537,4.0
131698,286,5.0
131698,231,5.0
131698,2415,5.0
131698,1893,4.0
131698,15,4.0
252409,286,3.0
252409,28,5.0
252409,1893,5.0
252409,300,5.0
727236,286,5.0
727236,991,5.0
727236,3342,5.0
727236,1,5.0
727236,964,5.0
334010,3024,5.0
334010,2104,4.0
334010,1946,5.0
334010,1989,5.0
129255,2120,4.0
129255,1911,5.0
129255,2060,5.0
129255,1949,4.0
129255,190,4.0
1333513,2905,2.0
1333513,2843,0.0
1333513,2835,4.0
1333513,1168,0.0
195796,2285,5.0
195796,175,4.0
195796,961,5.0
195796,1330,5.0
195796,725,4.0
195796,19,5.0
195796,1,4.0
195796,3,5.0
195796,245,5.0
195796,2417,5.0
115321,690,0.0
115321,2285,5.0
115321,129,5.0
115321,193,5.0
115321,1912,5.0
36079,2285,5.0
36079,2434,5.0
36079,29,0.0
36079,47,5.0
102602,2285,5.0
102602,659,5.0
102602,1264,5.0
102602,2039,5.0
102602,2206,5.0
102602,662,5.0
93417,2285,5.0
93417,182,4.0
93417,2424,5.0
93417,2428,5.0
12129,2285,5.0
12129,32,5.0
12129,2571,4.0
12129,3150,5.0
12129,2490,5.0
12129,41,5.0
12129,2415,5.0
12129,141,4.0
12129,60,4.0
1792,2285,5.0
1792,3162,3.0
1792,502,5.0
1792,1887,5.0
88826,2285,4.0
88826,1906,4.0
88826,3150,3.0
88826,3152,5.0
88826,1588,4.0
112411,2285,5.0
112411,685,5.0
112411,1294,5.0
112411,673,5.0
136465,2285,5.0
136465,228,5.0
136465,2366,5.0
136465,2724,5.0
56180,2285,5.0
56180,1637,5.0
56180,2020,4.0
56180,3210,5.0
56180,1919,5.0
129177,2285,5.0
129177,2286,5.0
129177,2,0.0
129177,1282,0.0
129177,673,5.0
129177,212,5.0
129177,10,4.0
129177,657,5.0
129177,1887,5.0
31635,2285,5.0
31635,448,5.0
31635,2411,5.0
31635,1777,5.0
31635,1010,5.0
31635,1141,5.0
31635,11,5.0
31635,1017,5.0
31635,2925,5.0
31635,1641,5.0
167134,2285,5.0
167134,2433,5.0
167134,376,5.0
167134,2450,5.0
143387,2285,5.0
143387,663,4.0
143387,3342,5.0
143387,68,5.0
143387,3162,5.0
143387,3368,5.0
149396,2285,5.0
149396,2420,5.0
149396,590,5.0
149396,43,5.0
149396,2065,5.0
149396,63,5.0
149396,1260,5.0
141631,2285,5.0
141631,1811,5.0
141631,1919,5.0
141631,74,5.0
134875,2285,5.0
134875,2438,4.0
134875,88,5.0
134875,318,5.0
134875,784,5.0
134875,530,5.0
134875,964,5.0
134875,2071,5.0
134875,1887,5.0
202432,2285,5.0
202432,13,5.0
202432,1337,5.0
202432,1532,5.0
202432,1644,5.0
202432,29,5.0
202432,1552,5.0
202432,668,5.0
202432,1646,5.0
202432,935,5.0
227226,2285,4.0
227226,6,5.0
227226,2426,4.0
227226,87,5.0
227226,2459,5.0
227226,656,5.0
227226,2417,5.0
227226,1175,4.0
71639,2285,5.0
71639,659,0.0
71639,11,5.0
71639,1114,5.0
38218,2285,5.0
38218,274,5.0
38218,2601,5.0
38218,2672,5.0
38218,1871,5.0
38218,945,5.0
168753,2285,5.0
168753,293,5.0
168753,3199,5.0
168753,14,2.0
192043,2285,4.0
192043,1598,4.0
192043,2372,5.0
192043,1577,4.0
192043,3348,4.0
115964,2285,5.0
115964,20,5.0
115964,1274,4.0
115964,3034,5.0
115964,2415,5.0
115964,2182,5.0
225021,2285,5.0
225021,2969,5.0
225021,1682,5.0
225021,1525,4.0
225021,561,4.0
225021,1565,5.0
225021,2938,5.0
225021,2406,5.0
225021,510,4.0
217726,2285,5.0
217726,2420,5.0
217726,1906,5.0
217726,663,5.0
217726,2293,5.0
108892,2285,5.0
108892,2378,5.0
108892,688,5.0
108892,3158,5.0
108892,15,3.0
407812,2285,5.0
407812,1901,5.0
407812,28,5.0
407812,961,4.0
407812,1949,5.0
407812,2325,4.0
407812,951,5.0
340843,2285,5.0
340843,279,5.0
340843,21,5.0
340843,1896,5.0
193489,2285,4.0
193489,2430,4.0
193489,1951,5.0
193489,173,4.0
440568,2285,5.0
440568,2660,4.0
440568,1968,5.0
440568,2415,5.0
440568,3,5.0
164276,2285,0.0
164276,2625,5.0
164276,2033,5.0
164276,3153,5.0
164276,819,5.0
164276,19,5.0
483131,2285,5.0
483131,698,5.0
483131,659,5.0
483131,663,5.0
626447,2285,5.0
626447,2,1.0
626447,73,5.0
626447,2302,5.0
626447,658,5.0
626447,116,5.0
626447,110,5.0
626447,1954,5.0
626447,3,5.0
626447,1913,5.0
626447,108,5.0
626447,1926,5.0
626447,1887,5.0
626447,2599,5.0
242007,2285,5.0
242007,5,5.0
242007,3146,3.0
242007,3148,5.0
368594,2285,5.0
368594,240,3.0
368594,2415,0.0
368594,951,4.0
705794,2285,5.0
705794,2286,5.0
705794,659,5.0
705794,658,4.0
705794,723,5.0
705794,29,5.0
705794,688,5.0
705794,706,5.0
523286,323,5.0
523286,2819,4.0
523286,44,4.0
523286,2495,5.0
45768,1929,5.0
45768,1901,5.0
45768,2603,5.0
45768,1885,5.0
45768,76,5.0
49499,1929,4.0
49499,272,5.0
49499,1888,5.0
49499,1896,5.0
49499,1914,5.0
64683,1929,5.0
64683,1888,5.0
64683,1885,5.0
64683,2052,5.0
326051,1929,5.0
326051,1885,5.0
326051,1925,4.0
326051,2425,4.0
326051,1951,5.0
813584,1929,5.0
813584,659,5.0
813584,5,4.0
813584,38,4.0
813584,128,5.0
813584,657,5.0
813584,2406,5.0
496999,1929,0.0
496999,2086,5.0
496999,95,5.0
496999,156,5.0
496999,23,0.0
228297,1929,5.0
228297,2153,5.0
228297,10,0.0
228297,962,5.0
890104,359,5.0
890104,2418,4.0
890104,1256,4.0
890104,11,5.0
890104,666,4.0
890104,3202,5.0
737491,359,5.0
737491,1532,5.0
737491,101,5.0
737491,2292,4.0
124404,2492,5.0
124404,1756,5.0
124404,814,5.0
124404,1738,5.0
124404,10,5.0
221139,2492,4.0
221139,230,5.0
221139,664,5.0
221139,1887,5.0
39322,2653,5.0
39322,5,4.0
39322,68,5.0
39322,285,5.0
39322,1887,5.0
39322,1539,5.0
570625,2653,5.0
570625,19,4.0
570625,2470,5.0
570625,1538,5.0
570625,1553,4.0
570625,2446,4.0
2007703,763,5.0
2007703,16,5.0
2007703,45,5.0
2007703,22,5.0
377929,763,5.0
377929,111,5.0
377929,2366,5.0
377929,968,5.0
55536,2539,5.0
55536,448,5.0
55536,1948,3.0
55536,22,5.0
1516722,2539,4.0
1516722,32,0.0
1516722,3176,5.0
1516722,259,5.0
1516722,2651,4.0
1516722,1832,5.0
1516722,4,5.0
351614,1112,5.0
351614,80,3.0
351614,3061,4.0
351614,149,5.0
351614,85,4.0
154588,470,5.0
154588,1617,4.0
154588,3212,5.0
154588,529,5.0
154588,1619,5.0
154588,1477,5.0
29212,1928,5.0
29212,1888,5.0
29212,1885,4.0
29212,34,4.0
29212,10,5.0
29212,15,5.0
51538,1928,4.0
51538,3272,5.0
51538,3175,5.0
51538,1480,5.0
328048,1928,5.0
328048,12,5.0
328048,2982,5.0
328048,45,5.0
328048,1519,5.0
328048,656,4.0
519708,1928,4.0
519708,3061,5.0
519708,619,5.0
519708,27,5.0
519708,3,5.0
517198,1928,5.0
517198,1901,5.0
517198,2089,5.0
517198,2301,3.0
517198,41,5.0
517198,2366,5.0
517198,274,5.0
517198,3,4.0
517198,1889,4.0
517198,192,5.0
517198,668,5.0
517198,657,5.0
777453,1928,5.0
777453,1890,5.0
777453,11,5.0
777453,661,5.0
777453,195,5.0
777453,2482,5.0
541453,1928,5.0
541453,2,5.0
541453,49,4.0
541453,1897,5.0
541453,356,5.0
79877,238,5.0
79877,548,5.0
79877,1912,5.0
79877,371,5.0
79877,1983,4.0
79877,1900,5.0
109855,238,5.0
109855,373,5.0
109855,2415,5.0
109855,42,5.0
233238,238,5.0
233238,3342,5.0
233238,76,5.0
233238,1557,5.0
233238,3223,3.0
233238,1998,5.0
233238,510,5.0
1266251,238,5.0
1266251,21,4.0
1266251,241,5.0
1266251,10,4.0
306469,238,5.0
306469,2,4.0
306469,1,5.0
306469,74,4.0
306469,656,5.0
306469,1951,5.0
1014979,238,5.0
1014979,508,5.0
1014979,19,5.0
1014979,667,4.0
238892,2878,5.0
238892,2965,5.0
238892,101,5.0
238892,237,5.0
644307,1917,5.0
644307,2561,5.0
644307,2873,5.0
644307,2288,5.0
644307,668,5.0
237795,536,5.0
237795,157,5.0
237795,2202,5.0
237795,2933,4.0
398964,2433,5.0
398964,2,5.0
398964,2060,5.0
398964,2516,4.0
380547,2433,4.0
380547,961,5.0
380547,52,3.0
380547,12,3.0
380547,306,4.0
380547,1888,5.0
380547,76,4.0
380547,3,4.0
380547,49,3.0
380547,2421,5.0
380547,2428,3.0
320549,2433,5.0
320549,2159,5.0
320549,1939,4.0
320549,961,5.0
320549,2937,5.0
320549,2366,5.0
320549,18,5.0
320549,963,5.0
320549,1896,4.0
704152,2433,5.0
704152,91,5.0
704152,2,5.0
704152,21,5.0
704152,2715,5.0
704152,202,5.0
357358,2433,4.0
357358,2437,5.0
357358,2,5.0
357358,432,5.0
357358,354,5.0
357358,328,5.0
357358,1956,4.0
357358,61,5.0
357358,1889,5.0
357358,341,4.0
357358,676,5.0
357358,4,5.0
357358,1900,5.0
357358,14,4.0
870928,2433,5.0
870928,136,5.0
870928,58,5.0
870928,2418,5.0
870928,2608,3.0
870928,2572,5.0
870928,1914,3.0
531256,2433,4.0
531256,6,5.0
531256,97,4.0
531256,1888,0.0
531256,661,3.0
531256,18,4.0
531256,1989,5.0
531256,1978,4.0
531256,656,4.0
531256,2417,5.0
531256,1887,4.0
441443,2433,5.0
441443,3342,5.0
441443,2415,4.0
441443,54,5.0
441443,1950,5.0
500790,272,4.0
500790,828,5.0
500790,1154,5.0
500790,101,4.0
185726,272,5.0
185726,228,5.0
185726,33,5.0
185726,1903,5.0
185726,2787,5.0
185726,672,5.0
185726,39,4.0
185726,1946,5.0
185726,22,5.0
185726,2676,5.0
185726,2350,5.0
37722,80,5.0
37722,84,5.0
37722,2415,5.0
37722,39,5.0
37722,337,5.0
37722,15,5.0
101376,80,5.0
101376,2437,5.0
101376,21,4.0
101376,2738,4.0
101376,1905,5.0
101376,2032,5.0
101376,3,5.0
101376,18,5.0
101376,2078,5.0
43110,80,3.0
43110,2420,5.0
43110,1943,5.0
43110,2065,4.0
43110,1,5.0
43110,758,4.0
43110,2474,5.0
43110,1539,4.0
589777,80,2.0
589777,2021,5.0
589777,2415,5.0
589777,2432,5.0
589777,1892,5.0
1190532,80,2.0
1190532,2507,5.0
1190532,125,4.0
1190532,236,5.0
1190532,185,4.0
1062366,80,4.0
1062366,1538,4.0
1062366,758,5.0
1062366,1896,5.0
201838,2772,5.0
201838,16,5.0
201838,664,5.0
201838,374,5.0
27798,2265,4.0
27798,2742,4.0
27798,96,5.0
27798,974,5.0
1375473,520,5.0
1375473,1967,4.0
1375473,1916,5.0
1375473,4,5.0
740430,228,0.0
740430,2366,0.0
740430,1912,5.0
740430,2727,5.0
740430,285,5.0
119984,2374,2.0
119984,2409,5.0
119984,2367,4.0
119984,1981,5.0
119984,1260,1.0
119984,15,5.0
119984,1887,3.0
345731,2374,4.0
345731,28,5.0
345731,961,5.0
345731,2432,5.0
345731,1890,5.0
345731,2948,3.0
345731,1908,4.0
345731,253,5.0
345731,22,5.0
345731,537,5.0
138435,2374,4.0
138435,2316,5.0
138435,3200,5.0
138435,2326,5.0
327938,2374,5.0
327938,1901,5.0
327938,1893,5.0
327938,3,5.0
327938,93,4.0
327938,1946,5.0
327938,10,5.0
327938,657,5.0
327938,2428,5.0
327938,637,4.0
327938,3156,5.0
37608,2420,5.0
37608,1256,5.0
37608,2941,5.0
37608,1532,5.0
37608,478,5.0
211457,2420,5.0
211457,663,5.0
211457,33,5.0
211457,1256,5.0
211457,1532,5.0
211457,83,5.0
211457,2368,5.0
211457,1890,5.0
211457,3,5.0
211457,672,5.0
211457,1472,3.0
171923,2420,5.0
171923,2,4.0
171923,663,5.0
171923,1659,5.0
171923,1667,4.0
171923,2461,4.0
225896,2420,5.0
225896,2415,5.0
225896,19,5.0
225896,250,3.0
656643,2420,3.0
656643,961,5.0
656643,2366,5.0
656643,968,5.0
675287,2420,5.0
675287,2142,5.0
675287,1835,5.0
675287,1949,5.0
675287,680,5.0
675287,2126,5.0
675287,3082,5.0
675287,1926,5.0
675287,1887,5.0
567959,2420,5.0
567959,1554,5.0
567959,1888,5.0
567959,668,5.0
567959,4,5.0
335606,2420,3.0
335606,3061,5.0
335606,663,5.0
335606,63,5.0
335606,658,5.0
335606,2310,5.0
335606,693,5.0
335606,675,4.0
335606,4,4.0
335606,1887,5.0
342234,2420,5.0
342234,299,5.0
342234,66,2.0
342234,3,4.0
811237,2420,5.0
811237,46,5.0
811237,11,5.0
811237,3,0.0
811237,408,5.0
243711,2420,5.0
243711,1304,5.0
243711,3061,5.0
243711,1885,5.0
243711,141,4.0
243711,22,5.0
243711,4,5.0
1230396,2420,5.0
1230396,539,5.0
1230396,1973,5.0
1230396,11,4.0
1230396,44,5.0
518927,2420,0.0
518927,2301,4.0
518927,149,0.0
518927,2430,4.0
518927,962,5.0
178017,2420,5.0
178017,1991,5.0
178017,661,5.0
178017,1920,5.0
456858,2420,5.0
456858,148,4.0
456858,1296,4.0
456858,656,3.0
456858,10,3.0
456858,2425,5.0
376986,2420,4.0
376986,2818,0.0
376986,1937,5.0
376986,1256,5.0
376986,68,3.0
376986,1540,2.0
376986,1541,4.0
1287831,2420,5.0
1287831,6,5.0
1287831,404,5.0
1287831,961,4.0
1287831,164,5.0
1287831,2118,5.0
1287831,112,5.0
738454,2420,5.0
738454,1007,5.0
738454,1574,5.0
738454,1282,5.0
738454,658,5.0
738454,656,5.0
738454,285,5.0
738454,936,5.0
115903,91,5.0
115903,2610,5.0
115903,2293,5.0
115903,1889,0.0
109404,91,5.0
109404,20,5.0
109404,21,4.0
109404,1,5.0
278218,91,3.0
278218,398,3.0
278218,2536,5.0
278218,287,3.0
278218,658,2.0
278218,2449,5.0
278218,532,4.0
278218,3208,4.0
278218,2017,5.0
445886,91,4.0
445886,2478,3.0
445886,2366,3.0
445886,2417,5.0
68503,91,5.0
68503,658,5.0
68503,1,5.0
68503,127,5.0
68503,401,5.0
117455,91,5.0
117455,2442,5.0
117455,2489,5.0
117455,81,5.0
470815,91,5.0
470815,79,5.0
470815,124,5.0
470815,23,5.0
314579,2140,5.0
314579,2674,5.0
314579,1365,4.0
314579,1170,3.0
314579,2966,5.0
314579,3102,5.0
645094,1418,5.0
645094,149,5.0
645094,2421,5.0
645094,662,4.0
234222,1190,5.0
234222,2536,5.0
234222,2418,5.0
234222,663,5.0
234222,2750,5.0
234222,3256,5.0
234222,658,5.0
234222,2630,5.0
234222,1888,5.0
234222,2732,5.0
234222,1293,5.0
234222,2491,5.0
234222,2481,5.0
335277,1190,5.0
335277,724,5.0
335277,3076,5.0
335277,104,5.0
335277,2888,5.0
1007259,1190,5.0
1007259,2818,4.0
1007259,293,4.0
1007259,2237,5.0
1007259,63,4.0
1007259,29,5.0
1007259,515,3.0
215956,2631,5.0
215956,663,5.0
215956,103,5.0
215956,414,5.0
215956,357,3.0
215956,1267,5.0
215956,657,5.0
297380,2631,5.0
297380,21,4.0
297380,1,3.0
297380,657,5.0
297380,14,5.0
1582524,2545,5.0
1582524,1494,5.0
1582524,104,5.0
1582524,2425,5.0
180243,387,4.0
180243,3037,5.0
180243,3346,5.0
180243,1421,5.0
312363,387,5.0
312363,2596,5.0
312363,1254,5.0
312363,108,4.0
312363,1926,5.0
355531,1305,5.0
355531,1586,5.0
355531,139,5.0
355531,2128,5.0
355531,28,5.0
355531,3061,5.0
355531,1888,5.0
355531,1889,5.0
355531,2593,5.0
355531,4,5.0
1926335,1305,5.0
1926335,46,4.0
1926335,3196,4.0
1926335,19,5.0
1926335,2651,5.0
1926335,2448,5.0
148180,1305,5.0
148180,16,5.0
148180,1888,5.0
148180,2429,5.0
148180,1942,5.0
148180,1573,5.0
148180,2428,0.0
587114,2660,5.0
587114,16,5.0
587114,2286,5.0
587114,183,4.0
587114,3,0.0
587114,656,5.0
189674,3007,5.0
189674,79,4.0
189674,2221,5.0
189674,10,4.0
189674,232,5.0
507614,1676,5.0
507614,2312,5.0
507614,1532,5.0
507614,2373,5.0
507614,967,5.0
507614,117,5.0
61010,698,5.0
61010,2168,5.0
61010,2623,4.0
61010,662,4.0
141293,698,5.0
141293,1863,5.0
141293,469,5.0
141293,2136,5.0
141293,46,5.0
141293,2555,5.0
141293,2007,5.0
141293,2227,5.0
141293,1954,5.0
141293,540,5.0
141293,2591,5.0
141293,101,5.0
141293,1962,5.0
141293,3217,5.0
141293,2940,5.0
141293,3122,5.0
141293,377,5.0
626995,3164,5.0
626995,2837,3.0
626995,751,5.0
626995,2826,5.0
54048,2437,5.0
54048,663,5.0
54048,383,5.0
54048,2448,5.0
54048,22,4.0
51501,2437,4.0
51501,2415,4.0
51501,970,4.0
51501,292,5.0
51501,86,5.0
41984,2437,5.0
41984,2039,5.0
41984,1885,5.0
41984,2448,5.0
41984,34,4.0
166475,2437,5.0
166475,380,4.0
166475,966,5.0
166475,29,5.0
166475,3,5.0
166475,1889,5.0
166475,973,5.0
166475,1892,4.0
441165,2437,5.0
441165,2422,4.0
441165,508,5.0
441165,1915,4.0
441165,3,5.0
441165,1976,5.0
441165,327,4.0
587978,2437,5.0
587978,2000,5.0
587978,46,5.0
587978,41,5.0
231198,2437,5.0
231198,63,5.0
231198,317,4.0
231198,1986,5.0
231198,171,5.0
231198,1458,5.0
231198,1377,5.0
231198,1892,5.0
306313,2437,5.0
306313,13,5.0
306313,2415,5.0
306313,3,5.0
868637,2437,5.0
868637,3068,5.0
868637,107,5.0
868637,664,5.0
868637,110,5.0
868637,14,5.0
25438,2437,5.0
25438,2551,0.0
25438,45,5.0
25438,1892,3.0
513848,2437,5.0
513848,20,5.0
513848,12,5.0
513848,658,5.0
513848,274,5.0
513848,415,5.0
513848,656,5.0
343665,3010,4.0
343665,1544,3.0
343665,1541,4.0
343665,3166,4.0
343665,2943,5.0
329671,2086,5.0
329671,6,5.0
329671,1964,5.0
329671,2820,5.0
548189,6,5.0
548189,46,4.0
548189,70,3.0
548189,2675,4.0
804920,6,5.0
804920,969,5.0
804920,2432,5.0
804920,110,5.0
804920,2180,5.0
804920,1956,5.0
804920,1270,5.0
804920,2430,5.0
804920,14,5.0
567380,6,5.0
567380,230,5.0
567380,901,5.0
567380,192,4.0
567380,15,5.0
532785,6,5.0
532785,1970,4.0
532785,2415,5.0
532785,2449,5.0
532785,1,5.0
532785,538,5.0
866963,6,5.0
866963,484,5.0
866963,1225,5.0
866963,663,5.0
866963,2215,5.0
866963,1959,5.0
866963,2366,5.0
866963,667,5.0
866963,303,5.0
866963,1926,5.0
239618,6,5.0
239618,156,4.0
239618,144,5.0
239618,2446,4.0
1361992,6,5.0
1361992,2286,5.0
1361992,2302,5.0
1361992,62,5.0
1629190,6,5.0
1629190,102,4.0
1629190,667,4.0
1629190,35,5.0
195175,6,5.0
195175,72,5.0
195175,95,5.0
195175,728,5.0
195175,73,5.0
195175,2424,5.0
195175,51,5.0
195175,259,5.0
195175,102,5.0
195175,666,5.0
195175,2815,5.0
233492,6,5.0
233492,28,5.0
233492,137,5.0
233492,93,5.0
233492,35,5.0
98761,6,0.0
98761,58,5.0
98761,95,5.0
98761,419,5.0
98761,3,5.0
98761,78,5.0
139381,6,5.0
139381,137,0.0
139381,2162,5.0
139381,1178,5.0
139381,1903,5.0
139381,1956,5.0
139381,115,5.0
139381,39,0.0
55829,6,5.0
55829,2,4.0
55829,2207,4.0
55829,1897,4.0
55829,219,5.0
55829,656,4.0
55829,42,4.0
55829,1896,0.0
695933,6,5.0
695933,1918,1.0
695933,2578,4.0
695933,647,5.0
695933,19,5.0
695933,622,4.0
695933,4,5.0
112489,2818,5.0
112489,2820,5.0
112489,2921,5.0
112489,3156,4.0
189280,1997,5.0
189280,84,4.0
189280,2162,4.0
189280,3034,5.0
189280,3222,0.0
189280,1371,5.0
189280,61,5.0
189280,1925,5.0
189280,667,5.0
189280,1451,5.0
189280,2999,0.0
189280,1087,5.0
189280,657,5.0
189280,1009,5.0
189280,2119,4.0
189280,971,4.0
823288,1997,5.0
823288,20,5.0
823288,60,5.0
823288,30,5.0
823288,657,5.0
823288,2423,5.0
205586,16,5.0
205586,3035,5.0
205586,1,5.0
205586,672,5.0
205586,2417,5.0
245301,16,5.0
245301,1540,5.0
245301,2443,5.0
245301,673,5.0
245301,1651,5.0
245301,693,4.0
245301,2450,3.0
245301,1958,5.0
395155,16,4.0
395155,13,5.0
395155,3,5.0
395155,3158,4.0
363149,16,5.0
363149,1719,4.0
363149,3184,3.0
363149,3146,4.0
363149,3,5.0
363149,1553,4.0
183767,16,5.0
183767,2833,5.0
183767,2443,5.0
183767,85,1.0
365368,16,5.0
365368,32,0.0
365368,2426,5.0
365368,112,5.0
365368,1892,5.0
535473,16,4.0
535473,5,5.0
535473,75,5.0
535473,992,4.0
956686,16,5.0
956686,2578,5.0
956686,21,5.0
956686,3,5.0
956686,2459,5.0
956686,1900,5.0
978517,16,5.0
978517,249,5.0
978517,2421,5.0
978517,22,5.0
978517,14,5.0
97871,16,5.0
97871,1991,5.0
97871,11,5.0
97871,1,5.0
97871,2430,5.0
97871,4,5.0
298070,16,5.0
298070,5,5.0
298070,2432,5.0
298070,18,5.0
298070,47,3.0
298070,34,5.0
298070,656,5.0
262966,16,4.0
262966,2775,1.0
262966,388,5.0
262966,1,5.0
262966,661,4.0
262966,3,5.0
262966,2445,4.0
262966,178,5.0
262966,10,5.0
262966,657,4.0
262966,1913,5.0
368889,16,5.0
368889,2143,5.0
368889,1888,5.0
368889,2450,5.0
1629974,16,5.0
1629974,991,5.0
1629974,66,5.0
1629974,2382,5.0
160756,16,5.0
160756,2438,0.0
160756,656,5.0
160756,14,4.0
41912,1943,5.0
41912,20,5.0
41912,1893,5.0
41912,1897,5.0
41564,1943,5.0
41564,20,5.0
41564,1941,5.0
41564,1090,5.0
41564,1897,5.0
42147,1943,5.0
42147,1941,5.0
42147,1090,5.0
42147,1897,5.0
42147,2278,4.0
60727,1943,3.0
60727,20,5.0
60727,670,5.0
60727,15,2.0
291164,1943,5.0
291164,2453,5.0
291164,94,5.0
291164,3115,5.0
291164,1,5.0
411647,1943,3.0
411647,57,5.0
411647,11,5.0
411647,2429,5.0
411647,683,4.0
411647,2294,5.0
411647,832,5.0
411647,112,4.0
475005,1961,5.0
475005,658,5.0
475005,380,5.0
475005,2423,5.0
1166993,1961,5.0
1166993,1647,5.0
1166993,1093,5.0
1166993,3177,5.0
1166993,3197,5.0
1166993,793,5.0
1166993,420,5.0
1166993,22,5.0
321965,689,5.0
321965,1937,5.0
321965,723,4.0
321965,3183,5.0
349071,3264,4.0
349071,125,4.0
349071,658,4.0
349071,1889,5.0
110875,2902,5.0
110875,2866,4.0
110875,1546,5.0
110875,53,5.0
110875,1540,5.0
110875,1533,5.0
110875,2816,5.0
110875,1438,5.0
341170,454,5.0
341170,2149,4.0
341170,270,5.0
341170,2169,5.0
341170,2784,4.0
341170,1847,5.0
341170,1262,5.0
341170,1550,5.0
341170,126,5.0
341170,2429,4.0
341170,597,3.0
341170,2509,5.0
341170,325,5.0
294255,1234,5.0
294255,2449,5.0
294255,3,5.0
294255,1278,3.0
294255,964,5.0
294255,2430,5.0
294255,2722,5.0
219278,2952,4.0
219278,72,5.0
219278,820,4.0
219278,3342,4.0
219278,967,5.0
219278,2489,5.0
219278,3,4.0
219278,657,4.0
219278,1260,5.0
1520721,1586,3.0
1520721,12,4.0
1520721,3342,4.0
1520721,1580,0.0
1520721,3082,5.0
1520721,2116,2.0
113117,373,4.0
113117,3061,5.0
113117,376,5.0
113117,39,5.0
400783,426,4.0
400783,167,5.0
400783,3039,3.0
400783,10,5.0
400783,1907,5.0
179757,426,5.0
179757,13,5.0
179757,1916,5.0
179757,658,5.0
179757,2481,5.0
179757,22,5.0
64631,1906,5.0
64631,1154,5.0
64631,45,5.0
64631,657,4.0
64631,2146,5.0
704932,1906,5.0
704932,43,5.0
704932,2415,3.0
704932,45,5.0
556011,1906,4.0
556011,961,5.0
556011,46,3.0
556011,2422,5.0
556011,116,4.0
556011,2290,5.0
556011,656,5.0
556011,2428,3.0
114287,1906,5.0
114287,5,5.0
114287,1897,5.0
114287,1887,5.0
111347,1906,5.0
111347,3061,4.0
111347,193,5.0
111347,132,4.0
111347,293,5.0
111347,101,5.0
69904,2507,5.0
69904,3063,5.0
69904,1158,5.0
69904,2499,5.0
69904,2850,4.0
69904,2473,5.0
69904,3160,5.0
69904,1236,5.0
69904,445,3.0
69904,1573,5.0
69904,2249,5.0
69904,510,5.0
69904,2731,5.0
1098228,1845,5.0
1098228,1271,5.0
1098228,148,5.0
1098228,1834,3.0
1098228,124,2.0
1098228,250,5.0
1098228,4,5.0
169166,1845,3.0
169166,2286,5.0
169166,21,4.0
169166,1890,5.0
169166,532,4.0
169166,1295,2.0
934416,729,1.0
934416,3342,5.0
934416,1580,5.0
934416,1923,4.0
74736,717,5.0
74736,148,4.0
74736,391,5.0
74736,2432,5.0
74736,47,5.0
74736,144,5.0
74736,2698,3.0
74736,280,5.0
26278,2005,5.0
26278,380,5.0
26278,1541,5.0
26278,81,4.0
651633,2005,4.0
651633,2426,5.0
651633,658,5.0
651633,1888,5.0
651633,274,5.0
651633,2090,2.0
651633,2113,5.0
651633,1889,5.0
651633,2443,5.0
251686,167,5.0
251686,2160,5.0
251686,2537,5.0
251686,1987,5.0
251686,1885,5.0
251686,2470,4.0
251686,337,5.0
251686,675,5.0
293971,167,5.0
293971,2434,5.0
293971,2190,5.0
293971,13,5.0
293971,168,5.0
86520,393,5.0
86520,5,5.0
86520,162,5.0
86520,1910,5.0
86520,322,4.0
199953,393,5.0
199953,2,4.0
199953,2435,4.0
199953,2455,5.0
199953,3211,5.0
239229,67,5.0
239229,2,5.0
239229,1,5.0
239229,10,4.0
239229,4,5.0
407088,67,5.0
407088,1402,5.0
407088,3065,5.0
407088,1990,0.0
407088,2542,5.0
407088,2481,4.0
395981,67,5.0
395981,177,5.0
395981,961,1.0
395981,199,4.0
395981,1930,3.0
395981,2443,4.0
395981,2451,5.0
395981,104,5.0
395981,2436,5.0
1086570,67,5.0
1086570,2033,5.0
1086570,2165,5.0
1086570,1006,3.0
170990,151,5.0
170990,1,5.0
170990,672,5.0
170990,522,5.0
259150,151,5.0
259150,1148,5.0
259150,2372,5.0
259150,3,4.0
259150,668,4.0
15521,151,5.0
15521,1901,5.0
15521,3163,5.0
15521,2465,5.0
15521,2665,5.0
15521,2763,5.0
15521,70,5.0
15521,2704,5.0
15521,1396,5.0
15521,2424,4.0
15521,667,5.0
15521,22,5.0
15521,2269,5.0
15521,2526,5.0
279532,2286,5.0
279532,1272,5.0
279532,61,4.0
279532,530,5.0
279532,668,5.0
279532,3155,5.0
709527,2286,5.0
709527,2302,5.0
709527,116,5.0
709527,508,5.0
709527,2432,5.0
709527,1956,5.0
709527,39,5.0
474155,2286,5.0
474155,2632,5.0
474155,1555,5.0
474155,23,5.0
29110,2286,5.0
29110,728,4.0
29110,383,4.0
29110,2947,5.0
629505,2286,5.0
629505,2898,5.0
629505,1687,5.0
629505,2287,5.0
629505,160,5.0
629505,4,5.0
337785,2286,0.0
337785,19,5.0
337785,76,5.0
337785,190,5.0
954129,2286,5.0
954129,2302,5.0
954129,2096,5.0
954129,2039,5.0
954129,1995,5.0
954129,1346,5.0
2001057631,2286,5.0
2001057631,2453,4.0
2001057631,1934,4.0
2001057631,2287,4.0
233801,1937,5.0
233801,13,5.0
233801,3,5.0
233801,1560,5.0
113517,1937,5.0
113517,5,5.0
113517,1836,5.0
113517,13,5.0
113517,3342,5.0
113517,3148,5.0
113517,2450,5.0
581224,136,3.0
581224,2221,4.0
581224,2429,4.0
581224,661,5.0
581224,2451,4.0
357389,136,4.0
357389,28,5.0
357389,2055,4.0
357389,2198,5.0
357389,2422,5.0
357389,21,4.0
357389,2424,5.0
357389,156,5.0
357389,2481,5.0
357389,10,5.0
357389,4,5.0
234727,813,5.0
234727,177,5.0
234727,2828,5.0
234727,2944,5.0
234727,1685,5.0
740255,2710,5.0
740255,13,5.0
740255,2415,5.0
740255,2915,5.0
740255,2530,4.0
740255,1998,5.0
180156,2710,5.0
180156,789,5.0
180156,3,5.0
180156,2278,4.0
335614,3030,5.0
335614,3063,5.0
335614,2690,4.0
335614,488,5.0
335614,402,5.0
335614,3126,5.0
335614,2323,5.0
335614,3090,5.0
143811,32,4.0
143811,99,5.0
143811,2020,5.0
143811,1889,5.0
50141,32,5.0
50141,390,5.0
50141,2422,5.0
50141,1885,4.0
50141,2685,5.0
50141,338,5.0
50141,661,4.0
50141,163,5.0
50141,47,4.0
50141,2441,5.0
50141,515,4.0
50141,10,5.0
50141,2705,5.0
50141,2672,4.0
50141,2460,5.0
50141,232,5.0
50141,15,5.0
50141,2423,3.0
50141,1892,4.0
50141,384,5.0
50141,14,5.0
403193,32,5.0
403193,1391,5.0
403193,2581,5.0
403193,233,5.0
403193,1934,5.0
646304,32,5.0
646304,12,2.0
646304,388,5.0
646304,2483,5.0
646304,39,3.0
646304,656,4.0
646304,42,3.0
646304,2460,5.0
599261,32,5.0
599261,95,1.0
599261,2367,4.0
599261,1989,3.0
599261,2421,5.0
798300,32,5.0
798300,105,4.0
798300,45,5.0
798300,308,5.0
111393,32,5.0
111393,43,5.0
111393,1909,5.0
111393,1951,5.0
804670,32,4.0
804670,172,5.0
804670,2449,5.0
804670,2640,5.0
333374,32,5.0
333374,12,5.0
333374,1992,5.0
333374,2460,5.0
333374,1892,5.0
1153793,32,5.0
1153793,659,4.0
1153793,12,5.0
1153793,1189,5.0
1153793,212,3.0
1153793,2067,5.0
403729,32,4.0
403729,20,4.0
403729,1836,4.0
403729,2142,4.0
403729,362,4.0
403729,1903,4.0
403729,2264,5.0
403729,2504,5.0
403729,784,4.0
403729,1260,4.0
403729,22,5.0
403729,15,5.0
403729,235,5.0
62806,1974,5.0
62806,5,5.0
62806,2503,5.0
62806,740,5.0
91340,3063,5.0
91340,583,5.0
91340,3224,5.0
91340,51,5.0
91340,1009,5.0
430663,207,5.0
430663,1893,5.0
430663,194,5.0
430663,212,4.0
430663,4,5.0
227164,207,5.0
227164,1940,5.0
227164,988,5.0
227164,1177,5.0
814629,207,5.0
814629,12,4.0
814629,2211,5.0
814629,515,3.0
814629,150,5.0
814629,108,5.0
677954,196,5.0
677954,28,4.0
677954,3061,5.0
677954,1298,5.0
358870,58,5.0
358870,28,5.0
358870,21,4.0
358870,334,5.0
358870,3,5.0
358870,153,5.0
358870,1950,5.0
1076165,58,5.0
1076165,28,5.0
1076165,1909,4.0
1076165,10,4.0
326216,99,4.0
326216,2418,5.0
326216,79,4.0
326216,60,4.0
353394,99,5.0
353394,2435,5.0
353394,664,4.0
353394,666,5.0
187349,99,5.0
187349,68,5.0
187349,2500,5.0
187349,510,4.0
165308,2525,4.0
165308,1152,3.0
165308,1153,3.0
165308,2502,3.0
165308,2450,2.0
30228,2525,5.0
30228,1908,4.0
30228,23,4.0
30228,2182,3.0
592373,2525,5.0
592373,2418,5.0
592373,75,1.0
592373,1,5.0
592373,1844,4.0
592373,10,5.0
592373,740,4.0
233182,1901,4.0
233182,79,5.0
233182,3005,5.0
233182,35,5.0
93911,1901,5.0
93911,1888,0.0
93911,661,4.0
93911,144,5.0
93911,1919,5.0
93911,178,5.0
93911,2446,5.0
93911,4,5.0
93911,345,5.0
163995,139,5.0
163995,75,5.0
163995,2423,4.0
163995,123,5.0
138799,139,5.0
138799,2055,5.0
138799,12,5.0
138799,363,5.0
138799,292,5.0
138799,3,5.0
138799,1993,5.0
384507,139,5.0
384507,28,5.0
384507,2207,5.0
384507,4,4.0
183253,139,5.0
183253,2524,5.0
183253,1885,5.0
183253,620,5.0
183253,530,5.0
20114,2517,5.0
20114,1256,5.0
20114,1264,5.0
20114,1588,5.0
85414,2517,4.0
85414,73,5.0
85414,2476,5.0
85414,79,5.0
85414,392,4.0
85414,2422,4.0
85414,1947,4.0
85414,53,5.0
85414,1995,5.0
85414,1276,5.0
85414,2448,5.0
85414,1288,5.0
85414,2052,4.0
85414,2425,4.0
1202811,2517,4.0
1202811,427,5.0
1202811,2295,5.0
1202811,2417,5.0
345142,1831,5.0
345142,946,3.0
345142,658,5.0
345142,1905,5.0
345142,957,5.0
345142,947,5.0
345142,954,5.0
345142,955,5.0
345142,964,5.0
163077,3271,5.0
163077,3150,5.0
163077,1629,5.0
163077,2053,5.0
577388,1518,4.0
577388,72,0.0
577388,3086,4.0
577388,2583,5.0
142200,2453,5.0
142200,2424,4.0
142200,1890,5.0
142200,243,5.0
142200,514,5.0
142200,1907,5.0
1872810,2453,5.0
1872810,3061,5.0
1872810,1888,5.0
1872810,1902,5.0
1872810,10,5.0
1872810,1900,5.0
57003,395,4.0
57003,2021,3.0
57003,780,5.0
57003,1885,5.0
70356,395,5.0
70356,1256,5.0
70356,10,5.0
70356,1900,5.0
809596,684,5.0
809596,51,5.0
809596,1999,5.0
809596,2796,5.0
809596,1923,4.0
321227,1638,5.0
321227,2536,5.0
321227,797,5.0
321227,54,4.0
321227,688,5.0
321227,2444,5.0
269656,2739,5.0
269656,2756,1.0
269656,101,5.0
269656,100,5.0
544992,2739,5.0
544992,2311,5.0
544992,144,5.0
544992,265,5.0
544074,2739,5.0
544074,2951,5.0
544074,800,5.0
544074,1260,5.0
544074,1907,5.0
31316,200,5.0
31316,2426,5.0
31316,703,4.0
31316,697,4.0
31316,19,5.0
31316,47,5.0
31316,2404,5.0
31316,2370,5.0
179003,1609,5.0
179003,1803,5.0
179003,1800,2.0
179003,1532,5.0
179003,1619,2.0
179003,1592,5.0
179003,1639,2.0
113678,754,5.0
113678,2476,3.0
113678,3035,5.0
113678,551,5.0
113678,964,5.0
230579,754,5.0
230579,1304,5.0
230579,2085,5.0
230579,1044,5.0
230579,2973,5.0
230579,1563,5.0
230579,1612,5.0
230579,2857,5.0
230579,2839,5.0
293946,1067,5.0
293946,2598,5.0
293946,1447,5.0
293946,2620,5.0
293946,3,5.0
29166,659,5.0
29166,175,5.0
29166,18,5.0
29166,2425,5.0
27060,659,5.0
27060,2418,5.0
27060,21,5.0
27060,1885,5.0
27060,47,5.0
27060,22,5.0
117974,659,5.0
117974,226,5.0
117974,2422,4.0
117974,2415,5.0
117974,508,5.0
117974,1885,5.0
117974,2429,5.0
117974,1,5.0
117974,3,5.0
117974,1897,5.0
117974,1533,3.0
117974,2444,5.0
117974,962,5.0
117974,1887,5.0
126602,659,5.0
126602,2530,5.0
126602,39,5.0
126602,144,5.0
126602,2423,5.0
126602,2436,4.0
48956,659,5.0
48956,11,5.0
48956,2661,5.0
48956,2276,5.0
48956,153,5.0
202661,659,5.0
202661,176,5.0
202661,663,0.0
202661,46,0.0
202661,1968,5.0
202661,189,5.0
202661,2806,5.0
262423,659,5.0
262423,3364,5.0
262423,3342,5.0
262423,508,5.0
262423,662,4.0
285867,659,4.0
285867,1939,4.0
285867,41,5.0
285867,233,5.0
285867,1887,5.0
398642,659,3.0
398642,2424,5.0
398642,11,5.0
398642,2881,4.0
398642,14,4.0
395713,659,5.0
395713,3061,5.0
395713,694,4.0
395713,1955,5.0
395713,301,4.0
395713,2023,5.0
395713,682,2.0
395713,22,5.0
395713,962,4.0
552052,659,5.0
552052,27,0.0
552052,2443,4.0
552052,2423,4.0
487868,659,1.0
487868,18,4.0
487868,987,5.0
487868,45,3.0
82772,659,5.0
82772,664,4.0
82772,41,5.0
82772,38,5.0
82772,11,5.0
82772,3062,5.0
82772,662,5.0
395929,1544,5.0
395929,1543,5.0
395929,1532,5.0
395929,895,5.0
1410862,1544,5.0
1410862,1939,5.0
1410862,2108,4.0
1410862,107,5.0
1410862,1532,5.0
1410862,1953,0.0
1410862,247,4.0
340533,781,5.0
340533,2828,5.0
340533,1919,5.0
340533,2938,5.0
705251,57,5.0
705251,97,5.0
705251,2012,5.0
705251,437,5.0
705251,1959,4.0
705251,2131,5.0
705251,248,5.0
705251,382,5.0
705251,118,4.0
705251,1165,5.0
705251,1935,4.0
705251,656,5.0
705251,169,5.0
705251,30,5.0
705251,829,5.0
1440657,57,3.0
1440657,2432,0.0
1440657,34,4.0
1440657,44,5.0
310001,57,5.0
310001,46,4.0
310001,41,5.0
310001,2424,4.0
310001,1907,5.0
1098997,57,3.0
1098997,2455,5.0
1098997,214,5.0
1098997,1889,4.0
1098997,2421,5.0
1098997,302,5.0
793153,2048,5.0
793153,2,5.0
793153,3162,5.0
793153,970,5.0
793153,11,5.0
793153,3146,5.0
793153,954,5.0
41888,3241,5.0
41888,986,5.0
41888,137,5.0
41888,123,5.0
39857,3171,5.0
39857,2544,5.0
39857,3364,5.0
39857,3293,5.0
39857,497,5.0
39857,1200,5.0
39857,1537,5.0
316250,3171,4.0
316250,1966,4.0
316250,2422,5.0
316250,3148,4.0
316250,1998,5.0
139051,1272,5.0
139051,52,3.0
139051,47,5.0
139051,127,5.0
90767,1272,5.0
90767,986,5.0
90767,712,5.0
90767,1834,5.0
90767,1075,5.0
90767,2355,5.0
90767,973,5.0
1048179,1272,4.0
1048179,2628,4.0
1048179,1298,5.0
1048179,3294,5.0
1048179,269,5.0
920589,2824,2.0
920589,1918,5.0
920589,1730,5.0
920589,1300,5.0
647466,2149,5.0
647466,961,5.0
647466,75,5.0
647466,970,5.0
647466,1934,5.0
647466,39,5.0
647466,34,4.0
647466,1926,5.0
458914,1027,3.0
458914,2465,4.0
458914,2011,3.0
458914,1151,4.0
1105991,1088,5.0
1105991,1046,5.0
1105991,3068,5.0
1105991,1267,5.0
1105991,2232,5.0
785604,2021,5.0
785604,149,4.0
785604,2366,5.0
785604,2487,5.0
785604,3,5.0
785604,2443,5.0
785604,2287,5.0
785604,42,5.0
643263,1271,5.0
643263,2142,5.0
643263,3342,5.0
643263,2422,5.0
643263,658,5.0
643263,1888,4.0
643263,2432,5.0
198580,364,5.0
198580,338,5.0
198580,252,5.0
198580,2947,5.0
566751,2218,4.0
566751,2535,5.0
566751,677,5.0
566751,1045,5.0
566751,158,5.0
1132567,2218,5.0
1132567,424,5.0
1132567,1044,5.0
1132567,1037,5.0
1132567,1912,5.0
152855,2540,4.0
152855,354,5.0
152855,19,4.0
152855,119,4.0
482454,2540,5.0
482454,656,5.0
482454,2444,5.0
482454,2496,5.0
246507,2465,5.0
246507,2823,5.0
246507,1721,5.0
246507,1612,5.0
183098,2465,5.0
183098,175,5.0
183098,165,5.0
183098,1,5.0
183098,105,5.0
183098,1887,5.0
230268,2465,5.0
230268,5,5.0
230268,1256,5.0
230268,83,5.0
230268,2425,5.0
230268,662,5.0
437767,230,5.0
437767,2,4.0
437767,95,4.0
437767,3061,2.0
437767,912,4.0
437767,75,4.0
437767,2251,3.0
437767,103,4.0
437767,1538,5.0
1027074,230,5.0
1027074,2469,5.0
1027074,2962,5.0
1027074,1832,5.0
1027074,1896,5.0
1027074,544,5.0
1027074,1535,5.0
46104,2524,5.0
46104,2697,0.0
46104,19,5.0
46104,2449,4.0
46104,1925,5.0
46104,2031,5.0
46104,1573,5.0
46104,1072,5.0
46104,104,5.0
46104,1887,5.0
46104,14,4.0
502504,1339,5.0
502504,70,5.0
502504,2135,5.0
502504,1496,5.0
650373,1339,5.0
650373,54,5.0
650373,2482,5.0
650373,2888,5.0
271618,181,5.0
271618,2418,5.0
271618,46,5.0
271618,2812,5.0
271618,15,5.0
212088,181,5.0
212088,2435,4.0
212088,1888,5.0
212088,962,5.0
212088,14,5.0
470211,181,5.0
470211,1885,5.0
470211,18,5.0
470211,35,5.0
424494,181,5.0
424494,20,4.0
424494,3061,2.0
424494,2442,3.0
424494,1888,5.0
424494,966,4.0
424494,1533,3.0
424494,1887,3.0
230912,181,5.0
230912,2426,4.0
230912,309,5.0
230912,1925,4.0
309422,5,5.0
309422,2418,5.0
309422,1888,4.0
309422,119,4.0
37463,5,5.0
37463,961,5.0
37463,2098,5.0
37463,1885,3.0
37463,11,3.0
37463,1844,5.0
37463,1897,5.0
37463,2158,3.0
37463,662,5.0
74288,5,5.0
74288,3154,5.0
74288,53,5.0
74288,3,5.0
74288,18,4.0
74288,1914,5.0
80778,5,5.0
80778,2,5.0
80778,397,4.0
80778,47,5.0
80778,10,5.0
80778,1914,5.0
97901,5,5.0
97901,148,5.0
97901,46,5.0
97901,2777,5.0
97901,250,4.0
317418,5,5.0
317418,1888,4.0
317418,3,4.0
317418,47,4.0
317418,4,5.0
164471,5,5.0
164471,283,5.0
164471,2460,5.0
164471,1887,5.0
356620,5,5.0
356620,331,5.0
356620,2752,5.0
356620,210,5.0
356620,2460,5.0
356620,1923,5.0
356620,4,5.0
196341,5,5.0
196341,21,4.0
196341,101,5.0
196341,973,5.0
508459,5,5.0
508459,2476,5.0
508459,2215,5.0
508459,1885,5.0
508459,1542,4.0
508459,2421,5.0
508459,1887,5.0
508459,345,5.0
360030,5,5.0
360030,28,4.0
360030,2279,5.0
360030,21,2.0
360030,3191,5.0
360030,69,5.0
360030,2417,5.0
360030,42,4.0
360030,4,5.0
360030,1887,5.0
171063,5,5.0
171063,2349,5.0
171063,1706,5.0
171063,1646,5.0
171063,1153,5.0
171063,1560,4.0
416758,5,5.0
416758,3342,5.0
416758,2373,5.0
416758,41,5.0
416758,2782,5.0
11009,5,5.0
11009,75,5.0
11009,1423,5.0
11009,11,5.0
11009,327,5.0
11009,1919,5.0
11009,2816,5.0
11009,1926,5.0
11009,1887,5.0
238563,5,5.0
238563,2,5.0
238563,70,5.0
238563,658,5.0
238563,2415,5.0
238563,10,5.0
247759,5,5.0
247759,19,5.0
247759,29,4.0
247759,1348,4.0
463412,5,5.0
463412,21,5.0
463412,83,5.0
463412,3,5.0
692025,5,5.0
692025,28,5.0
692025,3148,5.0
692025,1535,5.0
305664,5,5.0
305664,2020,5.0
305664,2449,5.0
305664,103,4.0
305664,1915,4.0
965732,5,5.0
965732,46,0.0
965732,2233,5.0
965732,23,5.0
965732,579,5.0
630047,5,5.0
630047,63,3.0
630047,1889,5.0
630047,2287,4.0
630047,10,4.0
443534,5,5.0
443534,3178,3.0
443534,69,3.0
443534,252,3.0
295751,5,5.0
295751,3,5.0
295751,1310,4.0
295751,2446,4.0
1410992,5,4.0
1410992,1533,3.0
1410992,1260,5.0
1410992,4,1.0
563726,2600,4.0
563726,2,5.0
563726,1890,5.0
563726,3146,5.0
563726,3062,5.0
563726,1533,4.0
563726,285,5.0
23302,1963,2.0
23302,2039,5.0
23302,1888,5.0
23302,2673,5.0
23302,2450,5.0
448004,72,5.0
448004,1890,5.0
448004,2053,5.0
448004,1584,5.0
448004,15,4.0
520644,72,3.0
520644,2863,5.0
520644,41,5.0
520644,83,5.0
520644,3075,5.0
520644,2514,5.0
520644,2576,4.0
520644,1889,4.0
520644,2538,5.0
520644,1556,4.0
520644,2430,4.0
156653,1963,4.0
156653,2471,5.0
156653,21,5.0
156653,1948,5.0
156653,2569,5.0
156653,1885,5.0
156653,668,3.0
156653,42,5.0
156653,2460,5.0
156653,1876,5.0
156653,1892,5.0
27452,28,5.0
27452,2056,5.0
27452,1905,5.0
27452,2424,5.0
27452,1885,5.0
48305,28,5.0
48305,802,4.0
48305,2604,3.0
48305,678,4.0
48305,1902,4.0
48305,1517,5.0
48305,3,5.0
48305,656,5.0
48305,457,4.0
48305,1892,5.0
488587,28,4.0
488587,2847,5.0
488587,2580,5.0
488587,2288,5.0
488587,508,0.0
488587,682,5.0
96358,28,4.0
96358,52,5.0
96358,2424,5.0
96358,35,5.0
219227,28,3.0
219227,2,5.0
219227,115,5.0
219227,44,5.0
1637646,28,5.0
1637646,707,0.0
1637646,18,4.0
1637646,39,5.0
1637646,675,2.0
1637646,2019,5.0
1637646,662,5.0
75726,28,0.0
75726,2,4.0
75726,73,4.0
75726,3302,4.0
343981,2479,5.0
343981,1268,5.0
343981,758,4.0
343981,656,5.0
343981,2417,5.0
343981,719,5.0
43216,2,5.0
43216,134,4.0
43216,21,5.0
43216,29,4.0
67575,2,4.0
67575,2256,5.0
67575,105,4.0
67575,250,5.0
67575,980,4.0
224645,2,5.0
224645,165,5.0
224645,110,5.0
224645,1,5.0
168416,2,5.0
168416,75,4.0
168416,1885,4.0
168416,309,5.0
168416,178,4.0
168416,42,5.0
168416,1892,5.0
50182,2,5.0
50182,1909,5.0
50182,86,5.0
50182,3,5.0
57324,2,5.0
57324,1885,5.0
57324,371,5.0
57324,672,5.0
57324,2294,5.0
356738,2,5.0
356738,1890,4.0
356738,1998,4.0
356738,1887,4.0
356738,1900,3.0
443447,2,5.0
443447,137,5.0
443447,208,5.0
443447,47,5.0
331817,2,5.0
331817,508,5.0
331817,1890,4.0
331817,2564,5.0
331817,2429,5.0
331817,2597,5.0
343958,2,5.0
343958,664,3.0
343958,2424,4.0
343958,3,4.0
343958,3050,3.0
480935,2,2.0
480935,20,5.0
480935,94,5.0
480935,656,3.0
542891,2,5.0
542891,1970,4.0
542891,807,5.0
542891,666,5.0
542891,2562,0.0
542891,14,5.0
603504,2,0.0
603504,12,0.0
603504,49,5.0
603504,150,5.0
544373,2,5.0
544373,2707,5.0
544373,150,5.0
544373,4,5.0
417474,2,5.0
417474,658,5.0
417474,1835,5.0
417474,135,5.0
417474,3173,4.0
417474,2992,4.0
417474,2428,5.0
650247,2,5.0
650247,38,0.0
650247,656,5.0
650247,14,2.0
648115,2,5.0
648115,29,4.0
648115,1549,5.0
648115,377,4.0
296970,2,4.0
296970,2536,5.0
296970,19,5.0
296970,1550,5.0
296970,2417,5.0
296970,2074,4.0
55818,95,5.0
55818,1911,5.0
55818,2135,5.0
55818,2052,5.0
171345,95,5.0
171345,2415,5.0
171345,2550,5.0
171345,666,5.0
206861,95,2.0
206861,3159,4.0
206861,2009,5.0
206861,47,4.0
42822,20,5.0
42822,695,5.0
42822,1897,5.0
42822,2423,5.0
237804,1918,5.0
237804,51,5.0
237804,217,5.0
237804,42,5.0
237804,1923,5.0
175910,20,5.0
175910,1911,5.0
175910,29,5.0
175910,2733,4.0
346353,20,2.0
346353,40,5.0
346353,2424,5.0
346353,51,5.0
291378,20,5.0
291378,658,4.0
291378,1909,5.0
291378,1930,4.0
291378,2087,5.0
291378,2528,4.0
291378,2802,5.0
291378,2423,5.0
809828,20,5.0
809828,523,5.0
809828,668,5.0
809828,23,5.0
809828,198,5.0
299685,20,3.0
299685,40,3.0
299685,351,5.0
299685,1930,3.0
299685,1908,4.0
299685,2950,3.0
299685,81,5.0
299685,962,5.0
357071,20,5.0
357071,2455,5.0
357071,236,5.0
357071,2432,5.0
357071,53,5.0
357071,219,5.0
357071,169,5.0
1195113,20,5.0
1195113,2440,5.0
1195113,2423,4.0
1195113,1892,5.0
226294,20,5.0
226294,12,5.0
226294,2367,4.0
226294,54,3.0
226294,1890,5.0
226294,2687,5.0
226294,1942,5.0
226294,656,3.0
226294,1907,5.0
226294,925,5.0
4601,2091,5.0
4601,712,5.0
4601,2763,5.0
4601,2422,3.0
4601,2145,5.0
4601,2513,5.0
4601,29,3.0
4601,202,5.0
4601,657,5.0
4601,2516,5.0
218383,2250,5.0
218383,1939,5.0
218383,2256,5.0
218383,3166,5.0
218383,662,5.0
78960,1991,5.0
78960,429,5.0
78960,2503,5.0
78960,39,5.0
78960,403,5.0
78960,1914,5.0
78960,2423,5.0
86041,1991,5.0
86041,2480,4.0
86041,2117,4.0
86041,1993,5.0
86041,2423,5.0
154570,1677,5.0
154570,132,5.0
154570,2434,5.0
154570,1552,5.0
154570,2204,5.0
154570,2444,5.0
26942,1911,5.0
26942,727,4.0
26942,2090,4.0
26942,65,5.0
76001,1911,5.0
76001,12,5.0
76001,1337,5.0
76001,1905,5.0
76001,1948,5.0
76001,324,5.0
76001,2548,5.0
76001,1912,5.0
76001,1,5.0
76001,371,5.0
131659,1911,5.0
131659,523,5.0
131659,1903,5.0
131659,567,5.0
1350389,1911,5.0
1350389,2098,5.0
1350389,2875,5.0
1350389,889,5.0
1350389,1920,5.0
1350389,675,5.0
1350389,1572,5.0
1350389,1900,5.0
499854,125,5.0
499854,100,4.0
499854,62,4.0
499854,2423,4.0
93430,404,5.0
93430,2493,4.0
93430,1949,3.0
93430,656,4.0
53609,1836,5.0
53609,68,5.0
53609,43,5.0
53609,1977,4.0
745523,1614,5.0
745523,176,5.0
745523,1332,4.0
745523,1945,5.0
316460,1614,5.0
316460,2435,5.0
316460,1337,5.0
316460,1554,5.0
316460,1532,5.0
316460,34,5.0
521566,209,5.0
521566,46,5.0
521566,111,5.0
521566,346,5.0
521566,29,5.0
801264,209,4.0
801264,33,5.0
801264,998,5.0
801264,49,4.0
227989,583,4.0
227989,1939,5.0
227989,2426,3.0
227989,1256,5.0
227989,2424,4.0
227989,210,4.0
328077,188,5.0
328077,424,5.0
328077,1493,5.0
328077,3,5.0
328077,2421,5.0
328077,2940,5.0
307532,188,5.0
307532,1266,5.0
307532,1885,5.0
307532,53,5.0
307532,14,5.0
2415380,188,5.0
2415380,172,5.0
2415380,2378,5.0
2415380,1573,5.0
2415380,662,4.0
75805,2582,5.0
75805,176,5.0
75805,317,5.0
75805,53,5.0
75805,120,5.0
171904,176,0.0
171904,2290,5.0
171904,978,5.0
171904,1,5.0
171904,1896,5.0
171904,23,0.0
914360,1351,5.0
914360,216,5.0
914360,2010,0.0
914360,206,5.0
914360,130,5.0
914360,518,5.0
914360,2532,5.0
914360,683,0.0
2193374,1351,5.0
2193374,130,5.0
2193374,2532,5.0
2193374,683,5.0
105471,282,4.0
105471,13,5.0
105471,278,5.0
105471,326,4.0
105471,2019,5.0
255344,2093,5.0
255344,1256,5.0
255344,368,5.0
255344,1900,5.0
696423,2055,5.0
696423,33,5.0
696423,514,5.0
696423,1953,5.0
696423,2444,5.0
1038619,2955,5.0
1038619,2963,5.0
1038619,2825,4.0
1038619,38,5.0
1038619,2859,5.0
274866,2435,4.0
274866,568,5.0
274866,1952,5.0
274866,2417,5.0
274866,2475,4.0
274866,78,5.0
274866,2423,5.0
60304,2435,5.0
60304,70,5.0
60304,686,5.0
60304,2231,5.0
60304,2464,5.0
467583,2435,3.0
467583,663,5.0
467583,1802,4.0
467583,68,5.0
1348747,2435,4.0
1348747,1532,5.0
1348747,1431,2.0
1348747,4,5.0
207663,2435,5.0
207663,658,5.0
207663,48,5.0
207663,1902,5.0
207663,141,5.0
207663,1,5.0
207663,2475,5.0
1157312,2435,5.0
1157312,13,5.0
1157312,787,5.0
1157312,2123,5.0
1157312,2819,5.0
1157312,1537,5.0
546985,2435,4.0
546985,2438,5.0
546985,2432,5.0
546985,656,5.0
546985,4,5.0
546985,2423,5.0
581409,2435,4.0
581409,1574,5.0
581409,1541,5.0
581409,1935,5.0
581409,44,4.0
581409,2436,4.0
2641416,2435,5.0
2641416,2493,4.0
2641416,2059,5.0
2641416,2180,0.0
991523,165,5.0
991523,21,4.0
991523,2097,5.0
991523,103,5.0
991523,2025,5.0
991523,1832,5.0
991523,4,4.0
991523,232,5.0
57589,3061,5.0
57589,1256,5.0
57589,3080,5.0
57589,109,3.0
242161,3061,5.0
242161,2478,5.0
242161,2967,5.0
242161,1537,5.0
268426,3061,3.0
268426,33,5.0
268426,83,4.0
268426,1947,4.0
268426,11,5.0
268426,1922,5.0
269891,3061,5.0
269891,199,5.0
269891,658,4.0
269891,41,5.0
269891,83,5.0
269891,103,5.0
269891,150,4.0
269891,2425,5.0
321844,3061,4.0
321844,87,5.0
321844,128,4.0
321844,35,5.0
321844,65,5.0
489962,3061,5.0
489962,1885,5.0
489962,1,5.0
489962,666,5.0
489962,2421,5.0
373020,2674,5.0
373020,1303,4.0
373020,3108,5.0
373020,171,5.0
373020,11,3.0
373020,309,5.0
373020,2567,5.0
373020,1,5.0
373020,2207,5.0
373020,2538,5.0
373020,442,5.0
373020,1594,4.0
373020,2939,1.0
373020,15,5.0
373020,2423,5.0
2000359632,1973,4.0
2000359632,292,5.0
2000359632,18,5.0
2000359632,1549,5.0
163872,1966,4.0
163872,2238,5.0
163872,508,5.0
163872,2023,5.0
163872,1085,5.0
347909,1966,2.0
347909,2324,4.0
347909,2366,4.0
347909,779,4.0
347909,401,4.0
347909,39,4.0
347909,2502,3.0
144204,1474,4.0
144204,12,4.0
144204,2430,4.0
144204,1914,5.0
144204,1347,5.0
297546,84,4.0
297546,1721,5.0
297546,939,4.0
297546,23,4.0
412186,84,5.0
412186,1897,4.0
412186,2076,4.0
412186,1914,3.0
312212,84,5.0
312212,1280,5.0
312212,670,4.0
312212,2635,5.0
312212,1897,4.0
195423,1821,4.0
195423,869,3.0
195423,73,5.0
195423,2180,0.0
195423,23,5.0
128152,961,5.0
128152,1274,5.0
128152,657,5.0
128152,1260,5.0
128152,1896,5.0
215829,961,5.0
215829,2946,5.0
215829,111,5.0
215829,2500,5.0
215829,66,5.0
215829,2706,5.0
215829,428,5.0
196369,961,5.0
196369,199,5.0
196369,2132,5.0
196369,1889,5.0
196369,2417,5.0
196369,2404,5.0
196369,3209,5.0
512461,961,5.0
512461,2418,5.0
512461,1903,5.0
512461,11,5.0
512461,1954,5.0
512461,1999,5.0
282673,1400,5.0
282673,479,5.0
282673,112,4.0
282673,1772,5.0
68715,1797,5.0
68715,214,5.0
68715,388,5.0
68715,1964,5.0
68715,51,5.0
68715,533,5.0
68715,515,5.0
68715,519,5.0
68715,1914,5.0
68715,2839,5.0
68715,1887,5.0
68715,2080,5.0
283804,372,4.0
283804,2434,5.0
283804,1151,5.0
283804,945,5.0
283804,113,5.0
283804,1535,5.0
183445,372,5.0
183445,46,5.0
183445,51,5.0
183445,2469,5.0
183445,657,5.0
71460,2535,5.0
71460,1932,5.0
71460,2432,5.0
71460,1885,5.0
71460,11,5.0
71460,2022,5.0
71460,144,5.0
71460,1043,5.0
71460,345,5.0
129577,193,4.0
129577,2415,4.0
129577,1896,5.0
129577,2423,5.0
129577,1887,5.0
20477,3278,5.0
20477,1256,5.0
20477,3152,5.0
20477,3148,5.0
131453,2241,5.0
131453,2065,5.0
131453,1153,5.0
131453,1887,5.0
515981,1566,5.0
515981,2133,5.0
515981,1306,4.0
515981,2186,5.0
644902,1566,4.0
644902,3091,5.0
644902,2237,5.0
644902,1268,5.0
644902,672,5.0
644902,2974,4.0
286384,52,5.0
286384,2312,5.0
286384,2098,5.0
286384,41,5.0
286384,39,5.0
286384,2130,5.0
163877,52,0.0
163877,83,5.0
163877,693,5.0
163877,2496,5.0
673950,52,5.0
673950,658,4.0
673950,661,5.0
673950,35,5.0
273527,132,5.0
273527,13,4.0
273527,124,5.0
273527,1533,5.0
273527,1887,3.0
279912,2033,5.0
279912,2060,5.0
279912,3150,5.0
279912,1484,5.0
279912,2464,4.0
161703,132,5.0
161703,2301,5.0
161703,351,5.0
161703,53,5.0
161703,1565,5.0
532897,197,5.0
532897,513,4.0
532897,279,5.0
532897,676,4.0
274252,197,5.0
274252,2418,5.0
274252,68,5.0
274252,1892,5.0
680104,2212,5.0
680104,19,4.0
680104,1540,4.0
680104,103,5.0
322453,1567,5.0
322453,663,5.0
322453,1573,5.0
322453,1349,3.0
322453,2939,4.0
322453,1160,4.0
322453,1577,5.0
108681,2434,5.0
108681,73,5.0
108681,1264,5.0
108681,1262,4.0
108681,2501,5.0
108681,3230,4.0
249657,2434,5.0
249657,13,4.0
249657,2425,4.0
249657,2849,4.0
886660,2434,0.0
886660,1832,5.0
886660,22,5.0
886660,2815,5.0
886660,2425,5.0
796254,2434,5.0
796254,1107,5.0
796254,2115,5.0
796254,438,5.0
796254,3325,5.0
295704,2455,5.0
295704,656,5.0
295704,1575,4.0
295704,1846,4.0
295704,451,5.0
236262,94,5.0
236262,2442,5.0
236262,516,5.0
236262,11,5.0
236262,3146,5.0
236262,2972,5.0
236262,93,5.0
236262,2533,5.0
236262,2446,5.0
236262,2815,5.0
236262,14,5.0
2177426,94,5.0
2177426,2432,5.0
2177426,2366,5.0
2177426,718,5.0
45999,2426,5.0
45999,1948,4.0
45999,1844,3.0
45999,2425,5.0
127180,2426,5.0
127180,508,5.0
127180,503,4.0
127180,2460,5.0
847760,2426,5.0
847760,1613,4.0
847760,2366,5.0
847760,1129,5.0
1478685,2426,5.0
1478685,164,5.0
1478685,658,5.0
1478685,19,0.0
1478685,1832,5.0
1478685,15,0.0
1478685,2436,5.0
1273226,2426,5.0
1273226,2418,4.0
1273226,79,5.0
1273226,86,5.0
1273226,1889,5.0
1273226,187,5.0
1273226,10,5.0
1273226,232,4.0
1168372,1972,5.0
1168372,75,3.0
1168372,243,5.0
1168372,34,5.0
1168372,1267,5.0
1139722,2185,5.0
1139722,88,5.0
1139722,79,5.0
1139722,3193,5.0
1139722,672,5.0
296081,152,5.0
296081,148,4.0
296081,712,5.0
296081,656,5.0
296081,2370,5.0
542848,2418,5.0
542848,2162,5.0
542848,1952,5.0
542848,2651,4.0
452749,2418,5.0
452749,1888,5.0
452749,1885,5.0
452749,86,5.0
452749,45,5.0
437974,2418,5.0
437974,3,5.0
437974,10,4.0
437974,1153,5.0
437974,2430,5.0
492365,2418,2.0
492365,1256,4.0
492365,1941,1.0
492365,967,5.0
492365,379,1.0
423780,2418,4.0
423780,1959,5.0
423780,1903,5.0
423780,169,5.0
518275,2418,4.0
518275,2145,3.0
518275,2515,3.0
518275,232,4.0
518275,1887,4.0
383359,2418,4.0
383359,2508,5.0
383359,1832,5.0
383359,96,2.0
386447,2418,5.0
386447,1940,5.0
386447,2089,5.0
386447,11,5.0
386447,2287,5.0
138376,525,5.0
138376,83,5.0
138376,1888,5.0
138376,15,5.0
566447,1007,4.0
566447,41,5.0
566447,516,5.0
566447,1063,3.0
566447,1699,5.0
2200921,216,0.0
2200921,206,5.0
2200921,518,0.0
2200921,683,5.0
654393,216,5.0
654393,2010,5.0
654393,206,4.0
654393,518,5.0
841895,231,5.0
841895,40,0.0
841895,1893,1.0
841895,2281,4.0
841895,1979,4.0
606008,107,5.0
606008,70,5.0
606008,60,4.0
606008,35,5.0
606008,1260,5.0
257428,107,5.0
257428,1517,5.0
257428,1533,5.0
257428,1907,5.0
1579854,107,5.0
1579854,12,5.0
1579854,2964,5.0
1579854,237,5.0
1579854,2815,5.0
2667297,216,5.0
2667297,2010,5.0
2667297,2151,5.0
2667297,2573,5.0
57787,293,5.0
57787,75,5.0
57787,1888,5.0
57787,18,4.0
57787,2880,5.0
57787,78,5.0
191050,1957,2.0
191050,40,5.0
191050,33,5.0
191050,2460,5.0
1712400,1957,5.0
1712400,2489,5.0
1712400,2448,4.0
1712400,657,5.0
1712400,974,5.0
109030,2775,5.0
109030,2594,5.0
109030,2606,5.0
109030,2787,5.0
1398976,946,4.0
1398976,1249,5.0
1398976,3166,5.0
1398976,3253,5.0
324790,713,5.0
324790,2136,5.0
324790,2617,4.0
324790,285,5.0
21613,3219,5.0
21613,859,5.0
21613,3044,5.0
21613,1276,5.0
225997,3219,3.0
225997,2304,5.0
225997,2502,4.0
225997,23,5.0
430188,501,5.0
430188,2415,5.0
430188,35,5.0
430188,2712,5.0
202481,1029,5.0
202481,2981,5.0
202481,2527,5.0
202481,992,4.0
202481,2885,5.0
44780,1029,5.0
44780,516,5.0
44780,61,5.0
44780,1533,5.0
273406,2503,5.0
273406,2424,4.0
273406,1919,4.0
273406,1260,5.0
1584953,2503,5.0
1584953,97,3.0
1584953,2366,3.0
1584953,29,5.0
1584953,69,5.0
1584953,2534,5.0
1584953,962,5.0
1584953,14,1.0
275980,513,5.0
275980,19,5.0
275980,124,4.0
275980,1294,4.0
275980,27,5.0
275980,1926,5.0
485042,513,3.0
485042,2415,5.0
485042,10,3.0
485042,2815,5.0
451640,513,5.0
451640,1256,4.0
451640,3342,5.0
451640,3159,4.0
362184,513,4.0
362184,2415,5.0
362184,866,4.0
362184,250,5.0
362184,14,5.0
1157591,1275,5.0
1157591,1570,5.0
1157591,1546,2.0
1157591,1675,5.0
1157591,2826,5.0
761650,211,4.0
761650,701,0.0
761650,1890,4.0
761650,2460,4.0
679445,2438,1.0
679445,12,2.0
679445,2432,5.0
679445,3,5.0
679445,668,5.0
679445,1887,5.0
445969,2438,1.0
445969,1263,4.0
445969,1256,5.0
445969,13,5.0
445969,1885,5.0
445969,2513,4.0
445969,2441,5.0
445969,1923,5.0
445969,4,5.0
501717,2438,5.0
501717,2290,5.0
501717,508,5.0
501717,11,5.0
501717,280,5.0
501717,2428,5.0
114243,2438,5.0
114243,3256,5.0
114243,664,5.0
114243,2442,5.0
114243,123,5.0
182809,2244,0.0
182809,3342,5.0
182809,1554,5.0
182809,1532,5.0
182809,658,5.0
182809,1557,5.0
182809,2940,5.0
182809,117,5.0
182809,1572,5.0
572926,258,4.0
572926,2386,5.0
572926,2186,5.0
572926,22,5.0
752155,1263,5.0
752155,141,4.0
752155,23,5.0
752155,4,1.0
124662,1543,5.0
124662,1022,4.0
124662,1554,5.0
124662,1590,5.0
124662,11,3.0
124662,3170,5.0
124662,2661,5.0
205139,1543,5.0
205139,469,4.0
205139,3213,5.0
205139,1835,5.0
205139,3035,4.0
1669604,390,5.0
1669604,12,5.0
1669604,1613,5.0
1669604,18,5.0
1669604,121,5.0
1669604,289,5.0
97095,40,5.0
97095,2415,5.0
97095,508,5.0
97095,657,5.0
390058,40,4.0
390058,2490,5.0
390058,568,4.0
390058,667,5.0
390058,212,5.0
390058,4,1.0
1104541,40,5.0
1104541,111,5.0
1104541,86,5.0
1104541,241,5.0
472275,40,4.0
472275,656,3.0
472275,2417,4.0
472275,1892,4.0
342251,40,5.0
342251,3342,5.0
342251,2184,4.0
342251,1890,5.0
342251,868,5.0
452576,214,4.0
452576,1606,4.0
452576,664,3.0
452576,1533,4.0
340169,3215,5.0
340169,1332,5.0
340169,1615,5.0
340169,895,4.0
164493,663,5.0
164493,2961,4.0
164493,2202,5.0
164493,1890,5.0
164493,1811,5.0
164493,217,5.0
164493,1006,4.0
344069,663,0.0
344069,1154,5.0
344069,29,4.0
344069,115,4.0
275438,12,5.0
275438,83,4.0
275438,1,5.0
275438,27,5.0
275438,49,5.0
275438,120,5.0
452921,12,4.0
452921,1930,4.0
452921,1913,5.0
452921,675,4.0
617602,12,5.0
617602,43,5.0
617602,515,4.0
617602,14,5.0
540091,12,5.0
540091,1987,5.0
540091,45,5.0
540091,2826,4.0
531811,12,5.0
531811,135,4.0
531811,2090,4.0
531811,78,5.0
447199,12,5.0
447199,68,5.0
447199,1903,5.0
447199,1982,3.0
2207906,12,3.0
2207906,658,1.0
2207906,1909,5.0
2207906,2375,5.0
2207906,302,4.0
101432,12,4.0
101432,102,4.0
101432,842,5.0
101432,246,5.0
904483,1044,5.0
904483,2160,5.0
904483,1908,5.0
904483,1008,5.0
408454,350,5.0
408454,1037,5.0
408454,996,5.0
408454,1888,4.0
408454,2663,5.0
408454,1610,5.0
408454,962,5.0
408454,14,1.0
463435,350,5.0
463435,969,5.0
463435,996,5.0
463435,2668,5.0
463435,383,5.0
463435,1268,5.0
463435,1139,5.0
463435,1348,5.0
463435,1980,5.0
225082,2823,5.0
225082,13,5.0
225082,508,5.0
225082,241,5.0
154026,892,5.0
154026,3150,5.0
154026,1909,5.0
154026,2459,5.0
154026,499,5.0
190628,73,5.0
190628,2581,5.0
190628,1954,5.0
190628,18,5.0
846497,73,5.0
846497,1968,5.0
846497,81,5.0
846497,4,5.0
58619,73,5.0
58619,1905,5.0
58619,1888,4.0
58619,324,3.0
58619,105,5.0
58619,1562,3.0
58619,115,5.0
58619,45,4.0
58619,326,4.0
58619,14,5.0
716303,236,5.0
716303,1888,4.0
716303,656,5.0
716303,113,5.0
558429,236,5.0
558429,2432,5.0
558429,1608,4.0
558429,192,5.0
558429,1575,5.0
1742738,314,5.0
1742738,296,5.0
1742738,1934,5.0
1742738,56,5.0
1742738,35,5.0
6406,88,4.0
6406,1893,5.0
6406,1890,5.0
6406,15,4.0
1803116783,986,4.0
1803116783,2193,5.0
1803116783,779,5.0
1803116783,2440,0.0
1803116783,3325,5.0
88776,2639,5.0
88776,11,5.0
88776,1,5.0
88776,86,4.0
88776,156,5.0
18347,33,5.0
18347,658,5.0
18347,1979,5.0
18347,2421,5.0
451042,33,5.0
451042,1293,5.0
451042,54,5.0
451042,1535,5.0
788414,33,5.0
788414,83,5.0
788414,2215,5.0
788414,2290,5.0
788414,48,5.0
788414,2451,5.0
788414,758,5.0
788414,2417,5.0
716192,33,5.0
716192,41,5.0
716192,656,4.0
716192,10,5.0
304596,2341,3.0
304596,2104,3.0
304596,2054,3.0
304596,2042,5.0
1047126,1708,5.0
1047126,678,4.0
1047126,2424,5.0
1047126,34,5.0
1047126,656,5.0
1047126,1575,3.0
1047126,44,4.0
1047126,1169,5.0
28691,2104,5.0
28691,1256,5.0
28691,2763,5.0
28691,3034,5.0
28691,526,5.0
351578,2136,5.0
351578,2134,5.0
351578,10,5.0
351578,1887,5.0
85309,712,5.0
85309,3139,5.0
85309,2288,5.0
85309,2318,5.0
85309,3079,5.0
85309,2423,5.0
21694,1256,5.0
21694,1336,5.0
21694,478,5.0
21694,1472,5.0
185007,1256,5.0
185007,111,3.0
185007,2368,1.0
185007,1832,3.0
229808,1256,4.0
229808,3,4.0
229808,1976,5.0
229808,656,3.0
229808,22,5.0
285687,1256,4.0
285687,2424,5.0
285687,53,5.0
285687,2787,5.0
599633,1256,5.0
599633,1264,5.0
599633,2422,5.0
599633,19,5.0
599633,1,5.0
123555,1256,5.0
123555,2368,5.0
123555,2449,5.0
123555,23,5.0
359533,1256,5.0
359533,658,3.0
359533,1890,5.0
359533,2938,5.0
118585,1256,5.0
118585,658,5.0
118585,1,5.0
118585,27,5.0
456860,1256,5.0
456860,38,5.0
456860,135,5.0
456860,1,4.0
456860,1942,4.0
162086,1256,5.0
162086,249,5.0
162086,47,5.0
162086,327,5.0
162086,42,5.0
38094,13,5.0
38094,3044,5.0
38094,283,5.0
38094,1588,5.0
382007,13,5.0
382007,1908,3.0
382007,34,5.0
382007,1537,4.0
199839,13,2.0
199839,317,5.0
199839,755,5.0
199839,252,5.0
199839,673,5.0
223112,13,5.0
223112,39,5.0
223112,101,5.0
223112,85,4.0
223112,78,5.0
400991,13,5.0
400991,2449,5.0
400991,2444,4.0
400991,22,5.0
400991,1410,3.0
402754,13,5.0
402754,11,5.0
402754,3175,5.0
402754,3,5.0
654460,13,5.0
654460,2089,5.0
654460,135,5.0
654460,2417,5.0
654460,22,5.0
808063,183,5.0
808063,2817,5.0
808063,1549,5.0
808063,128,4.0
384541,1154,3.0
384541,124,5.0
384541,2423,3.0
384541,1926,4.0
514811,2604,5.0
514811,3,5.0
514811,1627,5.0
514811,1021,5.0
45833,46,5.0
45833,2415,5.0
45833,162,5.0
45833,2854,5.0
137165,46,4.0
137165,79,5.0
137165,61,4.0
137165,300,5.0
137165,2423,5.0
137165,14,3.0
245429,2034,5.0
245429,294,5.0
245429,2528,5.0
245429,2417,5.0
245429,1910,5.0
245429,3194,5.0
245429,123,5.0
167849,2814,5.0
167849,2202,5.0
167849,1707,5.0
167849,1995,5.0
167849,1537,5.0
316809,164,5.0
316809,11,5.0
316809,1152,5.0
316809,2820,5.0
316809,358,5.0
262035,3212,5.0
262035,1532,3.0
262035,1555,5.0
262035,516,5.0
262035,2552,5.0
262035,2448,5.0
262035,935,5.0
208713,724,4.0
208713,3211,4.0
208713,2208,5.0
208713,551,5.0
208713,2370,5.0
961542,996,5.0
961542,2432,5.0
961542,3148,5.0
961542,2306,5.0
961542,30,5.0
961542,96,5.0
561530,1932,5.0
561530,2490,5.0
561530,41,5.0
561530,18,5.0
562229,1955,4.0
562229,1532,2.0
562229,1557,5.0
562229,2429,5.0
34687,1941,5.0
34687,677,5.0
34687,15,5.0
34687,2067,5.0
238522,1941,4.0
238522,318,5.0
238522,2075,5.0
238522,2061,5.0
13593,137,5.0
13593,2476,5.0
13593,2415,5.0
13593,1952,5.0
13593,141,5.0
13593,102,5.0
13593,2530,5.0
13593,18,5.0
13593,2451,5.0
13593,60,5.0
13593,656,5.0
13593,2444,5.0
13593,974,5.0
13593,1191,5.0
13593,2436,5.0
50555,137,5.0
50555,180,5.0
50555,326,5.0
50555,676,5.0
50555,1313,5.0
52595,3342,5.0
52595,670,0.0
52595,774,5.0
52595,1,5.0
52595,1276,5.0
52595,1260,0.0
52595,675,3.0
71298,3342,5.0
71298,901,5.0
71298,1885,4.0
71298,1276,5.0
773408,3342,4.0
773408,19,4.0
773408,723,4.0
773408,668,5.0
429544,3342,5.0
429544,658,5.0
429544,672,5.0
429544,35,5.0
429544,1913,5.0
735704,3342,5.0
735704,2937,4.0
735704,1533,4.0
735704,212,5.0
453828,2476,5.0
453828,3232,5.0
453828,978,5.0
453828,2504,5.0
453828,397,5.0
453828,1573,5.0
453828,1551,5.0
649758,279,5.0
649758,11,5.0
649758,963,5.0
649758,1923,5.0
742029,1285,5.0
742029,2028,5.0
742029,11,5.0
742029,2116,5.0
742029,30,5.0
742029,1347,5.0
56002,79,5.0
56002,2693,5.0
56002,11,5.0
56002,27,5.0
56002,910,3.0
287805,79,5.0
287805,664,5.0
287805,53,5.0
287805,3,5.0
287805,2425,5.0
210184,2096,5.0
210184,2537,5.0
210184,371,5.0
210184,10,5.0
210184,2278,5.0
302958,2941,5.0
302958,3368,5.0
302958,1590,5.0
302958,1557,5.0
302958,2319,5.0
260689,3161,5.0
260689,3112,4.0
260689,1811,5.0
260689,3185,5.0
260689,281,5.0
260689,459,5.0
114197,157,5.0
114197,2393,5.0
114197,2378,5.0
114197,3062,5.0
375244,1532,5.0
375244,657,5.0
375244,1578,4.0
375244,1537,5.0
316194,1532,5.0
316194,328,5.0
316194,1595,5.0
316194,2448,4.0
249519,1532,4.0
249519,1813,5.0
249519,2113,5.0
249519,2404,5.0
1417292,3159,5.0
1417292,2568,5.0
1417292,3240,5.0
1417292,2468,5.0
109606,75,5.0
109606,2422,5.0
109606,1,5.0
109606,3,5.0
141347,75,5.0
141347,1283,5.0
141347,2145,5.0
141347,49,5.0
141347,656,5.0
141347,22,5.0
320625,75,4.0
320625,2415,5.0
320625,1930,5.0
320625,2428,5.0
2783129,75,5.0
2783129,528,5.0
2783129,1953,5.0
2783129,1887,5.0
723989,2846,5.0
723989,2422,5.0
723989,1283,5.0
723989,281,5.0
723989,656,5.0
2667031,2462,4.0
2667031,2335,5.0
2667031,186,0.0
2667031,1912,4.0
2667031,657,3.0
680724,2483,5.0
680724,2487,5.0
680724,367,5.0
680724,49,5.0
680724,3180,5.0
680724,1832,5.0
680724,62,5.0
87640,664,5.0
87640,324,5.0
87640,3,5.0
87640,668,5.0
87640,169,5.0
87640,1896,5.0
288143,664,5.0
288143,3,5.0
288143,718,5.0
288143,2430,5.0
291980,664,2.0
291980,1,5.0
291980,661,4.0
291980,3210,4.0
291980,656,3.0
671222,994,3.0
671222,19,5.0
671222,2715,4.0
671222,2967,5.0
638072,43,5.0
638072,401,5.0
638072,963,4.0
638072,4,5.0
678862,1282,4.0
678862,1306,5.0
678862,2999,5.0
678862,2436,5.0
14433,2490,5.0
14433,2445,5.0
14433,3148,5.0
14433,2484,4.0
1001924,2422,5.0
1001924,18,5.0
1001924,2468,5.0
1001924,1020,5.0
127933,2422,0.0
127933,2065,4.0
127933,1888,5.0
127933,4,5.0
116740,2367,5.0
116740,658,5.0
116740,1893,4.0
116740,2421,5.0
149415,354,3.0
149415,63,5.0
149415,269,4.0
149415,83,5.0
149415,229,4.0
149415,1712,5.0
149415,2417,5.0
149415,10,4.0
149415,2428,4.0
149415,510,5.0
149415,365,4.0
220023,2580,5.0
220023,2443,5.0
220023,2421,5.0
220023,35,5.0
449208,3245,0.0
449208,2184,3.0
449208,2618,5.0
449208,990,5.0
464085,2937,4.0
464085,2369,5.0
464085,1903,5.0
464085,1098,5.0
464085,2911,5.0
1439122,2012,4.0
1439122,2028,5.0
1439122,76,4.0
1439122,734,4.0
128693,63,0.0
128693,41,5.0
128693,39,5.0
128693,2460,5.0
437587,63,4.0
437587,2239,5.0
437587,1832,5.0
437587,1260,5.0
437587,962,5.0
705208,63,5.0
705208,1905,5.0
705208,588,5.0
705208,1887,0.0
705208,2496,5.0
705208,123,5.0
277825,63,0.0
277825,670,5.0
277825,516,5.0
277825,29,5.0
277825,18,5.0
277825,3198,5.0
277825,264,5.0
277825,2041,5.0
365545,658,5.0
365545,2366,5.0
365545,27,4.0
365545,2307,5.0
210245,658,5.0
210245,508,5.0
210245,27,5.0
210245,74,5.0
583784,658,1.0
583784,678,2.0
583784,661,4.0
583784,2675,4.0
510215,658,5.0
510215,2090,0.0
510215,968,5.0
510215,2443,5.0
736339,658,5.0
736339,19,3.0
736339,22,5.0
736339,962,5.0
736339,2428,5.0
215000,21,4.0
215000,41,3.0
215000,171,5.0
215000,685,4.0
138622,21,5.0
138622,60,4.0
138622,22,5.0
138622,117,5.0
138622,2242,5.0
811149,21,5.0
811149,1533,5.0
811149,22,5.0
811149,1896,4.0
234275,670,5.0
234275,1885,5.0
234275,22,5.0
234275,14,5.0
234275,3156,5.0
2001574271,670,5.0
2001574271,27,5.0
2001574271,1538,5.0
2001574271,15,5.0
1706426,1700,5.0
1706426,2449,4.0
1706426,962,5.0
1706426,2526,5.0
461887,2500,5.0
461887,2415,5.0
461887,186,5.0
461887,2018,5.0
334060,41,5.0
334060,2415,5.0
334060,2307,5.0
334060,1913,5.0
460301,41,5.0
460301,2424,5.0
460301,3,5.0
460301,656,5.0
460301,2417,5.0
909692,41,5.0
909692,166,5.0
909692,2366,5.0
909692,397,5.0
909692,45,4.0
909692,1953,5.0
909692,4,5.0
704166,41,4.0
704166,515,0.0
704166,1620,5.0
704166,1670,5.0
2001102678,41,5.0
2001102678,1946,5.0
2001102678,1978,5.0
2001102678,2076,5.0
2001102678,2071,5.0
1339662,1968,4.0
1339662,581,4.0
1339662,34,5.0
1339662,2461,4.0
128803,1905,5.0
128803,1286,5.0
128803,144,5.0
128803,2295,5.0
368300,1905,0.0
368300,678,5.0
368300,1986,5.0
368300,1,5.0
368300,2421,5.0
138964,2415,0.0
138964,11,5.0
138964,229,5.0
138964,3,5.0
227626,2415,4.0
227626,126,4.0
227626,2441,3.0
227626,510,5.0
463640,2415,5.0
463640,1893,5.0
463640,1888,5.0
463640,119,5.0
500671,2415,4.0
500671,1888,5.0
500671,2589,5.0
500671,81,5.0
232933,2415,4.0
232933,66,3.0
232933,1262,5.0
232933,333,5.0
232933,160,5.0
232933,2417,5.0
232933,44,5.0
969623,2415,5.0
969623,2366,4.0
969623,51,4.0
969623,1558,5.0
372791,2415,3.0
372791,180,5.0
372791,22,5.0
372791,2428,5.0
1020416,2415,5.0
1020416,1893,5.0
1020416,1888,4.0
1020416,1204,5.0
1020416,163,4.0
1020416,1945,5.0
592646,66,5.0
592646,674,4.0
592646,22,5.0
592646,2815,5.0
592646,1564,3.0
494068,116,5.0
494068,110,5.0
494068,10,5.0
494068,22,5.0
494068,15,5.0
837762,116,5.0
837762,2635,5.0
837762,1956,5.0
837762,62,5.0
170271,233,4.0
170271,69,4.0
170271,337,4.0
170271,30,4.0
216536,2171,5.0
216536,1888,5.0
216536,162,4.0
216536,896,5.0
495666,1555,5.0
495666,2817,5.0
495666,29,5.0
495666,3166,5.0
1005276,1990,5.0
1005276,202,5.0
1005276,1889,5.0
1005276,990,5.0
527016,1893,5.0
527016,998,5.0
527016,69,5.0
527016,2475,5.0
71374,1952,1.0
71374,461,5.0
71374,676,5.0
71374,348,3.0
126318,2442,5.0
126318,1550,5.0
126318,2530,5.0
126318,1900,5.0
155896,2442,5.0
155896,1,4.0
155896,1889,3.0
155896,1538,5.0
326409,2442,5.0
326409,1888,5.0
326409,656,5.0
326409,81,5.0
409859,1888,5.0
409859,3,5.0
409859,47,5.0
409859,15,5.0
223441,1888,5.0
223441,10,4.0
223441,78,5.0
223441,44,3.0
600932,1888,4.0
600932,19,4.0
600932,3,5.0
600932,15,5.0
665557,1888,5.0
665557,38,5.0
665557,19,5.0
665557,1572,5.0
2001406951,347,5.0
2001406951,2484,4.0
2001406951,96,4.0
2001406951,2425,2.0
293410,2694,5.0
293410,1633,4.0
293410,2915,4.0
293410,2702,5.0
293410,1675,5.0
293410,34,4.0
553658,2985,4.0
553658,2429,5.0
553658,2038,5.0
553658,519,5.0
278084,2111,5.0
278084,1166,5.0
278084,2663,5.0
278084,2208,5.0
278084,1926,5.0
278084,1900,5.0
319943,48,5.0
319943,1834,3.0
319943,3073,5.0
319943,964,5.0
319943,303,0.0
319943,1887,3.0
1222615,2222,5.0
1222615,963,5.0
1222615,1907,5.0
1222615,1926,5.0
269899,1266,5.0
269899,2666,5.0
269899,241,3.0
269899,1160,5.0
154853,2566,5.0
154853,1925,5.0
154853,2150,5.0
154853,112,5.0
258739,508,4.0
258739,1392,4.0
258739,2042,4.0
258739,168,3.0
416807,1834,5.0
416807,532,5.0
416807,1302,5.0
416807,3354,5.0
416807,1907,5.0
416807,962,5.0
141457,1902,3.0
141457,124,5.0
141457,2201,5.0
141457,2448,5.0
141457,10,5.0
359369,3035,5.0
359369,103,5.0
359369,666,5.0
359369,676,5.0
359369,2940,5.0
134663,2817,5.0
134663,3,5.0
134663,2601,5.0
134663,14,5.0
707675,19,5.0
707675,1540,5.0
707675,1553,4.0
707675,1646,4.0
707675,1537,5.0
253706,19,5.0
253706,661,5.0
253706,3,5.0
253706,69,5.0
536944,19,5.0
536944,3,5.0
536944,1999,5.0
536944,4,5.0
790023,19,5.0
790023,1930,5.0
790023,656,5.0
790023,15,0.0
931365,19,5.0
931365,241,5.0
931365,1942,5.0
931365,60,5.0
63291,19,4.0
63291,102,5.0
63291,108,5.0
63291,1926,4.0
799208,374,5.0
799208,1538,5.0
799208,2976,5.0
799208,2464,4.0
136369,1885,5.0
136369,1934,5.0
136369,2820,5.0
136369,963,5.0
136369,2450,5.0
221099,1885,4.0
221099,2032,4.0
221099,110,5.0
221099,666,4.0
221099,169,5.0
221099,1887,2.0
221099,14,2.0
60031,1964,5.0
60031,2317,5.0
60031,1832,0.0
60031,2484,4.0
619733,2548,4.0
619733,1912,5.0
619733,2038,5.0
619733,42,5.0
667915,1909,5.0
667915,2474,5.0
667915,2430,5.0
667915,109,5.0
667915,1539,5.0
50053,2609,4.0
50053,3146,5.0
50053,661,5.0
50053,719,5.0
482242,2366,5.0
482242,1934,4.0
482242,118,5.0
482242,4,5.0
552864,2366,5.0
552864,2281,5.0
552864,341,5.0
552864,185,5.0
14386,76,4.0
14386,301,4.0
14386,60,2.0
14386,15,4.0
184552,735,5.0
184552,1912,5.0
184552,723,5.0
184552,688,5.0
395940,735,2.0
395940,2448,5.0
395940,60,5.0
395940,676,5.0
134259,2253,5.0
134259,2838,5.0
134259,1623,5.0
134259,1535,5.0
70073,978,5.0
70073,126,5.0
70073,3036,5.0
70073,45,5.0
70073,1245,5.0
70073,14,5.0
532668,11,5.0
532668,1908,5.0
532668,2417,0.0
532668,42,5.0
532668,2428,5.0
313487,11,5.0
313487,667,5.0
313487,656,5.0
313487,2939,5.0
313487,962,4.0
584814,966,5.0
584814,987,5.0
584814,1290,5.0
584814,1922,5.0
584814,42,5.0
584814,2404,4.0
657197,1930,5.0
657197,45,5.0
657197,758,4.0
657197,2417,4.0
159070,1,5.0
159070,1897,5.0
159070,45,5.0
159070,2450,5.0
265114,1,5.0
265114,3175,5.0
265114,320,0.0
265114,2443,5.0
265114,3149,5.0
654642,1956,5.0
654642,253,5.0
654642,406,5.0
654642,668,5.0
654642,2430,5.0
497938,1536,2.0
497938,2075,5.0
497938,1933,4.0
497938,662,3.0
766542,2102,5.0
766542,514,4.0
766542,127,4.0
766542,2211,5.0
121992,1276,5.0
121992,1597,5.0
121992,1151,5.0
121992,22,5.0
31914,1385,5.0
31914,96,5.0
31914,237,5.0
31914,440,5.0
31914,662,5.0
587527,1925,5.0
587527,18,5.0
587527,2421,0.0
587527,962,0.0
259006,103,4.0
259006,10,4.0
259006,44,5.0
259006,15,4.0
130513,27,5.0
130513,656,4.0
130513,2562,5.0
130513,2939,5.0
1777314,27,5.0
1777314,1533,4.0
1777314,2444,4.0
1777314,3149,5.0
274065,3,5.0
274065,180,5.0
274065,22,5.0
274065,14,5.0
238191,3,5.0
238191,187,5.0
238191,42,5.0
238191,22,5.0
60504,2448,5.0
60504,2421,5.0
60504,1260,5.0
60504,1537,5.0
199949,1619,5.0
199949,1623,5.0
199949,1553,5.0
199949,1560,5.0
199949,1639,5.0
688566,666,3.0
688566,2287,5.0
688566,656,5.0
688566,3279,3.0
1777330,69,5.0
1777330,2421,5.0
1777330,2417,5.0
1777330,1958,5.0
170159,264,5.0
170159,65,5.0
170159,153,4.0
170159,78,5.0
