user_id,preferred_cuisines
68960,Chinese|Indian|American|Mexican|Thai
268973,Italian|Mexican|German|American
187281,American|Italian|Mexican|Chinese|Caribbean
230860,American|Greek|Italian|Mexican|Indian
189475,American|Italian|Chinese|Mexican|Thai
358544,Mexican|Italian|Chinese|Greek|Caribbean
1141377,American|Italian|Mexican
290010,American|Italian|Mexican|Turkish|Chinese
1041886,Italian|American|Moroccan
54678,Italian|Mexican|American|Chinese|Indian
666947,American|Italian|Mexican
450571,Mexican|Italian|French|Chinese|Greek
1235658,Italian|American|Spanish|Greek
243474,Italian|Mexican|Caribbean
41218,American|Italian|Mexican|French|German
1179225,American|Mexican|Italian|Middle Eastern|Indian
227652,Mexican|American|Italian|Greek|Chinese
34879,Caribbean|German|Chinese|Middle Eastern
464333,Caribbean|Thai
107135,American|Italian|Greek|German|Mexican
498271,Mexican|Italian|Greek|American|Moroccan
80353,Greek|French|Spanish|Caribbean|American
28177,American|Chinese|Greek|Spanish|Caribbean
228458,Mexican|Greek|Thai|Indian|Caribbean
56003,Greek|American|Chinese|Italian|Mexican
171790,American|Mexican|German|Greek|Italian
192581,Mexican|American|Greek|Italian|Indian
527607,Mexican|Chinese|Greek|Italian|Thai
428885,American|Greek|Mexican|Italian|French
169430,American|Indian|Moroccan|Greek|Italian
424680,Mexican|Greek|Chinese|American|Italian
18660,American|Greek|Italian|British|Japanese
30298,American|Indian
58407,German|American|Japanese|Mexican|Caribbean
86627,American|Italian|Greek
56181,American|Japanese
27744,American|Italian|Chinese|Thai|Irish
60992,American|Mexican|Italian|German|French
250238,Italian|Chinese|American|Japanese|Greek
55729,American|Italian|Chinese|Japanese|Mexican
98165,American|Italian|Mexican
104472,American|Italian|Mexican|Caribbean|Japanese
37449,Mexican|American|Chinese|Italian|Caribbean
68884,American|Mexican|Italian
31499,American|Mexican|Chinese|Italian|Vietnamese
120843,American|Middle Eastern|Mexican|Greek
51011,American|Italian|Mexican|Japanese|Spanish
103876,American|Mexican|Italian|Chinese|Caribbean
64583,American|Italian|Mexican|Middle Eastern|Greek
177933,American|Mexican|Chinese|Greek|Thai
39301,American|Italian|Chinese|Japanese|French
425105,American|Italian|Indian|Mexican
111291,American|Italian|Mexican|Chinese
357723,American|Italian|Mexican|French|Chinese
173314,American|Mexican|Italian|Chinese|Caribbean
315055,American|Italian|Mexican|Indian|British
166294,American|Italian|Mexican
407007,Mexican|American|Italian|French|Caribbean
363962,American|Mexican|Italian
375111,American|Mexican|Italian|Irish
672478,American|Italian
837995,American|Italian
622972,American|Mexican|Chinese
874900,American|Moroccan
517533,American|Indian|Greek|British|Mexican
876090,American|French
714171,American|Italian|Indian|Greek|Moroccan
355637,American|Italian|Mexican|German|Chinese
235355,American|Chinese|Mexican|Thai|Caribbean
717914,American|Italian|Mexican|Chinese
1028382,American|Chinese
283390,Indian|American|Mexican|Greek|Middle Eastern
60716,Indonesian|French|Chinese|Italian|German
196067,Indonesian|American|Thai|Mexican
52282,Chinese|French|Greek|American|Indian
101823,American|Mexican|Italian|Chinese|British
729254,Mexican|Italian|Greek
485109,Greek|American|Mexican|Italian|Indian
115758,Italian|Mexican|Chinese|American|Indian
461834,Italian|Greek|American|French|Spanish
374520,Mexican|American|British|Greek|Japanese
145352,Mexican|American|Italian|Greek|Thai
131126,American|Chinese|Mexican|Italian|Greek
88099,American|Mexican|Italian|Chinese|Greek
780172,Greek|American|Mexican|French|Moroccan
488441,American|Mexican|Italian|Japanese|French
242766,American|Mexican|Italian|Moroccan|German
39835,Mexican|Italian|Chinese|American|Indian
10033,American|Italian|Indian|Greek|Mexican
50151,American|Mexican|Italian|Caribbean
72424,American|Italian
66549,American|Greek|Italian|Mexican
37779,American|Mexican|Italian|Chinese|Greek
194777,American|Italian|Chinese
650938,American|Italian|Mexican
412847,American|Italian|Indian
115065,American|Chinese|Italian|Mexican
768828,American|Italian|Caribbean|German|Mexican
353379,Mexican|American|Indian|Middle Eastern|Italian
925054,Thai|American|Chinese|Middle Eastern
1167743,American|Mexican|Japanese|Italian
1269015,American|Mexican|Indian|Italian|Japanese
628127,Mexican|American|Middle Eastern|Italian|Indian
772128,American|Mexican|Caribbean
528468,American|Greek|Spanish|Italian|British
39949,French|American|Italian|Mexican|Middle Eastern
26075,Middle Eastern|Chinese|American
68460,American|Chinese|Japanese|Italian|Greek
157785,American|Middle Eastern|Caribbean|Italian
309526,Greek|Mexican|Indian|Moroccan|Middle Eastern
1239906,American|Chinese|Italian|Mexican|Middle Eastern
329304,Italian|Mexican|American|Irish|French
532179,Italian|American|French
241579,American|Italian|Middle Eastern
216320,Mexican|Chinese|American|Indian
756573,American|Italian|Mexican
487387,Italian|American|Middle Eastern
252816,Italian|American|Mexican|Thai|French
625696,American|Italian|French|Greek|Mexican
706608,American|Italian|Indian|Greek|Mexican
470351,Italian|American|Greek|Mexican|Chinese
620763,American|Italian|Chinese|French|Mexican
376189,Italian|American|Chinese|Greek|Mexican
222564,Mexican|American|Italian|Chinese|Greek
452940,American|French|Italian|Korean|Caribbean
197023,Greek|Italian|French|American|British
1155210,French|Turkish|Moroccan|Indian
463202,British|Caribbean|Japanese|Mexican|German
962690,French|Caribbean|Mexican|Indian|Greek
212609,Mexican|American|Italian|Chinese|French
369715,American|Italian|Mexican|French|British
17803,Mexican|American|Italian|Chinese|Greek
280271,American|Mexican|Chinese|Italian|German
482376,American|French|Italian|Mexican|Caribbean
226863,American|Italian|Chinese|Greek|Mexican
502302,American|Mexican|French|Greek|Moroccan
37636,Indian|Mexican|American|Thai|Italian
22015,American|Mexican|French|Italian|Chinese
199848,Mexican|American|Italian|Chinese|Greek
189616,American|Italian|Mexican|Chinese|Japanese
50969,American|Mexican|Italian|German|Chinese
59879,American|Mexican|Greek|Italian
149363,Caribbean|Mexican|Italian|American|German
481092,American|Mexican|Greek|Caribbean|Japanese
27783,American|Italian|British|Mexican|Greek
480195,Mexican|British|Greek|Japanese|Caribbean
228037,American|Chinese|Japanese|Indian|Italian
172628,Japanese|Chinese|Caribbean|Italian
60989,American|Mexican|Italian|Greek|Middle Eastern
64682,Italian|Mexican|Greek|Japanese|American
29063,American|Greek|Mexican|Japanese|German
31232,Italian|Mexican|Greek|American|Indian
95502,Italian|Caribbean|Chinese|Indian|Greek
98919,American|Italian|Irish|Mexican|Caribbean
125773,American|Italian|Greek|Mexican
88047,American|Greek|Thai|Mexican|Chinese
125677,American|Mexican|Italian|Chinese|Thai
134624,American|Chinese|Italian|Mexican|Greek
98200,Greek|Caribbean|Italian
46660,American|Mexican|Italian|Greek|Chinese
58038,Mexican|Italian|American|Greek|Spanish
111342,American|Mexican|Italian|Greek|Chinese
64625,Greek|Indian|Mexican|Moroccan|American
191219,American|Greek|Italian|Mexican
5060,American|Mexican|Chinese|Italian|French
107334,American|Greek|Chinese
284922,American|Mexican|Greek|Italian|Thai
208455,American|Mexican|Greek
158086,Italian|American|Mexican|Chinese|French
246936,American|Mexican|Chinese|Greek|Italian
344087,American|Chinese|Greek
278578,Mexican|Greek|Indian|American|Chinese
53932,American|Italian|Greek|Mexican|Chinese
302094,Mexican|American|Italian|Greek|Middle Eastern
185293,American|Mexican|Greek|Chinese|Italian
125388,American|Italian|Mexican|Chinese|Caribbean
358796,Mexican|Italian|American|Chinese|Indonesian
307214,American|Italian|Greek|Mexican|Korean
57222,Indian|American|Italian|Greek|Middle Eastern
299849,Greek|American|French|Mexican
176843,Italian|Greek|Chinese|Mexican|American
129992,American|Greek|Mexican|Italian|Irish
236170,Mexican|American|Greek
331557,Indian|Chinese|Mexican|American|French
49168,American|Greek|Chinese|Italian
137911,Italian|American|Chinese|Mexican|Greek
369747,American|Greek|Italian|Chinese
295741,American|Mexican|Greek|Chinese
221044,American|Italian|Mexican|Greek|French
180898,American|Italian|Chinese|Mexican|Caribbean
491791,Greek|Italian|Portuguese|Chinese
488244,Greek|American|Mexican|Italian
242809,Italian|American|Chinese|Korean|Greek
270514,American|Greek|Middle Eastern|Mexican|British
465659,Mexican|American|Thai|Greek|French
457907,Chinese|American|Italian|Greek|Mexican
250835,Italian|American
55773,American|Greek
183817,Italian|Thai|Greek|Moroccan|Caribbean
539990,Mexican|Greek|Italian|American
174941,Greek|Mexican|American|Caribbean|Italian
497077,Greek|Mexican|Caribbean|American|British
552839,American|Italian
241140,Irish|Greek|Chinese|Mexican|Thai
312577,American|Mexican|Chinese|Italian|Thai
311566,American|Italian|Mexican|Greek|French
651269,Italian|Greek|American
555701,Chinese|Greek|American|Mexican
180090,Mexican|American|Italian|Chinese|Greek
409812,Indian
286851,American|Mexican|Italian|Chinese|Greek
316136,American|Greek
185285,American|Italian|Mexican|French|Greek
604324,American|Greek
718016,Greek|Mexican|Japanese|Thai
231612,Italian|Greek|Thai
399474,American|Greek|Mexican|Japanese|Italian
740247,Greek|German|American|Mexican
358095,American|Italian|Middle Eastern|Chinese|Greek
176615,American|Mexican|Italian|Chinese|French
252570,Mexican|Italian|Greek
191533,Mexican|Italian|American|Chinese|Middle Eastern
383853,Mexican|American|Greek|Italian|British
837451,Middle Eastern|American|Italian|Greek|Irish
889443,American|Italian|Greek|German
310237,Greek|French|Mexican|Chinese|American
601528,American|Mexican|Greek|Chinese|Caribbean
738226,Thai|Mexican
709541,Mexican|American|Chinese|Italian|Greek
251626,Italian|American|Greek|Caribbean|Mexican
713272,Vietnamese|Thai|Italian|American|Mexican
256795,Indian|Greek|American|Italian|Caribbean
440324,American|Italian|Greek|Mexican|French
1041450,Italian|Greek|Indian|American
340570,Greek|American
477411,Italian|Chinese|Caribbean|Greek|Indian
572152,Italian|American|German|Mexican|Greek
170628,American|Italian|Greek|Indian|Mexican
185926,American|Greek|Japanese|British|Italian
303446,Mexican|American|Greek|Japanese
992845,Indian|Mexican|German|Greek|Middle Eastern
544754,Greek|Filipino|Italian|Chinese|Japanese
607820,American|Mexican|Greek|German|Chinese
593726,American|Italian|Greek|Spanish|Mexican
124945,American|Greek|Mexican|German
13483,American|Mexican|Indian|Greek|Chinese
579298,American|Italian|Indian|Greek|Mexican
350750,American|Mexican|Italian|Greek|Caribbean
1331434,American|Greek|French
637486,Mexican|American|Greek|Italian
140132,American|Mexican|Italian|Chinese|Greek
280716,Mexican|Greek|Indian|Chinese|American
1230562,American|Mexican|Greek|Korean|German
1244621,American|Mexican|Italian|Greek|Chinese
1329782,American|Chinese|Irish|British|Moroccan
790231,American|Greek|Chinese|Thai|Spanish
269331,American|Italian|Mexican|Greek|German
736607,American|Greek|Mexican
847160,Italian|Middle Eastern|American|Mexican|Caribbean
663997,American|Italian|Mexican|Indian|Greek
76951,American|Mexican|Italian|Greek|Japanese
118840,American|Italian|Greek|Chinese|French
1298826,Greek|Indian|German|American|Mexican
1019163,Indian|Greek|Thai
375186,Mexican|Greek|Indian|Vietnamese|Chinese
305869,Greek|Chinese|Italian|Irish
1821704,Middle Eastern|Spanish
705795,American|Greek|Mexican|Italian
655199,American|Greek|Korean
546010,American|Mexican|Greek|German|French
978876,American|Mexican|Greek|Chinese|French
119552,American|Italian|Greek|Mexican|Spanish
337963,Greek|American|Italian|Mexican|German
126440,Mexican|Italian|American|Chinese|French
232673,American|Greek|Chinese|Thai|Italian
285039,Italian|American|Mexican|Chinese|Greek
199020,American|Italian|Mexican|Greek|Irish
1458727,American
911706,Greek|Spanish
888081,American|French|Italian|Mexican|German
1072593,American|Italian|Thai|French|Mexican
839492,Greek|American|Italian|Mexican|Chinese
189643,Greek|American|German|Turkish|Indian
147027,Indian|Thai|Greek|Italian|Mexican
4470,American|Greek|Chinese|German|Italian
109110,Indian|American|Italian|Mexican|Chinese
101275,Indian|American|Greek|Middle Eastern|Japanese
65056,Indian|Thai|Chinese|American|Japanese
369264,Mexican|Italian|American|Indian|Chinese
867847,Indian|American
971169,Indian|American
366118,American|Indian|Mexican|Chinese|British
582561,Greek|Middle Eastern|Indian|French
80998,Mexican|American|Italian|German|Spanish
166642,Italian|American|Mexican|Greek|Spanish
679953,American|Italian|Mexican|Greek|Indian
1019994,American|Vietnamese|Italian|Portuguese|German
1802849661,American|Italian|Mexican|Caribbean|Thai
452355,Italian|Indian|Chinese|American|Greek
160974,Italian|American|Mexican|Chinese|Greek
306797,American|Chinese|Italian|Spanish|Thai
76559,Mexican|Italian|Moroccan|Chinese|Middle Eastern
320849,Mexican|Greek|Chinese|Moroccan|French
373817,American|Italian|Mexican|Chinese|Caribbean
840768,Italian|Chinese|American|Mexican|Greek
975720,Chinese|Mexican|American
555371,Chinese|Caribbean|American
1436160,Mexican|American|Chinese|Italian|Greek
433881,Italian|Greek|Mexican|American|Caribbean
177135,Italian|American|Mexican
199213,Italian|American|Mexican|British|Irish
129201,Thai|Mexican|Greek|Chinese|Caribbean
47559,American|Italian|French|Caribbean|Chinese
209747,American|Mexican|Italian|French|Caribbean
203823,American|Greek|Italian|Irish|Mexican
73836,American|Italian|Irish|French|Mexican
113941,American|Italian|German|Greek|Mexican
102058,Italian|French|Chinese|American|Irish
11176,Italian|American|Middle Eastern|Indian|Mexican
175727,American|French|Italian|Mexican|Irish
352814,American|Italian|Mexican|Irish|French
330545,American|French|Chinese|British|Irish
210361,Irish|American|Italian|Greek
1528243,American|Irish
486725,Mexican|Greek|Chinese|Italian|Thai
218535,American|Chinese|Mexican|Italian|Thai
145489,Italian|Chinese|Caribbean|Mexican|Moroccan
217226,American|Mexican|German
245590,American|Italian|Caribbean
119466,Mexican|American|Greek|Italian|Caribbean
337668,American|Mexican|Caribbean|Greek|Moroccan
887722,American|Mexican|Italian
800480,American|Spanish|Mexican
60260,American|Mexican|Italian|Chinese|Japanese
1581225,American|Italian|Indian|Mexican|Caribbean
251917,Italian|American|Greek|German|Mexican
537617,Mexican|American|Korean|Vietnamese|Chinese
215350,American|Mexican|Italian|Caribbean
679759,American|Mexican|Italian|Irish|Chinese
455641,Chinese|Greek|Mexican|Italian|German
829250,Mexican|American|Italian
165528,Indian|Moroccan|French|American|Mexican
130819,Chinese|American|French|German|Japanese
295587,Moroccan|American|Portuguese|Mexican
217482,French|American|Moroccan|Korean|Middle Eastern
210117,Mexican|American|Moroccan|Indian|German
246898,Korean|Moroccan|Thai|Italian
231054,Mexican|Chinese|American|Italian|Moroccan
231495,Moroccan|Caribbean|Indian|Irish
95743,American|Italian|Chinese|Mexican|Greek
115108,American|Mexican|Chinese|Italian|Moroccan
119422,American|Moroccan|Chinese|Middle Eastern|Korean
186855,American|Italian|French|Indian|Greek
196296,Indian|French|Indonesian|American|Chinese
621626,Moroccan|Mexican|Italian|American|Indian
321999,Italian|Chinese|Moroccan|German|American
520150,Chinese|American|Mexican|Thai|Moroccan
366396,Moroccan|Italian|Middle Eastern|Malaysian
97780,American|Italian|Thai|Mexican|Moroccan
1064617,Chinese|Moroccan|Mexican
320427,Moroccan|Chinese|Spanish|Italian|Thai
298447,American|Italian|Chinese|Mexican|German
233491,Moroccan|Italian|American|Mexican
37229,American|Moroccan|Italian|Caribbean
1671718,German|Moroccan|Thai|Italian
6836,Greek|American|Italian
583349,Italian|Greek|Mexican|Chinese|Moroccan
823814,Korean|Greek|Vietnamese
934824,Mexican|American|Irish|Chinese
1366254,Thai|Italian|Caribbean|Chinese|Greek
724516,German|Thai|American|Indian|French
142361,American|Caribbean|Portuguese|Indian
364685,American|Mexican|British|French
868729,Italian|American|Japanese|Greek
257993,Italian|Mexican|American|Chinese|Turkish
222139,American|Chinese|British|Italian|Mexican
287420,American|Turkish|Italian|Chinese|Moroccan
266745,Mexican|American|Spanish
29356,Greek|American|Mexican
204261,American|Mexican|Greek|Italian
107081,Mexican|Italian|American|Chinese|Caribbean
240552,American|Caribbean|Chinese|Italian|Mexican
204024,American|Italian|Chinese|Mexican|Japanese
860079,American|Mexican|British|Italian|Greek
425677,American|German|Mexican|French|Italian
64642,American|Greek|British|Caribbean|Italian
66008,American|Italian|Greek|Mexican|Caribbean
296809,Greek|Indian|Caribbean|Italian|Chinese
38513,Indian|French|Thai|Korean
131674,Greek|Italian|Chinese|American|Indian
552613,Indian|Caribbean|Italian|Middle Eastern|German
223979,Italian|Greek|German|Chinese|Mexican
29196,Indian|Greek|Thai|American|Moroccan
581245,American|Italian|Mexican
305531,Mexican|American|Italian|French|Greek
8688,American|Italian|Mexican|Chinese|Greek
68526,Mexican|American|Greek|Italian|Chinese
805594,Mexican|American|Irish
353131,American|Mexican|Italian|Korean|Irish
146552,Mexican|Chinese|Greek|Italian
92006,Middle Eastern|Mexican|Indian|Ethiopian|Japanese
1087830,Mexican|American|Italian
174096,Mexican|Italian|Indian|Greek|Caribbean
430471,Mexican|American|Greek|Chinese|Thai
383346,Italian|American|Mexican|Greek|French
870705,Mexican|American|Italian|Japanese|French
2549237,American|Mexican|Caribbean|Moroccan|Italian
58104,Italian|French|Mexican|Greek|Indian
762775,Caribbean|American|Italian|French|Spanish
20480,French|Italian|American|Caribbean|Mexican
79636,American|Italian|Caribbean
52448,American|Italian|French|Greek|Chinese
217824,Caribbean|Indian|Mexican
67656,Greek|Moroccan|Caribbean|Indian|American
292000,Caribbean|Greek|American|Mexican
489552,American|Caribbean|Chinese|French|Italian
23333,American|Mexican|Italian|British|Spanish
188848,French|British|Spanish
118268,American|Italian|Chinese|Mexican|French
158131,American|British|Italian|Mexican
142464,American|British|French
167242,Indian|Middle Eastern|Italian|American|Greek
107651,British|Caribbean
174711,French|Greek|Spanish|Caribbean|Italian
57400,Italian|American|French|Irish
92886,American|Caribbean|Chinese|Mexican|Italian
226372,French|Italian|Turkish|Mexican
496803,French|Mexican|Moroccan|Italian|American
859301,French|Italian|Chinese|British
354675,Mexican|Italian|Greek|American|Irish
545825,Greek|Italian|French|American|Thai
308961,French|Middle Eastern|British
1402748,French|American|Italian|Greek|Moroccan
789516,Italian|American|German|Greek|French
815968,French|Middle Eastern|Italian|Japanese
311260,French|Italian|Caribbean|American
28373,American|Mexican|Chinese
41531,Italian|Mexican|American|French
107554,Chinese|American|Mexican|French|Italian
56463,Italian|American|Mexican|Chinese|Japanese
368078,American|Italian|Mexican|Greek|Malaysian
138047,Thai|Indian|British|American|Italian
464080,American|Greek|Mexican|Italian|German
358513,Chinese|Moroccan|Mexican|American|Greek
593927,Middle Eastern|Indian|Greek|Moroccan|American
157425,Greek|Italian|Mexican|American|French
86318,Indian|Mexican|Chinese|Thai|American
191990,Thai|Greek|Mexican|Indian|German
726534,Thai|Mexican|Italian|Caribbean|Chinese
1365025,American|German|Korean|Thai|Greek
29268,Italian|American
13301,American|Italian|Mexican
35751,Italian|Thai|Greek|Mexican
1031671,Italian|Mexican|American
1195471,Mexican|Italian
88378,American|Italian|French|Mexican|German
49542,American|Mexican|Italian|French|Greek
132764,American|Indian|Italian|Japanese|Chinese
41578,Italian|Mexican|American|Greek|Chinese
8629,American|Italian|Chinese|Mexican|Japanese
11297,French|American|Italian|British|Greek
91392,Mexican|American|Italian|Indian|Chinese
288618,Italian|Middle Eastern|American
346860,Italian|American|Chinese|French|Caribbean
156034,Mexican|American|Italian
513192,Italian|Chinese|Mexican
51717,American|Italian|Mexican|Moroccan|Turkish
855206,Italian|British|American|Japanese|French
415934,Italian|American|Mexican|Indian|Spanish
2000391889,Italian|American|Irish
27678,American|Greek|Chinese|Indian|Thai
33376,American|Mexican|Caribbean|Italian
60101,American|Irish|Mexican|German
57500,Greek|American|Italian|Mexican|British
169357,American|Indian|Moroccan|Japanese|Chinese
326543,American|Mexican|Caribbean
937635,American|Mexican|Indian|Thai|Italian
265954,American|Italian|Mexican|Spanish|Caribbean
233829,American|Greek|Vietnamese|Italian|Korean
69267,American|Spanish
314259,American|French
224921,American|Mexican|Thai
286209,Italian|American|Thai
534554,American|Italian|Mexican|French
169969,American|Italian|Chinese|Mexican|French
22973,Mexican|Italian|American|German|Chinese
41809,Mexican|American|Italian|German
36128,Mexican|French|Chinese|Italian|German
31695,American|Mexican|Italian|German|French
32211,Chinese|Italian|American
39547,Chinese|Indian|Vietnamese|French|Greek
85528,Mexican|Chinese|Italian|American|Moroccan
212145,American|Chinese|Mexican|Italian|Indian
177688,Thai|Chinese|Mexican|Italian|Greek
255338,Chinese|Japanese|American|Korean|Vietnamese
532289,American|Chinese|Mexican|Italian|Korean
1120307,Chinese|American
610488,Indian|Caribbean|Chinese|Japanese
526666,Caribbean|American|Italian|Chinese|French
286566,Chinese|American|French|Indian|Italian
35918,American|Italian|Indian|Chinese|Japanese
900992,American|Greek|Indian|Vietnamese|Chinese
44372,Middle Eastern|American|Mexican|Greek|Vietnamese
47341,Indian|Italian|American|Mexican
27416,Italian|Chinese|Indian|Japanese|Filipino
121684,Chinese|Indian|Irish|American|Greek
131595,Indian|Japanese|Italian|American
62086,Indian|American|Chinese|Italian|Thai
95241,Italian|Mexican|Indian|American
117781,Italian|Greek|Indian|Chinese|American
147145,Indian|Mexican|Thai|Italian|American
209743,Indian|American|Italian|Chinese|Thai
83541,Italian|Indian|Irish|Greek|Caribbean
353579,Indian|Chinese|Mexican|Italian|French
240668,Italian|American|Thai|Indian|Greek
176160,Italian|Indian|American
353492,Indian|Thai|Japanese|American|Chinese
435388,Italian|Chinese|American|British
380162,Indian|Thai|Japanese|American|Moroccan
92184,Indian|American
278516,Indian|Italian|Moroccan|Portuguese|Middle Eastern
540322,Chinese|Indian|British
369956,Italian|American|Indian|Mexican|Chinese
519838,Italian|American|Indian|Caribbean
199418,American|Thai|Indian|Italian|German
157167,Mexican|American|Japanese|Greek|British
341344,American|Indian|Moroccan|Caribbean|Italian
196198,Greek|Thai|Indian|French|American
158039,Indian|Italian|Middle Eastern|Greek|Mexican
199697,American|Mexican|Thai|Indian|Caribbean
571276,American|Indian|Mexican|French
347822,Italian|American|Mexican|Chinese|Caribbean
723491,American|Thai|Japanese|Italian|Indian
215014,American|Caribbean|Indian|Mexican|French
1177249,Indian|Italian|American|Chinese
287080,Indian|Italian|American|Vietnamese
592633,Mexican|American|Chinese|Indian|Greek
371055,Indian|Italian|Mexican|Greek
209382,Italian|Chinese
1865961,Japanese|Indian|Italian|Thai
171084,American|Mexican|Italian|German|Indian
1657616,American|Indian
323186,Indian|Italian|Thai|Greek|Moroccan
400708,American|Italian|Chinese|Middle Eastern|French
1471487,American|Indian|Mexican|Spanish
1801201524,Indian
266635,Indian|American|Mexican|Moroccan|Italian
178427,American|Mexican|Spanish|Greek|Italian
117438,Greek|Italian|Korean|American|Japanese
212558,Korean|Thai|Chinese|American|Italian
204735,Korean|Italian|Caribbean|American
290757,French|American|Korean|Italian|Thai
92385,Greek|French|Italian|American|Indian
1154995,Greek|American|Italian|Mexican
52543,American|Mexican|Italian|Greek|French
209441,Italian|Mexican|Greek|Chinese
137081,American|Greek|Italian
278113,American|Chinese|Italian|Mexican|Greek
131349,Greek|Italian|American|British
269480,Japanese|American|Greek|Chinese|Caribbean
233588,American|Greek|Italian
460029,Greek|Mexican|Indian|American
491095,American|Mexican|Greek|British
229524,American|Italian|Mexican|Greek|British
206722,Italian|Mexican|Greek|Indian|Caribbean
317631,Greek|German|Mexican
447165,Mexican|American|Indian|Chinese|Greek
647389,Greek|German|American|Italian
134124,American|Greek|Japanese|Mexican
230648,Greek|American|Italian|Thai
4291,Italian|American|Mexican|Filipino|Greek
457992,Greek|Italian|Indian|Middle Eastern|Mexican
593513,Italian|American|Chinese|Greek|Indian
441981,Italian|Greek|Mexican|Indian|Thai
841821,Greek|Italian|American
58439,Mexican|Italian|Greek|American|Indian
471300,Italian|Indian|Mexican|Chinese|Greek
1002329,American|Greek
364211,American|Italian|Greek|Middle Eastern|French
565041,Greek|Chinese|American|Mexican
930100,French|Indian|Middle Eastern|Greek|Caribbean
907242,Moroccan|Greek|Middle Eastern|American
174991,Italian|American|Mexican|Greek|French
168218,American|Greek|Japanese|Italian|Indian
241948,American|Greek|French
865653,American|Greek|Mexican|Italian
458442,Chinese|Greek|Ethiopian
1006007,Greek|Mexican|American
140787,American|Greek|Middle Eastern
954555,Greek|Italian|American|French|Spanish
181781,Mexican|American|Italian|Greek|French
1580637,Greek|Chinese|American
362983,American|Mexican|Indian|Greek|Caribbean
268501,Greek|Thai|Indonesian|Chinese|Mexican
1206102,Italian|Greek|Japanese|Indian|Middle Eastern
769504,Greek|American|Mexican|Spanish|Italian
1636470,American|Mexican|Greek
841835,American|Mexican|Greek
911978,Italian|Greek|German
258877,American|Greek|French|Turkish
36739,Greek|Indian|Middle Eastern|American
324390,Mexican|Chinese|American|Greek|Caribbean
29782,American|Mexican|Italian|Chinese|German
168462,American|Chinese|Thai|Italian|Mexican
239758,Indian|Middle Eastern|Chinese|Greek|Moroccan
396078,American|Italian|Greek|Vietnamese|Spanish
1796134,Chinese|American|Mexican
188918,American|Italian|Greek
30893,American|Thai|Italian|Indian|Irish
62043,Chinese|Italian|American|Thai|Middle Eastern
6258,American|Indian|Italian|French|Mexican
85873,American|Italian|Mexican|British|Spanish
236959,American|Japanese
185442,American|Mexican
165933,American|Italian|Middle Eastern|Moroccan|Chinese
52125,American|Italian|Chinese|Mexican
262200,Italian|American|Thai
456108,Chinese|American|French
187373,American|Mexican|Italian|Thai|French
628279,American|Italian|French
268058,American|Italian
232480,American|Mexican|Italian|Middle Eastern
755285,American|Italian|Indian
307059,American|Chinese|French|Mexican|Italian
162775,Mexican|American|Korean|Greek
434907,American|Mexican|Italian|Middle Eastern
22655,American|Italian|Mexican
220234,American|French|Chinese
947293,American|Thai|Greek|Vietnamese|Middle Eastern
65720,American|Italian|Mexican|Chinese|Greek
1113965,Italian|Irish|French
43413,Italian|American
226066,Italian|Mexican|American|Middle Eastern|Greek
92816,American|Italian|Chinese|French|Caribbean
283483,American|Caribbean|Mexican
64154,American|Italian|Chinese|Japanese|German
852529,American|Mexican|Caribbean|Italian
59199,American|Mexican|Chinese
143721,American|Indian|Italian|Moroccan|Indonesian
973186,American|Mexican
578233,Indian|American|Italian
96177,American|Italian|Mexican|Spanish|Chinese
833516,American|Mexican|Korean|Italian
391048,American|Italian|Mexican|German|Greek
55406,Italian|American|French|British|Spanish
1510644,Mexican|Italian|American
559493,American|Mexican
1530179,American
187619,American|Indian|Caribbean
178742,American|Japanese|Chinese|Italian
372395,American|Thai|Italian|Mexican|French
296050,American|Mexican|Korean|Indian
469895,Italian|French|American
540346,American|Italian|Mexican|Chinese
860538,American|Spanish|Moroccan
122878,American|Mexican|Indonesian|Irish
1800054678,American|Italian|British|Chinese|Mexican
2426491,American|Mexican
9869,American|Italian|Mexican|British|Chinese
56824,American|Mexican|Italian
47510,American|Mexican|Italian|Greek|Spanish
83400,Indian|Chinese|Italian|American|Indonesian
7108,American|Italian|Greek|Mexican|Chinese
129082,American|Italian
152780,American|French|Chinese|Korean
146486,American|Italian|Mexican|French|Caribbean
160555,American|Thai
153067,American|Italian|British|Moroccan|Mexican
19051,American|Mexican|Italian|Indian|Caribbean
103628,Italian|American|Mexican
168423,American|Caribbean|Chinese|Mexican|Filipino
164890,Japanese|American
206101,American|Mexican|Italian
165263,American|Mexican|British|Italian
360437,American|Mexican|Chinese|Middle Eastern|Korean
624167,American
294000,Italian|American|Caribbean|Chinese|Thai
754827,American|Italian|French|Greek
899007,American|Chinese|Italian|Mexican|Filipino
841981,Chinese|American|Japanese|Mexican
804851,American|Italian|French|German
294700,Chinese|American|Mexican|Italian|Thai
589581,American|Japanese|Moroccan|Indian|Mexican
936998,American|Indian|Greek|Moroccan|Middle Eastern
993604,Italian|Mexican|American|Indian|Chinese
297850,American|Japanese|Caribbean|Italian
645231,Mexican|Italian|American|Vietnamese|Greek
437294,American|Caribbean|Moroccan
463763,American
384959,American|Thai|Chinese
876513,American|Mexican
494084,Italian|Mexican|American|Chinese|Japanese
1145840,American|Chinese|Korean
1944859,American|Chinese|Mexican
2550554,American|Mexican
87023,British|Chinese|Italian|Thai|Japanese
537188,Italian|Moroccan|Indian|French|Middle Eastern
774665,Italian|American|Mexican|French|Indian
467492,American|British|Portuguese|Mexican
85713,Italian|French|Mexican
4439,Greek|American|Italian|Mexican|Thai
90355,Italian|American|Thai|Mexican|Japanese
43505,Italian|Mexican|Greek
236992,Italian|Japanese|Chinese|American|French
40961,Italian|American|French
227750,Greek|Italian|American
99164,American|Italian|Mexican
250920,Mexican|American|Italian
105804,American|Italian
153750,American|Italian|Chinese|Greek|Mexican
291306,Italian|American|Spanish
63232,Italian|American|Chinese|Moroccan|Mexican
42367,Italian|Mexican
247241,American|Italian
121807,Italian|Indian|Mexican
169850,Chinese|Indian|Italian|Thai|Japanese
260475,Mexican|Italian|German|American
239847,Italian|Greek|American
119481,Italian|Mexican|American|Japanese|Thai
192852,American|Italian|Korean|Caribbean|Mexican
203325,American|Mexican|Italian|Chinese|Greek
438645,American|Italian|Indian|Spanish|Mexican
228978,American|Italian|Mexican
323545,Italian|American|Mexican|Chinese
96796,American|French|Greek|Mexican|Italian
496315,American|Italian|Mexican|Indian|British
78232,Italian|Mexican
357987,Italian|American|Chinese|Spanish|Mexican
370200,Italian|American|Japanese|Chinese
288351,Italian|Mexican|American|German
157102,Italian|Mexican|American
516537,Chinese|Italian|Thai
308434,Italian|Moroccan|Portuguese|British|French
327920,Chinese|Italian|Mexican
195750,American|Mexican|Italian|German|Chinese
173880,Italian|Mexican|American|Greek|French
744898,Italian|American|Caribbean|Chinese|Thai
538578,Greek|American|Italian|French|Thai
250031,Italian|American|Japanese|Chinese|Mexican
106105,American|Italian|Mexican|French|Thai
572462,Italian|Turkish|American
1211187,Italian|Mexican|Greek|American|Chinese
265956,Italian|American|Mexican|Chinese
196320,Italian|American|Greek|Mexican
33135,Mexican|American|Indonesian|Chinese|Italian
571308,Italian|American|Chinese|Caribbean|Mexican
163241,Italian|American|Mexican|Chinese
501778,American|Italian|Mexican
245017,American|Italian|Mexican
361489,Italian|Mexican|American|Chinese|Japanese
128541,American|Italian|French|Greek
212497,Italian|American|Mexican|Greek|German
545970,American|Italian|Vietnamese|Mexican|Caribbean
140008,Italian|Mexican|American
793359,Italian|Vietnamese|Mexican|Irish|Korean
198154,American|Italian|Mexican|Caribbean|Greek
844554,American|Mexican|Chinese|Moroccan|Middle Eastern
56112,Mexican|American|Spanish|Portuguese|Italian
288218,American|Greek|Caribbean|Italian|Indian
34025,American|Mexican|Italian|Spanish
55018,American|Mexican
219942,American|Thai|Italian|Mexican|British
724631,Italian|American|Mexican|Indian|Chinese
377499,American|Italian|Mexican|Moroccan|Chinese
421374,American|Vietnamese|Italian|Chinese|Mexican
1531249,American|Italian|Caribbean|Mexican|Indian
47892,Middle Eastern|Greek|French|Moroccan|American
421511,American|Greek
87236,Greek|American|Italian|British
92796,Indian|American|Spanish
318262,Indian|Italian|Mexican|Chinese|American
28201,Italian|Greek|American|Mexican|French
32772,Italian|American|Mexican|Greek|British
39733,American|French|Italian|Greek|Caribbean
30594,Greek|American|Italian
71463,American|Greek|Mexican|Indian
209255,Italian|Caribbean|Greek|French|American
35526,American|Italian|Greek|Chinese|French
1056692,American|Greek|Italian|Thai|Chinese
206747,Greek|Mexican|Italian|American|French
175124,Mexican|American|Indian|Italian|Spanish
194993,Mexican|Indian|Greek|American|Caribbean
1925885,Mexican|Greek|Portuguese|Caribbean|Chinese
9579,American|Italian|Mexican
24323,Italian|American
28846,American|Italian
25792,American|Italian|German|Chinese|Mexican
24386,American|Italian|Greek|French|Mexican
55827,American|Mexican|Italian
37036,American|Italian|Mexican|Chinese|French
15851,Italian|American|Mexican|Chinese|Thai
42720,American|Italian|Mexican|Chinese|Japanese
122877,Italian|American|French|Greek|Spanish
22898,American|Mexican|Indian|Greek
101034,American|Italian|Mexican|Irish|Chinese
59780,American|Italian|Mexican|Chinese|French
64203,Mexican|American|Italian|Spanish|French
146310,American|Middle Eastern
47151,American|Italian|Chinese
150727,Italian|American|Mexican
153401,Mexican|American|Italian|Chinese
55380,American|French|Greek|Indian|Italian
115853,American|Italian|Chinese|French
142658,American|Mexican|Italian
87559,American|Italian
78808,American|Italian|British|Chinese|French
47907,American|Chinese|Italian|Mexican|Greek
189393,American|Chinese|Japanese
125411,American|Chinese|Japanese|Italian|Thai
25063,American|Italian|Chinese|German|Thai
229850,American|Mexican|Italian|Chinese|Japanese
108843,American|Mexican|Italian
58836,American|Mexican|Italian|French|German
284904,American|Mexican
207176,American|Italian|Indian|Caribbean|Spanish
120448,American
223333,American|Mexican|Italian|Caribbean
415204,Italian|American|Irish|French|German
125109,American|Italian|German|Indian|Vietnamese
313369,Mexican|Japanese|American
171920,American|Japanese|Indian
285041,American|Italian
132383,American|Italian|Mexican|Chinese|Caribbean
271911,American|French
447123,American|Mexican|Italian|Japanese|French
264339,American|Italian|Mexican
135887,American|Italian|German|Chinese|Caribbean
281132,Chinese|American|Moroccan
232669,American|British|Thai|Italian|German
133865,American|Mexican
128646,American|Italian|Japanese|Greek|Mexican
100337,American|British|Chinese
159084,American|Caribbean|Mexican|Italian
3288,American|Italian|Mexican|Indian|Greek
309967,American|Middle Eastern|Chinese|Indian|Mexican
598519,American|Italian|Mexican
184530,Italian|Indian|American|Mexican|Greek
470799,Mexican|American|Chinese|Thai|Italian
434952,American|Mexican|Spanish|Italian
744939,American|Italian|Mexican|German|Spanish
320870,American|Mexican|Italian|British
186070,American|Mexican|Caribbean|Italian
364433,American|French|Chinese|German
587892,Mexican|American|Filipino|Chinese|Thai
57042,American|Italian|Chinese
386849,American|Italian|Mexican|Japanese|German
623399,American|Italian|Mexican
13796,American|Italian|Mexican|Thai|Chinese
230834,American|Mexican|Greek|Korean|Chinese
37868,American|Italian|Mexican|Caribbean|French
569632,American|Italian
247802,American|Mexican|Italian
495032,American|Italian|Greek|Mexican
425731,American|Italian|Mexican|Chinese
530501,American|Mexican|Italian|French|Greek
362986,American|Italian|Chinese|Middle Eastern
1175362,Italian|American|French|Chinese|Vietnamese
35488,American|Greek|Caribbean
47761,American|Mexican|Italian
371738,American|Mexican|German|Chinese|Indian
377161,American|Mexican|Thai|Greek
429955,American|Italian|Korean|German
416985,Mexican|Chinese|American|Italian|Greek
1823526,American|Mexican
692885,American
928301,American|Chinese|Italian|Mexican|Middle Eastern
580861,Italian|American|Mexican|Chinese
671492,American|Irish
378710,Mexican|American|Chinese
394077,American|Chinese|Thai|Mexican|Greek
969481,American|Italian|Chinese|Mexican|German
128473,American|Italian|Thai|Chinese|Caribbean
120891,American|Mexican|Korean
894666,American|Italian|Korean|Chinese|Mexican
2000498330,Mexican|Italian|American|Portuguese
33588,Italian|American|Greek|Japanese|French
357554,Greek|Chinese|Mexican|American|German
136997,American|Italian|German|Greek|Mexican
43642,American|Greek|Indian|Mexican|Chinese
38418,Italian|American|Mexican|German|Chinese
41738,American|Italian|Mexican
26313,American|Mexican|Caribbean
40939,Italian|American|Mexican
62191,American|Mexican|Chinese|Italian
28455,American|Mexican|Italian|Japanese|Spanish
94087,Italian|Chinese|Mexican|Japanese|American
80079,American|Greek|Italian|Chinese|Mexican
103809,American|Mexican|Italian
160114,American|Mexican
95263,American|Greek|Mexican|Italian|Japanese
214034,Mexican|Vietnamese|German|Italian|Indian
200822,American|Mexican|Caribbean
43083,American|Indian|Mexican|Greek|Middle Eastern
192453,Italian|Mexican|American
39194,Mexican|American|Italian|Chinese
195969,American|Mexican|Italian
132544,American|Mexican
221810,Mexican|American|French|Italian
97950,American|Mexican|Chinese
336177,Mexican|American|Italian
21841,Mexican|American
208755,Mexican|American|Indian|Italian|Japanese
75497,Mexican|Italian|American
282745,Mexican|American|Italian
142559,Mexican|Italian|Chinese|Greek|Japanese
418257,American|Caribbean
128227,American|Mexican|Italian|Thai
320336,American|Chinese|Mexican|Japanese|Caribbean
455539,American|Italian|Mexican|French|Greek
357323,Indian|American|Mexican|Japanese|Chinese
389431,Mexican|American|Italian|Japanese|Chinese
486718,Mexican|American|Italian|Caribbean|Irish
216664,Mexican|Italian
253066,Mexican|Spanish|American|Thai
373495,Mexican|Italian|American|Indian|Greek
508148,American|Mexican|Greek|Italian|Caribbean
399657,American|Mexican|Chinese|Vietnamese|Italian
22504,Mexican|American|Greek|Italian
714956,Mexican|American|Italian
674022,Mexican|American|Chinese|Indian|Japanese
350577,Mexican|Japanese|American|French
348437,American|Mexican|Italian|Spanish
250427,American|Mexican|Italian
742173,American|Mexican
59163,Mexican|American|Korean|Chinese|Japanese
983723,American|Mexican|French|Middle Eastern|Caribbean
55523,Italian|American|Mexican|French
155675,Chinese|Japanese|American|Mexican|Irish
1506604,Italian|Greek|Mexican|Indian|Spanish
439797,Italian|Mexican|American|Chinese|French
1595619,American|Mexican|Caribbean
242484,Mexican|American|Italian|Chinese|Japanese
203111,American|Mexican|Italian|British|Middle Eastern
1250369,American|Mexican
346514,Mexican|Italian|American|French|Greek
628076,Italian|Chinese|American|French|Irish
653438,American|Mexican|French|Italian|Thai
280166,American|Italian|Mexican|French|Chinese
953275,Indian|Chinese|Greek|American|Italian
92913,Irish|Italian|Japanese|Chinese|Indian
2312,Thai|American|Mexican|Malaysian|Irish
122001,Italian|American|Irish|German|Mexican
6651,American|Mexican|Italian|Irish|Korean
125325,Italian|Greek|Mexican|American|Irish
289680,French|Irish|Malaysian|Thai|Caribbean
250440,American|Italian|Irish|Indian|Chinese
87870,American|Italian|Irish|Korean
121840,American|Italian|Greek|Irish|Mexican
194829,American|Irish|British|Italian
65025,Greek|Irish|Mexican|Italian
51613,American|Italian|Irish
94168,American|Irish|Italian|Mexican
121354,Mexican|Irish|French|Middle Eastern|American
55392,American|Mexican|Irish
134289,Italian|Chinese|Irish|Thai|Greek
74281,Mexican|American|Italian|Chinese|Irish
341513,Irish|Italian|American|Japanese|Chinese
306106,Spanish|Mexican|American|Greek|Irish
580608,Indian|Irish|American|Mexican
602448,Italian|Irish|German|Thai
601753,Irish|American|Italian|Mexican
718022,Mexican|Irish|American
73988,Greek|American|Irish|Korean
242856,American|Irish|Chinese
1128874,Irish|American|Mexican
841067,American|Chinese
772912,American|Italian|Mexican|Irish|British
451574,Irish|American|French|Greek
177753,American|Italian|Mexican|Chinese|Irish
693345,Mexican|Italian|American|Indian|Irish
319738,Irish|Italian|Greek|British|American
318028,Mexican|Irish|Korean|American|Italian
942707,Irish|American
104599,American|Italian|Irish|Mexican
267853,American|Irish|Italian|Indian
1686460,Indian|Irish|Greek|Italian|French
74904,American|Italian|Mexican
21487,American|Italian|Greek|Mexican
60231,Mexican|Italian|American|Chinese|German
325147,Italian|Indian|Middle Eastern
26719,American|Italian|Japanese|Indian
144021,Italian|American
146047,American|Italian|Mexican|Chinese|Indian
224235,American|Chinese|Mexican|Italian|Portuguese
235751,Italian|Mexican|American|German|Chinese
148068,Italian|Mexican|Korean
183524,Italian|American|Chinese|Greek|Mexican
163083,Italian|American|Mexican|Japanese
292412,Italian
31261,American|Italian|Thai
172467,Italian|American
186674,Italian|Caribbean|Mexican
222055,American|Mexican|Italian|Chinese|German
89831,Greek|Mexican|American|Italian|French
218516,American|Italian|Japanese
142367,American|Mexican|Italian|Japanese|Chinese
317560,Italian|American|French
377039,American|Italian|Middle Eastern|Korean|Japanese
242205,Italian|Mexican|Japanese|American|Chinese
144897,Mexican|Italian|Indian
808027,American|Italian|Mexican|Indian|French
142335,Chinese|Italian|Middle Eastern|Mexican|Caribbean
340881,Italian|American|British
431716,American|Mexican|Italian|Caribbean
1242099,Italian|Mexican|American
38643,Italian|American|Mexican
2028532,Italian|Mexican|American
138686,American|Italian|Chinese|Spanish|Mexican
47723,Mexican|American|Italian|Indian|German
86394,American|Mexican|Italian|Chinese
65308,American|Chinese|Mexican|Italian|Turkish
130395,Mexican|Italian|American
105601,American|Mexican|Italian|Korean
685988,Mexican|Chinese|British|American
4740,American|Mexican|German|Italian
246266,Mexican|American|Japanese|Korean|Greek
173579,American|Mexican|Italian|French|Greek
119956,American|Italian|Mexican|Chinese
37502,American|Italian|Mexican|British
42231,Italian|American
464222,American|Italian|Greek|French|Mexican
125853,Indian|Italian|Middle Eastern|Mexican
242208,Italian|Chinese|Japanese|Thai|American
1077864,Chinese|Italian|Thai|American
122577,Mexican|Italian|Japanese|German|Chinese
292560,Middle Eastern|Greek
428644,Middle Eastern|Indian
594577,Middle Eastern|Italian|Thai|Japanese|Mexican
163112,Middle Eastern|Greek|Mexican|American|Moroccan
144490,Mexican|Greek|Italian|German|Japanese
333017,Italian|American|French|Mexican|Chinese
37106,American|Italian|Mexican|Chinese|Japanese
111163,American|Italian
146958,American|Italian|French|Thai
212417,American|Italian
164153,Italian|American
28636,Greek|Mexican|American|Italian|Caribbean
34834,American|French|Italian|Mexican
1271713,French|Portuguese|Japanese|American
44807,American|Italian|Mexican
101043,Mexican|American|Italian
85714,American|Chinese|Japanese
54187,Mexican|Italian|American
88569,American|Italian
179642,American|Italian
359220,American|Italian|Chinese|Greek|Korean
6512,American|Italian|Japanese|Chinese
613250,American|Japanese
37950,American|Italian|Mexican
146284,American|Indian|Malaysian|Italian|Moroccan
748565,American|Mexican|Greek|Caribbean|German
461724,American|Chinese|Italian|Korean
444944,American|Italian|Middle Eastern
174090,American|Chinese|Mexican|Italian
352538,Mexican|Indian|American|Irish|Italian
50509,Italian|Middle Eastern|Greek|Mexican|Korean
133174,Greek|American|Mexican|French|Italian
28087,German|Italian|Spanish|Greek|British
36944,American|Mexican|Italian|French|Moroccan
44383,Italian|American|Mexican|Chinese|French
115525,Mexican|American|Italian
244817,American|Indian|Mexican|Middle Eastern|Japanese
297076,Greek|American|Mexican|Caribbean|Italian
278696,American|German|Mexican
98867,American|Italian|Mexican
131021,American|Mexican|Italian|Greek|Chinese
373018,American|Mexican|Italian|Middle Eastern
35140,Italian|American|Indian|Mexican|Chinese
51931,Italian|Thai|American|Mexican|Greek
102299,Italian|American|Greek
58229,Italian|Greek|Japanese|Thai|American
115621,Italian|German|American
80937,Italian|Chinese|American
212391,Italian
230102,American|Mexican|Chinese|Italian|French
216671,American|Italian|Mexican
145599,Italian|French|Mexican|Chinese|American
84657,American|Italian|German|Mexican
100920,Italian|Mexican|American
241241,Italian|American|Chinese|Moroccan
32058,American|Italian|Greek|Mexican|Chinese
239670,Italian|American|Chinese
333545,American|Italian|Mexican
890187,Italian|American|Mexican|Thai|Indian
945847,Italian|American|Mexican
709548,Mexican|Italian
771062,American|Italian|Greek|French
684840,Italian|French|Mexican|Middle Eastern|Caribbean
823189,Indian|Italian|American|Moroccan
120566,American|Italian|French|Caribbean|Chinese
300755,Italian|American
59588,American|Italian|Middle Eastern
162826,American|Italian|French|Chinese|Mexican
1133190,American|Italian|Indian|Chinese|Mexican
1196075,American|Italian|Caribbean|Chinese
703661,Italian|Mexican|American|Middle Eastern
1043221,Italian|Caribbean|British|American
67243,American|Japanese|Chinese|Greek|German
1317616,Italian|Mexican
836165,Mexican|Italian|American|Irish
566005,American|Italian|Mexican|Chinese
2428393,Italian
54716,French|Thai|Italian|Greek
54191,French|Mexican|Italian|American
239808,Greek|German|American|French|Chinese
225903,American|Greek|French|Italian
145960,American|French|Greek|Italian|Chinese
281701,Mexican|Chinese|Italian|American|French
61660,Italian|Greek|American|Thai|Mexican
465911,American|Mexican|Italian|Indian|French
518581,American|Italian|Mexican|French
537937,Greek|American|Italian|French|Mexican
1197447,French|Indian|Italian|American
43327,Italian|Chinese|British|Japanese|Irish
97895,American|Italian|Moroccan|Thai|Mexican
32143,American|Mexican|Italian
593424,American|Italian|Chinese|German|Mexican
1213781,American|Caribbean
317004,Chinese|American|Mexican|Italian|Japanese
93006,American|Mexican|Italian|Chinese|French
54697,American|Mexican|Italian|Chinese|French
37456,Chinese|Caribbean|Korean|French
337120,Chinese|American|Italian|Mexican|French
583193,American|Chinese
906665,Chinese|American|Japanese|Korean
67103,American|Italian|Mexican|Greek
39389,American|Chinese|Italian|Thai|Vietnamese
42362,American
394085,American|Italian|French|Greek|Mexican
332211,American|Italian|French
336058,American|Chinese|Italian|Mexican|Caribbean
1219679,American
383114,American|Italian|French
135566,American|Mexican|French|British|Malaysian
402135,Japanese|Caribbean|Chinese|Turkish|Middle Eastern
37305,Italian|American|British|Indonesian|Chinese
107504,American|British|Indonesian
485728,Mexican|American|British|Indian|Italian
1298433,Mexican|Caribbean|British|Italian|French
130663,American|Chinese|British|Caribbean|Italian
47230,American|Italian|Caribbean
28604,Italian|American|Chinese|Spanish|Portuguese
121185,American|Italian|Mexican|Japanese|Chinese
1102578,American|Italian|Mexican|German
262312,Italian|American|Mexican|Chinese|Caribbean
68357,Caribbean|Italian|Mexican|Moroccan|Chinese
49482,Italian|Mexican|Indian
65414,American|Mexican|Chinese
45737,American|Indonesian
237624,American|Mexican
1175380,American
1248418,American
1769917,American|Mexican
96357,Mexican|French|Caribbean|Greek|Japanese
25177,Greek|Chinese|American|Indian|Middle Eastern
66856,Italian|Greek|Chinese|Spanish|Caribbean
222478,Chinese|Greek|Japanese|Middle Eastern|Spanish
125458,Indian|Italian|American|Middle Eastern|Caribbean
29014,American|Italian|Chinese|Mexican|German
101919,American|Italian|Mexican
57101,Mexican|Italian|American|Filipino
116371,American|Caribbean|Chinese|Middle Eastern
182624,Mexican|American|Italian|Chinese|Japanese
120108,Mexican|American|Italian
184723,American|Thai|Mexican|Italian|Japanese
26512,American|Mexican|Italian|Greek|German
188119,American|Thai|Mexican|Indian|Chinese
227039,American|Italian|Japanese
172369,American|Italian|Mexican|Caribbean
81611,American|Mexican|Italian|Spanish|Irish
372185,American|Mexican|Italian|Vietnamese|Caribbean
455970,American|Caribbean
587766,Mexican|American|Chinese|Italian|German
1383781,American
223854,Chinese|Indian|Moroccan|Thai|Greek
52427,American|Indian
121690,American|Moroccan|Italian|Greek|Chinese
110135,American|Italian|Mexican
55690,American|Italian|Greek|Mexican
69752,Irish|American|Mexican
40495,American|Italian|Mexican
177443,American|Mexican|Caribbean|Indian|Moroccan
534831,American|Greek|German
448933,American|Chinese
190402,American|Italian|Irish
153253,American|Caribbean|Mexican
59686,American|German|Chinese|Italian
117221,Mexican|American|Italian
24995,Italian|British
351841,German|Italian|Chinese|American
447742,Greek|Mexican|Italian|Chinese
37721,Mexican|American|Greek|Korean|Caribbean
536962,Mexican|Italian|American
599450,Mexican|Italian|French|Chinese|Moroccan
2310,Italian|American|Moroccan|Mexican|Caribbean
465080,Mexican|American|Filipino|German|Italian
297639,American|Mexican|Indian|Italian
180406,Mexican|American|Italian|Middle Eastern|Greek
15572,Italian|American|Mexican|Greek|Caribbean
50472,American|Italian
136511,American|Italian
2633554,American|Chinese
223169,Italian|Greek|French|Caribbean|Mexican
176574,Indian|French|Italian
182010,Greek|Indian|Moroccan|Caribbean|Spanish
1530765,French|Italian|Chinese
60124,Greek|American|Mexican|Chinese|Italian
945233,French|Mexican|Italian|Vietnamese|Caribbean
1900559,Mexican|French|German|Italian|British
2586,American
9717,American|Mexican|Italian|Greek|Caribbean
109353,American|Mexican
192264,American|Mexican|Italian|Caribbean|Greek
121311,American|Japanese
130133,American|Mexican|British|Greek|Caribbean
288706,American|Indian
58300,American|Italian|French|Spanish|Chinese
137231,Italian|American|Mexican
128447,Mexican|Italian|American|French
214855,Italian|Mexican|Greek|Moroccan|American
101301,Caribbean|American|French
522099,Italian|Greek|American|Thai|Indian
586469,Italian|Vietnamese|American|French|Caribbean
324677,Mexican|American|Italian
591314,Italian|American|Mexican|Greek|French
783601,Italian|Mexican|American|Greek
573544,Mexican|Italian|American
67835,Italian|American|Mexican|French|Japanese
1122988,Italian|American|Mexican|Greek|Middle Eastern
421546,Mexican|Italian|Thai
328467,Middle Eastern|Italian|Irish
298981,American|Mexican|Italian
185139,Mexican|Italian|American|Thai|Greek
10404,American|Italian|Chinese|Mexican
9670,American|Italian|Thai|Greek
945395,Middle Eastern|Chinese|Japanese|American|Italian
474322,American|Mexican|French|Chinese|Caribbean
296027,Mexican|French|American|Italian|Caribbean
1522598,Mexican|American|Italian|Chinese
93446,Greek|Indian|Japanese|Italian|German
652321,Mexican|Indian|Italian|Chinese
1055699,Italian|Indian|Indonesian|Japanese|Greek
562865,Mexican|Indian|American|Moroccan|Thai
1575360,Indian|Mexican|Italian|British|American
240692,American|Indian|Italian
2000178961,American|Indian
594139,French|British|Japanese|Italian|American
49304,American|Mexican|Italian|French|German
67026,Indian|Caribbean|Spanish|Indonesian|French
18391,Indian|Italian|American|Middle Eastern|Irish
181127,Indian|American|Mexican|Vietnamese|Greek
171303,American|Indian|Chinese|Italian|Mexican
219733,Indian|Japanese|Greek|Chinese|Caribbean
215898,American|Thai|Indian|Chinese|Italian
55017,Indian|Mexican|American|Chinese|Indonesian
351789,Indian|American|Thai|Italian|Greek
227978,French|Italian|Caribbean|American|Spanish
499050,American|Chinese|Mexican|Italian|British
1052207,Italian|Chinese|Caribbean
20371,American|Italian|Mexican|Chinese|Thai
266392,American|British|Turkish
109041,Italian|American|British
280605,French|British|Japanese|Moroccan
258285,British|American|Italian|Chinese|Spanish
1411577,American|British|Italian|Korean|Mexican
142313,British|Italian|Thai
14823,Mexican|American|French
106580,American|Italian|Mexican
199708,Italian|American|Mexican|Korean
129958,American|Italian|Greek|Caribbean|Moroccan
777092,Mexican|American|Caribbean
321820,American|Mexican|Chinese|Thai|Korean
76074,American|Italian|Mexican
1058174,American|Indian
1235236,Mexican|Chinese
503916,Korean|Japanese|Chinese|Vietnamese|French
69838,Indian|Mexican|Italian|American|Vietnamese
190421,American|Vietnamese|British
442366,Chinese|Greek|German
45524,Italian|Mexican|American|Vietnamese|Malaysian
379033,Vietnamese|Mexican|Chinese|Thai|Italian
29667,Vietnamese|Japanese|American|French|Chinese
158446,Italian|Chinese|Moroccan|Thai
1052873,American|Mexican|Italian|Greek|Ethiopian
242729,Greek|French|Italian|Mexican|German
719313,Mexican|American|Caribbean|Spanish|Italian
65502,Mexican|American|Spanish|Greek|French
678366,Mexican|Middle Eastern|Japanese|Chinese|Moroccan
21752,Italian|Moroccan|Chinese|Greek|Spanish
420929,American|Mexican|Japanese
790962,American|Korean|German|Japanese|Irish
303700,American|Indian|Greek|British|Italian
537179,American|Chinese|Mexican|Greek|French
1680722,Greek|Moroccan|Spanish|Indian|Italian
869184,American|Middle Eastern|Greek|Moroccan|Thai
17608,American|Irish|Italian|Thai|Mexican
23479,Irish|Indian|American|Chinese|Italian
232823,Irish|Chinese|Caribbean|Indian
600761,American|Irish|Mexican
33443,American|Mexican|Chinese|Indian|Greek
232190,Italian|American|Mexican|German|French
59886,American|Italian
202992,American|Chinese|Italian|Mexican
78466,American|Chinese
489929,American|Spanish|Italian
231507,American|Italian|Japanese|French
224170,American|Mexican|Italian
291188,American|Caribbean|Mexican|Spanish|Italian
101732,American|Italian|Mexican|Spanish|Korean
183968,American|Mexican
233398,American|Mexican|Chinese
630268,Italian|American
67009,French|Irish|Greek|Indian
153188,Mexican|Italian|American|Spanish
221855,Chinese|Spanish|British|Italian|American
39636,Indian|American|Moroccan|Japanese|Mexican
179232,Indian|Italian|British|French|Chinese
326540,Indian|Italian|Malaysian|Thai
363813,Indian|Middle Eastern|Chinese|Thai
380723,Indian|American|Chinese|Thai
252727,Indian|Japanese|American|Mexican|Vietnamese
56498,American|Vietnamese|Mexican|Chinese|Greek
22724,American|Italian|Chinese|Irish|Mexican
8526,American|Spanish|Japanese|Greek
143218,American|Italian
39334,American|Mexican|Italian|Caribbean
129357,American|Japanese|British|Mexican|Italian
179133,Mexican|Greek|American|Caribbean|Indonesian
192849,American|Italian|Middle Eastern|Mexican|French
168921,Greek|French|Middle Eastern|British|American
129796,American|Mexican|British
209942,American|Mexican
105125,American|Italian|Mexican
97775,American|Vietnamese|French|Greek|Italian
267361,Greek|American|Mexican
290994,American|Italian
57256,American|Italian|Mexican
125512,American|Mexican|Greek
305187,American|Mexican|Italian
246482,American|Chinese|French|Greek|Portuguese
201762,American|Chinese
191047,Mexican|American
490142,American|Italian|Greek|Mexican
136828,American|Italian
279722,Chinese|Mexican|Italian
291226,American|Indian|Spanish|Mexican
749562,American|Caribbean|Japanese|Spanish
428060,Mexican|American|British|Italian
362206,American|Mexican|Chinese
593159,American|Chinese|Italian
530731,American
792538,American
750473,American|Mexican
125640,American|Mexican|Chinese|Italian|Caribbean
463126,American|Mexican|Italian|Greek
142465,American|Chinese
48612,American|Mexican|French
376098,Chinese|American|Italian|Mexican
456799,American|Italian
526810,American|Italian|Mexican
630176,American|British
368277,American|Italian|Mexican|German|Chinese
605921,Italian|Chinese|Japanese
601529,Mexican|American|French
42217,American|Chinese|French
227607,American|Italian|Mexican|Thai|Caribbean
169609,Mexican|American|Italian
1188656,American|Mexican
1040507,American|Mexican|Chinese
1102585,American|Mexican|Italian|German
484436,American|Chinese
53002,American|British|Chinese|Italian
103224,American|Italian|Chinese|Mexican
46357,American|Mexican|Moroccan|Caribbean
404043,American|Italian
206354,American|Mexican|Greek
666682,American|Vietnamese
442244,American|French|Chinese|Italian
314983,American|French
120264,American|Italian|Spanish|Caribbean|Chinese
238113,American|Italian|Mexican|Irish
318235,Italian|American|French|Mexican|Thai
771965,American|French|Italian|Mexican
383795,American|Mexican|Italian|Turkish|Greek
61525,American|German|Irish
166019,American
599741,Indian|Mexican|American
2687969,American|Mexican|Chinese
35701,Italian|American|Mexican|Chinese|Portuguese
29920,American|Chinese|Italian
91453,Japanese|Chinese|American|Indian|French
985795,Italian|Mexican|American|German
74558,Caribbean|Italian|Portuguese|Mexican|Greek
37080,Italian|American|Chinese|Korean|Thai
579911,American|Mexican|Middle Eastern|Italian
445492,American|Indian|Italian|Mexican|Caribbean
355282,American|Greek|Indian|French|Spanish
382203,Mexican|American|Indian|Irish|Chinese
169065,Mexican|Italian|Thai|American
82648,Indian|American|Thai|Chinese|French
227831,Indian|Italian|Greek|American
311625,Indian|American|Mexican|Chinese|Caribbean
597546,American|Greek|Indian|Chinese|French
62562,French|Italian|Greek|Middle Eastern|American
73769,Chinese|Italian|American|Indian|Mexican
274719,Indian|American|Mexican
206191,American|Indian|Irish
407145,Italian|Indian|American
217557,Indian|American|Mexican
497100,American|Mexican|Indian|Middle Eastern|British
539781,Indian|Mexican|Vietnamese
38574,Italian|American|Mexican|Indian|Caribbean
136979,American|Italian|Mexican|Chinese|Thai
486648,American|Indian|Caribbean|Mexican|Italian
506950,American|Mexican|Indian
135470,Caribbean|Indian|Japanese|German|American
930470,Thai|Mexican|Indian|Japanese|Italian
1122474,Indian|Caribbean
440735,Italian|American|Mexican|Chinese|Indian
149075,Mexican|Indian|Chinese|American|Portuguese
576273,American|Italian|Mexican|Indian|Spanish
567976,American|Mexican|Italian|Indian|Greek
833434,American|Mexican|Italian|Indian|Greek
396103,Indian|American|Japanese|Chinese
973916,Indian|Italian|Irish|Thai
796687,Indian|Mexican|Italian|American
222970,American|Greek|Mexican|Italian|Indian
1333177,Indian|Mexican|American
122087,Italian|American|Indian|Thai|Chinese
310749,American|Indian|Italian|Japanese|Caribbean
727964,Italian|Greek|American
1384367,Indian|American|Italian|Mexican
22174,Indian|Mexican|Italian|American
373083,Indian|British|Italian|American
132010,American|Indian|Mexican|French|Greek
358698,American|Italian|Chinese|Japanese|Indian
2189403,Italian|Indian|British|Mexican
2324285,Indian|Mexican|Middle Eastern|Thai|American
2284691,Indian|American
672534,American|Indian|French|Mexican|Italian
220361,American|Mexican|British|Italian
360080,Mexican|American|Moroccan|Thai|Indian
328235,American|Mexican|Italian|Chinese|Japanese
454804,American|Mexican|French|Chinese
929091,Mexican|Italian|Thai|Irish
426903,American|Mexican|Italian|Chinese|Caribbean
914806,Mexican|American
1445088,American|Mexican|Chinese
329769,Moroccan|Thai|Italian|Greek|French
233583,Italian|Greek|French|American|Spanish
322381,Indian|Mexican|Chinese|Caribbean|Filipino
161745,Mexican|British|Chinese|Italian
65803,British|Irish|Italian
56061,Italian|Mexican|American|British|Japanese
41706,Italian|American|British|Mexican|Thai
100149,British|American
1305413,French|Italian|British|Caribbean
178504,Italian|British|American
192974,Chinese|French|Korean
201614,American|Chinese|Indian|Italian|Mexican
35635,Mexican|American|Italian|French|Greek
53143,Mexican|Italian
31364,Mexican|Italian
162466,Mexican|Middle Eastern|Greek
86604,Mexican|Greek|American
346576,American|Mexican
41799,American|Italian|Caribbean|Irish|Japanese
227454,Mexican|Chinese|Indian|Japanese
213139,Mexican|Caribbean|French|Chinese|Indonesian
84386,Italian|Irish|Caribbean|French|American
1480551,Italian|American
2407654,Mexican|Italian
87109,American|Caribbean|German|Korean|Mexican
393426,American|Caribbean|Mexican|Japanese|Thai
803511,Italian|German|Chinese|Caribbean|Mexican
144373,Mexican|American|Italian|Ethiopian|Middle Eastern
560491,American|British|Mexican|Italian|Spanish
66321,American|Italian|Caribbean|British
72017,American|Mexican
34122,American|Italian|Greek|Chinese|French
78770,American|Middle Eastern|Italian
219618,American|Indian|French
512452,American|Mexican
402559,American|Italian|Mexican|Chinese|Caribbean
481463,Italian
317606,American|Mexican
810787,Mexican|American|Italian|Chinese|Caribbean
147109,American|Mexican|Chinese|Italian
1179773,American|Chinese|Italian|Indian|Mexican
52607,American|Italian|Mexican|French
335855,French|American|British|Chinese
547750,Moroccan|Spanish|Thai|Turkish|French
125356,Italian|Mexican|Spanish|Chinese|German
269521,American|Mexican|Spanish|Italian|Caribbean
111296,Indian|American|Caribbean|French|Thai
424762,American|Italian
14042,American|German
128950,American|Italian|Mexican|Caribbean
71324,American|Indian|Italian|Thai|Mexican
116856,American|Indian|Caribbean|Italian|Indonesian
93997,American|Mexican|Caribbean|Italian
274212,Mexican|American|Caribbean|German|Greek
177435,Italian|Greek|Mexican|American|Caribbean
356127,Mexican|American|Chinese
209613,American|Mexican|Korean
222433,American|Mexican|Italian|Chinese|Thai
373404,Mexican|German
326787,Mexican|American|German|Italian
531310,Mexican|American|Italian
59608,American|Mexican|Thai|Japanese|Spanish
87144,Mexican|Japanese
453216,American|Mexican|Italian|Caribbean|Indian
114356,Chinese|American|Irish|Caribbean|Mexican
98511,Mexican|American
312081,Mexican|Italian|American
1042494,Mexican|Italian|Thai|Indonesian|Indian
983595,Thai|Mexican|Indian
187918,American|Italian|French|Chinese|German
129333,Indian|Caribbean|Chinese|American|Italian
104295,American|Mexican|Italian|Indian|French
262357,Chinese|Indian|Caribbean|Vietnamese|French
469528,American|Mexican|Italian
446738,Italian|Mexican|American|Chinese
894735,Italian|Mexican|American
655579,Caribbean|Italian
284897,Italian|Chinese|Turkish|Greek|French
64667,Chinese|Mexican|Italian|Japanese|American
590105,Thai|Italian|Indian|American|Chinese
580295,Chinese|American|Thai|French|Greek
2585084,Thai|Italian|Greek
1265522,Mexican|American|Thai|Moroccan|Caribbean
94272,French|Greek|Italian|Moroccan|American
118684,French|American|Italian
1177498,French|Japanese|Turkish|Filipino|Greek
200339,American|French
48902,American|Greek|Italian|Mexican
42586,American|Mexican|Japanese|Greek|Italian
86855,American|Italian|Japanese|Greek|Mexican
45162,Japanese|Mexican|Moroccan|Italian
102937,Japanese|Italian|Thai|Caribbean|Mexican
140807,Japanese|American|Indian|Greek
71531,Japanese|Chinese|American|Italian
365507,American|Japanese|Italian
232532,American|Japanese|Italian|Mexican|French
200930,Indian|American|Italian|Mexican|Japanese
1249468,Japanese|Mexican|Italian|Irish|German
686948,American|Moroccan|French|Mexican
27443,Italian|Chinese|Mexican|Spanish|American
7802,Mexican|American|Chinese|Italian
28671,Mexican|Italian|American
29177,Mexican|American|Italian
13029,American|Mexican|Italian
26041,Mexican|American|Italian|Greek|Thai
106614,American|Mexican|Italian
1287956,Mexican|American|Moroccan|Italian|Caribbean
217121,Middle Eastern|Moroccan|Malaysian
220153,Middle Eastern|Greek|Spanish|Moroccan|Italian
164368,British|Italian|Middle Eastern|American|Indian
6550,American|Mexican|Middle Eastern|Italian
124249,American|German|Mexican|Italian|French
329638,American|Chinese|Mexican|Italian
534142,American|Korean|Chinese
439066,American|Italian|Thai|Mexican
528098,American|Italian|Mexican
502222,American|German|Thai
480970,American|Chinese|Mexican
118163,American|Mexican|Chinese
776054,Mexican|American|French|Italian
202224,American|Mexican|Chinese|Italian
1049057,American|Mexican|Chinese|British|Greek
64342,American|Italian|Irish|French|Chinese
352271,American|Italian|Greek
495793,American|Mexican|Italian|Middle Eastern
921940,American|Middle Eastern|Spanish|Indian
769890,American|Mexican|Greek|French|Italian
677508,American|Mexican|Indian|Italian|German
2123645,American|Mexican|Caribbean|Chinese|Italian
242989,Mexican|American|Italian
303162,American|Italian|Mexican|Chinese
281399,American|Italian|Caribbean|Mexican|Chinese
517443,American|Italian|French
359553,American|Mexican|Moroccan|Italian
390420,American|Mexican|Thai|Italian
673444,Mexican|American|Indian|Italian|Chinese
728677,American|Greek
414988,Italian|American|Mexican
811162,American|Mexican
1381297,American|Chinese|German|Italian
330937,American|Mexican|French|Italian|Indian
134145,Mexican|Indian|American
723525,American|Greek|Italian
121193,Mexican|Italian|Indian|American
1620171,Italian|Mexican|Indian|American|Spanish
176167,American|Italian|Mexican
46545,Indian|American|Italian|Chinese|Greek
48136,American|Italian|Spanish|British|Moroccan
168896,Italian|Greek|American|Mexican|Middle Eastern
198129,American|Italian|Caribbean
160977,Indian|American|Italian|Indonesian|Thai
740534,Italian|Indian|Mexican|Moroccan|Middle Eastern
246293,Chinese|French
327445,Italian|Mexican|American|French
42309,Greek|Thai|Mexican|Portuguese|Italian
53425,Chinese|Greek|French|American|British
58931,American|Italian|Indian|Mexican|Greek
49360,American|Italian|Greek|Caribbean|Moroccan
57404,Greek|Vietnamese|Chinese|Moroccan
237533,American|Italian|Greek|Japanese|Indian
148894,Greek|Italian
67728,Mexican|Italian|Indian|Thai|Greek
308765,American|Indian|Greek|Mexican|Thai
95763,Indian|Greek|Japanese|Italian|Mexican
168158,Greek|American|Indian
41560,Greek|American|Italian|Mexican
505325,Caribbean|Greek|Italian|Chinese|American
386585,Italian|American|French|Greek|Mexican
68904,Greek|Mexican|Caribbean|American
79888,Greek|American|Indian
818263,American|Japanese
162300,Greek|Mexican|British|American
704950,American|Greek|French|Italian|Indian
490200,American|Greek|Mexican|Chinese
399711,Greek|Mexican|Japanese|Italian|Indian
941891,Greek|American|Japanese|Italian
1186940,American|Italian|Greek|German|Chinese
522744,Greek|American|Italian|Mexican|Turkish
994748,American|Greek
360471,American|Indian|Mexican|Greek|Italian
171210,Indian|Caribbean|Greek|Japanese|Irish
1683962,Middle Eastern|American|Indian|Italian
1800844367,Mexican|American|Greek
60694,American|Italian|Chinese|Middle Eastern
517066,Mexican|American|Italian
588863,American|Mexican
578914,Italian|Mexican|American|Spanish|Chinese
539977,Greek|Mexican|Italian|Chinese|Irish
30534,British|Greek|Japanese|Italian|American
87567,British|American|Mexican
442988,Greek|American|Spanish|Middle Eastern|British
374416,Indian|British|American|Middle Eastern|Moroccan
86512,British|Japanese|Korean|American|German
626018,British|Middle Eastern|Mexican
782307,British|Spanish|American|Mexican
155641,Chinese|American|Italian
160947,Italian|Mexican|Chinese|Japanese|American
66899,Chinese|Italian|American
42337,American|Chinese|Italian|Mexican
207478,American|Mexican|Chinese|Indian|French
214974,American|Chinese|Greek|Indian|Ethiopian
98951,Chinese|Filipino|Japanese
77488,American|Chinese|Italian
279506,American|Mexican|Chinese|Korean|Thai
63048,Chinese|Italian|American
63421,American|Chinese|Italian
52664,American|Chinese|Italian|Greek
311353,Greek|Chinese|Italian|Moroccan
427101,American|Italian|Chinese|Japanese|Greek
300920,Korean|Thai|Chinese|Italian|American
102672,Chinese|American|Mexican|Italian|Japanese
462571,Italian|Chinese|British
366672,British|American|Chinese|Japanese|Irish
503743,American|Chinese|Thai
146426,Mexican|Chinese|Italian
534623,Chinese|Italian|American|Mexican
945289,American|Chinese|French|Thai|Mexican
294215,Mexican|Chinese|Italian
666723,American|Mexican|Chinese|Caribbean|Korean
1088130,Chinese|American|French|Italian
349446,Italian|Thai|Mexican|Chinese
364863,British|Chinese|Caribbean|Indian
745760,American|Chinese|British
587965,American|Chinese|Italian|Caribbean
983811,Italian|American|Chinese|Korean|Mexican
537832,Chinese|British|Mexican|Middle Eastern|Italian
352845,American|Greek|Chinese|French|Italian
628779,American|Chinese|Greek|Caribbean
283834,American|Mexican|Chinese|Indian|Caribbean
674484,American|Italian|Chinese|French
401688,Chinese|American|German|Italian|French
80219,Chinese|Mexican
516926,Chinese|Caribbean|French|Mexican|British
1164689,Chinese|Mexican|French|Italian
288146,American|Indian|Italian|Greek|Mexican
56492,Mexican|Chinese
690623,American|French|Italian|Chinese|German
1592049,American|Italian|Chinese
41525,Chinese|French|Mexican|Vietnamese|Thai
185721,American|French|Indian|Mexican
55578,American|Italian|Mexican|Chinese|Caribbean
340980,Chinese|Filipino|Thai
258115,French|Middle Eastern|Indonesian|Mexican|Italian
310953,Mexican|French|American
244595,American|French|Spanish|Italian|Mexican
55221,Mexican|Italian|American|Caribbean
345297,Italian|American|Mexican
115053,American|Italian|Caribbean|Chinese
290107,American|Mexican|Italian|Middle Eastern|Chinese
382364,Italian|American|Moroccan
366487,Italian|American
435152,Italian|Japanese|Mexican
223135,Italian
713116,American|Italian|Spanish|Indian|Chinese
369363,American|Italian|Mexican|French
722619,Italian|German|Chinese|American
537578,American|Italian|Mexican
800990,Italian|American|Greek|French
99624,American|Mexican|Italian|French|Thai
1535,American|Italian|Irish|Chinese|Mexican
24928,Italian|American|Japanese|German|Mexican
171683,Mexican|American|Italian|British|Indian
315565,Italian|Greek|Thai|Caribbean|British
39277,American|Italian|Mexican|Caribbean|Moroccan
54885,American|Italian|Mexican
92641,American|Italian|Caribbean|Japanese|Indian
153190,Italian|American
22788,American|Italian
317696,Thai|Indian|Spanish|French|Mexican
27961,American|Italian|Mexican
851190,American|Mexican|Italian|Chinese
460058,Italian|Mexican|American|Greek|Middle Eastern
469786,American|Mexican
1203830,American|Italian|Mexican
124268,American|Mexican|Italian|French
19540,Italian|Spanish|Indian|American
167782,Spanish|American|Caribbean|Indonesian|Thai
168771,French|Thai|Mexican
666829,American|Thai|Italian|British
426156,American|Thai|Italian
211577,Thai|American|Irish|Chinese|Mexican
380275,Thai|American|Chinese|Mexican
107583,Thai|French|Chinese|Mexican|Indian
163576,Vietnamese|Chinese|Japanese
219291,American|Spanish|Chinese|Greek|Italian
153919,Chinese|American|Spanish|Greek|French
477308,Mexican|Indian|French
574936,Mexican|American
403668,Thai|Mexican|Japanese|Italian
35106,Chinese|Thai|Italian|Greek|American
202865,Italian|American
213909,German|American|Mexican|Italian|French
25455,Italian|American|Thai|Mexican|Chinese
50643,American|Italian|Irish|Moroccan
59921,Italian|American|Mexican|Chinese
30435,American|Mexican|Italian|Indian|Indonesian
107014,Mexican|Italian
85018,American|Italian|French|Chinese|Mexican
36187,American|Italian|Greek|Caribbean|Turkish
188204,Italian|American|Chinese|Thai|Greek
193516,Italian|American|Caribbean|Chinese|Thai
237330,Italian|Greek|Indonesian|American|British
143946,Mexican|Irish|Italian
527515,American|Italian
298757,Ethiopian|Italian|American|French|Irish
182358,Italian|American|French|Greek|Caribbean
246844,Mexican|Italian|Chinese|Greek|Turkish
651379,American|Mexican|Caribbean
1072669,Italian|Chinese
1023050,Mexican|Italian|American
165217,
1122161,American|Italian|Chinese|Greek|Thai
422609,American|Greek|Italian|Chinese|Mexican
642310,Italian|American
253974,Mexican|Italian|Caribbean|American|Japanese
101391,American|Italian|Filipino
74652,Italian|American|Mexican|Greek|Indian
3205,American|Vietnamese|Korean|Mexican
448204,American|Greek|Mexican
1198738,American|Italian
1617537,Mexican|American|French|Italian
65197,Mexican|American|German|Caribbean|Greek
404046,American|Italian|Mexican
824438,Mexican|American|Japanese
658792,American
62264,Italian|American|Thai|Chinese|Korean
214991,American|Mexican|Italian|Greek|French
2162210,Italian|Spanish|American|British
153145,Caribbean|Chinese|Italian|Portuguese|Mexican
515278,Italian|Chinese|Moroccan|Middle Eastern|Indian
1168148,Italian|French|Moroccan|Greek|Mexican
382071,Moroccan|Greek|Indian|American|Mexican
112864,Chinese|Indian|Thai|Moroccan|Caribbean
343228,Middle Eastern|Turkish
401260,Moroccan|American|Middle Eastern|Greek
718620,American|Chinese|Mexican|Japanese|Caribbean
200728,Japanese|Chinese|Indian|Thai|Caribbean
123897,Japanese|Italian|Chinese|Middle Eastern|Mexican
22642,Chinese|Japanese|American|Middle Eastern|Italian
72254,Japanese|Ethiopian|Chinese|Moroccan
254446,Italian|Japanese|Chinese|Mexican
63128,Japanese|Italian|Greek|American|Mexican
322548,Japanese|Chinese
180463,Japanese|Italian|American|Chinese
316717,American|Japanese|Mexican|Chinese|Italian
121985,American|Italian|Mexican|Japanese|German
394617,Italian|Japanese|Chinese|Mexican|American
494593,American|Italian|Japanese|Mexican|French
454675,Chinese|Japanese|American|Mexican
598260,Japanese|Thai|Vietnamese|Italian
1676220,American|Japanese|Chinese
190230,Chinese|Greek|British|Spanish|Italian
344231,Caribbean|American|Moroccan|Italian|British
2192609,American|Italian|Mexican|Caribbean|Chinese
2189849,American|Italian
225179,American|Mexican|Greek
838356,American|Mexican
314792,American|Mexican|Italian|Moroccan
208042,Mexican|Greek|Italian|Chinese
227456,Mexican|American
420177,Mexican|American|Greek|Indonesian|Caribbean
75173,American|Caribbean
107308,American|Mexican|Japanese|Italian
59473,American|Italian|Mexican|German|Chinese
124434,American|Italian|Mexican|Chinese
79737,American|Mexican|Italian
161265,American|Chinese
326039,American|French|Italian|Mexican|Greek
51881,American|Italian|Mexican|German
43846,American|Italian|Mexican
40620,American|Chinese|Italian|British|Indian
45763,American|Chinese|Caribbean|Italian|Mexican
219865,American|Caribbean|Italian
324136,Moroccan|Spanish|Turkish|Japanese|Thai
191015,Italian|American|Spanish|Chinese|Middle Eastern
910147,Spanish|American|Japanese|Italian
181123,Spanish|Italian|American|Middle Eastern|Indian
129652,French|Middle Eastern|American|Greek|Moroccan
384210,Indian|Spanish|Middle Eastern|Mexican|Indonesian
248115,Middle Eastern|Indian|Italian
395252,Middle Eastern|Caribbean|German|Greek|Moroccan
520620,American|German|Middle Eastern|Mexican|Greek
44192,American|Italian|Chinese
42895,American|Italian|Mexican
38185,Italian|American|Chinese
45651,American|Italian|Caribbean
72745,American
49414,American|Italian|Mexican
38182,American
1396309,American|Chinese|Italian
6357,Indian|Middle Eastern|Chinese|Italian|American
121553,Middle Eastern|Indian
172760,Indonesian|Chinese|Middle Eastern
478599,Mexican|Italian|Turkish
143917,Italian|Japanese|Greek
634448,Mexican|Italian|Chinese|Indian|American
2198132,American|Italian|Mexican|Caribbean|Chinese
2201427,American|Italian|Mexican|Chinese
2171229,American|Greek|Mexican
306726,American|Italian|Mexican|Caribbean
2200124,American|Italian|Chinese
2430064,American|Italian|Mexican
65955,Italian|Chinese|Mexican|American|Middle Eastern
75998,American|Italian|Spanish|Portuguese|Mexican
41503,American|Italian|Chinese|Spanish|Vietnamese
84196,Mexican|Italian|American|Chinese|Greek
125808,American|Chinese|Mexican|Italian|French
40533,American|Irish|Vietnamese|Moroccan|Italian
159243,Mexican|American|Italian
369047,Chinese|Indian|Greek|Japanese|Spanish
450004,Greek|British|American|Indian|Thai
66246,Italian|American|Chinese|Mexican|French
450636,American|Mexican|Italian|Spanish|French
388414,American|Mexican|Italian|Thai|Chinese
354540,American|Mexican|Chinese|British
92290,Chinese|American|Thai
311003,American|Mexican|Italian|Middle Eastern|Greek
583401,American|Caribbean|Mexican
551498,American|Greek|Italian|French|Indian
1458822,American|Italian|Mexican
369603,American|Caribbean|Mexican
1108707,American|Chinese|British
491933,American|Moroccan|Middle Eastern
241696,Italian|Greek|American
356713,Italian|Greek|American
89549,Italian|Chinese|Malaysian|Caribbean|American
1182971,Italian|British|Spanish|Mexican|American
614389,American|Italian|Mexican
165169,Italian|Mexican|American|Spanish
350627,Mexican|Indian|Thai|American|Moroccan
64713,American|Italian|Greek
20754,Italian|American|Chinese|Mexican|Japanese
55166,Italian|American|Mexican
78682,American|Italian
104600,Italian|Indonesian|Chinese|Japanese|American
15892,Italian|Japanese|American|Chinese
64934,Italian|American|Mexican|Japanese|Indonesian
172256,Italian|Mexican|Chinese|Middle Eastern
110125,American|Italian|Greek|Mexican|Middle Eastern
315671,American|Indian|Japanese|Italian|Vietnamese
366048,Italian|Japanese|Malaysian|Middle Eastern|American
414309,Italian|American
294705,American|Italian|Mexican
446403,Italian|Japanese|Thai|Mexican
150281,Mexican|Greek|Moroccan|Spanish|German
341338,American|Italian|German
244082,Italian|American
289292,Italian|American|Mexican
214911,Italian|American|Mexican|Greek
39394,American|Mexican|Italian|Middle Eastern|Japanese
780028,Italian|Korean
156783,American|Italian|Chinese
449014,American|Chinese|Mexican
1224926,Italian|Mexican|Spanish|American
120121,Italian|French|Mexican|American|Japanese
885979,Mexican
45416,American|Italian|Greek
356062,Mexican|American|Italian|Chinese|Irish
726484,American|Mexican
67270,Italian|Chinese|American|Spanish
223651,Italian|Mexican|Chinese
244365,Italian|American
221694,Chinese|Mexican|American|Thai|Middle Eastern
169130,Italian|Greek|Caribbean|Thai|Chinese
60362,Italian|Chinese|American
283474,American|Italian|Greek|Portuguese|French
39754,Italian|Greek|American|French|British
420799,Italian|Chinese|Caribbean
61569,Indian|German|French|Moroccan|Chinese
427184,Italian|Chinese|Thai|Indian|Spanish
539686,Mexican|American|Italian|Greek|Chinese
233780,French|Moroccan|Greek|Mexican|Indian
331472,American|Chinese|Moroccan
586291,Chinese|Mexican|Italian|American|British
1060667,Mexican|Chinese|American|Greek|Thai
857580,American|Greek|Mexican|Italian
158966,Mexican|Italian|American|Greek|Chinese
12882,Greek|American|Japanese|French
198962,Mexican|Greek|Italian|American
366914,Indian|American|Greek|Mexican|Thai
124416,American|Greek|French|Korean|Italian
485996,British|Greek|Italian|American
579228,American|Greek|Chinese|Middle Eastern
226788,American|Greek|Moroccan
717221,Greek|British|Italian
895132,Middle Eastern|Greek|Indian|Caribbean|American
1271506,Middle Eastern|Greek|Chinese|Italian|Thai
15609,American|Chinese|Italian
168922,American|Mexican|Chinese|Italian|Caribbean
343668,Italian|Chinese|Mexican|American
423778,Mexican|Chinese|French
493002,Mexican|American
133680,Mexican|Chinese
681067,Chinese|Mexican|American
608500,American|Chinese|Mexican
1055243,Chinese|Indonesian|American|Mexican
685701,American|Mexican|Chinese|Greek|French
754772,Mexican|Chinese|Italian
31420,Chinese|Korean|Italian
299531,Korean|Portuguese|Thai
50778,American|Thai|Italian|Mexican|Japanese
242733,American|Greek|Indian
1017242,American|German|British|Moroccan
733902,American|Indian|French|Italian|Moroccan
458462,American|Mexican|Chinese|Italian
431813,Indian|Italian|Thai|French|Chinese
302486,British|Mexican|Chinese|Thai|American
414777,Mexican|Italian|French
314825,Indian|Turkish|Greek|Malaysian
451700,British|Middle Eastern|Moroccan|Turkish|Indian
889914,Indian|Italian|American|Mexican|Thai
229448,Irish|Italian
865936,Greek|Caribbean|French|British|Moroccan
59087,Chinese|French|Japanese|Italian
49856,American|Caribbean|Italian|German
313633,Mexican|Caribbean|Irish|Chinese
30080,Italian|American|Irish|Chinese|British
34146,Irish|American|Italian
202589,Irish|American|Mexican|Italian
262090,Chinese|American|Irish|Malaysian|German
340141,Mexican|Irish|American|Thai|Chinese
9748,Italian|French|Mexican|Greek|American
400817,Indian|Middle Eastern|Greek|American|Thai
201584,Indian|Mexican|American|Italian|Thai
53368,Italian|Mexican|American|Middle Eastern|Japanese
439174,Indian|Chinese|Moroccan|American
636006,Indian|French|Mexican|American
1579905,American|Indian|Caribbean|Spanish|Mexican
897778,Mexican|Italian|Chinese|American
34357,Mexican|Greek|American|Thai|Italian
531163,Mexican|American|Caribbean
512309,Moroccan|Greek|British|Chinese|Italian
2597942,American|Mexican|British|Italian|French
57397,American|Italian|Malaysian|Indian
216999,Greek|Mexican|Thai|Vietnamese|Irish
466582,Japanese|Thai|Greek
318236,Indian|Thai|American
738401,American|Thai|Middle Eastern|Italian|Malaysian
1352950,Thai|Chinese
624345,Caribbean|Thai|Mexican|Middle Eastern|Chinese
134164,American|Thai|Italian
336540,American|Italian|Mexican
345380,American|Mexican|Italian
1195537,French|Spanish|Italian|Mexican
512472,French|American|Mexican|Chinese
29291,Mexican|British|Middle Eastern|Indian|Irish
59064,Greek|Italian|Indian|British|Moroccan
65631,American|Chinese|German|Italian
222696,Chinese|American|Indian|Greek
152995,Chinese|American|French|Italian|Mexican
91698,American|Chinese|Korean|Irish
297761,Chinese|American|Mexican|Indian|Italian
451301,Chinese|Irish|Mexican
344938,Chinese|American|Italian|Mexican
350812,American|Chinese|Mexican|Middle Eastern
194953,American|Chinese|Caribbean
297705,American|Indian|Chinese|British|Italian
743849,Italian|Mexican|Chinese|Irish|American
168451,American|Greek|Chinese
97073,American|Chinese|Italian
763856,American|Chinese|Italian
229619,American|Mexican|Greek|Thai|Chinese
171321,Mexican|American
49561,Italian|Mexican|American|Thai|Indian
1607893,Italian|Greek|Middle Eastern|Indian|Spanish
220348,Italian|Indian|Middle Eastern|Greek|Spanish
443975,Greek|Caribbean|Thai
10113,American|Indian|Mexican
137302,American|Italian|German|Chinese
173306,Mexican|American|Middle Eastern
144798,Mexican|American
246145,American|Italian|Mexican
310162,American|Chinese|Italian
259021,American|Italian|Mexican
248023,American|Italian|Chinese|Mexican|Caribbean
395482,American|Spanish|Italian|Japanese|Chinese
297913,Mexican|American|Italian|Thai|Greek
286006,American|Italian|Malaysian|Caribbean|Moroccan
957625,Mexican|Italian|American|Caribbean
451456,Mexican|Indian|Chinese|Irish|Thai
444132,Indian|Mexican|Thai|Moroccan
121581,American|Thai|Moroccan|Middle Eastern|Mexican
340503,Mexican|American|Italian|Chinese|Spanish
291344,Mexican|American
377581,American|Mexican|Italian|Chinese|British
597538,American|Italian|Mexican|Japanese
730763,American|Mexican
868654,American|Thai|Italian|Malaysian|French
400420,Mexican|American|Greek|Turkish|Thai
786065,American|Italian|German|French
954139,American|Mexican|Italian
593431,American|Chinese|Italian
494589,American|Italian|Mexican|British
804931,Mexican|American|Italian|French|Chinese
58469,American|Italian|Irish|Greek
35848,American|Mexican|Italian|Chinese|Irish
933008,American|Italian|Middle Eastern|Greek
141569,Greek|French|Moroccan|Spanish|British
141898,Spanish|Irish|Italian|Chinese|American
57695,German|Italian|Japanese|Irish|Mexican
83093,Mexican|Italian|American|German|Greek
422893,Mexican|Italian|Greek|French|Indian
39762,Greek|Mexican|American|Chinese
273842,Italian|American|Greek
11461,American|Mexican|Caribbean|Greek|Italian
51089,American|Italian|Caribbean|Mexican
1168939,Mexican|American
222096,American|Mexican|Chinese|Caribbean|Greek
185446,American|Mexican|Italian|Greek|Korean
38181,Italian|Indian|American|Mexican|Greek
232886,Indian|Korean|Chinese|American|Mexican
81511,American|Greek|Italian|Mexican
38865,American|Greek|Caribbean|Mexican|Italian
148903,American|Mexican|Japanese|Chinese|Indian
152393,American|Mexican|Italian|French
183964,Italian|American|Chinese|Mexican|Greek
176481,Mexican|American|Italian|French|British
2206320,American|German|Caribbean
1112848,American|Italian|Mexican
2440395,American|Italian|Mexican|Caribbean|Chinese
2420655,Italian|American|Mexican|Chinese
2204786,American|Italian|Caribbean|Chinese
2423302,American|Italian
2415384,American|Italian|Chinese
418718,American
1359842,American|Italian|Caribbean|Chinese
1772643,American|Caribbean
2428011,American|Italian|Caribbean
2211242,American|Italian|Mexican|Chinese
2210843,American|Italian|Caribbean|Chinese
2414156,American|Italian
68942,American|Italian|Greek|Indian
170386,American|Italian|Caribbean
179456,American|Middle Eastern
297811,Chinese|American|Mexican|Thai
203674,Italian|American|Mexican
56680,American|Italian|Chinese|British|French
94031,American|Mexican|Caribbean
23466,Italian|Indian|American|Mexican
264017,American|Italian|Mexican|German|Caribbean
1783373,Caribbean|American|German|Ethiopian|Greek
27643,American|Italian|Mexican|Greek|French
121178,French|American|Italian|German
122235,American|Mexican|French|Italian|Caribbean
238617,French|Italian|American
126104,American|Italian|French|Greek|Mexican
328099,Italian|American|German|Chinese
226989,American|Spanish
676702,Mexican|American|German|Chinese|Italian
1739723,American|Indian
71288,American|Mexican|Italian
230557,American|Chinese|Italian
166636,American|French|Italian
471652,Thai|Greek|Mexican|Middle Eastern
379453,American|Mexican|Greek|Spanish|Caribbean
689332,American|Greek|Italian
816764,Greek|Italian|Malaysian|Thai
1088637,Chinese|Greek|American|Vietnamese
322326,Italian|British|Middle Eastern|American
60486,American|Italian|Irish
169712,Italian|American|Mexican
325703,Indian|Italian|Greek|American
2001362355,Mexican|Italian|American|British|Chinese
28346,American|Italian|British
195977,American|British|Mexican
249374,American|Italian|Caribbean
164610,American|Italian|Spanish|Portuguese
1206803,American|Thai
930552,American|Mexican|Thai|British|Italian
16459,Chinese|Mexican|American|Portuguese
28649,American|Italian|Chinese|Mexican|Japanese
184762,Mexican|American
148316,American|Mexican|Chinese|Italian|French
282079,American|Mexican|Italian
333840,Mexican|Italian|American|French
333549,Mexican|American|Thai|Japanese
228876,American|Mexican|Indonesian
413880,American|Mexican
463231,American|Mexican
393923,American|Mexican|Italian|French
580030,American|Mexican|Italian
681465,Mexican|American|Chinese
411567,Mexican|Vietnamese|Korean|American|Middle Eastern
28729,Italian|American|French|Mexican|Chinese
526547,Mexican|Italian|Chinese
522275,American|Mexican|Italian|Korean|British
733833,American|French|Mexican|Italian|Chinese
818109,Mexican|American
804978,American|Mexican|Italian|French|Greek
822893,Mexican|Thai|American|Caribbean
437237,Mexican|Italian|American
85826,American|Mexican|French|Indian|Chinese
544275,Mexican|American|Italian
686926,Mexican|Italian
899120,Mexican|American|Italian
719181,Mexican|Italian|American
63858,American|Italian|Mexican|Malaysian
212268,Mexican
633027,Italian|Mexican|Greek|American
324621,Mexican|American|Italian|Turkish|Korean
165206,Thai|Indian|Mexican|Vietnamese|American
843372,Italian|Mexican|American|French|Greek
27366,Mexican|American|French|Chinese
800414,Mexican|Italian
950577,Mexican|American|Italian
1210365,American|Mexican|Greek|Chinese
475484,Chinese|Mexican|American|Italian|Indian
766961,Mexican|Italian|Indian|British
1338684,Italian|American|Mexican|French|Greek
1154939,Mexican|Caribbean|American
241697,Mexican|American
443633,Mexican|Italian|American|Caribbean|Japanese
812096,Mexican|Chinese
198419,Mexican|Indonesian|American|German
1206650,American|Mexican|Italian
1761123,Mexican
1339114,Mexican|Filipino|Vietnamese
2920332,Mexican|Italian|American
141654,American|Mexican|Italian
69587,Indian|Japanese|Chinese|Middle Eastern|American
315500,Indian|American|Thai|Caribbean
52401,Mexican|American|Middle Eastern
594204,Mexican|Caribbean|American|Chinese
183533,Mexican|German|Chinese|American
779699,Greek|Mexican|Thai|British|Chinese
548406,American|French|Italian|Mexican
59302,American|Italian|Greek
666681,American|Italian|Mexican
33159,American|Caribbean|Greek|Italian|French
40047,American|Chinese
212801,Thai|Spanish|Mexican|Greek|American
332670,American|Italian|Mexican|British
736554,Italian|Mexican|Chinese|American|German
936601,Italian|American|Mexican|Japanese|Caribbean
241601,American|Mexican
86072,Mexican|American
457661,Mexican|Chinese|Italian|Korean|Malaysian
130219,Mexican|American|Greek|Chinese|Middle Eastern
253710,American|Mexican|Japanese
74342,Mexican|Middle Eastern
709542,American|Mexican|Italian
505873,Mexican|American|French
762742,American|Mexican|Chinese
486139,American|Italian
28811,American|Italian|French
446143,American|Italian|Chinese|Greek|Indian
204705,Italian|American|Mexican
93438,German|Italian|American|Indian|British
460048,Mexican|Italian|American
51641,Thai|Chinese|Vietnamese|Malaysian|Indian
180087,American|Vietnamese|Irish|Italian|Chinese
490713,Vietnamese|Japanese|Chinese
138861,American|Chinese|Italian
525149,American|Japanese
220433,Mexican|American|Italian|Greek|French
1661670,Mexican|American
2000431901,American|Mexican|Italian|Indian|Ethiopian
19198,American|Italian|Chinese
53378,Italian|Mexican|American
67491,Italian|American|Caribbean|Mexican|Chinese
52074,American|Italian|Mexican|Chinese
82367,Italian|American|German
22995,Italian|American|Mexican
63070,American|Italian|Mexican|German
174740,American|Italian|Mexican
220403,Mexican|Italian|American|Greek|Chinese
8239,Italian|Thai|American|Greek
309368,American|Italian|Mexican
429769,American|Italian|Chinese
329618,Italian|American
231935,Italian|Thai|American
495821,Italian|American|Mexican
15077,Italian|Spanish|Greek|Mexican|Chinese
311926,American|Italian|French|Mexican
346883,Indian|Italian|Chinese|American
461283,Italian|Irish|Moroccan|American
818606,Mexican|American|Italian|Chinese|Moroccan
589394,Italian|American
18745,Italian|Japanese|French|American
379985,Mexican|Italian|American|Korean
985766,Italian|Japanese|Thai|Mexican|American
839452,American|Chinese|Mexican
962975,Italian|Chinese|Greek
376122,American|Italian|Mexican
457829,American|Italian
324062,Italian|American|Mexican
258528,Italian|American
274467,American|Italian|Greek|Chinese
486888,American|Mexican|British|Indian
25356,American|Italian
113509,Mexican|Chinese|American|Italian|French
497288,Mexican|American|Italian
125524,Italian|Japanese|American
1048246,Chinese|Greek|Italian|Mexican|American
1494593,Indian|Italian|Chinese|American
159488,Italian|American|Caribbean
654995,Italian|Mexican|American
1035327,Italian
335571,Italian|American|Mexican
577249,American|Italian
1701315,Italian|American|Chinese|Ethiopian|French
98994,Italian|American|Irish
109547,American|Italian|Mexican|French|Chinese
398160,American|Italian|Mexican|German
469903,Italian|American|Moroccan|Greek|Indian
174854,German|American|Korean|Caribbean|Italian
118161,Italian|American|Mexican|French
641300,American|Mexican|Italian|Caribbean
113894,American|Mexican|Italian|Greek
65573,Italian|American|Greek|Caribbean|Korean
564310,American|Mexican|Japanese
227024,American|Mexican|Chinese|Italian
44642,American|Italian|British
362038,American|Chinese|Vietnamese|Mexican|Italian
423494,Italian|Thai|French|Middle Eastern|American
22720,American
518572,Mexican|American|Korean|Italian
160497,American|Italian|Chinese
130531,Chinese|American|Mexican|Italian|Caribbean
227932,American|Mexican|Greek|Italian
1216585,American|Italian|Indian|Mexican
205783,Greek|Italian|Moroccan|Japanese|Caribbean
51652,American|Mexican
129217,American|Caribbean|Chinese|Italian|Mexican
373178,Italian|Caribbean|Mexican|American
280696,Mexican|Caribbean|Vietnamese|American
248913,Italian|Mexican|Caribbean|American
478451,American|Italian|Caribbean|French|Mexican
228032,American|Caribbean|Italian|Chinese
369001,Caribbean|American|Italian|Chinese
721832,Caribbean|Mexican|Chinese|American|Italian
1015482,American|Chinese|Caribbean|German|Mexican
185113,American|Indian|Caribbean|Chinese|Greek
913636,Mexican|Caribbean|American
382999,French|Spanish|Mexican|Italian
531029,Italian|Caribbean|Spanish|French|Korean
207616,Korean|Japanese|Mexican|Caribbean|Spanish
852554,Mexican|Korean|Spanish|Chinese|Greek
284180,Italian|Greek|Japanese|American|Indian
225096,Italian|American|Mexican|Greek|Japanese
377202,Greek|Mexican|American
168069,Mexican|Chinese|American|Greek|British
199657,Italian|American|Mexican|French
442276,Mexican|Italian
1335166,Mexican
289117,Mexican|Thai|American|British
1445414,Mexican|Japanese|American
508949,Mexican|American|Italian
2293361,Mexican|Japanese|Italian|American
406741,Mexican|American|Indian|Chinese|Korean
870569,American|Chinese|Mexican|Portuguese
124030,Mexican|French|Italian
116401,American|Mexican
97686,Mexican|American|Chinese
199879,Mexican|French|American|Chinese
199207,Mexican|Chinese|French|Middle Eastern
75973,Mexican|American
181447,Mexican|Italian|American
51109,Mexican|American|Thai|Irish|Italian
345234,American|Mexican
1237790,American|Mexican
37275,American|Italian|Japanese|Irish|Chinese
189156,American|Italian
719083,Italian|American|Indonesian
399465,American|Italian|Middle Eastern|French
57162,American|Chinese|French|Korean
904655,American|Mexican|Greek|Indian
368572,American|German|Thai
49918,American|Italian|Mexican|Irish|Caribbean
254805,American|French|Mexican|Caribbean|Italian
192554,Italian|Mexican|French|Greek|American
164867,Mexican|Caribbean|British|American
254909,Mexican|Italian|American
2574795,American|Mexican|Italian|Korean
361621,American|Mexican
31611,American|Malaysian|Filipino
38745,American|Italian|Mexican
25941,American|French|Italian
29300,American|British|Mexican|Italian
36056,Italian|American|Chinese|German|Mexican
462013,American|Mexican
603831,American|Mexican|Japanese|Italian
167277,American|Indonesian|Mexican
737593,American
187507,Mexican|American|Italian|Chinese
680579,American|Mexican|Italian
498481,American|Korean
658542,American|Italian|Mexican|French
48388,American|Chinese|Filipino|Greek
115088,American|Italian|Mexican
126547,American|Chinese|Mexican|German|Caribbean
129314,American|Italian|Mexican
282678,American|Mexican|Chinese
398487,Italian|American|Mexican
362734,American|Mexican|Italian
114681,American|Italian|Chinese|Mexican|Caribbean
83642,American|Italian|Mexican
741494,American|Mexican|Italian
417332,American|Italian|British
914720,American|Mexican|Italian|Greek|Moroccan
1900301,American|Indian|British|Caribbean|Italian
78754,American|Italian
50313,American|Mexican|Italian
165755,American|Mexican
152021,American|Mexican|Italian
369386,American|British
879716,American|Mexican|Italian|Japanese|Greek
269575,Indian|Middle Eastern|Italian|Turkish|Moroccan
469021,Chinese|Mexican|British|American
66983,American|Korean|Italian|Spanish|Chinese
53959,American|Mexican|French
366781,Mexican|American|Korean|Italian
30503,American|Vietnamese|Irish
171924,American|Greek|Mexican
726142,Greek|Mexican
953691,Indian|Greek|Filipino|American|Italian
111678,Italian|Mexican|Greek|Portuguese|Caribbean
254614,Japanese|Mexican|Chinese|French|Filipino
78848,Indonesian|Italian|Irish|Middle Eastern|American
472074,American|Italian|Mexican
437727,Indonesian|American|Irish|Mexican|Filipino
304290,Italian|Indonesian|American|Middle Eastern
291292,Mexican|American|Indonesian
60385,American|Italian
41874,American|Chinese|Thai|Irish|Caribbean
57475,Mexican|American|Italian
65936,American|Mexican|Chinese
119250,American|Mexican
2206637,American|Indian|French
58430,American|Mexican|French
229962,Indian|Turkish|Chinese|French
224740,Caribbean|Greek|Indian|Chinese|American
306897,Indian|Italian|American|Thai|Middle Eastern
1426364,Chinese|American|British|Middle Eastern|Malaysian
28442,Italian|American|Mexican|German
644191,American|Indian|Chinese|Japanese|Mexican
114027,Italian|American|Moroccan|Thai|Middle Eastern
198612,Chinese|Middle Eastern|Thai|Vietnamese
366559,Middle Eastern|British|American|Italian
1018029,American|Middle Eastern|Mexican
965764,American|Middle Eastern|Indian|Greek
1356721,American|Mexican|Middle Eastern|Indian|Chinese
293757,American|Chinese|Mexican
1677154,German|American|Italian|Turkish|Indian
106867,Mexican|Thai|Greek
141980,American|Mexican|Italian
130678,Indian|French|Caribbean|Greek|Moroccan
285011,Indian|Mexican|Thai
398333,American|Chinese
120298,American|Mexican|Italian
327989,American|Mexican|Italian
121275,Mexican|Italian|American
160981,Mexican|Italian|Chinese
1187622,Mexican|Chinese|American|British|Italian
1675225,American|Mexican
138174,American|Thai|Japanese|Filipino|Indian
196038,American|Italian|Mexican|Greek|Chinese
157248,Caribbean|Italian|Greek|Japanese|American
282731,Italian|Thai|Chinese|Mexican
353485,Mexican|Indian|Moroccan|American|British
27711,American|Mexican|Indian|Italian
184469,American|Caribbean|Korean|Chinese|Italian
163688,Chinese|Italian
48692,German|Mexican|Korean|Caribbean
1320105,American|Mexican|German|Italian
241882,Mexican|American|Chinese|Greek
84272,Chinese|Mexican|American|Italian
302961,American|Chinese|Caribbean|Italian
294455,Chinese|American|German|Mexican
424008,American|Chinese|Middle Eastern
289328,American|Chinese|Mexican|Italian
720912,Japanese|Chinese|Caribbean|American|Thai
634257,Chinese|American|Indian
141610,Chinese|American|Mexican|Italian|Greek
30716,Chinese|American|Mexican|Thai|Greek
49312,Italian|American|French|Mexican
52026,American|Italian|Indian|German
94856,American|Italian
82663,Mexican|American|Chinese
153866,American|Italian
110210,American|Italian|Greek|Middle Eastern|Caribbean
102135,Mexican|American|Italian
177085,American|Italian|Mexican
343039,American|Japanese|Italian
283251,American|Italian|Caribbean|Thai|Chinese
284533,American|Indian
1339655,Mexican|American|Italian
134903,American|Mexican|Greek
381047,American|Italian|Mexican
37022,American|Italian
119322,Mexican|Italian|Indian|Moroccan
276833,Mexican|Italian|Greek
392230,Mexican|Italian|British|Chinese|American
453440,American|Mexican|Chinese|Greek
1322004,Mexican|Greek|Moroccan
135377,American|Mexican|Italian|Chinese
57437,American|Mexican|Italian|Chinese
335520,Vietnamese|French|Mexican|Caribbean|Italian
1661468,Greek|Vietnamese|American
1293707,Italian|Indian|Mexican
23119,Chinese|American|Mexican|Spanish|Italian
1085428,American|Chinese|Italian|Mexican|British
1821813,American|Chinese
163441,Italian|Chinese|Mexican|French
559283,American|Chinese|Italian|Caribbean|French
172410,Caribbean|German|Greek|Mexican|Italian
56919,Mexican|Thai|Chinese|Greek|Vietnamese
66987,Italian|Greek|Caribbean
95044,Italian|American|Greek
126435,American|Chinese|Mexican|Italian|Greek
54243,American|Thai|Italian
242503,American|French
69927,American|Chinese|Japanese|Mexican
340130,American|Indian|Italian|Chinese|Mexican
198356,American|Chinese|Mexican
237951,American|Greek|Chinese|Italian|Spanish
755869,American|Indian|Mexican
197374,Italian|Chinese|Thai|Caribbean|Japanese
510313,American|Greek|Moroccan|Middle Eastern|Chinese
494867,Italian|American|Mexican|French|Chinese
213547,American|Mexican|Thai|Italian
945269,American|Italian|Mexican
1803005318,American|Greek|Korean
34206,Italian|American|Spanish|Mexican
12118,American|Mexican|Italian
201581,American|Chinese|German|Japanese|Korean
178738,Italian|Mexican
170440,Thai|Italian|Indian|Chinese|Spanish
385678,Indian|Mexican|Italian|American|Chinese
347124,American|Greek|Italian|Irish|Mexican
1211385,Italian|Mexican|American
328542,Italian|Irish
29244,Italian|Indian|American
570804,French|American|Portuguese|Indian|Mexican
795588,Greek|Thai|American
207907,Thai|Mexican|Indian|Greek
591307,American|Italian|Thai
312208,American|Thai|Greek|Spanish
668205,Indian
136726,American|Italian|Japanese|Caribbean|German
56087,American|Italian|Chinese|Mexican
257563,American|Mexican
217657,American|Italian|Chinese|Spanish|Caribbean
261510,American|Italian|Mexican|Greek|Caribbean
77458,American
7422,American|Mexican
257941,American|Mexican|Italian|Thai
465056,American|Chinese|French|Irish|Indonesian
1609858,American|Italian|French|Middle Eastern|Indian
355702,Mexican|French|Indonesian|American
490931,American|Italian|Chinese
857489,Italian|Mexican|Japanese|British|American
55882,Italian|American|Mexican|French
175574,British|Moroccan|Italian|American|Chinese
55655,Thai|Moroccan|French|Chinese|Mexican
9580,American|Italian|Greek|Middle Eastern
124190,Mexican|American|Italian
28345,American|Italian
98861,Italian|Mexican|American
40211,Italian|Greek|American|Mexican
357257,Chinese|Italian|American|Thai|Mexican
882556,Italian|Mexican|American
59077,Italian|Mexican|Thai|American
12657,Indian|Mexican|American|Middle Eastern|Italian
713045,Indian|Chinese
148715,American|Greek|Chinese|Japanese|Caribbean
588529,American|Mexican|Chinese|British
1676,Chinese|Malaysian|Indian|French|American
215969,Indonesian|Thai|Greek|Indian
482933,Caribbean|Indian|Chinese|Mexican|American
84660,American|Moroccan|Italian|Mexican
378624,American|Mexican|Italian
292308,American|Mexican
607558,American|Mexican|Italian
72748,American|Italian|Mexican
664225,Italian|American|French
1460013,Italian|German|American|Chinese
2178,Thai|Greek|Indian|American
175492,Mexican|Greek|American|Moroccan|German
115957,American|Greek|Caribbean
457690,Mexican|American|Greek|Japanese|Moroccan
137838,American|Moroccan|Mexican|Greek|Middle Eastern
463858,American|Italian|Greek|Mexican|Indian
262272,American|Mexican|Greek|Japanese|Moroccan
618715,Italian|Mexican|British|Greek|Caribbean
724593,American|Greek|Mexican|Italian|Caribbean
237783,Greek|Turkish|Mexican
151325,Middle Eastern|French|Greek|Mexican|Indian
359724,American|French|Japanese|Greek|Thai
52800,Italian|Mexican
29450,Mexican|American|Italian
240001,American|Mexican|Japanese|Thai|Chinese
95522,Mexican|American|Italian|Thai
717164,Italian|Mexican|American
79617,Mexican|American|Indian
415907,American|Korean|Italian
738763,American|Mexican|Chinese
29956,Thai|Indian|Vietnamese|French
27922,American|Mexican|Chinese
27385,American|Greek|Italian
20214,American|Japanese
35588,Italian|American|Greek
38937,American|Italian|Chinese|Mexican
35193,American|Italian|Korean|Spanish|Chinese
15820,American|Italian
27395,American|Chinese|British|German|Greek
34986,American|Italian
62672,Chinese|American|Mexican|Italian
94243,American|Mexican|Chinese
158087,American|Chinese|Mexican|Greek
91867,American|Italian
104827,American|French
145125,Italian|American
136645,American|Caribbean
50579,American|Italian|Mexican
110905,Thai|Korean|French
161282,American|Italian|Chinese|Caribbean|German
238662,American|Chinese
123321,American|Italian
466291,American|Italian|Caribbean
505723,American|Chinese|Italian|Mexican
94769,American|Mexican|Chinese
220166,American|Italian|Chinese|Mexican
52262,American|Turkish|German|Spanish|Greek
529278,American|Italian|Mexican|Indian|Chinese
361238,Italian|Mexican|American|Chinese
141012,Indian|American|Japanese|Italian|Middle Eastern
21399,American|Mexican|Chinese|French|Italian
292175,Indian|Italian|Thai|Japanese|American
151418,American|Italian
362919,American|Mexican|Chinese|Italian
569951,American|Mexican|Chinese
497152,American|Italian
578353,American
1052827,American|Italian
156891,American|Chinese|Italian
350471,American|Mexican
747477,American|Mexican
675265,American|Italian
340776,American|Italian|French
1173570,Italian|American
442070,American|Mexican|Greek
149748,American|Mexican
135805,American|Japanese|Italian
18424,American|Italian
817017,American|Chinese
63098,American|Chinese|French
195589,American|Italian|French|German|Middle Eastern
930510,American|Chinese
199792,American|Greek|Chinese|Mexican|Italian
689367,American|Indian|Chinese|Thai
591302,American|Italian|Greek
1734327,American|Mexican|French
583967,American|Greek|Mexican
838118,American|Mexican
275889,Mexican|Caribbean|American
83907,American|Caribbean|Mexican
55623,American|Mexican|Caribbean
301487,Mexican|American|Italian|Thai|Caribbean
408707,Caribbean|Greek|Mexican|Italian
846154,Mexican|Italian|Caribbean|American
632249,American|Italian|Mexican|German|Greek
427952,American|Mexican
203467,Greek|Mexican|Irish|Italian|French
460854,Indian|American|Greek|Thai
159093,American|Mexican|Spanish|Japanese|Caribbean
171854,Italian|American|Spanish|Indian
60650,American|Italian|Spanish
591608,Greek|Spanish|Italian|Mexican
89420,American|Mexican|Greek|Italian
184986,Greek|Italian|American
146187,Mexican|Greek|Italian
685017,Italian|American
765518,Greek|American|Chinese
521933,Indian|French|Malaysian|Caribbean
1802535091,Indian|Mexican|American|Italian
1058097,American|Caribbean|French|Portuguese|Turkish
122276,Italian|Mexican|Korean
339260,Italian|American|Chinese|French|Middle Eastern
542159,Greek|Italian|Thai|Mexican|Moroccan
1109280,Italian|American|Mexican
804550,Italian|American|French|Chinese
417605,Indian|Thai
220195,American|Moroccan|Spanish|Italian|French
26535,Italian|Mexican|American
798181,Mexican|Korean|American
59753,Italian|British|Mexican
323389,American|Mexican|Italian|Malaysian
445711,Mexican|American|Irish|Italian|Greek
185387,Mexican|Japanese|American|British
335737,American|Caribbean
2001047423,American|Caribbean|Indian
459426,Thai|Chinese|Indonesian|American|French
725332,American|Thai|Indonesian|Japanese|French
58515,American|Indian
248292,American|Mexican|Italian
39311,American|Italian|Chinese
290985,Italian|Japanese|American|German
115654,American|Ethiopian
355944,American|Indian|Caribbean|Mexican
95697,Italian|American|Chinese|Mexican
8377,American|Moroccan|Indian|Spanish|French
57788,Mexican|American
237123,Mexican|Indian|Middle Eastern|Chinese|Thai
192809,Indian|American|Mexican|Portuguese|British
197496,American|Japanese|Italian|Moroccan
353381,American|Italian|Japanese|Middle Eastern|Korean
388044,American|Chinese|Italian|Mexican
500860,American|Japanese|Greek|Indian
274913,Mexican|Thai|Indian|American|Moroccan
8606,Mexican|American|Middle Eastern|Greek|Italian
591894,American|Middle Eastern|Greek|Mexican
464253,American|Thai|Greek|Italian
599284,Japanese|American|Chinese|Spanish
686329,Moroccan|Mexican|Indian|American|French
956843,American|Italian|German
609026,American|Indian
394592,Mexican|American|Caribbean|Greek|Moroccan
358284,American|Thai|Italian|Middle Eastern
302689,Caribbean|American|Indian|Greek|French
155943,American|Indian|Japanese|Moroccan|Vietnamese
922623,Indian|American|Mexican
451226,American|Ethiopian|Thai|Mexican|Italian
293349,American|Italian|French
173085,American
879769,American|Italian
780046,Mexican|American|Chinese|Indian|Thai
228672,Italian|Mexican|French|Thai
961578,American|Greek
229375,American|Mexican|Indian|Middle Eastern|Thai
647558,American|Indian|Middle Eastern|British
37584,American
1252036,American|French
325318,Thai|American|Indian|Mexican|British
987323,Italian|American|Mexican
252514,American|Indian|Mexican|Moroccan|Greek
1641717,Mexican|American
430507,American|Middle Eastern|Italian|Mexican|Caribbean
2533143,American|Chinese|Irish
186802,Italian|American|French|Mexican
1553243,French|German|Chinese|Korean
107231,American|Mexican|Chinese
279989,American|Italian|Caribbean
94646,American|Mexican|Caribbean
331918,Mexican|American|Irish|Middle Eastern
308049,Mexican|American|Italian
724305,Indian|Mexican|Caribbean|American
247473,American|Mexican|Indian|Chinese|Italian
185142,Mexican|American
729598,American|Italian|Mexican
54067,American|Mexican|Chinese
28553,Mexican|Italian|American
420166,American|Mexican
256021,Mexican|American|Italian
837152,Mexican|Thai|French|Spanish|Greek
203741,American|Mexican
225114,Mexican|American|Italian|French|Chinese
600105,Mexican|American|Chinese|Italian
425154,Mexican|Thai|Chinese|Italian
39782,Italian|Mexican|Indian|Greek|Thai
980899,Mexican|Italian|American
1048425,Mexican|Italian|American
597054,American|Mexican|French
631970,Mexican|Italian|Chinese|American
137854,Thai|Mexican|Japanese
165953,Mexican|American|British
176671,American|Italian|Mexican|French
378488,American|Mexican|Italian
985729,Chinese|Mexican|Italian|Indian
140806,American|Mexican|Indian|Chinese|Irish
123871,American|Mexican|Italian|Chinese
784827,American|Mexican|French|Italian|Chinese
369525,Mexican|American
1340977,American|Mexican
458738,American|Chinese|Mexican|Malaysian
485151,American|Mexican|Italian
765437,American|Mexican|French|German|Italian
244264,American|Mexican
1241836,Mexican|Italian|American
755277,American|Mexican|Italian|Chinese
348402,Thai|American|Italian
1616963,Mexican|Irish|Italian|Chinese
1436075,Indian|Mexican|Thai|Italian
200875,Indian|Mexican|American|Chinese|Japanese
1349170,Mexican|American
502418,Mexican|British|Chinese
1974680,Mexican|Spanish|Chinese
1405615,Mexican|Korean|British
93095,Italian|Thai|French|Mexican|American
40114,Italian|Mexican
53448,American|Mexican|Indian
862099,Indian|Italian|American|Middle Eastern|Chinese
785848,American|Italian|Mexican
143318,Thai|Italian|Chinese|Mexican|Indian
491440,Moroccan|American|Japanese|Middle Eastern|Italian
446523,British|American|Middle Eastern|Indian|Caribbean
29404,American|Italian|Korean|Mexican
55122,Caribbean|American
142878,Moroccan|Italian|Thai|Greek|American
418915,Mexican|Greek|American|Italian|Indian
361931,American|Mexican
377504,Italian|Indian
317195,Italian|Chinese|Spanish|German|American
51199,American|French|Irish|Vietnamese|Indian
139475,American|Caribbean|Irish|Chinese|Thai
268888,Irish|Indian|Italian|Chinese|Greek
209983,Italian|American|Chinese|French|Moroccan
36124,American|Italian|Greek
197746,American|Italian|Chinese|Caribbean|German
51224,American|Italian|Mexican|Caribbean|Irish
144431,American|Italian|Mexican|German|Caribbean
19683,American|Italian|Mexican
185684,Italian|Mexican|American
136004,Middle Eastern|Italian|American
178452,Italian|Mexican|American|British
159532,American|Italian|Greek|German|Middle Eastern
912791,Middle Eastern|Mexican
1145194,American|Greek|Japanese
1891,Italian|Mexican|American
35965,Irish|Italian|Indonesian|Vietnamese|American
71653,Italian|American
113493,Italian|American
573772,Italian|American
724218,Mexican|Chinese
91584,American|Mexican|Italian|Greek|Korean
377070,Spanish|French|Greek|Mexican|German
14613,Italian|Mexican|American|Greek|Chinese
332909,Mexican|American|Greek|Japanese|Italian
468146,Mexican|Italian|Korean|Turkish
460687,American|Mexican
381612,Mexican|American|Chinese|Greek|Italian
229787,Mexican|Italian|American
1802568568,Indian|French|Italian|Vietnamese|American
832773,American|Mexican|Greek
680448,American|Italian
61204,Chinese|Vietnamese|French
55906,American|Italian|Thai|Mexican
226867,Italian|Caribbean|Spanish|Indian|Moroccan
1376928,American|Indian
612413,Middle Eastern|Indian|Chinese
1008796,Italian|American|Mexican|Chinese
14410,American|Italian|Chinese
587756,American|Mexican
983863,American|Italian|Mexican
716215,American
292812,American|Mexican
278118,Mexican|American|Italian
1020948,American|Mexican|Italian
447487,American|Irish|French
1662660,American|Mexican
76535,Mexican|American|Thai|Korean|Italian
29655,Greek|French|Italian|Indian|Mexican
350099,Mexican|Moroccan
1256820,Middle Eastern|American|Indian|Greek|Moroccan
75442,American|Italian|Mexican
437991,German|Indian|Portuguese|Mexican|Greek
10332,American
7798,American|Mexican
145448,American|Mexican|Italian
97579,American|Chinese|Mexican|Italian
234912,American|Italian|German
287313,American|British|Mexican
360730,American|Japanese|Mexican
59679,American|Korean|French
383504,American|Greek|Indian
296085,American|Italian|Middle Eastern
1436918,American|French
247007,American|Mexican|Italian
62494,American|Mexican
94618,Italian|American|Mexican|Greek|French
108902,American|Thai|Italian|Japanese
155807,American|Mexican
715542,American|Mexican|Malaysian
29418,American|Italian
184312,American|Italian
105459,American|Moroccan|Mexican|Thai
465829,American|German|Mexican|Italian|Caribbean
332843,American|French|Chinese|Italian|Middle Eastern
334648,French|German|Irish|Mexican
196614,Mexican|Caribbean|Italian|American|Indian
219318,Italian|Mexican|Moroccan|American|Middle Eastern
185105,American|Italian|Irish|Mexican|Spanish
1278514,Italian|Mexican|Chinese|American
41409,Indian|Mexican|Moroccan|Italian|American
1623265,German|Mexican|Middle Eastern|American|Italian
246344,American|French
62005,American|Italian|Thai|German
652568,American|Chinese|Irish
175827,American|Moroccan|German|British
946146,Thai|American|Italian|Mexican|French
296546,American
1163252,American|Mexican
1139501,American|Italian
1350082,American|Chinese|Italian
95810,American|Moroccan|Italian|Indian|Mexican
130970,Vietnamese|French|Italian
167225,Middle Eastern|Thai|Indian|Chinese|Italian
151445,American|Mexican|Caribbean
253370,Indian
971800,American|Mexican|Moroccan
648882,American|Caribbean|Mexican
2001297534,American|Italian|German|Mexican
28339,American|Italian
186071,Italian|Indian|Moroccan|Mexican
1169750,Mexican|Vietnamese|Thai
203717,American|Greek|Italian|Middle Eastern|Turkish
72489,American|Chinese|Italian|Mexican|Spanish
512834,Ethiopian|Greek|Mexican|Filipino
303545,American|Greek|Caribbean
67899,American|Italian|Indian
197971,Italian|Irish|Mexican
167527,Mexican|American|Italian|Turkish
398275,Mexican|Chinese|American|Italian
209318,Indian|Turkish|Thai|Middle Eastern|American
86764,American|Caribbean
587597,French|Mexican|Spanish|American
551883,American|Indian|Mexican
173030,Italian|Mexican
24565,American|Mexican|Italian
90086,American|Italian|Mexican|Chinese|German
356850,German|American|Filipino|Japanese
117467,Indian|Caribbean|Korean|Middle Eastern|Irish
260911,American|Italian|French
243089,Indian|Mexican|Thai
289510,British|Indian|Turkish|Middle Eastern
1122311,Indian|American|Italian
528197,Italian|American|Thai|Mexican
354295,American|German|Italian|Chinese
95114,American|Mexican|Greek|Italian|German
209763,American|Mexican|Moroccan
250812,American|Italian|Mexican
196059,American|Greek
173558,Mexican|American
228172,Indian|Caribbean|Chinese|Korean|French
716314,Middle Eastern
171328,American|Italian|Middle Eastern
68727,American|Mexican|Thai|Indian|Italian
63526,Spanish|Chinese
102859,Chinese|Japanese|American|Middle Eastern
211184,Mexican|American|Turkish|Italian|German
41509,American|Filipino|Japanese
98063,Chinese|Indian|Moroccan|Italian|Greek
373245,American|Chinese|Greek|Mexican
341142,Chinese|American|Caribbean|Malaysian
82616,American|Caribbean|Thai|Chinese|German
440047,American|Italian|Mexican|Chinese|German
129836,Moroccan|American|Greek|Turkish|Thai
37873,Moroccan|Chinese|Vietnamese|Italian
1989227,Indian|French
313120,American|Italian
512904,American
835173,American|Greek|German
283611,American|Caribbean|Indian
126146,Italian|American|Caribbean
363055,American|Mexican|British
573325,French|Irish|American|Italian|Portuguese
354628,American|Italian
235074,American|Greek
115178,American|Italian|Japanese|Indian
233495,Mexican|Italian|French|American|Caribbean
694088,American|Italian|Mexican
323355,American|Mexican|Turkish|Moroccan|Italian
606850,American|Turkish|British
39568,Chinese|Filipino|Thai|Korean
337399,Filipino|Thai|American
184491,Moroccan|Thai|Chinese|Mexican
679429,Mexican|American|Turkish
138429,American|Italian|Middle Eastern|Greek|Chinese
343180,Indian|American|Mexican|Chinese
187927,Mexican|Greek|Italian|British|American
38281,Mexican|Italian|Caribbean|American
1396798,Italian|American
236378,Chinese|Indonesian|American|Italian
1307164,Indonesian|American|Mexican|Italian
4500,Chinese|British|Mexican|German
200862,French|Greek|Caribbean|Moroccan|British
649173,American|Chinese
868673,Greek|American|Portuguese|Italian
66322,Italian|American|British|Japanese|French
636124,British|Thai|American|Mexican
134011,American|Chinese|Moroccan|Indian|Indonesian
455010,Italian|American|British|Indian|Greek
105780,Italian|Mexican
493276,Mexican|Indian|Italian|Japanese
776876,Mexican|Indian|American
476796,Indian|Thai|American
228229,American|Korean|Mexican
384041,Middle Eastern|Greek|American
942758,Italian|Korean|Japanese|Chinese
869532,Italian|Caribbean|French|American
40135,Italian|American
883837,Italian|American|Greek|Mexican|French
247368,Caribbean|American|Greek
327600,Mexican|American|Italian|French
170972,Caribbean|Greek|Chinese|Mexican
467341,Caribbean|American|Italian|Chinese|Mexican
128945,Mexican|American|Thai|French|Middle Eastern
514331,Mexican
1021308,American|Italian|Chinese
453856,Italian|American|Mexican|Chinese|Middle Eastern
19129,Italian|American|Spanish|Mexican|Indian
296434,Italian|Greek|Mexican|French|Indian
240449,American|Italian
112560,Chinese|British|Indian|Japanese|Mexican
430254,Italian|Mexican|Greek|Indian
63306,Italian|Middle Eastern|Thai|Indian|Mexican
512532,Italian|Indian
234925,American|Italian|Japanese|Mexican|Indian
538098,Italian|British|French|Mexican|American
782050,Italian|French
687302,Indian|American|Italian|Japanese|Mexican
2041603,American|Mexican|Thai|Chinese
595194,Italian|American|Thai|Spanish
475397,Thai|Italian|American|Mexican|Chinese
338686,American|Greek|Mexican
424741,Mexican|Middle Eastern|Greek|Indian|Italian
94226,Indian|Chinese|Thai|American|Caribbean
388907,Mexican|Japanese
371672,Italian|Chinese|Middle Eastern|Indian
68692,American|Indian
746803,Middle Eastern|Indian|British|Korean|French
130447,Mexican|Chinese|Korean|American|French
156946,Mexican|American|Caribbean|Thai
394810,American|Italian|Chinese|Korean
609521,Mexican|American|Italian|Caribbean
628753,American|Italian
815198,American|Mexican|French|Spanish|Italian
583877,French|German|Italian
931656,Mexican|Italian|Chinese
1415433,Italian|American
878311,Italian|Mexican
121582,Thai|American|Italian
340576,American|Thai|Greek|Chinese|Korean
268955,American|Thai|Korean|Mexican
280576,Thai|Middle Eastern|British|French|Italian
486680,Thai|British|Spanish
325154,Greek|Thai|Irish|Caribbean|Mexican
317712,Italian|Thai|French
998226,Thai|Chinese|French|American
306193,American|Mexican|Thai|Spanish
244809,Italian|American|Moroccan|Japanese|Chinese
64780,Italian|American
309360,Italian|American
485915,Italian|Mexican|American|British
599466,Mexican|Italian|American
259154,American|Italian
627420,Italian|French|Mexican|Korean|American
994030,Italian|Chinese|American
106608,Italian|American|British
894563,Italian|American|Mexican|Chinese
351811,Italian|Mexican
232270,Indian
224013,Indian|American|Middle Eastern
365429,Indian|Chinese
585176,Thai|Indian|American|Spanish|Mexican
468351,American|Italian
142038,Italian|Mexican|American|Japanese
142866,Japanese|Indian|Chinese
131698,American|Mexican|Italian
252409,American|Italian
727236,American|French|Vietnamese
334010,Italian|Moroccan
129255,Italian|American
1333513,Middle Eastern
195796,American|Japanese|French|Greek|Chinese
115321,American|Japanese|Italian
36079,Japanese|Mexican|American
102602,Chinese|Italian|Japanese|Greek
93417,Mexican|Japanese|American
12129,American|Mexican|Japanese|Thai
1792,Japanese|British|Italian
88826,Japanese|Italian|Thai|Indian
112411,Chinese|Japanese|Greek
136465,Japanese|American|Korean|Mexican
56180,Italian|Japanese|Indian|Thai
129177,Japanese|Chinese|American|Italian
31635,French|Indian|Japanese|British|Malaysian
167134,Mexican|Japanese|American
143387,Vietnamese|Japanese|Chinese|American|Thai
149396,American|Japanese|Mexican|Caribbean|Italian
141631,Japanese|Indonesian|Italian|American
134875,American|Italian|Japanese|Mexican|Chinese
202432,Indian|American|Japanese|Greek|Chinese
227226,Mexican|American|Japanese|Chinese|German
71639,Japanese|American|French
38218,Mexican|Japanese|American|Irish|Filipino
168753,Japanese|American|Thai
192043,Indian|Japanese|Korean|Vietnamese
115964,Japanese|American|Greek|Portuguese|Mexican
225021,Moroccan|Indian|Caribbean|Japanese|Greek
217726,Japanese|Mexican|Italian|Chinese
108892,Japanese|Korean|Chinese|Thai
407812,Japanese|Italian|American|French|Filipino
340843,American|Japanese|Italian
193489,Japanese|Mexican|Italian|American
440568,Mexican|Japanese|Italian|American
164276,Mexican|Italian|Thai|Chinese|American
483131,Chinese|Japanese
626447,American|Italian|Japanese|Chinese|Mexican
242007,Japanese|American|Thai
368594,Japanese|Filipino
705794,Chinese|Japanese|American
523286,American|Middle Eastern|Mexican
45768,Italian|Mexican|American
49499,Italian|American
64683,Italian
326051,Italian|Mexican
813584,American|Chinese|Italian|Malaysian
496999,American|Italian
228297,Italian|French
890104,American|Mexican|Greek|Chinese|Thai
737491,American|Indian|Japanese
124404,Indian|Mexican|Chinese|American
221139,Mexican|American|Chinese|Italian
39322,American|Mexican|Italian|Indian
570625,Mexican|Indian|American
2007703,American|Chinese
377929,Chinese|American|Korean|French
55536,Mexican|British|American
1516722,Mexican|American|Thai|Irish
351614,American|French|Spanish
154588,Indian|British|Thai|Caribbean|Greek
29212,Italian|American
51538,Thai|Italian|Greek
328048,American|Italian|Moroccan|Greek|Chinese
519708,American|Italian|Spanish|Caribbean
517198,Italian|American|Chinese|Korean
777453,Italian|American|Chinese|Mexican
541453,American|Italian
79877,Italian|American|Caribbean
109855,American|Mexican
233238,American|Vietnamese|Indian|Italian|Caribbean
1266251,American
306469,American|Chinese|Italian
1014979,American|Caribbean|Chinese
238892,American|Middle Eastern|Moroccan
644307,Italian|Mexican|Middle Eastern|Japanese|Chinese
237795,Caribbean|American|Italian|Middle Eastern
398964,Mexican|American|Italian
380547,American|Mexican|French|Italian
320549,Italian|French|Mexican|Moroccan|Korean
704152,American|Mexican
357358,American|Italian|Mexican|British|Chinese
870928,Mexican|American
531256,American|Italian|Mexican|Chinese
441443,Mexican|Vietnamese|American|Italian
500790,American|Chinese|German
185726,American|Italian|Mexican|Chinese|Japanese
37722,American|Mexican
101376,American|Italian|Mexican
43110,Mexican|Italian|American|Chinese|Indian
589777,Italian|Mexican
1190532,American|Mexican
1062366,American|Indian|Chinese|Italian
201838,American|Mexican|Chinese
27798,Italian|Mexican|American|French
1375473,Italian|Caribbean|American
740430,Italian|Mexican|American
119984,Malaysian|Korean|Italian|American
345731,American|Italian|Korean|French|Mexican
138435,Japanese|Korean|Thai
327938,Italian|American|Korean|Chinese|Mexican
37608,Mexican|Greek|Moroccan|Indian|British
211457,American|Chinese|Mexican|Greek|Indian
171923,Mexican|Indian|American|Chinese
225896,Mexican|American
656643,French|Korean
675287,Italian|Mexican|Irish|Chinese|Spanish
567959,Mexican|Indian|Italian|Chinese|American
335606,Chinese|American|Spanish|Japanese|Italian
342234,American|Mexican
811237,American|Mexican|British
243711,American|Mexican|Greek|Spanish|Italian
1230396,American|Mexican|Caribbean|Italian
518927,Japanese|Mexican|French
178017,Italian|Mexican|Chinese
456858,Mexican|American|Greek
376986,Mexican|Italian|Greek|Indian
1287831,American|Mexican|British|French|Italian
738454,Chinese|Mexican|French|Indian|Greek
115903,American|Mexican|Japanese
109404,American
278218,Mexican|Caribbean|Thai|Italian
445886,American|Mexican
68503,American|Chinese|British
117455,American|Mexican
470815,American
314579,Italian|Mexican|Greek|Moroccan|Spanish
645094,Greek|American|Mexican|Chinese
234222,Mexican|Chinese|German|Thai|Italian
335277,German|Chinese|Spanish|American|Middle Eastern
1007259,American|German|Middle Eastern|Italian
215956,Chinese|Mexican|American|British|Greek
297380,American|Mexican|Chinese
1582524,Mexican|Greek|American
180243,American|Portuguese|Vietnamese|Greek
312363,American|Mexican|German|Italian
355531,American|Italian|Greek|Indian|Spanish
1926335,American|Mexican|Greek|Thai
148180,Italian|Greek|American|Mexican|Indian
587114,American|Mexican|Japanese|Chinese
189674,American|Moroccan|Italian
507614,Indian|Japanese|Korean|French|American
61010,Chinese|Italian|Mexican
141293,Italian|American|Mexican|Chinese|Irish
626995,Thai|Chinese|Middle Eastern
54048,Mexican|American|Chinese
51501,Mexican|American|French
41984,Mexican|Italian|American
166475,American|French|Italian|Mexican
441165,Mexican|Italian|American|Caribbean
587978,American|Mexican|Italian
231198,American|Italian|Greek|Mexican
306313,Mexican|American
868637,American|Mexican|Spanish|Chinese
25438,Mexican|American
513848,American|Chinese|Mexican|British
343665,Moroccan|Indian|Thai
329671,Italian|American|Middle Eastern
548189,American|Mexican
804920,American|Mexican|Italian|French|Greek
567380,American|Chinese
532785,American|Mexican|Italian|Caribbean
866963,Italian|American|Chinese|British|German
239618,American|Mexican
1361992,American|Japanese
1629190,American|Chinese
195175,American|Chinese|Mexican|Middle Eastern
233492,American
98761,American|British
139381,Italian|American|German
55829,American|Italian|Chinese
695933,American|Caribbean|Mexican
112489,Middle Eastern|Thai
189280,Italian|French|American|Greek|Chinese
823288,American|Italian|Chinese|Mexican
205586,American|Portuguese|Chinese|Mexican
245301,Indian|Chinese|American|Mexican|Italian
395155,American|Thai
363149,American|Indian|Thai
183767,American|Middle Eastern|Mexican
365368,American|Mexican|Italian
535473,American|French
956686,American|Mexican|Italian
978517,American|Mexican
97871,American|Italian|Mexican
298070,American|Mexican|Chinese
262966,American|Chinese|Mexican|Italian
368889,Italian|American|Mexican
1629974,American|French|Korean
160756,American|Chinese
41912,Italian|American
41564,Italian|American|French
42147,Italian|French
60727,American|Chinese
291164,American|Italian|Mexican|Spanish
411647,American|Chinese|Mexican|Japanese
475005,Italian|Chinese|American|Mexican
1166993,Thai|Italian|Indian|French|Chinese
321965,Chinese|Italian|Thai
349071,Thai|American|Chinese|Italian
110875,Middle Eastern|Indian|American|Greek
341170,American|Mexican|Italian|British|Irish
294255,Mexican|German|American|French
219278,American|Chinese|Moroccan|Vietnamese|French
1520721,American|Vietnamese|Spanish
113117,American|Spanish
400783,American|British|Italian
179757,American|British|Italian|Chinese|Mexican
64631,Italian|German|American|Chinese
704932,American|Italian
556011,Italian|French|Mexican|American|Japanese
114287,Italian|American
111347,American|Italian|Spanish
69904,Mexican|German|Spanish|Middle Eastern|Thai
1098228,American|Irish|Greek
169166,Japanese|American|Italian|Caribbean
934416,Vietnamese|Indian|Italian
74736,American|Chinese|Mexican
26278,American|Italian|Indian
651633,Italian|Mexican|Chinese|American
251686,Italian|American|Mexican|Chinese
293971,American|Mexican|Italian
86520,American|Italian
199953,American|Mexican|Thai
239229,American
407088,Mexican|American|Greek|Spanish
395981,American|Mexican
1086570,Italian|American
170990,American|Chinese|Caribbean
259150,American|French|Korean|Chinese
15521,Mexican|American|Italian|Thai|Greek
279532,Japanese|Greek|American|Caribbean|Chinese
709527,Japanese|American|Caribbean|Mexican|Italian
474155,Japanese|Mexican|Indian|American
29110,Japanese|Chinese|American|Moroccan
629505,Japanese|American|Middle Eastern|Indian
337785,American
954129,Italian|Japanese|Greek
2001057631,Japanese|Mexican|Italian
233801,American|Italian|Indian
113517,American|Italian|Irish|Vietnamese|Thai
581224,Mexican|Italian|Chinese
357389,American|Mexican|Italian
234727,Chinese|American|Middle Eastern|Moroccan|Indian
740255,Mexican|American|Middle Eastern|Italian
180156,Mexican|Chinese|American|Italian
335614,Spanish|British|Moroccan|Mexican|Japanese
143811,American|Italian
50141,American|Mexican|Italian|Chinese|Caribbean
403193,American|Greek|Mexican|Italian
646304,American|Mexican|Chinese
599261,American|Korean|Mexican
798300,American
111393,American|Italian
804670,American|Mexican
333374,American|Italian|Mexican
1153793,American|Chinese|German|Italian
403729,American|Italian|Irish|Mexican|Chinese
62806,Italian|American|Mexican|Chinese
91340,Spanish|Caribbean|Thai|American|French
430663,American|Italian
227164,American|Italian|French|German
814629,American|Italian
677954,American|Spanish|Greek
358870,American|Italian
1076165,American|Italian
326216,American|Mexican
353394,Chinese|American|Mexican
187349,American|Mexican|Caribbean
165308,Mexican
30228,Mexican|Italian|American
592373,Mexican|American|Irish|Chinese
233182,American|Italian|Moroccan
93911,American|Italian|Chinese|Mexican
163995,American|Mexican
138799,American|Italian
384507,American|Italian
183253,Caribbean|American|Mexican|Italian
20114,Greek|Mexican|Indian
85414,Mexican|American|Italian|Greek
1202811,Mexican|British|Japanese
345142,Filipino|Indonesian|Chinese|Italian|French
163077,Thai|Indian|Italian
577388,Greek|Spanish|Mexican
142200,Mexican|Italian|American|Caribbean
1872810,Italian|Mexican|Spanish|American
57003,American|Chinese|Italian
70356,American|Greek|Italian
809596,Italian|Chinese|American|Mexican
321227,Mexican|Chinese|Indian|American
269656,American|Mexican
544992,American|Mexican|Japanese
544074,Mexican|Moroccan|Chinese|Greek|Italian
31316,American|Chinese|Mexican|Malaysian|Korean
179003,Indian
113678,Chinese|Portuguese|Caribbean|French
230579,Indian|Middle Eastern|Chinese|Greek|Italian
293946,Mexican|French|Greek|American
29166,American|Chinese|Mexican
27060,American|Chinese|Mexican|Italian
117974,Mexican|American|Italian|Chinese|Caribbean
126602,Mexican|American|Chinese
48956,American|Chinese|Mexican|Italian
202661,American|Chinese|Italian|Mexican
262423,Chinese|Vietnamese|Caribbean
285867,Italian|American|Chinese
398642,American|Mexican|Middle Eastern
395713,Chinese|Italian|American|Spanish|French
552052,Mexican|Chinese
487868,American|French
82772,Chinese|American|Spanish
395929,Indian|Chinese
1410862,Indian|Italian|American
340533,Chinese|Middle Eastern|Italian|Moroccan
705251,American|Italian|Chinese|British|German
1440657,American
310001,American|Mexican|Italian
1098997,Mexican|American|Italian
793153,American|Thai|Italian|French|Filipino
41888,American|Thai|French
39857,Thai|Mexican|Vietnamese|British|German
316250,Thai|Italian|Mexican
139051,American|Greek
90767,French|Greek|Chinese|Irish|Japanese
1048179,Greek|Mexican|Thai|American
920589,Italian|Indian|Greek
647466,Italian|American|French
458914,Mexican|German
1105991,French|Spanish|Greek|Italian
785604,American|Mexican|Italian|Korean|Japanese
643263,Italian|Mexican|Greek|Vietnamese|Chinese
198580,American|Moroccan
566751,Italian|Mexican|Chinese|French|American
1132567,Italian|French|British
152855,American|Mexican
482454,Mexican|Chinese
246507,Indian|Mexican|Middle Eastern
183098,American|Mexican|Italian
230268,Mexican|American|Greek|Chinese
437767,American|Chinese|Indian
1027074,American|Mexican|Moroccan|Irish|Italian
46104,American|Italian|Mexican|Indian|French
502504,Greek|American|Italian
650373,Greek|American|Mexican|Middle Eastern
271618,American|Mexican
212088,American|Mexican|Italian|French
470211,American|Italian
424494,American|Italian|French
230912,American|Mexican|Italian
309422,American|Mexican|Italian
37463,Italian|American|French|Irish|Chinese
74288,American|Thai|Italian
80778,American|Italian
97901,American|Mexican
317418,American|Italian
164471,American|Mexican|Italian
356620,American|Mexican|Italian
196341,American|French
508459,Italian|American|Mexican|Indian
360030,American|Italian|Thai|Mexican
171063,Indian|American|Japanese|German
416758,American|Vietnamese|Korean|Mexican
11009,American|Italian|Greek|Middle Eastern
238563,American|Chinese|Mexican
247759,American|Greek
463412,American
692025,American|Thai|Indian
305664,American|Italian|Mexican
965732,American|Italian|Caribbean
630047,American|Italian|Japanese
443534,American
295751,American|Greek|Mexican
1410992,American|Greek
563726,American|Mexican|Italian|Thai|Spanish
23302,Italian|Mexican
448004,American|Italian|Indian
520644,Mexican|American|Middle Eastern|Spanish|Italian
156653,Italian|Mexican|American|Irish
27452,Italian|American|Mexican
48305,Chinese|American|Italian|Greek|British
488587,American|Middle Eastern|Mexican|Japanese|Chinese
96358,American|Mexican
219227,American
1637646,American|Italian|Chinese
75726,American|Thai
343981,Chinese|Mexican|Greek
43216,American
67575,American|Italian|French
224645,American
168416,American|Italian
50182,American|Italian
57324,American|Italian|Chinese|Japanese
356738,Italian|American
443447,American
331817,Mexican|American|Caribbean|Italian
343958,American|Mexican
480935,American
542891,American|Chinese|Italian
603504,American
544373,American|Mexican
417474,American|Chinese|Irish|Thai|Moroccan
650247,American|Chinese
648115,American|Indian
296970,American|Mexican|Indian|Italian
55818,Italian|American
171345,Mexican|American|Chinese
206861,Thai|Italian|American
42822,American|Chinese|Italian|Mexican
237804,American|Italian
175910,American|Italian|Mexican
346353,American|Mexican
291378,Italian|Mexican|American|Chinese
809828,American|Caribbean|Chinese
299685,American|Italian|French
357071,American|Mexican
1195113,Mexican|American|Italian
226294,Italian|American|Korean|Mexican|Chinese
4601,Mexican|Italian|Chinese|American
218383,Italian|Thai|Chinese
78960,Italian|British|Mexican|American
86041,Italian|Mexican
154570,Indian|Mexican|American|Italian
26942,Italian|Chinese|American
76001,Italian|American|Greek|Mexican
131659,Italian|Caribbean
1350389,Italian|Chinese|Middle Eastern|Indian
499854,American|Mexican
93430,British|Mexican|Chinese
53609,American|Irish|Italian
745523,Indian|American|Greek|Italian
316460,Indian|Mexican|Greek|American
521566,American
801264,American|French
227989,Caribbean|Italian|Greek|Mexican|American
328077,American|British|Greek|Mexican|Moroccan
307532,American|Greek|Italian
2415380,American|Korean|Indian|Chinese
75805,American|Mexican
171904,Japanese|French|American|Italian
914360,American|Greek|Caribbean|Mexican
2193374,Greek|American|Mexican|Chinese
105471,American|Italian
255344,Italian|Greek|American
696423,Italian|American|Caribbean|Mexican
1038619,Moroccan|Middle Eastern|American
274866,Mexican|Caribbean|Italian|American
60304,Mexican|American|Chinese|Italian
467583,Chinese|Indian|American
1348747,Mexican|Indian|American
207663,American|Mexican|Chinese|Italian
1157312,Mexican|American|Chinese|Italian|Middle Eastern
546985,Mexican|Chinese|American
581409,Mexican|Indian|Italian|American
2641416,Mexican|Italian
991523,American|Italian|Irish
57589,Spanish|Greek
242161,Spanish|Mexican|Moroccan|Indian
268426,American|Italian
269891,American|Spanish|Chinese|Mexican
321844,American|Spanish
489962,Spanish|Italian|American|Chinese|Mexican
373020,Mexican|American|Greek|Spanish|Italian
2000359632,American|Italian|Indian
163872,Italian|Caribbean|French
347909,Japanese|Korean|Chinese|British|American
144204,Greek|American|Mexican|Italian
297546,American|Indian|Ethiopian
412186,Italian|American
312212,American|Greek|Chinese|Mexican|Italian
195423,American|Indonesian
128152,Greek|French|Chinese|Italian
215829,American|Mexican|French|Moroccan|British
196369,Italian|French|American|Mexican|Malaysian
512461,Italian|French|Mexican|American
282673,Greek|British|American|Indian
68715,Italian|American|Caribbean|Indian|Middle Eastern
283804,American|Mexican|German|Filipino|Indian
183445,American|Mexican|Chinese
71460,Italian|American|Mexican|French
129577,Mexican|Italian|American
20477,Thai|Greek
131453,Italian|German
515981,Italian|Indian|Greek
644902,Indian|Spanish|Italian|Greek|Chinese
286384,American|Italian|Japanese
163877,American|Chinese|Mexican
673950,American|Chinese
273527,American|Indian
279912,Italian|Thai|Greek|Mexican
161703,American|Japanese|Indian
532897,American|Caribbean|Chinese
274252,American|Mexican|Italian
680104,American|Italian|Indian
322453,Indian|Chinese|Moroccan|German
108681,Mexican|Greek|American|Thai
249657,Mexican|American|Middle Eastern
886660,Irish|American|Middle Eastern|Mexican
796254,Mexican|French|Italian|British|Turkish
295704,Mexican|Chinese|Indian|Irish|British
236262,American|Mexican|Caribbean|Thai|Moroccan
2177426,American|Mexican|Korean|Chinese
45999,Mexican|Italian
127180,Mexican|Caribbean|British
847760,Mexican|Indian|Korean|French
1478685,Mexican|American|Chinese|Irish
1273226,American|Mexican|Italian
1168372,American|Italian|Greek
1139722,American|Italian|Thai|Chinese
296081,American|Chinese|Korean
542848,Mexican|Italian
452749,Italian|American|Mexican
437974,Mexican|American|German
492365,Greek|French
423780,Italian|Mexican|American
518275,Mexican|American|Italian
383359,Mexican|Irish
386447,Italian|Mexican|American|Japanese
138376,American|Caribbean|Italian
566447,French|American|Caribbean|Indian
2200921,American|Chinese
654393,American|Italian|Caribbean
841895,Italian|American
606008,American|Greek
257428,American|Greek|Indian|Italian
1579854,American|Moroccan|Middle Eastern
2667297,Italian|American|Mexican
57787,American|Italian|Middle Eastern
191050,American|Mexican
1712400,Mexican|Italian|Chinese|French
109030,Mexican
1398976,Thai|Filipino|German
324790,Chinese|Italian|Mexican|American
21613,Thai|Chinese|Portuguese|Greek
225997,Japanese|Mexican|American
430188,Mexican|British|American
202481,French|Moroccan|Mexican|Middle Eastern
44780,French|Caribbean|American|Indian
273406,Mexican|Italian|Greek
1584953,Mexican|American|French
275980,American|Caribbean|Greek|Italian
485042,Mexican|Middle Eastern
451640,Caribbean|Greek|Vietnamese|Thai
362184,American|Caribbean|Mexican|Chinese
1157591,Indian|Greek|Middle Eastern
761650,American|Italian|Mexican
679445,Mexican|American|Chinese|Italian
445969,Greek|American|Italian|Mexican
501717,Mexican|American|Japanese|Caribbean
114243,Mexican|Thai|Chinese|American
182809,Indian|Vietnamese|Chinese|Moroccan|American
572926,American|Korean|Italian
752155,American|Greek
124662,Indian|French|Thai|Mexican
205139,Indian|British|Thai|Irish|Portuguese
1669604,American|Indian
97095,American|Mexican|Caribbean|Chinese
390058,American|Mexican|Caribbean|Chinese
1104541,American
472275,American|Mexican|Italian
342251,Italian|American|Vietnamese|Chinese
452576,Indian|American
340169,Thai|Greek|Indian|Chinese
164493,Italian|Chinese|Moroccan|Indonesian|American
344069,American|German
275438,American
452921,Italian|American|Chinese
617602,American|Caribbean
540091,American|Italian|Middle Eastern
531811,American|Italian
447199,American|Italian
2207906,Italian|Korean|American
101432,American|Chinese
904483,French|Italian
408454,French|American|Italian|Mexican|Indian
463435,French|American|Greek|Mexican|Italian
225082,American|Middle Eastern|Caribbean
154026,Chinese|Thai|Italian|Mexican|British
190628,American|Mexican|Italian
846497,American|Italian
58619,American|Italian
716303,American|Italian|Chinese
558429,American|Indian|Mexican
1742738,American|Italian
6406,American|Italian
1803116783,French|Italian|Chinese|Turkish
88776,American|Mexican
18347,American|Chinese|Italian|Mexican
451042,American|Greek|Indian
788414,American|Mexican|Italian|Japanese|Chinese
716192,American|Chinese
304596,Italian
1047126,Chinese|American|Indian|Mexican|German
28691,Italian|Greek|Mexican|Portuguese|Caribbean
351578,Italian|American
85309,Spanish|Japanese|Chinese|Mexican
21694,Greek|British
185007,Greek
229808,American|Greek|Italian
285687,Mexican|Greek|American
599633,Greek|American|Mexican
123555,Greek|Korean|Mexican|American
359533,Greek|Italian|Moroccan
118585,American|Greek|Chinese
456860,American|Greek|Italian
162086,American|Greek
38094,American|Portuguese|Indian
382007,American|Indian
199839,American|Chinese
223112,American
400991,American|Mexican
402754,American|Thai
654460,American|Italian|Mexican
808063,American|Middle Eastern|Indian
384541,American|Italian
514811,Mexican|American|Indian|French
45833,American|Mexican|Middle Eastern
137165,American|Mexican
245429,Italian|American|Mexican|Thai
167849,Italian|Indian|Mexican
316809,American|German|Middle Eastern
262035,Mexican|Thai|Indian|Caribbean|Ethiopian
208713,Chinese|Thai|Italian|Caribbean|Korean
961542,American|French|Mexican|Thai|Japanese
561530,American|Italian|Mexican
562229,Italian|Indian|Mexican
34687,Italian|Chinese|American
238522,Italian|American
13593,Mexican|American|Italian|Chinese|French
50555,American|Chinese|Greek
52595,Vietnamese|Chinese|American|Greek
71298,Vietnamese|Chinese|Italian|Greek
773408,Chinese|Vietnamese|American
429544,Chinese|Vietnamese|American|Italian
735704,Vietnamese|Moroccan|Indian|American
453828,Mexican|Indian|Thai|French|American
649758,American|French|Italian
742029,Greek|Italian|American
56002,American|Mexican
287805,American|Chinese|Mexican
210184,Italian|American|Mexican
302958,Indian|Moroccan|Vietnamese|Japanese
260689,Thai|Spanish|Indonesian|American|British
114197,Korean|American|Spanish
375244,Indian|Chinese
316194,Indian|American|Mexican
249519,Indian|Indonesian|Italian|Malaysian
1417292,Thai|Mexican
109606,American|Mexican
141347,American|Greek|Italian|Chinese
320625,Mexican|American|Italian
2783129,Italian|American|Caribbean
723989,Middle Eastern|Mexican|Greek|American|Chinese
2667031,Mexican|Japanese|Italian
680724,American|Mexican|Thai|Irish
87640,American|Chinese|Italian
288143,Chinese|American|Mexican
291980,American|Chinese|Thai
671222,American|Mexican|Moroccan
638072,American|British|French
678862,Greek|Moroccan|Mexican
14433,Mexican|Thai
1001924,Mexican|American|French
127933,Italian|American
116740,Korean|Chinese|Italian|Mexican
149415,American|Mexican|Indian|Caribbean
220023,Mexican|American
449208,Mexican|French
464085,Moroccan|Korean|Italian|French|Middle Eastern
1439122,Italian|American|Chinese
128693,American|Mexican
437587,American|Italian|Irish|Greek|French
705208,American|Italian|Caribbean|Mexican
277825,American|Chinese|Caribbean|Thai|Italian
365545,Chinese|Korean|American|Japanese
210245,American|Chinese|Caribbean
583784,Chinese|Mexican
510215,Chinese|French|Mexican
736339,Chinese|American|French|Mexican
215000,American|Chinese
138622,American|Italian
811149,American|Indian|Italian
234275,American|Chinese|Italian|Thai
2001574271,American|Chinese|Indian
1706426,Mexican|Indian|French
461887,Mexican|American|Italian
334060,American|Mexican|Japanese|Italian
460301,American|Mexican|Chinese
909692,American|Korean|Italian
704166,Indian|American
2001102678,Italian|American
1339662,Italian|Caribbean|American|Mexican
128803,Italian|Greek|American|Japanese
368300,Chinese|Italian|American|Mexican
138964,American
227626,Mexican|American|Caribbean
463640,Italian|Mexican|American
500671,Mexican|Italian|American
232933,American|Mexican|Greek
969623,Mexican|Korean|American|Indian
372791,American|Mexican
1020416,Italian|Mexican|German|American
592646,American|Chinese|Middle Eastern
494068,American
837762,American|Mexican|Italian
170271,American
216536,Italian|American|Chinese
495666,Indian|Middle Eastern|American|Thai
1005276,Italian|American|French
527016,Italian|French|American|Mexican
71374,British|Chinese
126318,Mexican|Indian|Italian
155896,Mexican|American|Indian
326409,Mexican|Italian|Chinese|American
409859,American|Italian
223441,American|Italian
600932,American|Italian
665557,American|Italian|Indian
2001406951,American|Mexican
293410,Mexican|Indian|Middle Eastern|American
553658,Moroccan|Mexican|Italian|Caribbean
278084,Italian|German|Mexican
319943,American|Spanish|French
1222615,Italian|French
269899,Greek|Mexican|German
154853,Italian|Mexican|American
258739,Caribbean|Greek|Italian
416807,Irish|Caribbean|Greek|Vietnamese|Italian
141457,American|Italian|Mexican
359369,Chinese|Portuguese|American|Moroccan
134663,American|Middle Eastern|Mexican
707675,Indian|American
253706,American|Chinese
536944,American|Italian
790023,American|Italian|Chinese
931365,American|Italian
63291,American|Italian
799208,American|Indian|Moroccan|Mexican
136369,Italian|Middle Eastern|French|Mexican
221099,Italian|American|Chinese
60031,Italian|Japanese|Mexican
619733,Italian|Mexican|American
667915,Mexican|Italian|American|Indian
50053,Chinese|Mexican|Thai
482242,American|Korean|Italian
552864,American|Korean|Italian
14386,American
184552,Chinese|Italian
395940,Mexican|American|Chinese
134259,Indian|Italian|Middle Eastern
70073,American|French|Portuguese|German
532668,American|Italian|Mexican
313487,Chinese|American|Moroccan|French
584814,French|Greek|Italian|American|Malaysian
657197,Italian|American|Chinese|Mexican
159070,American|Italian|Mexican
265114,Thai|American|Mexican
654642,Italian|American|British|Chinese|Mexican
497938,Italian
766542,Italian|Caribbean|American
121992,Greek|Indian|German|American
31914,American|Greek|British|Chinese
587527,Italian|American
259006,American
130513,American|Chinese|Mexican|Moroccan
1777314,American|Indian|Mexican|Thai
274065,American
238191,American
60504,Mexican|Greek|Indian
199949,Indian
688566,Japanese|Chinese
1777330,Mexican|American|Italian
170159,American
